date,day,period,nswprice,nswdemand,vicprice,vicdemand,transfer,target
0.030707,7,0.340426,0.089828,0.298572,0.003467,0.422915,0.414912,True
0.030707,7,0.361702,0.089828,0.319101,0.003467,0.422915,0.414912,True
0.030707,7,0.382979,0.089828,0.322672,0.003467,0.422915,0.414912,True
0.030707,7,0.404255,0.083794,0.320589,0.003467,0.422915,0.414912,True
0.030707,7,0.425532,0.089828,0.310176,0.003467,0.422915,0.414912,True
0.030707,7,0.446809,0.083794,0.310473,0.003467,0.422915,0.414912,True
0.030707,7,0.468085,0.083794,0.308837,0.003467,0.422915,0.414912,True
0.030707,7,0.489362,0.083794,0.299018,0.003467,0.422915,0.414912,True
0.030707,7,0.510638,0.077489,0.294109,0.003467,0.422915,0.414912,True
0.030707,7,0.531915,0.083794,0.284885,0.003467,0.422915,0.414912,True
0.030707,7,0.553191,0.083794,0.279827,0.003467,0.422915,0.414912,True
0.030707,7,0.574468,0.083794,0.274769,0.003467,0.422915,0.414912,True
0.030707,7,0.595745,0.089828,0.273431,0.003467,0.422915,0.414912,True
0.030707,7,0.617021,0.089828,0.277298,0.003467,0.422915,0.414912,True
0.030707,7,0.638298,0.083884,0.276555,0.003467,0.422915,0.414912,True
0.030707,7,0.659574,0.083794,0.288158,0.003467,0.422915,0.414912,True
0.030707,7,0.680851,0.089828,0.282505,0.003467,0.422915,0.414912,True
0.030707,7,0.702128,0.089828,0.299911,0.003467,0.422915,0.414912,True
0.030707,7,0.723404,0.093671,0.317465,0.003467,0.422915,0.414912,True
0.030707,7,0.744681,0.089828,0.327432,0.003467,0.422915,0.414912,True
0.030707,7,0.765957,0.089828,0.329664,0.003467,0.422915,0.414912,True
0.030707,7,0.787234,0.10565,0.350342,0.003467,0.422915,0.414912,True
0.030707,7,0.808511,0.10565,0.355846,0.003467,0.422915,0.414912,True
0.030707,7,0.829787,0.083794,0.347069,0.003467,0.422915,0.414912,True
0.030707,7,0.851064,0.083794,0.325052,0.003467,0.422915,0.414912,True
0.030707,7,0.87234,0.077489,0.285778,0.003467,0.422915,0.414912,True
0.030707,7,0.893617,0.083794,0.292919,0.003467,0.422915,0.414912,True
0.030707,7,0.914894,0.077489,0.293365,0.003467,0.422915,0.414912,True
0.030707,7,0.93617,0.074817,0.294109,0.003467,0.422915,0.414912,False
0.030707,7,0.957447,0.059265,0.266439,0.003467,0.422915,0.414912,False
0.030707,7,0.978723,0.059265,0.260042,0.003467,0.422915,0.414912,False
0.030707,7,1.0,0.059295,0.229545,0.003467,0.422915,0.414912,False
0.030751,1,0.0,0.059265,0.215412,0.003467,0.422915,0.414912,False
0.030751,1,0.021277,0.059265,0.179411,0.003467,0.422915,0.414912,False
0.030751,1,0.042553,0.059265,0.149658,0.003467,0.422915,0.414912,False
0.030751,1,0.06383,0.050829,0.121392,0.003467,0.422915,0.414912,False
0.030751,1,0.085106,0.050829,0.103541,0.003467,0.422915,0.414912,False
0.030751,1,0.106383,0.050829,0.096251,0.003467,0.422915,0.414912,False
0.030751,1,0.12766,0.050829,0.092681,0.003467,0.422915,0.414912,False
0.030751,1,0.148936,0.050829,0.101012,0.003467,0.422915,0.414912,False
0.030751,1,0.170213,0.050859,0.131508,0.003467,0.422915,0.414912,False
0.030751,1,0.191489,0.059956,0.168551,0.003467,0.422915,0.414912,False
0.030751,1,0.212766,0.088807,0.253198,0.003467,0.422915,0.414912,True
0.030751,1,0.234043,0.095473,0.345582,0.003467,0.422915,0.414912,True
0.030751,1,0.255319,0.098475,0.378161,0.003467,0.422915,0.414912,True
0.030751,1,0.276596,0.111625,0.447188,0.003467,0.422915,0.414912,True
0.030751,1,0.297872,0.059956,0.477388,0.003467,0.422915,0.414912,False
0.030751,1,0.319149,0.088807,0.501339,0.003467,0.422915,0.414912,True
0.030751,1,0.340426,0.088807,0.556531,0.003467,0.422915,0.414912,True
0.030751,1,0.361702,0.088807,0.583904,0.003467,0.422915,0.414912,True
0.030751,1,0.382979,0.111625,0.574531,0.003467,0.422915,0.414912,True
0.030751,1,0.404255,0.088807,0.580631,0.003467,0.422915,0.414912,True
0.030751,1,0.425532,0.111625,0.597441,0.003467,0.422915,0.414912,True
0.030751,1,0.446809,0.119491,0.615144,0.003467,0.422915,0.414912,True
0.030751,1,0.468085,0.11862,0.610681,0.003467,0.422915,0.414912,True
0.030751,1,0.489362,0.119491,0.608747,0.003467,0.422915,0.414912,True
0.030751,1,0.510638,0.11862,0.603689,0.003467,0.422915,0.414912,True
0.030751,1,0.531915,0.11862,0.59521,0.003467,0.422915,0.414912,True
0.030751,1,0.553191,0.111865,0.587325,0.003467,0.422915,0.414912,True
0.030751,1,0.574468,0.111865,0.581077,0.003467,0.422915,0.414912,True
0.030751,1,0.595745,0.11862,0.580184,0.003467,0.422915,0.414912,True
0.030751,1,0.617021,0.119491,0.588069,0.003467,0.422915,0.414912,True
0.030751,1,0.638298,0.11862,0.589408,0.003467,0.422915,0.414912,True
0.030751,1,0.659574,0.11862,0.592383,0.003467,0.422915,0.414912,True
0.030751,1,0.680851,0.11862,0.577804,0.003467,0.422915,0.414912,True
0.030751,1,0.702128,0.111865,0.557423,0.003467,0.422915,0.414912,True
0.030751,1,0.723404,0.098475,0.519339,0.003467,0.422915,0.414912,True
0.030751,1,0.744681,0.095473,0.491669,0.003467,0.422915,0.414912,True
0.030751,1,0.765957,0.095473,0.465635,0.003467,0.422915,0.414912,True
0.030751,1,0.787234,0.088807,0.451056,0.003467,0.422915,0.414912,True
0.030751,1,0.808511,0.095473,0.46623,0.003467,0.422915,0.414912,True
0.030751,1,0.829787,0.088807,0.464445,0.003467,0.422915,0.414912,True
0.030751,1,0.851064,0.095473,0.434246,0.003467,0.422915,0.414912,True
0.030751,1,0.87234,0.074817,0.383814,0.003467,0.422915,0.414912,False
0.030751,1,0.893617,0.098475,0.402261,0.003467,0.422915,0.414912,True
0.030751,1,0.914894,0.059956,0.407468,0.003467,0.422915,0.414912,False
0.030751,1,0.93617,0.088807,0.423683,0.003467,0.422915,0.414912,True
0.030751,1,0.957447,0.076888,0.422493,0.003467,0.422915,0.414912,False
0.030751,1,0.978723,0.076888,0.410295,0.003467,0.422915,0.414912,False
0.030751,1,1.0,0.095473,0.389021,0.003467,0.422915,0.414912,True
0.030795,2,0.0,0.074817,0.35659,0.003467,0.422915,0.414912,False
0.030795,2,0.021277,0.054792,0.294258,0.003467,0.422915,0.414912,False
0.030795,2,0.042553,0.05308,0.243231,0.003467,0.422915,0.414912,False
0.030795,2,0.06383,0.05308,0.204255,0.003467,0.422915,0.414912,False
0.030795,2,0.085106,0.05308,0.168105,0.003467,0.422915,0.414912,False
0.030795,2,0.106383,0.071694,0.155311,0.003467,0.422915,0.414912,False
0.030795,2,0.12766,0.071694,0.14222,0.003467,0.422915,0.414912,False
0.030795,2,0.148936,0.074517,0.142071,0.003467,0.422915,0.414912,False
0.030795,2,0.170213,0.074517,0.167658,0.003467,0.422915,0.414912,False
0.030795,2,0.191489,0.098895,0.207081,0.003467,0.422915,0.414912,True
0.030795,2,0.212766,0.111174,0.270753,0.003467,0.422915,0.414912,True
0.030795,2,0.234043,0.098024,0.357632,0.003467,0.422915,0.414912,True
0.030795,2,0.255319,0.102468,0.379203,0.003467,0.422915,0.414912,True
0.030795,2,0.276596,0.111174,0.445106,0.003467,0.422915,0.414912,True
0.030795,2,0.297872,0.098024,0.472627,0.003467,0.422915,0.414912,True
0.030795,2,0.319149,0.106461,0.49152,0.003467,0.422915,0.414912,True
0.030795,2,0.340426,0.112435,0.542993,0.003467,0.422915,0.414912,True
0.030795,2,0.361702,0.098024,0.55058,0.003467,0.422915,0.414912,True
0.030795,2,0.382979,0.098024,0.54463,0.003467,0.422915,0.414912,True
0.030795,2,0.404255,0.119491,0.538084,0.003467,0.422915,0.414912,True
0.030795,2,0.425532,0.098024,0.535852,0.003467,0.422915,0.414912,True
0.030795,2,0.446809,0.098024,0.543737,0.003467,0.422915,0.414912,True
0.030795,2,0.468085,0.098895,0.538233,0.003467,0.422915,0.414912,True
0.030795,2,0.489362,0.098895,0.537191,0.003467,0.422915,0.414912,True
0.030795,2,0.510638,0.098895,0.541654,0.003467,0.422915,0.414912,True
0.030795,2,0.531915,0.098895,0.543291,0.003467,0.422915,0.414912,True
0.030795,2,0.553191,0.111174,0.542547,0.003467,0.422915,0.414912,True
0.030795,2,0.574468,0.111174,0.538381,0.003467,0.422915,0.414912,True
0.030795,2,0.595745,0.111174,0.534811,0.003467,0.422915,0.414912,True
0.030795,2,0.617021,0.098895,0.535852,0.003467,0.422915,0.414912,True
0.030795,2,0.638298,0.111174,0.537043,0.003467,0.422915,0.414912,True
0.030795,2,0.659574,0.111174,0.538976,0.003467,0.422915,0.414912,True
0.030795,2,0.680851,0.111174,0.525885,0.003467,0.422915,0.414912,True
0.030795,2,0.702128,0.098024,0.520083,0.003467,0.422915,0.414912,True
0.030795,2,0.723404,0.098024,0.483041,0.003467,0.422915,0.414912,True
0.030795,2,0.744681,0.074817,0.466379,0.003467,0.422915,0.414912,False
0.030795,2,0.765957,0.098024,0.445998,0.003467,0.422915,0.414912,True
0.030795,2,0.787234,0.098024,0.432163,0.003467,0.422915,0.414912,True
0.030795,2,0.808511,0.098895,0.430824,0.003467,0.422915,0.414912,True
0.030795,2,0.829787,0.056743,0.424576,0.003467,0.422915,0.414912,False
0.030795,2,0.851064,0.074817,0.394525,0.003467,0.422915,0.414912,False
0.030795,2,0.87234,0.061217,0.358673,0.003467,0.422915,0.414912,False
0.030795,2,0.893617,0.074817,0.388277,0.003467,0.422915,0.414912,False
0.030795,2,0.914894,0.074817,0.393782,0.003467,0.422915,0.414912,False
0.030795,2,0.93617,0.098024,0.412972,0.003467,0.422915,0.414912,True
0.030795,2,0.957447,0.098024,0.410741,0.003467,0.422915,0.414912,True
0.030795,2,0.978723,0.098024,0.408063,0.003467,0.422915,0.414912,True
0.030795,2,1.0,0.074817,0.382624,0.003467,0.422915,0.414912,False
0.030839,3,0.0,0.074817,0.354805,0.003467,0.422915,0.414912,False
0.030839,3,0.021277,0.058755,0.292324,0.003467,0.422915,0.414912,False
0.030839,3,0.042553,0.053591,0.239512,0.003467,0.422915,0.414912,False
0.030839,3,0.06383,0.053591,0.197114,0.003467,0.422915,0.414912,False
0.030839,3,0.085106,0.053591,0.165873,0.003467,0.422915,0.414912,False
0.030839,3,0.106383,0.053591,0.154418,0.003467,0.422915,0.414912,False
0.030839,3,0.12766,0.074517,0.142517,0.003467,0.422915,0.414912,False
0.030839,3,0.148936,0.074517,0.153972,0.003467,0.422915,0.414912,False
0.030839,3,0.170213,0.075958,0.185064,0.003467,0.422915,0.414912,False
0.030839,3,0.191489,0.102138,0.213776,0.003467,0.422915,0.414912,True
0.030839,3,0.212766,0.114957,0.288456,0.003467,0.422915,0.414912,True
0.030839,3,0.234043,0.102798,0.377715,0.003467,0.422915,0.414912,True
0.030839,3,0.255319,0.119491,0.400774,0.003467,0.422915,0.414912,True
0.030839,3,0.276596,0.119491,0.462214,0.003467,0.422915,0.414912,True
0.030839,3,0.297872,0.102138,0.491818,0.003467,0.422915,0.414912,True
0.030839,3,0.319149,0.114957,0.514281,0.003467,0.422915,0.414912,True
0.030839,3,0.340426,0.119491,0.561738,0.003467,0.422915,0.414912,True
0.030839,3,0.361702,0.119491,0.574085,0.003467,0.422915,0.414912,True
0.030839,3,0.382979,0.119491,0.571556,0.003467,0.422915,0.414912,True
0.030839,3,0.404255,0.119521,0.561886,0.003467,0.422915,0.414912,True
0.030839,3,0.425532,0.123664,0.567837,0.003467,0.422915,0.414912,True
0.030839,3,0.446809,0.119491,0.564564,0.003467,0.422915,0.414912,True
0.030839,3,0.468085,0.119491,0.570217,0.003467,0.422915,0.414912,True
0.030839,3,0.489362,0.119491,0.567093,0.003467,0.422915,0.414912,True
0.030839,3,0.510638,0.119491,0.569622,0.003467,0.422915,0.414912,True
0.030839,3,0.531915,0.119491,0.576465,0.003467,0.422915,0.414912,True
0.030839,3,0.553191,0.11883,0.574085,0.003467,0.422915,0.414912,True
0.030839,3,0.574468,0.119521,0.573936,0.003467,0.422915,0.414912,True
0.030839,3,0.595745,0.119521,0.568283,0.003467,0.422915,0.414912,True
0.030839,3,0.617021,0.119521,0.571705,0.003467,0.422915,0.414912,True
0.030839,3,0.638298,0.119491,0.576019,0.003467,0.422915,0.414912,True
0.030839,3,0.659574,0.119491,0.565754,0.003467,0.422915,0.414912,True
0.030839,3,0.680851,0.11883,0.548497,0.003467,0.422915,0.414912,True
0.030839,3,0.702128,0.114957,0.530051,0.003467,0.422915,0.414912,True
0.030839,3,0.723404,0.102798,0.491372,0.003467,0.422915,0.414912,True
0.030839,3,0.744681,0.074817,0.463553,0.003467,0.422915,0.414912,False
0.030839,3,0.765957,0.056143,0.438411,0.003467,0.422915,0.414912,False
0.030839,3,0.787234,0.074817,0.423386,0.003467,0.422915,0.414912,False
0.030839,3,0.808511,0.074817,0.434246,0.003467,0.422915,0.414912,False
0.030839,3,0.829787,0.102138,0.442428,0.003467,0.422915,0.414912,True
0.030839,3,0.851064,0.102138,0.411931,0.003467,0.422915,0.414912,True
0.030839,3,0.87234,0.102138,0.382624,0.003467,0.422915,0.414912,True
0.030839,3,0.893617,0.103729,0.409699,0.003467,0.422915,0.414912,True
0.030839,3,0.914894,0.114957,0.419369,0.003467,0.422915,0.414912,True
0.030839,3,0.93617,0.114957,0.436477,0.003467,0.422915,0.414912,True
0.030839,3,0.957447,0.102138,0.432163,0.003467,0.422915,0.414912,True
0.030839,3,0.978723,0.102798,0.421898,0.003467,0.422915,0.414912,True
0.030839,3,1.0,0.114957,0.392294,0.003467,0.422915,0.414912,True
0.030884,4,0.0,0.059595,0.356442,0.003467,0.422915,0.414912,False
0.030884,4,0.021277,0.055152,0.29396,0.003467,0.422915,0.414912,False
0.030884,4,0.042553,0.059595,0.246653,0.003467,0.422915,0.414912,False
0.030884,4,0.06383,0.053591,0.208569,0.003467,0.422915,0.414912,False
0.030884,4,0.085106,0.053591,0.173609,0.003467,0.422915,0.414912,False
0.030884,4,0.106383,0.074787,0.15546,0.003467,0.422915,0.414912,False
0.030884,4,0.12766,0.074787,0.151592,0.003467,0.422915,0.414912,False
0.030884,4,0.148936,0.074787,0.150699,0.003467,0.422915,0.414912,False
0.030884,4,0.170213,0.074787,0.181791,0.003467,0.422915,0.414912,False
0.030884,4,0.191489,0.099135,0.210503,0.003467,0.422915,0.414912,False
0.030884,4,0.212766,0.103339,0.281018,0.003467,0.422915,0.414912,True
0.030884,4,0.234043,0.103339,0.37593,0.003467,0.422915,0.414912,True
0.030884,4,0.255319,0.119131,0.397203,0.003467,0.422915,0.414912,True
0.030884,4,0.276596,0.119131,0.452098,0.003467,0.422915,0.414912,True
0.030884,4,0.297872,0.059595,0.470842,0.003467,0.422915,0.414912,False
0.030884,4,0.319149,0.059595,0.493008,0.003467,0.422915,0.414912,False
0.030884,4,0.340426,0.074817,0.537489,0.003467,0.422915,0.414912,False
0.030884,4,0.361702,0.059595,0.550283,0.003467,0.422915,0.414912,False
0.030884,4,0.382979,0.073496,0.542993,0.003467,0.422915,0.414912,False
0.030884,4,0.404255,0.073496,0.531836,0.003467,0.422915,0.414912,False
0.030884,4,0.425532,0.073496,0.528414,0.003467,0.422915,0.414912,False
0.030884,4,0.446809,0.073496,0.533026,0.003467,0.422915,0.414912,False
0.030884,4,0.468085,0.073496,0.534365,0.003467,0.422915,0.414912,False
0.030884,4,0.489362,0.074817,0.539423,0.003467,0.422915,0.414912,False
0.030884,4,0.510638,0.102348,0.554002,0.003467,0.422915,0.414912,True
0.030884,4,0.531915,0.102348,0.547159,0.003467,0.422915,0.414912,True
0.030884,4,0.553191,0.114957,0.554597,0.003467,0.422915,0.414912,True
0.030884,4,0.574468,0.103339,0.549241,0.003467,0.422915,0.414912,True
0.030884,4,0.595745,0.119131,0.540167,0.003467,0.422915,0.414912,True
0.030884,4,0.617021,0.102348,0.545076,0.003467,0.422915,0.414912,True
0.030884,4,0.638298,0.114957,0.536894,0.003467,0.422915,0.414912,True
0.030884,4,0.659574,0.074817,0.518447,0.003467,0.422915,0.414912,False
0.030884,4,0.680851,0.073496,0.514877,0.003467,0.422915,0.414912,False
0.030884,4,0.702128,0.073496,0.515769,0.003467,0.422915,0.414912,False
0.030884,4,0.723404,0.056833,0.485719,0.003467,0.422915,0.414912,False
0.030884,4,0.744681,0.055812,0.460726,0.003467,0.422915,0.414912,False
0.030884,4,0.765957,0.055812,0.436031,0.003467,0.422915,0.414912,False
0.030884,4,0.787234,0.055812,0.427551,0.003467,0.422915,0.414912,False
0.030884,4,0.808511,0.055812,0.442279,0.003467,0.422915,0.414912,False
0.030884,4,0.829787,0.054612,0.445552,0.003467,0.422915,0.414912,False
0.030884,4,0.851064,0.102348,0.411485,0.003467,0.422915,0.414912,True
0.030884,4,0.87234,0.074817,0.380542,0.003467,0.422915,0.414912,False
0.030884,4,0.893617,0.103339,0.408509,0.003467,0.422915,0.414912,True
0.030884,4,0.914894,0.102348,0.413865,0.003467,0.422915,0.414912,True
0.030884,4,0.93617,0.103339,0.439155,0.003467,0.422915,0.414912,True
0.030884,4,0.957447,0.102348,0.433651,0.003467,0.422915,0.414912,True
0.030884,4,0.978723,0.074817,0.41565,0.003467,0.422915,0.414912,False
0.030884,4,1.0,0.102348,0.394674,0.003467,0.422915,0.414912,True
0.030928,5,0.0,0.074817,0.363731,0.003467,0.422915,0.414912,False
0.030928,5,0.021277,0.054461,0.299167,0.003467,0.422915,0.414912,False
0.030928,5,0.042553,0.054281,0.244273,0.003467,0.422915,0.414912,False
0.030928,5,0.06383,0.054161,0.20485,0.003467,0.422915,0.414912,False
0.030928,5,0.085106,0.054161,0.166915,0.003467,0.422915,0.414912,False
0.030928,5,0.106383,0.050769,0.152038,0.003467,0.422915,0.414912,False
0.030928,5,0.12766,0.050769,0.146236,0.003467,0.422915,0.414912,False
0.030928,5,0.148936,0.071694,0.146087,0.003467,0.422915,0.414912,False
0.030928,5,0.170213,0.071694,0.178518,0.003467,0.422915,0.414912,False
0.030928,5,0.191489,0.074817,0.210354,0.003467,0.422915,0.414912,False
0.030928,5,0.212766,0.104449,0.287117,0.003467,0.422915,0.414912,True
0.030928,5,0.234043,0.098775,0.375186,0.003467,0.422915,0.414912,True
0.030928,5,0.255319,0.114957,0.39274,0.003467,0.422915,0.414912,True
0.030928,5,0.276596,0.074817,0.452693,0.003467,0.422915,0.414912,False
0.030928,5,0.297872,0.059865,0.477983,0.003467,0.422915,0.414912,False
0.030928,5,0.319149,0.06584,0.501636,0.003467,0.422915,0.414912,False
0.030928,5,0.340426,0.06584,0.55668,0.003467,0.422915,0.414912,False
0.030928,5,0.361702,0.074817,0.581523,0.003467,0.422915,0.414912,False
0.030928,5,0.382979,0.077549,0.585838,0.003467,0.422915,0.414912,False
0.030928,5,0.404255,0.098775,0.584201,0.003467,0.422915,0.414912,True
0.030928,5,0.425532,0.102258,0.585242,0.003467,0.422915,0.414912,True
0.030928,5,0.446809,0.098775,0.591342,0.003467,0.422915,0.414912,True
0.030928,5,0.468085,0.098775,0.590152,0.003467,0.422915,0.414912,True
0.030928,5,0.489362,0.113726,0.585094,0.003467,0.422915,0.414912,True
0.030928,5,0.510638,0.102258,0.59402,0.003467,0.422915,0.414912,True
0.030928,5,0.531915,0.113726,0.593127,0.003467,0.422915,0.414912,True
0.030928,5,0.553191,0.113726,0.590896,0.003467,0.422915,0.414912,True
0.030928,5,0.574468,0.113726,0.590747,0.003467,0.422915,0.414912,True
0.030928,5,0.595745,0.113726,0.585986,0.003467,0.422915,0.414912,True
0.030928,5,0.617021,0.113726,0.586581,0.003467,0.422915,0.414912,True
0.030928,5,0.638298,0.102258,0.588813,0.003467,0.422915,0.414912,True
0.030928,5,0.659574,0.102258,0.583457,0.003467,0.422915,0.414912,True
0.030928,5,0.680851,0.098775,0.56144,0.003467,0.422915,0.414912,True
0.030928,5,0.702128,0.074817,0.538679,0.003467,0.422915,0.414912,False
0.030928,5,0.723404,0.06584,0.487504,0.003467,0.422915,0.414912,False
0.030928,5,0.744681,0.059865,0.462511,0.003467,0.422915,0.414912,False
0.030928,5,0.765957,0.059865,0.441089,0.003467,0.422915,0.414912,False
0.030928,5,0.787234,0.06584,0.437816,0.003467,0.422915,0.414912,False
0.030928,5,0.808511,0.06584,0.435733,0.003467,0.422915,0.414912,False
0.030928,5,0.829787,0.059865,0.425171,0.003467,0.422915,0.414912,False
0.030928,5,0.851064,0.06584,0.403005,0.003467,0.422915,0.414912,False
0.030928,5,0.87234,0.074817,0.373996,0.003467,0.422915,0.414912,False
0.030928,5,0.893617,0.104449,0.405237,0.003467,0.422915,0.414912,True
0.030928,5,0.914894,0.098775,0.420411,0.003467,0.422915,0.414912,True
0.030928,5,0.93617,0.102258,0.444064,0.003467,0.422915,0.414912,True
0.030928,5,0.957447,0.098775,0.437519,0.003467,0.422915,0.414912,True
0.030928,5,0.978723,0.098775,0.41565,0.003467,0.422915,0.414912,True
0.030928,5,1.0,0.098775,0.386343,0.003467,0.422915,0.414912,True
0.030972,6,0.0,0.074817,0.349598,0.003467,0.422915,0.414912,False
0.030972,6,0.021277,0.057254,0.271199,0.003467,0.422915,0.414912,False
0.030972,6,0.042553,0.054161,0.211544,0.003467,0.422915,0.414912,False
0.030972,6,0.06383,0.054161,0.171675,0.003467,0.422915,0.414912,False
0.030972,6,0.085106,0.051429,0.142517,0.003467,0.422915,0.414912,False
0.030972,6,0.106383,0.051429,0.119905,0.003467,0.422915,0.414912,False
0.030972,6,0.12766,0.051429,0.107706,0.003467,0.422915,0.414912,False
0.030972,6,0.148936,0.071694,0.102648,0.003467,0.422915,0.414912,False
0.030972,6,0.170213,0.070223,0.106813,0.003467,0.422915,0.414912,False
0.030972,6,0.191489,0.070223,0.122731,0.003467,0.422915,0.414912,False
0.030972,6,0.212766,0.070223,0.142815,0.003467,0.422915,0.414912,False
0.030972,6,0.234043,0.070223,0.18075,0.003467,0.422915,0.414912,False
0.030972,6,0.255319,0.077489,0.219429,0.003467,0.422915,0.414912,False
0.030972,6,0.276596,0.084394,0.279232,0.003467,0.422915,0.414912,True
0.030972,6,0.297872,0.087366,0.330556,0.003467,0.422915,0.414912,True
0.030972,6,0.319149,0.084394,0.376971,0.003467,0.422915,0.414912,True
0.030972,6,0.340426,0.089828,0.412675,0.003467,0.422915,0.414912,True
0.030972,6,0.361702,0.089828,0.437072,0.003467,0.422915,0.414912,True
0.030972,6,0.382979,0.084394,0.435138,0.003467,0.422915,0.414912,True
0.030972,6,0.404255,0.089828,0.42532,0.003467,0.422915,0.414912,True
0.030972,6,0.425532,0.083794,0.415353,0.003467,0.422915,0.414912,True
0.030972,6,0.446809,0.084394,0.409402,0.003467,0.422915,0.414912,True
0.030972,6,0.468085,0.077819,0.394377,0.003467,0.422915,0.414912,False
0.030972,6,0.489362,0.077489,0.384558,0.003467,0.422915,0.414912,False
0.030972,6,0.510638,0.084274,0.38679,0.003467,0.422915,0.414912,True
0.030972,6,0.531915,0.083794,0.370723,0.003467,0.422915,0.414912,True
0.030972,6,0.553191,0.077819,0.353169,0.003467,0.422915,0.414912,False
0.030972,6,0.574468,0.077819,0.342755,0.003467,0.422915,0.414912,False
0.030972,6,0.595745,0.083794,0.33249,0.003467,0.422915,0.414912,True
0.030972,6,0.617021,0.077489,0.331151,0.003467,0.422915,0.414912,False
0.030972,6,0.638298,0.077819,0.332044,0.003467,0.422915,0.414912,False
0.030972,6,0.659574,0.077819,0.335763,0.003467,0.422915,0.414912,True
0.030972,6,0.680851,0.077819,0.318953,0.003467,0.422915,0.414912,True
0.030972,6,0.702128,0.077819,0.333829,0.003467,0.422915,0.414912,True
0.030972,6,0.723404,0.077489,0.334871,0.003467,0.422915,0.414912,True
0.030972,6,0.744681,0.064399,0.324755,0.003467,0.422915,0.414912,False
0.030972,6,0.765957,0.059625,0.315382,0.003467,0.422915,0.414912,False
0.030972,6,0.787234,0.077489,0.299018,0.003467,0.422915,0.414912,True
0.030972,6,0.808511,0.077819,0.303927,0.003467,0.422915,0.414912,True
0.030972,6,0.829787,0.059595,0.304969,0.003467,0.422915,0.414912,False
0.030972,6,0.851064,0.059595,0.282059,0.003467,0.422915,0.414912,False
0.030972,6,0.87234,0.059265,0.263314,0.003467,0.422915,0.414912,False
0.030972,6,0.893617,0.059595,0.280274,0.003467,0.422915,0.414912,False
0.030972,6,0.914894,0.077489,0.285332,0.003467,0.422915,0.414912,True
0.030972,6,0.93617,0.059595,0.300208,0.003467,0.422915,0.414912,False
0.030972,6,0.957447,0.059595,0.282654,0.003467,0.422915,0.414912,False
0.030972,6,0.978723,0.059265,0.266587,0.003467,0.422915,0.414912,False
0.030972,6,1.0,0.054521,0.228057,0.003467,0.422915,0.414912,False
0.031016,7,0.0,0.059265,0.213924,0.003467,0.422915,0.414912,False
0.031016,7,0.021277,0.056113,0.165427,0.003467,0.422915,0.414912,False
0.031016,7,0.042553,0.050829,0.126153,0.003467,0.422915,0.414912,False
0.031016,7,0.06383,0.050829,0.094168,0.003467,0.422915,0.414912,False
0.031016,7,0.085106,0.044134,0.073639,0.003467,0.422915,0.414912,False
0.031016,7,0.106383,0.050829,0.054151,0.003467,0.422915,0.414912,False
0.031016,7,0.12766,0.050829,0.046415,0.003467,0.422915,0.414912,False
0.031016,7,0.148936,0.050829,0.041506,0.003467,0.422915,0.414912,False
0.031016,7,0.170213,0.050829,0.04582,0.003467,0.422915,0.414912,False
0.031016,7,0.191489,0.050829,0.050283,0.003467,0.422915,0.414912,False
0.031016,7,0.212766,0.050829,0.06025,0.003467,0.422915,0.414912,False
0.031016,7,0.234043,0.050829,0.078994,0.003467,0.422915,0.414912,False
0.031016,7,0.255319,0.071394,0.103541,0.003467,0.422915,0.414912,True
0.031016,7,0.276596,0.077489,0.146087,0.003467,0.422915,0.414912,True
0.031016,7,0.297872,0.077819,0.197709,0.003467,0.422915,0.414912,True
0.031016,7,0.319149,0.077489,0.239363,0.003467,0.422915,0.414912,True
0.031016,7,0.340426,0.077819,0.295299,0.003467,0.422915,0.414912,True
0.031016,7,0.361702,0.082112,0.318953,0.003467,0.422915,0.414912,True
0.031016,7,0.382979,0.077819,0.329664,0.003467,0.422915,0.414912,True
0.031016,7,0.404255,0.077489,0.318506,0.003467,0.422915,0.414912,True
0.031016,7,0.425532,0.077819,0.312109,0.003467,0.422915,0.414912,True
0.031016,7,0.446809,0.077489,0.296935,0.003467,0.422915,0.414912,True
0.031016,7,0.468085,0.077489,0.286671,0.003467,0.422915,0.414912,True
0.031016,7,0.489362,0.077489,0.273431,0.003467,0.422915,0.414912,True
0.031016,7,0.510638,0.074817,0.258256,0.003467,0.422915,0.414912,True
0.031016,7,0.531915,0.074817,0.243082,0.003467,0.422915,0.414912,True
0.031016,7,0.553191,0.059265,0.226569,0.003467,0.422915,0.414912,False
0.031016,7,0.574468,0.074817,0.219429,0.003467,0.422915,0.414912,True
0.031016,7,0.595745,0.059265,0.218387,0.003467,0.422915,0.414912,False
0.031016,7,0.617021,0.059265,0.217048,0.003467,0.422915,0.414912,False
0.031016,7,0.638298,0.059265,0.216156,0.003467,0.422915,0.414912,False
0.031016,7,0.659574,0.059265,0.22047,0.003467,0.422915,0.414912,False
0.031016,7,0.680851,0.059265,0.218387,0.003467,0.422915,0.414912,False
0.031016,7,0.702128,0.074817,0.239066,0.003467,0.422915,0.414912,True
0.031016,7,0.723404,0.074817,0.252306,0.003467,0.422915,0.414912,True
0.031016,7,0.744681,0.074817,0.256174,0.003467,0.422915,0.414912,True
0.031016,7,0.765957,0.074817,0.256174,0.003467,0.422915,0.414912,True
0.031016,7,0.787234,0.074817,0.260488,0.003467,0.422915,0.414912,True
0.031016,7,0.808511,0.074817,0.290687,0.003467,0.422915,0.414912,True
0.031016,7,0.829787,0.074817,0.310176,0.003467,0.422915,0.414912,True
0.031016,7,0.851064,0.059265,0.301398,0.003467,0.422915,0.414912,False
0.031016,7,0.87234,0.059265,0.273282,0.003467,0.422915,0.414912,False
0.031016,7,0.893617,0.077819,0.288753,0.003467,0.422915,0.414912,True
0.031016,7,0.914894,0.077489,0.280869,0.003467,0.422915,0.414912,True
0.031016,7,0.93617,0.077489,0.288605,0.003467,0.422915,0.414912,True
0.031016,7,0.957447,0.059265,0.273133,0.003467,0.422915,0.414912,False
0.031016,7,0.978723,0.059265,0.261529,0.003467,0.422915,0.414912,False
0.031016,7,1.0,0.059265,0.227016,0.003467,0.422915,0.414912,False
0.031061,1,0.0,0.059265,0.22047,0.003467,0.422915,0.414912,False
0.031061,1,0.021277,0.050829,0.183576,0.003467,0.422915,0.414912,False
0.031061,1,0.042553,0.050829,0.151889,0.003467,0.422915,0.414912,False
0.031061,1,0.06383,0.050829,0.123178,0.003467,0.422915,0.414912,False
0.031061,1,0.085106,0.050829,0.103392,0.003467,0.422915,0.414912,False
0.031061,1,0.106383,0.050829,0.09878,0.003467,0.422915,0.414912,False
0.031061,1,0.12766,0.050829,0.097441,0.003467,0.422915,0.414912,False
0.031061,1,0.148936,0.050829,0.105475,0.003467,0.422915,0.414912,False
0.031061,1,0.170213,0.051429,0.133145,0.003467,0.422915,0.414912,False
0.031061,1,0.191489,0.074787,0.169146,0.003467,0.422915,0.414912,True
0.031061,1,0.212766,0.083794,0.253942,0.003467,0.422915,0.414912,True
0.031061,1,0.234043,0.090098,0.340672,0.003467,0.422915,0.414912,True
0.031061,1,0.255319,0.103008,0.356293,0.003467,0.422915,0.414912,True
0.031061,1,0.276596,0.103008,0.409699,0.003467,0.422915,0.414912,True
0.031061,1,0.297872,0.071815,0.432461,0.003467,0.422915,0.414912,True
0.031061,1,0.319149,0.071815,0.443767,0.003467,0.422915,0.414912,True
0.031061,1,0.340426,0.071815,0.487652,0.003467,0.422915,0.414912,True
0.031061,1,0.361702,0.071815,0.510562,0.003467,0.422915,0.414912,True
0.031061,1,0.382979,0.074547,0.507587,0.003467,0.422915,0.414912,True
0.031061,1,0.404255,0.083794,0.497917,0.003467,0.422915,0.414912,True
0.031061,1,0.425532,0.074547,0.501785,0.003467,0.422915,0.414912,True
0.031061,1,0.446809,0.074547,0.503422,0.003467,0.422915,0.414912,True
0.031061,1,0.468085,0.074547,0.504017,0.003467,0.422915,0.414912,True
0.031061,1,0.489362,0.074547,0.501934,0.003467,0.422915,0.414912,True
0.031061,1,0.510638,0.074547,0.515918,0.003467,0.422915,0.414912,True
0.031061,1,0.531915,0.074547,0.509967,0.003467,0.422915,0.414912,True
0.031061,1,0.553191,0.083794,0.515769,0.003467,0.422915,0.414912,True
0.031061,1,0.574468,0.083794,0.515174,0.003467,0.422915,0.414912,True
0.031061,1,0.595745,0.101777,0.509819,0.003467,0.422915,0.414912,True
0.031061,1,0.617021,0.090098,0.517554,0.003467,0.422915,0.414912,True
0.031061,1,0.638298,0.090098,0.522612,0.003467,0.422915,0.414912,True
0.031061,1,0.659574,0.101777,0.52291,0.003467,0.422915,0.414912,True
0.031061,1,0.680851,0.083794,0.512199,0.003467,0.422915,0.414912,True
0.031061,1,0.702128,0.083794,0.492115,0.003467,0.422915,0.414912,True
0.031061,1,0.723404,0.062838,0.458792,0.003467,0.422915,0.414912,False
0.031061,1,0.744681,0.062838,0.429039,0.003467,0.422915,0.414912,False
0.031061,1,0.765957,0.062838,0.402856,0.003467,0.422915,0.414912,False
0.031061,1,0.787234,0.062838,0.382178,0.003467,0.422915,0.414912,False
0.031061,1,0.808511,0.062838,0.395418,0.003467,0.422915,0.414912,False
0.031061,1,0.829787,0.062838,0.410741,0.003467,0.422915,0.414912,False
0.031061,1,0.851064,0.071815,0.390806,0.003467,0.422915,0.414912,True
0.031061,1,0.87234,0.071815,0.353466,0.003467,0.422915,0.414912,False
0.031061,1,0.893617,0.084664,0.386195,0.003467,0.422915,0.414912,True
0.031061,1,0.914894,0.071815,0.387831,0.003467,0.422915,0.414912,False
0.031061,1,0.93617,0.074547,0.406278,0.003467,0.422915,0.414912,True
0.031061,1,0.957447,0.083794,0.418179,0.003467,0.422915,0.414912,True
0.031061,1,0.978723,0.083794,0.40717,0.003467,0.422915,0.414912,True
0.031061,1,1.0,0.061217,0.389467,0.003467,0.422915,0.414912,False
0.031105,2,0.0,0.083794,0.365367,0.003467,0.422915,0.414912,True
0.031105,2,0.021277,0.054521,0.297382,0.003467,0.422915,0.414912,False
0.031105,2,0.042553,0.054311,0.236686,0.003467,0.422915,0.414912,False
0.031105,2,0.06383,0.054161,0.199643,0.003467,0.422915,0.414912,False
0.031105,2,0.085106,0.054161,0.165873,0.003467,0.422915,0.414912,False
0.031105,2,0.106383,0.054161,0.1446,0.003467,0.422915,0.414912,False
0.031105,2,0.12766,0.051429,0.133591,0.003467,0.422915,0.414912,False
0.031105,2,0.148936,0.074787,0.138352,0.003467,0.422915,0.414912,True
0.031105,2,0.170213,0.074787,0.163344,0.003467,0.422915,0.414912,True
0.031105,2,0.191489,0.053321,0.181494,0.003467,0.422915,0.414912,False
0.031105,2,0.212766,0.074817,0.263017,0.003467,0.422915,0.414912,True
0.031105,2,0.234043,0.09151,0.357185,0.003467,0.422915,0.414912,True
0.031105,2,0.255319,0.102258,0.371021,0.003467,0.422915,0.414912,True
0.031105,2,0.276596,0.101777,0.423237,0.003467,0.422915,0.414912,True
0.031105,2,0.297872,0.06584,0.441982,0.003467,0.422915,0.414912,False
0.031105,2,0.319149,0.06584,0.466528,0.003467,0.422915,0.414912,False
0.031105,2,0.340426,0.06584,0.513835,0.003467,0.422915,0.414912,False
0.031105,2,0.361702,0.06584,0.529604,0.003467,0.422915,0.414912,False
0.031105,2,0.382979,0.085685,0.529307,0.003467,0.422915,0.414912,True
0.031105,2,0.404255,0.09151,0.522761,0.003467,0.422915,0.414912,True
0.031105,2,0.425532,0.09151,0.520381,0.003467,0.422915,0.414912,True
0.031105,2,0.446809,0.09151,0.530199,0.003467,0.422915,0.414912,True
0.031105,2,0.468085,0.074817,0.531092,0.003467,0.422915,0.414912,False
0.031105,2,0.489362,0.09151,0.52767,0.003467,0.422915,0.414912,True
0.031105,2,0.510638,0.101777,0.531389,0.003467,0.422915,0.414912,True
0.031105,2,0.531915,0.101777,0.524844,0.003467,0.422915,0.414912,True
0.031105,2,0.553191,0.09151,0.523207,0.003467,0.422915,0.414912,True
0.031105,2,0.574468,0.074817,0.5241,0.003467,0.422915,0.414912,False
0.031105,2,0.595745,0.074817,0.513091,0.003467,0.422915,0.414912,False
0.031105,2,0.617021,0.102258,0.517852,0.003467,0.422915,0.414912,True
0.031105,2,0.638298,0.102258,0.520232,0.003467,0.422915,0.414912,True
0.031105,2,0.659574,0.106131,0.520678,0.003467,0.422915,0.414912,True
0.031105,2,0.680851,0.114177,0.497025,0.003467,0.422915,0.414912,True
0.031105,2,0.702128,0.108442,0.485421,0.003467,0.422915,0.414912,True
0.031105,2,0.723404,0.060076,0.445701,0.003467,0.422915,0.414912,False
0.031105,2,0.744681,0.06584,0.424427,0.003467,0.422915,0.414912,False
0.031105,2,0.765957,0.056863,0.394377,0.003467,0.422915,0.414912,False
0.031105,2,0.787234,0.056863,0.383666,0.003467,0.422915,0.414912,False
0.031105,2,0.808511,0.056863,0.399137,0.003467,0.422915,0.414912,False
0.031105,2,0.829787,0.060076,0.411038,0.003467,0.422915,0.414912,False
0.031105,2,0.851064,0.060076,0.382327,0.003467,0.422915,0.414912,False
0.031105,2,0.87234,0.060076,0.35421,0.003467,0.422915,0.414912,False
0.031105,2,0.893617,0.074817,0.378161,0.003467,0.422915,0.414912,False
0.031105,2,0.914894,0.060076,0.39393,0.003467,0.422915,0.414912,False
0.031105,2,0.93617,0.101777,0.414162,0.003467,0.422915,0.414912,True
0.031105,2,0.957447,0.074787,0.411485,0.003467,0.422915,0.414912,False
0.031105,2,0.978723,0.074757,0.405237,0.003467,0.422915,0.414912,False
0.031105,2,1.0,0.09151,0.378459,0.003467,0.422915,0.414912,True
0.031149,3,0.0,0.060076,0.355251,0.003467,0.422915,0.414912,False
0.031149,3,0.021277,0.055812,0.292919,0.003467,0.422915,0.414912,False
0.031149,3,0.042553,0.053831,0.239958,0.003467,0.422915,0.414912,False
0.031149,3,0.06383,0.053321,0.199345,0.003467,0.422915,0.414912,False
0.031149,3,0.085106,0.053321,0.159328,0.003467,0.422915,0.414912,False
0.031149,3,0.106383,0.053321,0.141327,0.003467,0.422915,0.414912,False
0.031149,3,0.12766,0.053321,0.136864,0.003467,0.422915,0.414912,False
0.031149,3,0.148936,0.074787,0.132104,0.003467,0.422915,0.414912,False
0.031149,3,0.170213,0.053321,0.160964,0.003467,0.422915,0.414912,False
0.031149,3,0.191489,0.055812,0.196965,0.003467,0.422915,0.414912,False
0.031149,3,0.212766,0.093011,0.26867,0.003467,0.422915,0.414912,True
0.031149,3,0.234043,0.093011,0.35659,0.003467,0.422915,0.414912,True
0.031149,3,0.255319,0.114177,0.376822,0.003467,0.422915,0.414912,True
0.031149,3,0.276596,0.103068,0.425022,0.003467,0.422915,0.414912,True
0.031149,3,0.297872,0.062838,0.442428,0.003467,0.422915,0.414912,False
0.031149,3,0.319149,0.070584,0.459982,0.003467,0.422915,0.414912,False
0.031149,3,0.340426,0.093011,0.511306,0.003467,0.422915,0.414912,True
0.031149,3,0.361702,0.068782,0.519488,0.003467,0.422915,0.414912,False
0.031149,3,0.382979,0.074817,0.508777,0.003467,0.422915,0.414912,False
0.031149,3,0.404255,0.074817,0.503422,0.003467,0.422915,0.414912,False
0.031149,3,0.425532,0.062838,0.500298,0.003467,0.422915,0.414912,False
0.031149,3,0.446809,0.062838,0.506099,0.003467,0.422915,0.414912,False
0.031149,3,0.468085,0.064279,0.499107,0.003467,0.422915,0.414912,False
0.031149,3,0.489362,0.074757,0.503273,0.003467,0.422915,0.414912,False
0.031149,3,0.510638,0.06569,0.505653,0.003467,0.422915,0.414912,False
0.031149,3,0.531915,0.069293,0.502678,0.003467,0.422915,0.414912,False
0.031149,3,0.553191,0.074817,0.494644,0.003467,0.422915,0.414912,True
0.031149,3,0.574468,0.074757,0.479768,0.003467,0.422915,0.414912,True
0.031149,3,0.595745,0.074757,0.471883,0.003467,0.422915,0.414912,True
0.031149,3,0.617021,0.071334,0.472627,0.003467,0.422915,0.414912,False
0.031149,3,0.638298,0.069293,0.476049,0.003467,0.422915,0.414912,False
0.031149,3,0.659574,0.057914,0.4759,0.003467,0.422915,0.414912,False
0.031149,3,0.680851,0.057914,0.474412,0.003467,0.422915,0.414912,False
0.031149,3,0.702128,0.056803,0.465784,0.003467,0.422915,0.414912,False
0.031149,3,0.723404,0.057914,0.433948,0.003467,0.422915,0.414912,False
0.031149,3,0.744681,0.057914,0.414014,0.003467,0.422915,0.414912,False
0.031149,3,0.765957,0.057914,0.385153,0.003467,0.422915,0.414912,False
0.031149,3,0.787234,0.057914,0.377715,0.003467,0.422915,0.414912,False
0.031149,3,0.808511,0.062838,0.379203,0.003467,0.422915,0.414912,False
0.031149,3,0.829787,0.056233,0.388872,0.003467,0.422915,0.414912,False
0.031149,3,0.851064,0.062838,0.372657,0.003467,0.422915,0.414912,False
0.031149,3,0.87234,0.057914,0.348706,0.003467,0.422915,0.414912,False
0.031149,3,0.893617,0.074817,0.380393,0.003467,0.422915,0.414912,True
0.031149,3,0.914894,0.062838,0.39393,0.003467,0.422915,0.414912,False
0.031149,3,0.93617,0.060226,0.41684,0.003467,0.422915,0.414912,False
0.031149,3,0.957447,0.060226,0.421303,0.003467,0.422915,0.414912,False
0.031149,3,0.978723,0.060226,0.417138,0.003467,0.422915,0.414912,False
0.031149,3,1.0,0.074817,0.39884,0.003467,0.422915,0.414912,True
0.031193,4,0.0,0.074817,0.36864,0.003467,0.422915,0.414912,True
0.031193,4,0.021277,0.057914,0.300208,0.003467,0.422915,0.414912,False
0.031193,4,0.042553,0.055332,0.239661,0.003467,0.422915,0.414912,False
0.031193,4,0.06383,0.053321,0.205445,0.003467,0.422915,0.414912,False
0.031193,4,0.085106,0.053321,0.170634,0.003467,0.422915,0.414912,False
0.031193,4,0.106383,0.051429,0.156055,0.003467,0.422915,0.414912,False
0.031193,4,0.12766,0.051429,0.152336,0.003467,0.422915,0.414912,False
0.031193,4,0.148936,0.074787,0.148914,0.003467,0.422915,0.414912,True
0.031193,4,0.170213,0.074787,0.171378,0.003467,0.422915,0.414912,True
0.031193,4,0.191489,0.053981,0.188634,0.003467,0.422915,0.414912,False
0.031193,4,0.212766,0.094572,0.282208,0.003467,0.422915,0.414912,True
0.031193,4,0.234043,0.094572,0.366409,0.003467,0.422915,0.414912,True
0.031193,4,0.255319,0.107001,0.38188,0.003467,0.422915,0.414912,True
0.031193,4,0.276596,0.127897,0.441833,0.003467,0.422915,0.414912,True
0.031193,4,0.297872,0.114057,0.46623,0.003467,0.422915,0.414912,True
0.031193,4,0.319149,0.125465,0.479917,0.003467,0.422915,0.414912,True
0.031193,4,0.340426,0.125465,0.519191,0.003467,0.422915,0.414912,True
0.031193,4,0.361702,0.115077,0.535257,0.003467,0.422915,0.414912,True
0.031193,4,0.382979,0.114957,0.515323,0.003467,0.422915,0.414912,True
0.031193,4,0.404255,0.102138,0.519786,0.003467,0.422915,0.414912,True
0.031193,4,0.425532,0.114057,0.511306,0.003467,0.422915,0.414912,True
0.031193,4,0.446809,0.074817,0.510711,0.003467,0.422915,0.414912,True
0.031193,4,0.468085,0.10463,0.508182,0.003467,0.422915,0.414912,True
0.031193,4,0.489362,0.10559,0.49762,0.003467,0.422915,0.414912,True
0.031193,4,0.510638,0.074817,0.50238,0.003467,0.422915,0.414912,False
0.031193,4,0.531915,0.151105,0.49881,0.003467,0.422915,0.414912,True
0.031193,4,0.553191,0.155578,0.486462,0.003467,0.422915,0.414912,True
0.031193,4,0.574468,0.125465,0.476793,0.003467,0.422915,0.414912,True
0.031193,4,0.595745,0.125495,0.461024,0.003467,0.422915,0.414912,True
0.031193,4,0.617021,0.125465,0.452246,0.003467,0.422915,0.414912,True
0.031193,4,0.638298,0.102018,0.452693,0.003467,0.422915,0.414912,True
0.031193,4,0.659574,0.109463,0.452841,0.003467,0.422915,0.414912,True
0.031193,4,0.680851,0.115077,0.438114,0.003467,0.422915,0.414912,True
0.031193,4,0.702128,0.115077,0.440494,0.003467,0.422915,0.414912,True
0.031193,4,0.723404,0.102228,0.422642,0.003467,0.422915,0.414912,True
0.031193,4,0.744681,0.102228,0.41089,0.003467,0.422915,0.414912,True
0.031193,4,0.765957,0.102018,0.390955,0.003467,0.422915,0.414912,True
0.031193,4,0.787234,0.102228,0.389616,0.003467,0.422915,0.414912,True
0.031193,4,0.808511,0.102228,0.386195,0.003467,0.422915,0.414912,True
0.031193,4,0.829787,0.102228,0.391996,0.003467,0.422915,0.414912,True
0.031193,4,0.851064,0.102228,0.364029,0.003467,0.422915,0.414912,True
0.031193,4,0.87234,0.102228,0.338441,0.003467,0.422915,0.414912,True
0.031193,4,0.893617,0.114057,0.37593,0.003467,0.422915,0.414912,True
0.031193,4,0.914894,0.114057,0.391253,0.003467,0.422915,0.414912,True
0.031193,4,0.93617,0.125465,0.414758,0.003467,0.422915,0.414912,True
0.031193,4,0.957447,0.10559,0.41922,0.003467,0.422915,0.414912,True
0.031193,4,0.978723,0.114057,0.418923,0.003467,0.422915,0.414912,True
0.031193,4,1.0,0.114057,0.393633,0.003467,0.422915,0.414912,True
0.031238,5,0.0,0.102228,0.366111,0.003467,0.422915,0.414912,True
0.031238,5,0.021277,0.074817,0.300803,0.003467,0.422915,0.414912,False
0.031238,5,0.042553,0.074817,0.2349,0.003467,0.422915,0.414912,False
0.031238,5,0.06383,0.053981,0.200387,0.003467,0.422915,0.414912,False
0.031238,5,0.085106,0.053981,0.1687,0.003467,0.422915,0.414912,False
0.031238,5,0.106383,0.074787,0.148319,0.003467,0.422915,0.414912,False
0.031238,5,0.12766,0.051909,0.13255,0.003467,0.422915,0.414912,False
0.031238,5,0.148936,0.051909,0.131806,0.003467,0.422915,0.414912,False
0.031238,5,0.170213,0.074787,0.155608,0.003467,0.422915,0.414912,False
0.031238,5,0.191489,0.074787,0.185957,0.003467,0.422915,0.414912,False
0.031238,5,0.212766,0.095112,0.267034,0.003467,0.422915,0.414912,False
0.031238,5,0.234043,0.102018,0.351979,0.003467,0.422915,0.414912,False
0.031238,5,0.255319,0.114987,0.358227,0.003467,0.422915,0.414912,True
0.031238,5,0.276596,0.103309,0.402708,0.003467,0.422915,0.414912,True
0.031238,5,0.297872,0.095112,0.429337,0.003467,0.422915,0.414912,False
0.031238,5,0.319149,0.102018,0.439304,0.003467,0.422915,0.414912,True
0.031238,5,0.340426,0.102018,0.474561,0.003467,0.422915,0.414912,True
0.031238,5,0.361702,0.102018,0.494644,0.003467,0.422915,0.414912,True
0.031238,5,0.382979,0.114987,0.488248,0.003467,0.422915,0.414912,True
0.031238,5,0.404255,0.114777,0.482297,0.003467,0.422915,0.414912,True
0.031238,5,0.425532,0.102018,0.478578,0.003467,0.422915,0.414912,True
0.031238,5,0.446809,0.114777,0.480512,0.003467,0.422915,0.414912,True
0.031238,5,0.468085,0.102018,0.468164,0.003467,0.422915,0.414912,True
0.031238,5,0.489362,0.102018,0.468611,0.003467,0.422915,0.414912,True
0.031238,5,0.510638,0.102018,0.465189,0.003467,0.422915,0.414912,True
0.031238,5,0.531915,0.074817,0.451205,0.003467,0.422915,0.414912,False
0.031238,5,0.553191,0.074817,0.448527,0.003467,0.422915,0.414912,False
0.031238,5,0.574468,0.095112,0.440196,0.003467,0.422915,0.414912,False
0.031238,5,0.595745,0.074817,0.42413,0.003467,0.422915,0.414912,False
0.031238,5,0.617021,0.070764,0.427403,0.003467,0.422915,0.414912,False
0.031238,5,0.638298,0.102018,0.431419,0.003467,0.422915,0.414912,True
0.031238,5,0.659574,0.095112,0.434097,0.003467,0.422915,0.414912,False
0.031238,5,0.680851,0.102018,0.423981,0.003467,0.422915,0.414912,True
0.031238,5,0.702128,0.074817,0.412377,0.003467,0.422915,0.414912,False
0.031238,5,0.723404,0.062838,0.377417,0.003467,0.422915,0.414912,False
0.031238,5,0.744681,0.062838,0.360309,0.003467,0.422915,0.414912,False
0.031238,5,0.765957,0.062838,0.346474,0.003467,0.422915,0.414912,False
0.031238,5,0.787234,0.056113,0.337846,0.003467,0.422915,0.414912,False
0.031238,5,0.808511,0.056113,0.342606,0.003467,0.422915,0.414912,False
0.031238,5,0.829787,0.053981,0.343796,0.003467,0.422915,0.414912,False
0.031238,5,0.851064,0.056113,0.324159,0.003467,0.422915,0.414912,False
0.031238,5,0.87234,0.056113,0.305713,0.003467,0.422915,0.414912,False
0.031238,5,0.893617,0.062838,0.337995,0.003467,0.422915,0.414912,False
0.031238,5,0.914894,0.070764,0.362987,0.003467,0.422915,0.414912,False
0.031238,5,0.93617,0.095112,0.391848,0.003467,0.422915,0.414912,True
0.031238,5,0.957447,0.074817,0.402708,0.003467,0.422915,0.414912,False
0.031238,5,0.978723,0.074817,0.395418,0.003467,0.422915,0.414912,False
0.031238,5,1.0,0.074817,0.379649,0.003467,0.422915,0.414912,False
0.031282,6,0.0,0.074817,0.350937,0.003467,0.422915,0.414912,False
0.031282,6,0.021277,0.053981,0.282654,0.003467,0.422915,0.414912,False
0.031282,6,0.042553,0.053291,0.218834,0.003467,0.422915,0.414912,False
0.031282,6,0.06383,0.05254,0.172568,0.003467,0.422915,0.414912,False
0.031282,6,0.085106,0.051909,0.135079,0.003467,0.422915,0.414912,False
0.031282,6,0.106383,0.051909,0.105921,0.003467,0.422915,0.414912,False
0.031282,6,0.12766,0.051909,0.091491,0.003467,0.422915,0.414912,False
0.031282,6,0.148936,0.051909,0.085838,0.003467,0.422915,0.414912,False
0.031282,6,0.170213,0.051909,0.092383,0.003467,0.422915,0.414912,False
0.031282,6,0.191489,0.051909,0.098631,0.003467,0.422915,0.414912,False
0.031282,6,0.212766,0.051909,0.127194,0.003467,0.422915,0.414912,False
0.031282,6,0.234043,0.05257,0.16632,0.003467,0.422915,0.414912,False
0.031282,6,0.255319,0.054642,0.211247,0.003467,0.422915,0.414912,False
0.031282,6,0.276596,0.056833,0.275811,0.003467,0.422915,0.414912,False
0.031282,6,0.297872,0.077819,0.325945,0.003467,0.422915,0.414912,True
0.031282,6,0.319149,0.077819,0.359566,0.003467,0.422915,0.414912,True
0.031282,6,0.340426,0.078179,0.396459,0.003467,0.422915,0.414912,True
0.031282,6,0.361702,0.074817,0.407319,0.003467,0.422915,0.414912,True
0.031282,6,0.382979,0.074817,0.398542,0.003467,0.422915,0.414912,True
0.031282,6,0.404255,0.074817,0.383963,0.003467,0.422915,0.414912,True
0.031282,6,0.425532,0.074817,0.37474,0.003467,0.422915,0.414912,True
0.031282,6,0.446809,0.074817,0.362392,0.003467,0.422915,0.414912,True
0.031282,6,0.468085,0.063378,0.352127,0.003467,0.422915,0.414912,False
0.031282,6,0.489362,0.065119,0.337251,0.003467,0.422915,0.414912,False
0.031282,6,0.510638,0.056833,0.32654,0.003467,0.422915,0.414912,False
0.031282,6,0.531915,0.056833,0.308837,0.003467,0.422915,0.414912,False
0.031282,6,0.553191,0.056833,0.303332,0.003467,0.422915,0.414912,False
0.031282,6,0.574468,0.056833,0.286819,0.003467,0.422915,0.414912,False
0.031282,6,0.595745,0.054642,0.281315,0.003467,0.422915,0.414912,False
0.031282,6,0.617021,0.054672,0.27834,0.003467,0.422915,0.414912,False
0.031282,6,0.638298,0.056833,0.278637,0.003467,0.422915,0.414912,False
0.031282,6,0.659574,0.054642,0.284142,0.003467,0.422915,0.414912,False
0.031282,6,0.680851,0.054642,0.269563,0.003467,0.422915,0.414912,False
0.031282,6,0.702128,0.054642,0.281761,0.003467,0.422915,0.414912,False
0.031282,6,0.723404,0.054642,0.290836,0.003467,0.422915,0.414912,False
0.031282,6,0.744681,0.054642,0.29039,0.003467,0.422915,0.414912,False
0.031282,6,0.765957,0.054642,0.2831,0.003467,0.422915,0.414912,False
0.031282,6,0.787234,0.054642,0.273579,0.003467,0.422915,0.414912,False
0.031282,6,0.808511,0.054642,0.289051,0.003467,0.422915,0.414912,False
0.031282,6,0.829787,0.054642,0.310622,0.003467,0.422915,0.414912,False
0.031282,6,0.851064,0.056833,0.293663,0.003467,0.422915,0.414912,False
0.031282,6,0.87234,0.054642,0.264951,0.003467,0.422915,0.414912,False
0.031282,6,0.893617,0.076018,0.286076,0.003467,0.422915,0.414912,True
0.031282,6,0.914894,0.056833,0.290836,0.003467,0.422915,0.414912,False
0.031282,6,0.93617,0.076018,0.300506,0.003467,0.422915,0.414912,True
0.031282,6,0.957447,0.056833,0.288456,0.003467,0.422915,0.414912,False
0.031282,6,0.978723,0.054642,0.273728,0.003467,0.422915,0.414912,False
0.031282,6,1.0,0.054642,0.233413,0.003467,0.422915,0.414912,False
0.031326,7,0.0,0.054642,0.22166,0.003467,0.422915,0.414912,False
0.031326,7,0.021277,0.051909,0.173163,0.003467,0.422915,0.414912,False
0.031326,7,0.042553,0.051909,0.138798,0.003467,0.422915,0.414912,False
0.031326,7,0.06383,0.051909,0.10845,0.003467,0.422915,0.414912,False
0.031326,7,0.085106,0.040351,0.084201,0.003467,0.422915,0.414912,False
0.031326,7,0.106383,0.051909,0.065457,0.003467,0.422915,0.414912,False
0.031326,7,0.12766,0.040351,0.05177,0.003467,0.422915,0.414912,False
0.031326,7,0.148936,0.040351,0.046861,0.003467,0.422915,0.414912,False
0.031326,7,0.170213,0.040351,0.052068,0.003467,0.422915,0.414912,False
0.031326,7,0.191489,0.051909,0.052812,0.003467,0.422915,0.414912,False
0.031326,7,0.212766,0.051909,0.067539,0.003467,0.422915,0.414912,False
0.031326,7,0.234043,0.051909,0.08911,0.003467,0.422915,0.414912,False
0.031326,7,0.255319,0.05236,0.112169,0.003467,0.422915,0.414912,False
0.031326,7,0.276596,0.051909,0.154865,0.003467,0.422915,0.414912,False
0.031326,7,0.297872,0.054642,0.204701,0.003467,0.422915,0.414912,False
0.031326,7,0.319149,0.075958,0.247397,0.003467,0.422915,0.414912,True
0.031326,7,0.340426,0.074817,0.292175,0.003467,0.422915,0.414912,True
0.031326,7,0.361702,0.077819,0.312407,0.003467,0.422915,0.414912,True
0.031326,7,0.382979,0.074817,0.317465,0.003467,0.422915,0.414912,True
0.031326,7,0.404255,0.074817,0.314192,0.003467,0.422915,0.414912,True
0.031326,7,0.425532,0.074817,0.307349,0.003467,0.422915,0.414912,True
0.031326,7,0.446809,0.074817,0.30363,0.003467,0.422915,0.414912,True
0.031326,7,0.468085,0.074817,0.296489,0.003467,0.422915,0.414912,True
0.031326,7,0.489362,0.056833,0.288605,0.003467,0.422915,0.414912,False
0.031326,7,0.510638,0.074817,0.275513,0.003467,0.422915,0.414912,True
0.031326,7,0.531915,0.056833,0.268224,0.003467,0.422915,0.414912,False
0.031326,7,0.553191,0.054642,0.259298,0.003467,0.422915,0.414912,False
0.031326,7,0.574468,0.056833,0.251711,0.003467,0.422915,0.414912,False
0.031326,7,0.595745,0.056833,0.251265,0.003467,0.422915,0.414912,False
0.031326,7,0.617021,0.056833,0.25305,0.003467,0.422915,0.414912,False
0.031326,7,0.638298,0.054642,0.257215,0.003467,0.422915,0.414912,False
0.031326,7,0.659574,0.054642,0.263017,0.003467,0.422915,0.414912,False
0.031326,7,0.680851,0.054642,0.258852,0.003467,0.422915,0.414912,False
0.031326,7,0.702128,0.077819,0.267629,0.003467,0.422915,0.414912,True
0.031326,7,0.723404,0.054642,0.274026,0.003467,0.422915,0.414912,False
0.031326,7,0.744681,0.074817,0.279976,0.003467,0.422915,0.414912,True
0.031326,7,0.765957,0.074817,0.271943,0.003467,0.422915,0.414912,True
0.031326,7,0.787234,0.074817,0.271794,0.003467,0.422915,0.414912,True
0.031326,7,0.808511,0.074817,0.293068,0.003467,0.422915,0.414912,True
0.031326,7,0.829787,0.074817,0.322821,0.003467,0.422915,0.414912,True
0.031326,7,0.851064,0.075958,0.31925,0.003467,0.422915,0.414912,True
0.031326,7,0.87234,0.077819,0.29039,0.003467,0.422915,0.414912,True
0.031326,7,0.893617,0.078179,0.299762,0.003467,0.422915,0.414912,True
0.031326,7,0.914894,0.077819,0.291431,0.003467,0.422915,0.414912,True
0.031326,7,0.93617,0.078179,0.298572,0.003467,0.422915,0.414912,True
0.031326,7,0.957447,0.077819,0.283844,0.003467,0.422915,0.414912,True
0.031326,7,0.978723,0.056833,0.26748,0.003467,0.422915,0.414912,False
0.031326,7,1.0,0.056833,0.237429,0.003467,0.422915,0.414912,False
0.03137,1,0.0,0.051909,0.23252,0.003467,0.422915,0.414912,False
0.03137,1,0.021277,0.051909,0.19042,0.003467,0.422915,0.414912,False
0.03137,1,0.042553,0.051909,0.155757,0.003467,0.422915,0.414912,False
0.03137,1,0.06383,0.040351,0.135674,0.003467,0.422915,0.414912,False
0.03137,1,0.085106,0.040351,0.114252,0.003467,0.422915,0.414912,False
0.03137,1,0.106383,0.040351,0.101607,0.003467,0.422915,0.414912,False
0.03137,1,0.12766,0.040351,0.097888,0.003467,0.422915,0.414912,False
0.03137,1,0.148936,0.051909,0.10964,0.003467,0.422915,0.414912,False
0.03137,1,0.170213,0.068212,0.135674,0.003467,0.422915,0.414912,True
0.03137,1,0.191489,0.074276,0.173312,0.003467,0.422915,0.414912,True
0.03137,1,0.212766,0.074817,0.253198,0.003467,0.422915,0.414912,True
0.03137,1,0.234043,0.067371,0.340375,0.003467,0.422915,0.414912,True
0.03137,1,0.255319,0.067371,0.34945,0.003467,0.422915,0.414912,True
0.03137,1,0.276596,0.067371,0.41446,0.003467,0.422915,0.414912,True
0.03137,1,0.297872,0.062838,0.445998,0.003467,0.422915,0.414912,False
0.03137,1,0.319149,0.062838,0.467272,0.003467,0.422915,0.414912,False
0.03137,1,0.340426,0.067371,0.525439,0.003467,0.422915,0.414912,True
0.03137,1,0.361702,0.067371,0.553704,0.003467,0.422915,0.414912,True
0.03137,1,0.382979,0.067371,0.550878,0.003467,0.422915,0.414912,True
0.03137,1,0.404255,0.067371,0.555638,0.003467,0.422915,0.414912,True
0.03137,1,0.425532,0.067371,0.563225,0.003467,0.422915,0.414912,True
0.03137,1,0.446809,0.067371,0.567837,0.003467,0.422915,0.414912,True
0.03137,1,0.468085,0.067371,0.572151,0.003467,0.422915,0.414912,True
0.03137,1,0.489362,0.070704,0.577655,0.003467,0.422915,0.414912,True
0.03137,1,0.510638,0.067371,0.582713,0.003467,0.422915,0.414912,True
0.03137,1,0.531915,0.074817,0.582713,0.003467,0.422915,0.414912,True
0.03137,1,0.553191,0.074817,0.590449,0.003467,0.422915,0.414912,True
0.03137,1,0.574468,0.074817,0.584647,0.003467,0.422915,0.414912,True
0.03137,1,0.595745,0.095893,0.592681,0.003467,0.422915,0.414912,True
0.03137,1,0.617021,0.115618,0.603243,0.003467,0.422915,0.414912,True
0.03137,1,0.638298,0.125465,0.613657,0.003467,0.422915,0.414912,True
0.03137,1,0.659574,0.127477,0.621988,0.003467,0.422915,0.414912,True
0.03137,1,0.680851,0.125465,0.603689,0.003467,0.422915,0.414912,True
0.03137,1,0.702128,0.125465,0.590598,0.003467,0.422915,0.414912,True
0.03137,1,0.723404,0.114987,0.550729,0.003467,0.422915,0.414912,True
0.03137,1,0.744681,0.103008,0.525141,0.003467,0.422915,0.414912,True
0.03137,1,0.765957,0.095893,0.488545,0.003467,0.422915,0.414912,True
0.03137,1,0.787234,0.074817,0.468015,0.003467,0.422915,0.414912,True
0.03137,1,0.808511,0.114987,0.487801,0.003467,0.422915,0.414912,True
0.03137,1,0.829787,0.103008,0.494793,0.003467,0.422915,0.414912,True
0.03137,1,0.851064,0.10589,0.46028,0.003467,0.422915,0.414912,True
0.03137,1,0.87234,0.103008,0.419518,0.003467,0.422915,0.414912,True
0.03137,1,0.893617,0.103008,0.428593,0.003467,0.422915,0.414912,True
0.03137,1,0.914894,0.095893,0.429039,0.003467,0.422915,0.414912,True
0.03137,1,0.93617,0.119971,0.444362,0.003467,0.422915,0.414912,True
0.03137,1,0.957447,0.10589,0.438114,0.003467,0.422915,0.414912,True
0.03137,1,0.978723,0.103008,0.426659,0.003467,0.422915,0.414912,True
0.03137,1,1.0,0.114987,0.408063,0.003467,0.422915,0.414912,True
0.031415,2,0.0,0.095893,0.378608,0.003467,0.422915,0.414912,True
0.031415,2,0.021277,0.056113,0.317465,0.003467,0.422915,0.414912,False
0.031415,2,0.042553,0.053981,0.257513,0.003467,0.422915,0.414912,False
0.031415,2,0.06383,0.074787,0.222702,0.003467,0.422915,0.414912,False
0.031415,2,0.085106,0.074276,0.19042,0.003467,0.422915,0.414912,False
0.031415,2,0.106383,0.068212,0.17108,0.003467,0.422915,0.414912,False
0.031415,2,0.12766,0.068212,0.163344,0.003467,0.422915,0.414912,False
0.031415,2,0.148936,0.074276,0.166468,0.003467,0.422915,0.414912,False
0.031415,2,0.170213,0.071184,0.187891,0.003467,0.422915,0.414912,False
0.031415,2,0.191489,0.074787,0.226272,0.003467,0.422915,0.414912,False
0.031415,2,0.212766,0.102258,0.301993,0.003467,0.422915,0.414912,True
0.031415,2,0.234043,0.102258,0.376227,0.003467,0.422915,0.414912,True
0.031415,2,0.255319,0.099346,0.398096,0.003467,0.422915,0.414912,True
0.031415,2,0.276596,0.114177,0.460875,0.003467,0.422915,0.414912,True
0.031415,2,0.297872,0.062838,0.487652,0.003467,0.422915,0.414912,False
0.031415,2,0.319149,0.074817,0.503868,0.003467,0.422915,0.414912,False
0.031415,2,0.340426,0.074817,0.547307,0.003467,0.422915,0.414912,False
0.031415,2,0.361702,0.102258,0.570663,0.003467,0.422915,0.414912,True
0.031415,2,0.382979,0.114177,0.56144,0.003467,0.422915,0.414912,True
0.031415,2,0.404255,0.080972,0.549093,0.003467,0.422915,0.414912,False
0.031415,2,0.425532,0.074817,0.543439,0.003467,0.422915,0.414912,False
0.031415,2,0.446809,0.074817,0.538233,0.003467,0.422915,0.414912,False
0.031415,2,0.468085,0.074817,0.536894,0.003467,0.422915,0.414912,False
0.031415,2,0.489362,0.074817,0.527075,0.003467,0.422915,0.414912,False
0.031415,2,0.510638,0.074817,0.529456,0.003467,0.422915,0.414912,False
0.031415,2,0.531915,0.102258,0.523951,0.003467,0.422915,0.414912,True
0.031415,2,0.553191,0.074817,0.51443,0.003467,0.422915,0.414912,False
0.031415,2,0.574468,0.083073,0.515918,0.003467,0.422915,0.414912,False
0.031415,2,0.595745,0.074817,0.501636,0.003467,0.422915,0.414912,False
0.031415,2,0.617021,0.0662,0.502827,0.003467,0.422915,0.414912,False
0.031415,2,0.638298,0.074817,0.508777,0.003467,0.422915,0.414912,False
0.031415,2,0.659574,0.0662,0.512199,0.003467,0.422915,0.414912,False
0.031415,2,0.680851,0.0662,0.506099,0.003467,0.422915,0.414912,False
0.031415,2,0.702128,0.074817,0.507141,0.003467,0.422915,0.414912,False
0.031415,2,0.723404,0.062838,0.481256,0.003467,0.422915,0.414912,False
0.031415,2,0.744681,0.062838,0.461916,0.003467,0.422915,0.414912,False
0.031415,2,0.765957,0.056713,0.427998,0.003467,0.422915,0.414912,False
0.031415,2,0.787234,0.056713,0.415353,0.003467,0.422915,0.414912,False
0.031415,2,0.808511,0.062838,0.397203,0.003467,0.422915,0.414912,False
0.031415,2,0.829787,0.054642,0.380542,0.003467,0.422915,0.414912,False
0.031415,2,0.851064,0.056713,0.378756,0.003467,0.422915,0.414912,False
0.031415,2,0.87234,0.056713,0.357185,0.003467,0.422915,0.414912,False
0.031415,2,0.893617,0.074787,0.381137,0.003467,0.422915,0.414912,False
0.031415,2,0.914894,0.074817,0.394972,0.003467,0.422915,0.414912,False
0.031415,2,0.93617,0.074817,0.423832,0.003467,0.422915,0.414912,False
0.031415,2,0.957447,0.099346,0.420857,0.003467,0.422915,0.414912,True
0.031415,2,0.978723,0.074817,0.416691,0.003467,0.422915,0.414912,False
0.031415,2,1.0,0.074817,0.392145,0.003467,0.422915,0.414912,False
0.031459,3,0.0,0.074787,0.364624,0.003467,0.422915,0.414912,False
0.031459,3,0.021277,0.055302,0.298869,0.003467,0.422915,0.414912,False
0.031459,3,0.042553,0.055032,0.243975,0.003467,0.422915,0.414912,False
0.031459,3,0.06383,0.05293,0.203511,0.003467,0.422915,0.414912,False
0.031459,3,0.085106,0.05278,0.170634,0.003467,0.422915,0.414912,False
0.031459,3,0.106383,0.054642,0.14579,0.003467,0.422915,0.414912,False
0.031459,3,0.12766,0.05296,0.128979,0.003467,0.422915,0.414912,False
0.031459,3,0.148936,0.053981,0.13731,0.003467,0.422915,0.414912,False
0.031459,3,0.170213,0.073286,0.160815,0.003467,0.422915,0.414912,False
0.031459,3,0.191489,0.073286,0.200833,0.003467,0.422915,0.414912,False
0.031459,3,0.212766,0.078209,0.271943,0.003467,0.422915,0.414912,True
0.031459,3,0.234043,0.078209,0.352722,0.003467,0.422915,0.414912,True
0.031459,3,0.255319,0.074997,0.372657,0.003467,0.422915,0.414912,True
0.031459,3,0.276596,0.074997,0.430973,0.003467,0.422915,0.414912,True
0.031459,3,0.297872,0.060916,0.456709,0.003467,0.422915,0.414912,False
0.031459,3,0.319149,0.066561,0.471883,0.003467,0.422915,0.414912,False
0.031459,3,0.340426,0.06611,0.516215,0.003467,0.422915,0.414912,False
0.031459,3,0.361702,0.06611,0.524249,0.003467,0.422915,0.414912,False
0.031459,3,0.382979,0.074997,0.518298,0.003467,0.422915,0.414912,True
0.031459,3,0.404255,0.074997,0.508182,0.003467,0.422915,0.414912,True
0.031459,3,0.425532,0.06611,0.503124,0.003467,0.422915,0.414912,False
0.031459,3,0.446809,0.074997,0.503868,0.003467,0.422915,0.414912,True
0.031459,3,0.468085,0.066561,0.494644,0.003467,0.422915,0.414912,False
0.031459,3,0.489362,0.066561,0.49643,0.003467,0.422915,0.414912,False
0.031459,3,0.510638,0.06611,0.49033,0.003467,0.422915,0.414912,False
0.031459,3,0.531915,0.06611,0.493603,0.003467,0.422915,0.414912,False
0.031459,3,0.553191,0.06611,0.489586,0.003467,0.422915,0.414912,False
0.031459,3,0.574468,0.060406,0.481256,0.003467,0.422915,0.414912,False
0.031459,3,0.595745,0.06611,0.473966,0.003467,0.422915,0.414912,False
0.031459,3,0.617021,0.06611,0.476941,0.003467,0.422915,0.414912,False
0.031459,3,0.638298,0.06611,0.473371,0.003467,0.422915,0.414912,False
0.031459,3,0.659574,0.06611,0.476495,0.003467,0.422915,0.414912,False
0.031459,3,0.680851,0.06611,0.469652,0.003467,0.422915,0.414912,False
0.031459,3,0.702128,0.06611,0.471288,0.003467,0.422915,0.414912,False
0.031459,3,0.723404,0.056713,0.442279,0.003467,0.422915,0.414912,False
0.031459,3,0.744681,0.056713,0.417287,0.003467,0.422915,0.414912,False
0.031459,3,0.765957,0.054642,0.383963,0.003467,0.422915,0.414912,False
0.031459,3,0.787234,0.054642,0.369235,0.003467,0.422915,0.414912,False
0.031459,3,0.808511,0.054642,0.387385,0.003467,0.422915,0.414912,False
0.031459,3,0.829787,0.056713,0.401666,0.003467,0.422915,0.414912,False
0.031459,3,0.851064,0.06611,0.389467,0.003467,0.422915,0.414912,True
0.031459,3,0.87234,0.06611,0.3615,0.003467,0.422915,0.414912,False
0.031459,3,0.893617,0.078209,0.390806,0.003467,0.422915,0.414912,True
0.031459,3,0.914894,0.06611,0.409104,0.003467,0.422915,0.414912,False
0.031459,3,0.93617,0.109493,0.430527,0.003467,0.422915,0.414912,True
0.031459,3,0.957447,0.080972,0.430229,0.003467,0.422915,0.414912,True
0.031459,3,0.978723,0.078209,0.424725,0.003467,0.422915,0.414912,True
0.031459,3,1.0,0.078209,0.402856,0.003467,0.422915,0.414912,True
0.031503,4,0.0,0.10544,0.377864,0.003467,0.422915,0.414912,True
0.031503,4,0.021277,0.056713,0.31449,0.003467,0.422915,0.414912,False
0.031503,4,0.042553,0.074787,0.25305,0.003467,0.422915,0.414912,True
0.031503,4,0.06383,0.073226,0.208271,0.003467,0.422915,0.414912,True
0.031503,4,0.085106,0.073136,0.175394,0.003467,0.422915,0.414912,True
0.031503,4,0.106383,0.073136,0.156055,0.003467,0.422915,0.414912,True
0.031503,4,0.12766,0.060826,0.134781,0.003467,0.422915,0.414912,False
0.031503,4,0.148936,0.054642,0.137905,0.003467,0.422915,0.414912,False
0.031503,4,0.170213,0.056053,0.169741,0.003467,0.422915,0.414912,False
0.031503,4,0.191489,0.074787,0.206486,0.003467,0.422915,0.414912,True
0.031503,4,0.212766,0.095022,0.276257,0.003467,0.422915,0.414912,True
0.031503,4,0.234043,0.095022,0.347813,0.003467,0.422915,0.414912,True
0.031503,4,0.255319,0.10496,0.357632,0.003467,0.422915,0.414912,True
0.031503,4,0.276596,0.074997,0.411336,0.003467,0.422915,0.414912,True
0.031503,4,0.297872,0.066531,0.419816,0.003467,0.422915,0.414912,False
0.031503,4,0.319149,0.066531,0.453734,0.003467,0.422915,0.414912,False
0.031503,4,0.340426,0.066531,0.504165,0.003467,0.422915,0.414912,False
0.031503,4,0.361702,0.074997,0.525885,0.003467,0.422915,0.414912,True
0.031503,4,0.382979,0.085055,0.517554,0.003467,0.422915,0.414912,True
0.031503,4,0.404255,0.10496,0.513686,0.003467,0.422915,0.414912,True
0.031503,4,0.425532,0.078029,0.502529,0.003467,0.422915,0.414912,True
0.031503,4,0.446809,0.080972,0.509819,0.003467,0.422915,0.414912,True
0.031503,4,0.468085,0.078029,0.51324,0.003467,0.422915,0.414912,True
0.031503,4,0.489362,0.078029,0.506248,0.003467,0.422915,0.414912,True
0.031503,4,0.510638,0.066531,0.50357,0.003467,0.422915,0.414912,False
0.031503,4,0.531915,0.074997,0.510414,0.003467,0.422915,0.414912,True
0.031503,4,0.553191,0.066561,0.505951,0.003467,0.422915,0.414912,False
0.031503,4,0.574468,0.066561,0.501488,0.003467,0.422915,0.414912,False
0.031503,4,0.595745,0.066531,0.49881,0.003467,0.422915,0.414912,False
0.031503,4,0.617021,0.074997,0.496727,0.003467,0.422915,0.414912,True
0.031503,4,0.638298,0.074997,0.50119,0.003467,0.422915,0.414912,True
0.031503,4,0.659574,0.074997,0.500893,0.003467,0.422915,0.414912,True
0.031503,4,0.680851,0.066561,0.477536,0.003467,0.422915,0.414912,False
0.031503,4,0.702128,0.066561,0.473817,0.003467,0.422915,0.414912,False
0.031503,4,0.723404,0.066531,0.451056,0.003467,0.422915,0.414912,False
0.031503,4,0.744681,0.057314,0.43008,0.003467,0.422915,0.414912,False
0.031503,4,0.765957,0.057314,0.401369,0.003467,0.422915,0.414912,False
0.031503,4,0.787234,0.057314,0.39036,0.003467,0.422915,0.414912,False
0.031503,4,0.808511,0.057314,0.405832,0.003467,0.422915,0.414912,False
0.031503,4,0.829787,0.057314,0.424427,0.003467,0.422915,0.414912,False
0.031503,4,0.851064,0.057314,0.406575,0.003467,0.422915,0.414912,False
0.031503,4,0.87234,0.078029,0.376525,0.003467,0.422915,0.414912,True
0.031503,4,0.893617,0.10496,0.401964,0.003467,0.422915,0.414912,True
0.031503,4,0.914894,0.078029,0.413716,0.003467,0.422915,0.414912,True
0.031503,4,0.93617,0.10496,0.431568,0.003467,0.422915,0.414912,True
0.031503,4,0.957447,0.080972,0.424874,0.003467,0.422915,0.414912,True
0.031503,4,0.978723,0.078029,0.420559,0.003467,0.422915,0.414912,True
0.031503,4,1.0,0.080011,0.391848,0.003467,0.422915,0.414912,True
0.031547,5,0.0,0.061577,0.363136,0.003467,0.422915,0.414912,False
0.031547,5,0.021277,0.074787,0.29753,0.003467,0.422915,0.414912,True
0.031547,5,0.042553,0.054431,0.240702,0.003467,0.422915,0.414912,False
0.031547,5,0.06383,0.055242,0.202172,0.003467,0.422915,0.414912,False
0.031547,5,0.085106,0.055242,0.162154,0.003467,0.422915,0.414912,False
0.031547,5,0.106383,0.05302,0.141922,0.003467,0.422915,0.414912,False
0.031547,5,0.12766,0.05302,0.135228,0.003467,0.422915,0.414912,False
0.031547,5,0.148936,0.073286,0.137162,0.003467,0.422915,0.414912,True
0.031547,5,0.170213,0.057314,0.152187,0.003467,0.422915,0.414912,False
0.031547,5,0.191489,0.057314,0.183874,0.003467,0.422915,0.414912,False
0.031547,5,0.212766,0.072775,0.25781,0.003467,0.422915,0.414912,True
0.031547,5,0.234043,0.057314,0.330259,0.003467,0.422915,0.414912,False
0.031547,5,0.255319,0.057314,0.330259,0.003467,0.422915,0.414912,False
0.031547,5,0.276596,0.057314,0.387831,0.003467,0.422915,0.414912,False
0.031547,5,0.297872,0.057314,0.415204,0.003467,0.422915,0.414912,False
0.031547,5,0.319149,0.057314,0.442279,0.003467,0.422915,0.414912,False
0.031547,5,0.340426,0.06644,0.494942,0.003467,0.422915,0.414912,False
0.031547,5,0.361702,0.06644,0.509521,0.003467,0.422915,0.414912,False
0.031547,5,0.382979,0.06644,0.498661,0.003467,0.422915,0.414912,False
0.031547,5,0.404255,0.060406,0.489438,0.003467,0.422915,0.414912,False
0.031547,5,0.425532,0.060406,0.481404,0.003467,0.422915,0.414912,False
0.031547,5,0.446809,0.060406,0.470693,0.003467,0.422915,0.414912,False
0.031547,5,0.468085,0.06644,0.466528,0.003467,0.422915,0.414912,False
0.031547,5,0.489362,0.06644,0.454478,0.003467,0.422915,0.414912,False
0.031547,5,0.510638,0.057314,0.448081,0.003467,0.422915,0.414912,False
0.031547,5,0.531915,0.060406,0.439453,0.003467,0.422915,0.414912,False
0.031547,5,0.553191,0.057314,0.4277,0.003467,0.422915,0.414912,False
0.031547,5,0.574468,0.057314,0.419964,0.003467,0.422915,0.414912,False
0.031547,5,0.595745,0.057314,0.415353,0.003467,0.422915,0.414912,False
0.031547,5,0.617021,0.057314,0.411336,0.003467,0.422915,0.414912,False
0.031547,5,0.638298,0.057314,0.411038,0.003467,0.422915,0.414912,False
0.031547,5,0.659574,0.057314,0.41327,0.003467,0.422915,0.414912,False
0.031547,5,0.680851,0.057314,0.39765,0.003467,0.422915,0.414912,False
0.031547,5,0.702128,0.057314,0.39155,0.003467,0.422915,0.414912,False
0.031547,5,0.723404,0.055242,0.362243,0.003467,0.422915,0.414912,False
0.031547,5,0.744681,0.055242,0.342755,0.003467,0.422915,0.414912,False
0.031547,5,0.765957,0.055242,0.323118,0.003467,0.422915,0.414912,False
0.031547,5,0.787234,0.055242,0.317911,0.003467,0.422915,0.414912,False
0.031547,5,0.808511,0.055242,0.331151,0.003467,0.422915,0.414912,False
0.031547,5,0.829787,0.057314,0.345582,0.003467,0.422915,0.414912,False
0.031547,5,0.851064,0.057314,0.332044,0.003467,0.422915,0.414912,False
0.031547,5,0.87234,0.055242,0.303184,0.003467,0.422915,0.414912,False
0.031547,5,0.893617,0.060406,0.334573,0.003467,0.422915,0.414912,False
0.031547,5,0.914894,0.06644,0.362987,0.003467,0.422915,0.414912,True
0.031547,5,0.93617,0.066561,0.389467,0.003467,0.422915,0.414912,True
0.031547,5,0.957447,0.066561,0.389319,0.003467,0.422915,0.414912,True
0.031547,5,0.978723,0.060406,0.383071,0.003467,0.422915,0.414912,False
0.031547,5,1.0,0.066561,0.361797,0.003467,0.422915,0.414912,True
0.031592,6,0.0,0.057314,0.331598,0.003467,0.422915,0.414912,False
0.031592,6,0.021277,0.055242,0.262422,0.003467,0.422915,0.414912,False
0.031592,6,0.042553,0.055242,0.201874,0.003467,0.422915,0.414912,False
0.031592,6,0.06383,0.05302,0.164534,0.003467,0.422915,0.414912,False
0.031592,6,0.085106,0.05302,0.13136,0.003467,0.422915,0.414912,False
0.031592,6,0.106383,0.05302,0.106813,0.003467,0.422915,0.414912,False
0.031592,6,0.12766,0.05302,0.088069,0.003467,0.422915,0.414912,False
0.031592,6,0.148936,0.05302,0.085986,0.003467,0.422915,0.414912,False
0.031592,6,0.170213,0.051909,0.091491,0.003467,0.422915,0.414912,False
0.031592,6,0.191489,0.051909,0.0964,0.003467,0.422915,0.414912,False
0.031592,6,0.212766,0.071694,0.119458,0.003467,0.422915,0.414912,True
0.031592,6,0.234043,0.056833,0.151145,0.003467,0.422915,0.414912,False
0.031592,6,0.255319,0.077819,0.18313,0.003467,0.422915,0.414912,True
0.031592,6,0.276596,0.07944,0.247545,0.003467,0.422915,0.414912,True
0.031592,6,0.297872,0.07944,0.29753,0.003467,0.422915,0.414912,True
0.031592,6,0.319149,0.07944,0.333978,0.003467,0.422915,0.414912,True
0.031592,6,0.340426,0.077819,0.373698,0.003467,0.422915,0.414912,True
0.031592,6,0.361702,0.074817,0.388872,0.003467,0.422915,0.414912,True
0.031592,6,0.382979,0.065059,0.377417,0.003467,0.422915,0.414912,True
0.031592,6,0.404255,0.065059,0.371169,0.003467,0.422915,0.414912,True
0.031592,6,0.425532,0.069743,0.363285,0.003467,0.422915,0.414912,True
0.031592,6,0.446809,0.065059,0.354359,0.003467,0.422915,0.414912,True
0.031592,6,0.468085,0.056833,0.34454,0.003467,0.422915,0.414912,False
0.031592,6,0.489362,0.067972,0.335912,0.003467,0.422915,0.414912,True
0.031592,6,0.510638,0.077819,0.328325,0.003467,0.422915,0.414912,True
0.031592,6,0.531915,0.056833,0.322374,0.003467,0.422915,0.414912,False
0.031592,6,0.553191,0.056833,0.298869,0.003467,0.422915,0.414912,False
0.031592,6,0.574468,0.056833,0.303481,0.003467,0.422915,0.414912,False
0.031592,6,0.595745,0.070914,0.301398,0.003467,0.422915,0.414912,True
0.031592,6,0.617021,0.077819,0.302291,0.003467,0.422915,0.414912,True
0.031592,6,0.638298,0.083644,0.303927,0.003467,0.422915,0.414912,True
0.031592,6,0.659574,0.080731,0.308242,0.003467,0.422915,0.414912,True
0.031592,6,0.680851,0.083644,0.304076,0.003467,0.422915,0.414912,True
0.031592,6,0.702128,0.094842,0.314639,0.003467,0.422915,0.414912,True
0.031592,6,0.723404,0.07944,0.314787,0.003467,0.422915,0.414912,True
0.031592,6,0.744681,0.077819,0.306903,0.003467,0.422915,0.414912,True
0.031592,6,0.765957,0.056833,0.288753,0.003467,0.422915,0.414912,False
0.031592,6,0.787234,0.056833,0.283844,0.003467,0.422915,0.414912,False
0.031592,6,0.808511,0.077819,0.294109,0.003467,0.422915,0.414912,True
0.031592,6,0.829787,0.07944,0.316126,0.003467,0.422915,0.414912,True
0.031592,6,0.851064,0.056833,0.30601,0.003467,0.422915,0.414912,False
0.031592,6,0.87234,0.056833,0.277596,0.003467,0.422915,0.414912,False
0.031592,6,0.893617,0.07944,0.295299,0.003467,0.422915,0.414912,True
0.031592,6,0.914894,0.077819,0.296043,0.003467,0.422915,0.414912,True
0.031592,6,0.93617,0.056833,0.30601,0.003467,0.422915,0.414912,False
0.031592,6,0.957447,0.056833,0.284439,0.003467,0.422915,0.414912,False
0.031592,6,0.978723,0.056833,0.269116,0.003467,0.422915,0.414912,False
0.031592,6,1.0,0.056833,0.22047,0.003467,0.422915,0.414912,False
0.031636,7,0.0,0.056833,0.208718,0.003467,0.422915,0.414912,False
0.031636,7,0.021277,0.051909,0.159179,0.003467,0.422915,0.414912,False
0.031636,7,0.042553,0.051909,0.118863,0.003467,0.422915,0.414912,False
0.031636,7,0.06383,0.051909,0.086433,0.003467,0.422915,0.414912,False
0.031636,7,0.085106,0.051909,0.063969,0.003467,0.422915,0.414912,False
0.031636,7,0.106383,0.051909,0.046415,0.003467,0.422915,0.414912,False
0.031636,7,0.12766,0.040231,0.039125,0.003467,0.422915,0.414912,False
0.031636,7,0.148936,0.051909,0.036894,0.003467,0.422915,0.414912,False
0.031636,7,0.170213,0.051909,0.043291,0.003467,0.422915,0.414912,False
0.031636,7,0.191489,0.051909,0.047159,0.003467,0.422915,0.414912,False
0.031636,7,0.212766,0.071694,0.061738,0.003467,0.422915,0.414912,True
0.031636,7,0.234043,0.051909,0.083755,0.003467,0.422915,0.414912,False
0.031636,7,0.255319,0.054642,0.111128,0.003467,0.422915,0.414912,False
0.031636,7,0.276596,0.077819,0.154418,0.003467,0.422915,0.414912,True
0.031636,7,0.297872,0.077819,0.20485,0.003467,0.422915,0.414912,True
0.031636,7,0.319149,0.077819,0.238619,0.003467,0.422915,0.414912,True
0.031636,7,0.340426,0.074817,0.30006,0.003467,0.422915,0.414912,True
0.031636,7,0.361702,0.065059,0.325201,0.003467,0.422915,0.414912,False
0.031636,7,0.382979,0.068482,0.328176,0.003467,0.422915,0.414912,True
0.031636,7,0.404255,0.077819,0.326242,0.003467,0.422915,0.414912,True
0.031636,7,0.425532,0.068482,0.328622,0.003467,0.422915,0.414912,True
0.031636,7,0.446809,0.077819,0.32535,0.003467,0.422915,0.414912,True
0.031636,7,0.468085,0.077819,0.323416,0.003467,0.422915,0.414912,True
0.031636,7,0.489362,0.079861,0.315829,0.003467,0.422915,0.414912,True
0.031636,7,0.510638,0.088057,0.310027,0.003467,0.422915,0.414912,True
0.031636,7,0.531915,0.079861,0.304969,0.003467,0.422915,0.414912,True
0.031636,7,0.553191,0.079861,0.302886,0.003467,0.422915,0.414912,True
0.031636,7,0.574468,0.088057,0.301845,0.003467,0.422915,0.414912,True
0.031636,7,0.595745,0.088057,0.303779,0.003467,0.422915,0.414912,True
0.031636,7,0.617021,0.088057,0.308837,0.003467,0.422915,0.414912,True
0.031636,7,0.638298,0.079861,0.32163,0.003467,0.422915,0.414912,True
0.031636,7,0.659574,0.079861,0.33011,0.003467,0.422915,0.414912,True
0.031636,7,0.680851,0.077819,0.324308,0.003467,0.422915,0.414912,True
0.031636,7,0.702128,0.077819,0.329069,0.003467,0.422915,0.414912,True
0.031636,7,0.723404,0.079861,0.331747,0.003467,0.422915,0.414912,True
0.031636,7,0.744681,0.07944,0.325796,0.003467,0.422915,0.414912,True
0.031636,7,0.765957,0.056833,0.317614,0.003467,0.422915,0.414912,False
0.031636,7,0.787234,0.056833,0.307944,0.003467,0.422915,0.414912,False
0.031636,7,0.808511,0.077819,0.32773,0.003467,0.422915,0.414912,True
0.031636,7,0.829787,0.077819,0.349003,0.003467,0.422915,0.414912,True
0.031636,7,0.851064,0.068482,0.345135,0.003467,0.422915,0.414912,True
0.031636,7,0.87234,0.068482,0.317316,0.003467,0.422915,0.414912,True
0.031636,7,0.893617,0.07944,0.327432,0.003467,0.422915,0.414912,True
0.031636,7,0.914894,0.068482,0.318358,0.003467,0.422915,0.414912,False
0.031636,7,0.93617,0.071694,0.311366,0.003467,0.422915,0.414912,True
0.031636,7,0.957447,0.068482,0.283844,0.003467,0.422915,0.414912,False
0.031636,7,0.978723,0.065059,0.257066,0.003467,0.422915,0.414912,False
0.031636,7,1.0,0.056833,0.221958,0.003467,0.422915,0.414912,False
0.03168,1,0.0,0.051909,0.208271,0.003467,0.422915,0.414912,False
0.03168,1,0.021277,0.051909,0.168849,0.003467,0.422915,0.414912,False
0.03168,1,0.042553,0.051909,0.132401,0.003467,0.422915,0.414912,False
0.03168,1,0.06383,0.051909,0.110235,0.003467,0.422915,0.414912,False
0.03168,1,0.085106,0.051909,0.088218,0.003467,0.422915,0.414912,False
0.03168,1,0.106383,0.051909,0.074234,0.003467,0.422915,0.414912,False
0.03168,1,0.12766,0.051909,0.06992,0.003467,0.422915,0.414912,False
0.03168,1,0.148936,0.051909,0.072746,0.003467,0.422915,0.414912,False
0.03168,1,0.170213,0.05302,0.091342,0.003467,0.422915,0.414912,False
0.03168,1,0.191489,0.05302,0.118566,0.003467,0.422915,0.414912,False
0.03168,1,0.212766,0.054131,0.177477,0.003467,0.422915,0.414912,False
0.03168,1,0.234043,0.054131,0.241744,0.003467,0.422915,0.414912,False
0.03168,1,0.255319,0.054131,0.260339,0.003467,0.422915,0.414912,False
0.03168,1,0.276596,0.055242,0.323416,0.003467,0.422915,0.414912,False
0.03168,1,0.297872,0.054131,0.355251,0.003467,0.422915,0.414912,False
0.03168,1,0.319149,0.055242,0.391996,0.003467,0.422915,0.414912,False
0.03168,1,0.340426,0.055242,0.445254,0.003467,0.422915,0.414912,False
0.03168,1,0.361702,0.055242,0.463106,0.003467,0.422915,0.414912,False
0.03168,1,0.382979,0.058785,0.459238,0.003467,0.422915,0.414912,False
0.03168,1,0.404255,0.057193,0.454329,0.003467,0.422915,0.414912,False
0.03168,1,0.425532,0.058785,0.44704,0.003467,0.422915,0.414912,False
0.03168,1,0.446809,0.057193,0.450164,0.003467,0.422915,0.414912,False
0.03168,1,0.468085,0.058785,0.459833,0.003467,0.422915,0.414912,False
0.03168,1,0.489362,0.058785,0.462362,0.003467,0.422915,0.414912,False
0.03168,1,0.510638,0.058785,0.466082,0.003467,0.422915,0.414912,False
0.03168,1,0.531915,0.058785,0.465784,0.003467,0.422915,0.414912,False
0.03168,1,0.553191,0.059926,0.473371,0.003467,0.422915,0.414912,False
0.03168,1,0.574468,0.059926,0.469354,0.003467,0.422915,0.414912,False
0.03168,1,0.595745,0.059926,0.461172,0.003467,0.422915,0.414912,False
0.03168,1,0.617021,0.058785,0.459387,0.003467,0.422915,0.414912,False
0.03168,1,0.638298,0.059926,0.460428,0.003467,0.422915,0.414912,False
0.03168,1,0.659574,0.058785,0.456858,0.003467,0.422915,0.414912,False
0.03168,1,0.680851,0.057193,0.440196,0.003467,0.422915,0.414912,False
0.03168,1,0.702128,0.058785,0.430229,0.003467,0.422915,0.414912,False
0.03168,1,0.723404,0.055242,0.398691,0.003467,0.422915,0.414912,False
0.03168,1,0.744681,0.054131,0.377715,0.003467,0.422915,0.414912,False
0.03168,1,0.765957,0.054131,0.352574,0.003467,0.422915,0.414912,False
0.03168,1,0.787234,0.054131,0.340672,0.003467,0.422915,0.414912,False
0.03168,1,0.808511,0.054131,0.349003,0.003467,0.422915,0.414912,False
0.03168,1,0.829787,0.054131,0.354508,0.003467,0.422915,0.414912,False
0.03168,1,0.851064,0.054131,0.336805,0.003467,0.422915,0.414912,False
0.03168,1,0.87234,0.054131,0.30482,0.003467,0.422915,0.414912,False
0.03168,1,0.893617,0.055242,0.336656,0.003467,0.422915,0.414912,False
0.03168,1,0.914894,0.055242,0.357483,0.003467,0.422915,0.414912,False
0.03168,1,0.93617,0.058785,0.384558,0.003467,0.422915,0.414912,True
0.03168,1,0.957447,0.057193,0.377566,0.003467,0.422915,0.414912,True
0.03168,1,0.978723,0.057193,0.36269,0.003467,0.422915,0.414912,True
0.03168,1,1.0,0.057193,0.333234,0.003467,0.422915,0.414912,True
0.031724,2,0.0,0.055242,0.302737,0.003467,0.422915,0.414912,False
0.031724,2,0.021277,0.054131,0.231479,0.003467,0.422915,0.414912,False
0.031724,2,0.042553,0.05302,0.175543,0.003467,0.422915,0.414912,False
0.031724,2,0.06383,0.05302,0.1385,0.003467,0.422915,0.414912,False
0.031724,2,0.085106,0.05302,0.108896,0.003467,0.422915,0.414912,False
0.031724,2,0.106383,0.040351,0.087325,0.003467,0.422915,0.414912,False
0.031724,2,0.12766,0.040351,0.076168,0.003467,0.422915,0.414912,False
0.031724,2,0.148936,0.040351,0.073639,0.003467,0.422915,0.414912,False
0.031724,2,0.170213,0.05302,0.090301,0.003467,0.422915,0.414912,False
0.031724,2,0.191489,0.05302,0.116186,0.003467,0.422915,0.414912,False
0.031724,2,0.212766,0.054131,0.175692,0.003467,0.422915,0.414912,False
0.031724,2,0.234043,0.054131,0.239512,0.003467,0.422915,0.414912,False
0.031724,2,0.255319,0.054131,0.24695,0.003467,0.422915,0.414912,False
0.031724,2,0.276596,0.054131,0.300655,0.003467,0.422915,0.414912,False
0.031724,2,0.297872,0.053861,0.342309,0.003467,0.422915,0.414912,False
0.031724,2,0.319149,0.054131,0.380839,0.003467,0.422915,0.414912,False
0.031724,2,0.340426,0.055242,0.445552,0.003467,0.422915,0.414912,True
0.031724,2,0.361702,0.055242,0.472627,0.003467,0.422915,0.414912,True
0.031724,2,0.382979,0.057193,0.473371,0.003467,0.422915,0.414912,True
0.031724,2,0.404255,0.058785,0.47947,0.003467,0.422915,0.414912,True
0.031724,2,0.425532,0.06611,0.481553,0.003467,0.422915,0.414912,True
0.031724,2,0.446809,0.06611,0.485867,0.003467,0.422915,0.414912,True
0.031724,2,0.468085,0.06611,0.488248,0.003467,0.422915,0.414912,True
0.031724,2,0.489362,0.06611,0.492711,0.003467,0.422915,0.414912,True
0.031724,2,0.510638,0.074817,0.499851,0.003467,0.422915,0.414912,True
0.031724,2,0.531915,0.074817,0.497173,0.003467,0.422915,0.414912,True
0.031724,2,0.553191,0.099526,0.499702,0.003467,0.422915,0.414912,True
0.031724,2,0.574468,0.074817,0.494793,0.003467,0.422915,0.414912,True
0.031724,2,0.595745,0.074817,0.496727,0.003467,0.422915,0.414912,True
0.031724,2,0.617021,0.104089,0.522166,0.003467,0.422915,0.414912,True
0.031724,2,0.638298,0.115528,0.520381,0.003467,0.422915,0.414912,True
0.031724,2,0.659574,0.099526,0.511009,0.003467,0.422915,0.414912,True
0.031724,2,0.680851,0.104089,0.491669,0.003467,0.422915,0.414912,True
0.031724,2,0.702128,0.099526,0.465933,0.003467,0.422915,0.414912,True
0.031724,2,0.723404,0.058785,0.41208,0.003467,0.422915,0.414912,False
0.031724,2,0.744681,0.055242,0.382029,0.003467,0.422915,0.414912,False
0.031724,2,0.765957,0.055242,0.35659,0.003467,0.422915,0.414912,False
0.031724,2,0.787234,0.054131,0.335019,0.003467,0.422915,0.414912,False
0.031724,2,0.808511,0.054131,0.341863,0.003467,0.422915,0.414912,False
0.031724,2,0.829787,0.055242,0.352127,0.003467,0.422915,0.414912,False
0.031724,2,0.851064,0.055242,0.347516,0.003467,0.422915,0.414912,False
0.031724,2,0.87234,0.055242,0.32892,0.003467,0.422915,0.414912,False
0.031724,2,0.893617,0.074817,0.35659,0.003467,0.422915,0.414912,True
0.031724,2,0.914894,0.06611,0.372806,0.003467,0.422915,0.414912,True
0.031724,2,0.93617,0.058785,0.39884,0.003467,0.422915,0.414912,False
0.031724,2,0.957447,0.057193,0.392443,0.003467,0.422915,0.414912,False
0.031724,2,0.978723,0.057193,0.375335,0.003467,0.422915,0.414912,False
0.031724,2,1.0,0.055242,0.335168,0.003467,0.422915,0.414912,False
0.031769,3,0.0,0.074817,0.304225,0.003467,0.422915,0.414912,True
0.031769,3,0.021277,0.072775,0.230289,0.003467,0.422915,0.414912,True
0.031769,3,0.042553,0.072775,0.166022,0.003467,0.422915,0.414912,True
0.031769,3,0.06383,0.072775,0.121988,0.003467,0.422915,0.414912,True
0.031769,3,0.085106,0.072775,0.08673,0.003467,0.422915,0.414912,True
0.031769,3,0.106383,0.05302,0.058614,0.003467,0.422915,0.414912,False
0.031769,3,0.12766,0.05302,0.042696,0.003467,0.422915,0.414912,False
0.031769,3,0.148936,0.05302,0.035406,0.003467,0.422915,0.414912,False
0.031769,3,0.170213,0.070644,0.033472,0.003467,0.422915,0.414912,True
0.031769,3,0.191489,0.072955,0.036745,0.003467,0.422915,0.414912,True
0.031769,3,0.212766,0.07905,0.06144,0.003467,0.422915,0.414912,True
0.031769,3,0.234043,0.07905,0.094168,0.003467,0.422915,0.414912,True
0.031769,3,0.255319,0.07905,0.113359,0.003467,0.422915,0.414912,True
0.031769,3,0.276596,0.07911,0.156947,0.003467,0.422915,0.414912,True
0.031769,3,0.297872,0.082263,0.194882,0.003467,0.422915,0.414912,True
0.031769,3,0.319149,0.082263,0.224933,0.003467,0.422915,0.414912,True
0.031769,3,0.340426,0.082263,0.272389,0.003467,0.422915,0.414912,True
0.031769,3,0.361702,0.086015,0.298126,0.003467,0.422915,0.414912,True
0.031769,3,0.382979,0.086586,0.309729,0.003467,0.422915,0.414912,True
0.031769,3,0.404255,0.089378,0.310027,0.003467,0.422915,0.414912,True
0.031769,3,0.425532,0.089378,0.316572,0.003467,0.422915,0.414912,True
0.031769,3,0.446809,0.089798,0.315829,0.003467,0.422915,0.414912,True
0.031769,3,0.468085,0.089798,0.307795,0.003467,0.422915,0.414912,True
0.031769,3,0.489362,0.089378,0.295299,0.003467,0.422915,0.414912,True
0.031769,3,0.510638,0.089378,0.275216,0.003467,0.422915,0.414912,True
0.031769,3,0.531915,0.086586,0.255579,0.003467,0.422915,0.414912,True
0.031769,3,0.553191,0.086015,0.242636,0.003467,0.422915,0.414912,True
0.031769,3,0.574468,0.086015,0.234305,0.003467,0.422915,0.414912,True
0.031769,3,0.595745,0.086015,0.230586,0.003467,0.422915,0.414912,True
0.031769,3,0.617021,0.086015,0.226867,0.003467,0.422915,0.414912,True
0.031769,3,0.638298,0.082263,0.224636,0.003467,0.422915,0.414912,True
0.031769,3,0.659574,0.082263,0.219429,0.003467,0.422915,0.414912,True
0.031769,3,0.680851,0.082263,0.210652,0.003467,0.422915,0.414912,True
0.031769,3,0.702128,0.070644,0.202023,0.003467,0.422915,0.414912,False
0.031769,3,0.723404,0.056923,0.185659,0.003467,0.422915,0.414912,False
0.031769,3,0.744681,0.056923,0.178072,0.003467,0.422915,0.414912,False
0.031769,3,0.765957,0.055242,0.170039,0.003467,0.422915,0.414912,False
0.031769,3,0.787234,0.056923,0.173907,0.003467,0.422915,0.414912,False
0.031769,3,0.808511,0.058394,0.197709,0.003467,0.422915,0.414912,False
0.031769,3,0.829787,0.058394,0.217197,0.003467,0.422915,0.414912,False
0.031769,3,0.851064,0.070644,0.218834,0.003467,0.422915,0.414912,False
0.031769,3,0.87234,0.058394,0.203065,0.003467,0.422915,0.414912,False
0.031769,3,0.893617,0.07911,0.230437,0.003467,0.422915,0.414912,True
0.031769,3,0.914894,0.082263,0.238173,0.003467,0.422915,0.414912,True
0.031769,3,0.93617,0.07911,0.25305,0.003467,0.422915,0.414912,True
0.031769,3,0.957447,0.07911,0.236388,0.003467,0.422915,0.414912,True
0.031769,3,0.978723,0.070644,0.224636,0.003467,0.422915,0.414912,False
0.031769,3,1.0,0.070644,0.18551,0.003467,0.422915,0.414912,False
0.031813,4,0.0,0.056923,0.164981,0.003467,0.422915,0.414912,False
0.031813,4,0.021277,0.055242,0.107111,0.003467,0.422915,0.414912,False
0.031813,4,0.042553,0.055242,0.071556,0.003467,0.422915,0.414912,False
0.031813,4,0.06383,0.055242,0.043886,0.003467,0.422915,0.414912,False
0.031813,4,0.085106,0.055242,0.0241,0.003467,0.422915,0.414912,False
0.031813,4,0.106383,0.040351,0.00967,0.003467,0.422915,0.414912,False
0.031813,4,0.12766,0.040351,0.00119,0.003467,0.422915,0.414912,False
0.031813,4,0.148936,0.055242,0.0,0.003467,0.422915,0.414912,False
0.031813,4,0.170213,0.055242,0.001488,0.003467,0.422915,0.414912,False
0.031813,4,0.191489,0.068212,0.003868,0.003467,0.422915,0.414912,False
0.031813,4,0.212766,0.068212,0.016215,0.003467,0.422915,0.414912,False
0.031813,4,0.234043,0.055242,0.033175,0.003467,0.422915,0.414912,False
0.031813,4,0.255319,0.055242,0.044035,0.003467,0.422915,0.414912,False
0.031813,4,0.276596,0.055242,0.079738,0.003467,0.422915,0.414912,False
0.031813,4,0.297872,0.055242,0.121244,0.003467,0.422915,0.414912,False
0.031813,4,0.319149,0.056923,0.160518,0.003467,0.422915,0.414912,False
0.031813,4,0.340426,0.058394,0.213627,0.003467,0.422915,0.414912,False
0.031813,4,0.361702,0.058394,0.244868,0.003467,0.422915,0.414912,False
0.031813,4,0.382979,0.058394,0.257066,0.003467,0.422915,0.414912,False
0.031813,4,0.404255,0.06578,0.259298,0.003467,0.422915,0.414912,False
0.031813,4,0.425532,0.058394,0.256918,0.003467,0.422915,0.414912,False
0.031813,4,0.446809,0.074817,0.249331,0.003467,0.422915,0.414912,True
0.031813,4,0.468085,0.058394,0.243677,0.003467,0.422915,0.414912,False
0.031813,4,0.489362,0.058394,0.235347,0.003467,0.422915,0.414912,False
0.031813,4,0.510638,0.058394,0.226123,0.003467,0.422915,0.414912,False
0.031813,4,0.531915,0.058394,0.218982,0.003467,0.422915,0.414912,False
0.031813,4,0.553191,0.056923,0.210354,0.003467,0.422915,0.414912,False
0.031813,4,0.574468,0.058394,0.209164,0.003467,0.422915,0.414912,False
0.031813,4,0.595745,0.058394,0.214073,0.003467,0.422915,0.414912,False
0.031813,4,0.617021,0.058394,0.221065,0.003467,0.422915,0.414912,False
0.031813,4,0.638298,0.058394,0.220024,0.003467,0.422915,0.414912,False
0.031813,4,0.659574,0.056923,0.212586,0.003467,0.422915,0.414912,False
0.031813,4,0.680851,0.056923,0.201726,0.003467,0.422915,0.414912,False
0.031813,4,0.702128,0.056923,0.206486,0.003467,0.422915,0.414912,False
0.031813,4,0.723404,0.056923,0.205594,0.003467,0.422915,0.414912,False
0.031813,4,0.744681,0.056923,0.203362,0.003467,0.422915,0.414912,False
0.031813,4,0.765957,0.056923,0.206784,0.003467,0.422915,0.414912,False
0.031813,4,0.787234,0.056923,0.213776,0.003467,0.422915,0.414912,False
0.031813,4,0.808511,0.074817,0.224636,0.003467,0.422915,0.414912,True
0.031813,4,0.829787,0.058394,0.232966,0.003467,0.422915,0.414912,False
0.031813,4,0.851064,0.056923,0.220173,0.003467,0.422915,0.414912,False
0.031813,4,0.87234,0.056923,0.19756,0.003467,0.422915,0.414912,False
0.031813,4,0.893617,0.058394,0.215561,0.003467,0.422915,0.414912,False
0.031813,4,0.914894,0.058394,0.223743,0.003467,0.422915,0.414912,False
0.031813,4,0.93617,0.058394,0.24219,0.003467,0.422915,0.414912,False
0.031813,4,0.957447,0.074817,0.236686,0.003467,0.422915,0.414912,True
0.031813,4,0.978723,0.058394,0.233859,0.003467,0.422915,0.414912,False
0.031813,4,1.0,0.058394,0.200536,0.003467,0.422915,0.414912,False
0.031857,5,0.0,0.055242,0.180155,0.003467,0.422915,0.414912,False
0.031857,5,0.021277,0.040351,0.129426,0.003467,0.422915,0.414912,False
0.031857,5,0.042553,0.055242,0.087623,0.003467,0.422915,0.414912,False
0.031857,5,0.06383,0.055242,0.056382,0.003467,0.422915,0.414912,False
0.031857,5,0.085106,0.056233,0.041952,0.003467,0.422915,0.414912,False
0.031857,5,0.106383,0.040351,0.022166,0.003467,0.422915,0.414912,False
0.031857,5,0.12766,0.040351,0.018149,0.003467,0.422915,0.414912,False
0.031857,5,0.148936,0.040351,0.015323,0.003467,0.422915,0.414912,False
0.031857,5,0.170213,0.055242,0.029158,0.003467,0.422915,0.414912,False
0.031857,5,0.191489,0.055242,0.045968,0.003467,0.422915,0.414912,False
0.031857,5,0.212766,0.055242,0.074234,0.003467,0.422915,0.414912,False
0.031857,5,0.234043,0.055242,0.112169,0.003467,0.422915,0.414912,False
0.031857,5,0.255319,0.055242,0.115739,0.003467,0.422915,0.414912,False
0.031857,5,0.276596,0.056923,0.153526,0.003467,0.422915,0.414912,False
0.031857,5,0.297872,0.055242,0.185064,0.003467,0.422915,0.414912,False
0.031857,5,0.319149,0.056923,0.21809,0.003467,0.422915,0.414912,False
0.031857,5,0.340426,0.056923,0.275513,0.003467,0.422915,0.414912,False
0.031857,5,0.361702,0.064729,0.297977,0.003467,0.422915,0.414912,True
0.031857,5,0.382979,0.064729,0.298869,0.003467,0.422915,0.414912,True
0.031857,5,0.404255,0.064729,0.285778,0.003467,0.422915,0.414912,True
0.031857,5,0.425532,0.056923,0.276108,0.003467,0.422915,0.414912,False
0.031857,5,0.446809,0.056923,0.273133,0.003467,0.422915,0.414912,False
0.031857,5,0.468085,0.056923,0.266885,0.003467,0.422915,0.414912,True
0.031857,5,0.489362,0.056923,0.262719,0.003467,0.422915,0.414912,True
0.031857,5,0.510638,0.056923,0.259447,0.003467,0.422915,0.414912,True
0.031857,5,0.531915,0.056923,0.254091,0.003467,0.422915,0.414912,True
0.031857,5,0.553191,0.055242,0.247843,0.003467,0.422915,0.414912,False
0.031857,5,0.574468,0.055242,0.243975,0.003467,0.422915,0.414912,False
0.031857,5,0.595745,0.055242,0.243082,0.003467,0.422915,0.414912,False
0.031857,5,0.617021,0.055242,0.244719,0.003467,0.422915,0.414912,False
0.031857,5,0.638298,0.056923,0.247248,0.003467,0.422915,0.414912,True
0.031857,5,0.659574,0.055242,0.258405,0.003467,0.422915,0.414912,False
0.031857,5,0.680851,0.056923,0.259149,0.003467,0.422915,0.414912,True
0.031857,5,0.702128,0.056923,0.256323,0.003467,0.422915,0.414912,True
0.031857,5,0.723404,0.055242,0.239363,0.003467,0.422915,0.414912,False
0.031857,5,0.744681,0.056923,0.245165,0.003467,0.422915,0.414912,True
0.031857,5,0.765957,0.056923,0.237727,0.003467,0.422915,0.414912,True
0.031857,5,0.787234,0.056923,0.233115,0.003467,0.422915,0.414912,True
0.031857,5,0.808511,0.056923,0.241595,0.003467,0.422915,0.414912,True
0.031857,5,0.829787,0.056923,0.253347,0.003467,0.422915,0.414912,True
0.031857,5,0.851064,0.056923,0.23609,0.003467,0.422915,0.414912,True
0.031857,5,0.87234,0.055242,0.217792,0.003467,0.422915,0.414912,False
0.031857,5,0.893617,0.064729,0.262124,0.003467,0.422915,0.414912,True
0.031857,5,0.914894,0.067611,0.282803,0.003467,0.422915,0.414912,True
0.031857,5,0.93617,0.067611,0.320887,0.003467,0.422915,0.414912,True
0.031857,5,0.957447,0.083013,0.320589,0.003467,0.422915,0.414912,True
0.031857,5,0.978723,0.074817,0.315085,0.003467,0.422915,0.414912,True
0.031857,5,1.0,0.074817,0.298126,0.003467,0.422915,0.414912,True
0.031901,6,0.0,0.064729,0.270455,0.003467,0.422915,0.414912,True
0.031901,6,0.021277,0.056923,0.19994,0.003467,0.422915,0.414912,False
0.031901,6,0.042553,0.055242,0.140583,0.003467,0.422915,0.414912,False
0.031901,6,0.06383,0.055242,0.103541,0.003467,0.422915,0.414912,False
0.031901,6,0.085106,0.055242,0.070812,0.003467,0.422915,0.414912,False
0.031901,6,0.106383,0.055242,0.047307,0.003467,0.422915,0.414912,False
0.031901,6,0.12766,0.040351,0.03258,0.003467,0.422915,0.414912,False
0.031901,6,0.148936,0.055242,0.026331,0.003467,0.422915,0.414912,False
0.031901,6,0.170213,0.055242,0.037191,0.003467,0.422915,0.414912,False
0.031901,6,0.191489,0.055242,0.042547,0.003467,0.422915,0.414912,False
0.031901,6,0.212766,0.055242,0.056233,0.003467,0.422915,0.414912,False
0.031901,6,0.234043,0.055242,0.078697,0.003467,0.422915,0.414912,False
0.031901,6,0.255319,0.055242,0.102946,0.003467,0.422915,0.414912,False
0.031901,6,0.276596,0.056923,0.151443,0.003467,0.422915,0.414912,False
0.031901,6,0.297872,0.058394,0.202618,0.003467,0.422915,0.414912,False
0.031901,6,0.319149,0.058394,0.24814,0.003467,0.422915,0.414912,False
0.031901,6,0.340426,0.058394,0.292621,0.003467,0.422915,0.414912,False
0.031901,6,0.361702,0.060556,0.321184,0.003467,0.422915,0.414912,True
0.031901,6,0.382979,0.060556,0.319101,0.003467,0.422915,0.414912,True
0.031901,6,0.404255,0.058394,0.307795,0.003467,0.422915,0.414912,False
0.031901,6,0.425532,0.060556,0.305118,0.003467,0.422915,0.414912,True
0.031901,6,0.446809,0.062898,0.299167,0.003467,0.422915,0.414912,True
0.031901,6,0.468085,0.058394,0.293811,0.003467,0.422915,0.414912,False
0.031901,6,0.489362,0.058394,0.285927,0.003467,0.422915,0.414912,False
0.031901,6,0.510638,0.058394,0.284588,0.003467,0.422915,0.414912,False
0.031901,6,0.531915,0.058394,0.278191,0.003467,0.422915,0.414912,False
0.031901,6,0.553191,0.058394,0.273133,0.003467,0.422915,0.414912,False
0.031901,6,0.574468,0.061397,0.263612,0.003467,0.422915,0.414912,True
0.031901,6,0.595745,0.074817,0.258703,0.003467,0.422915,0.414912,True
0.031901,6,0.617021,0.074817,0.261529,0.003467,0.422915,0.414912,True
0.031901,6,0.638298,0.062898,0.258852,0.003467,0.422915,0.414912,True
0.031901,6,0.659574,0.074817,0.264951,0.003467,0.422915,0.414912,True
0.031901,6,0.680851,0.082923,0.259744,0.003467,0.422915,0.414912,True
0.031901,6,0.702128,0.060556,0.272984,0.003467,0.422915,0.414912,False
0.031901,6,0.723404,0.074817,0.283547,0.003467,0.422915,0.414912,True
0.031901,6,0.744681,0.082923,0.287712,0.003467,0.422915,0.414912,True
0.031901,6,0.765957,0.074817,0.281315,0.003467,0.422915,0.414912,True
0.031901,6,0.787234,0.082923,0.271348,0.003467,0.422915,0.414912,True
0.031901,6,0.808511,0.088237,0.271497,0.003467,0.422915,0.414912,True
0.031901,6,0.829787,0.082923,0.278489,0.003467,0.422915,0.414912,True
0.031901,6,0.851064,0.060556,0.259744,0.003467,0.422915,0.414912,False
0.031901,6,0.87234,0.058424,0.236983,0.003467,0.422915,0.414912,False
0.031901,6,0.893617,0.058394,0.248587,0.003467,0.422915,0.414912,False
0.031901,6,0.914894,0.060556,0.254835,0.003467,0.422915,0.414912,False
0.031901,6,0.93617,0.058394,0.258852,0.003467,0.422915,0.414912,False
0.031901,6,0.957447,0.058394,0.234454,0.003467,0.422915,0.414912,False
0.031901,6,0.978723,0.056923,0.215858,0.003467,0.422915,0.414912,False
0.031901,6,1.0,0.058304,0.179262,0.003467,0.422915,0.414912,False
0.031945,7,0.0,0.058394,0.170931,0.003467,0.422915,0.414912,False
0.031945,7,0.021277,0.058394,0.121392,0.003467,0.422915,0.414912,False
0.031945,7,0.042553,0.056923,0.088367,0.003467,0.422915,0.414912,False
0.031945,7,0.06383,0.055242,0.061291,0.003467,0.422915,0.414912,False
0.031945,7,0.085106,0.055242,0.042398,0.003467,0.422915,0.414912,False
0.031945,7,0.106383,0.055242,0.025736,0.003467,0.422915,0.414912,False
0.031945,7,0.12766,0.055242,0.016662,0.003467,0.422915,0.414912,False
0.031945,7,0.148936,0.055242,0.014281,0.003467,0.422915,0.414912,False
0.031945,7,0.170213,0.058394,0.022166,0.003467,0.422915,0.414912,False
0.031945,7,0.191489,0.057073,0.027373,0.003467,0.422915,0.414912,False
0.031945,7,0.212766,0.055242,0.031985,0.003467,0.422915,0.414912,False
0.031945,7,0.234043,0.055242,0.048795,0.003467,0.422915,0.414912,False
0.031945,7,0.255319,0.058394,0.067391,0.003467,0.422915,0.414912,False
0.031945,7,0.276596,0.074817,0.102797,0.003467,0.422915,0.414912,True
0.031945,7,0.297872,0.077489,0.151145,0.003467,0.422915,0.414912,True
0.031945,7,0.319149,0.077489,0.191163,0.003467,0.422915,0.414912,True
0.031945,7,0.340426,0.083644,0.239958,0.003467,0.422915,0.414912,True
0.031945,7,0.361702,0.074817,0.262422,0.003467,0.422915,0.414912,True
0.031945,7,0.382979,0.074817,0.268075,0.003467,0.422915,0.414912,True
0.031945,7,0.404255,0.074817,0.265248,0.003467,0.422915,0.414912,True
0.031945,7,0.425532,0.082863,0.261678,0.003467,0.422915,0.414912,True
0.031945,7,0.446809,0.074817,0.25424,0.003467,0.422915,0.414912,True
0.031945,7,0.468085,0.067641,0.251116,0.003467,0.422915,0.414912,True
0.031945,7,0.489362,0.058394,0.247545,0.003467,0.422915,0.414912,False
0.031945,7,0.510638,0.058394,0.238768,0.003467,0.422915,0.414912,False
0.031945,7,0.531915,0.058394,0.227611,0.003467,0.422915,0.414912,False
0.031945,7,0.553191,0.058394,0.221511,0.003467,0.422915,0.414912,False
0.031945,7,0.574468,0.058394,0.216007,0.003467,0.422915,0.414912,False
0.031945,7,0.595745,0.058394,0.212437,0.003467,0.422915,0.414912,False
0.031945,7,0.617021,0.058394,0.214817,0.003467,0.422915,0.414912,False
0.031945,7,0.638298,0.058394,0.203065,0.003467,0.422915,0.414912,False
0.031945,7,0.659574,0.058394,0.205296,0.003467,0.422915,0.414912,False
0.031945,7,0.680851,0.087426,0.200982,0.003467,0.422915,0.414912,True
0.031945,7,0.702128,0.097934,0.216156,0.003467,0.422915,0.414912,True
0.031945,7,0.723404,0.113306,0.22404,0.003467,0.422915,0.414912,True
0.031945,7,0.744681,0.074817,0.227462,0.003467,0.422915,0.414912,True
0.031945,7,0.765957,0.058394,0.222553,0.003467,0.422915,0.414912,False
0.031945,7,0.787234,0.058394,0.219429,0.003467,0.422915,0.414912,False
0.031945,7,0.808511,0.058394,0.234008,0.003467,0.422915,0.414912,False
0.031945,7,0.829787,0.058394,0.261976,0.003467,0.422915,0.414912,False
0.031945,7,0.851064,0.058394,0.246653,0.003467,0.422915,0.414912,False
0.031945,7,0.87234,0.057944,0.214519,0.003467,0.422915,0.414912,False
0.031945,7,0.893617,0.058394,0.232074,0.003467,0.422915,0.414912,False
0.031945,7,0.914894,0.057554,0.233413,0.003467,0.422915,0.414912,False
0.031945,7,0.93617,0.058394,0.235942,0.003467,0.422915,0.414912,False
0.031945,7,0.957447,0.056923,0.218834,0.003467,0.422915,0.414912,False
0.031945,7,0.978723,0.056923,0.205445,0.003467,0.422915,0.414912,False
0.031945,7,1.0,0.056923,0.172865,0.003467,0.422915,0.414912,False
0.03199,1,0.0,0.055242,0.163195,0.003467,0.422915,0.414912,False
0.03199,1,0.021277,0.040351,0.114996,0.003467,0.422915,0.414912,False
0.03199,1,0.042553,0.018344,0.081077,0.003467,0.422915,0.414912,False
0.03199,1,0.06383,0.040231,0.062184,0.003467,0.422915,0.414912,False
0.03199,1,0.085106,0.018344,0.050729,0.003467,0.422915,0.414912,False
0.03199,1,0.106383,0.040351,0.042696,0.003467,0.422915,0.414912,False
0.03199,1,0.12766,0.040351,0.041803,0.003467,0.422915,0.414912,False
0.03199,1,0.148936,0.055242,0.039274,0.003467,0.422915,0.414912,False
0.03199,1,0.170213,0.059355,0.051026,0.003467,0.422915,0.414912,False
0.03199,1,0.191489,0.058394,0.071259,0.003467,0.422915,0.414912,False
0.03199,1,0.212766,0.077489,0.109789,0.003467,0.422915,0.414912,True
0.03199,1,0.234043,0.077489,0.148021,0.003467,0.422915,0.414912,True
0.03199,1,0.255319,0.074817,0.155162,0.003467,0.422915,0.414912,True
0.03199,1,0.276596,0.058394,0.195775,0.003467,0.422915,0.414912,False
0.03199,1,0.297872,0.058394,0.236239,0.003467,0.422915,0.414912,False
0.03199,1,0.319149,0.059865,0.28191,0.003467,0.422915,0.414912,False
0.03199,1,0.340426,0.074817,0.34335,0.003467,0.422915,0.414912,True
0.03199,1,0.361702,0.063408,0.366855,0.003467,0.422915,0.414912,True
0.03199,1,0.382979,0.063408,0.367301,0.003467,0.422915,0.414912,True
0.03199,1,0.404255,0.074817,0.358673,0.003467,0.422915,0.414912,True
0.03199,1,0.425532,0.063408,0.340672,0.003467,0.422915,0.414912,True
0.03199,1,0.446809,0.074817,0.34335,0.003467,0.422915,0.414912,True
0.03199,1,0.468085,0.074817,0.334573,0.003467,0.422915,0.414912,True
0.03199,1,0.489362,0.059865,0.334276,0.003467,0.422915,0.414912,False
0.03199,1,0.510638,0.074817,0.32773,0.003467,0.422915,0.414912,True
0.03199,1,0.531915,0.068062,0.323564,0.003467,0.422915,0.414912,True
0.03199,1,0.553191,0.063408,0.316126,0.003467,0.422915,0.414912,True
0.03199,1,0.574468,0.074817,0.3072,0.003467,0.422915,0.414912,True
0.03199,1,0.595745,0.074817,0.303481,0.003467,0.422915,0.414912,True
0.03199,1,0.617021,0.059865,0.304522,0.003467,0.422915,0.414912,False
0.03199,1,0.638298,0.074817,0.30482,0.003467,0.422915,0.414912,True
0.03199,1,0.659574,0.063408,0.309432,0.003467,0.422915,0.414912,True
0.03199,1,0.680851,0.074817,0.304076,0.003467,0.422915,0.414912,True
0.03199,1,0.702128,0.063408,0.307795,0.003467,0.422915,0.414912,True
0.03199,1,0.723404,0.059595,0.287712,0.003467,0.422915,0.414912,False
0.03199,1,0.744681,0.058394,0.281761,0.003467,0.422915,0.414912,False
0.03199,1,0.765957,0.058394,0.26391,0.003467,0.422915,0.414912,False
0.03199,1,0.787234,0.058394,0.249777,0.003467,0.422915,0.414912,False
0.03199,1,0.808511,0.063408,0.260488,0.003467,0.422915,0.414912,True
0.03199,1,0.829787,0.058394,0.265546,0.003467,0.422915,0.414912,False
0.03199,1,0.851064,0.058394,0.247992,0.003467,0.422915,0.414912,False
0.03199,1,0.87234,0.058394,0.231925,0.003467,0.422915,0.414912,False
0.03199,1,0.893617,0.074817,0.270009,0.003467,0.422915,0.414912,True
0.03199,1,0.914894,0.074817,0.29158,0.003467,0.422915,0.414912,True
0.03199,1,0.93617,0.086015,0.323862,0.003467,0.422915,0.414912,True
0.03199,1,0.957447,0.086015,0.326093,0.003467,0.422915,0.414912,True
0.03199,1,0.978723,0.074817,0.322226,0.003467,0.422915,0.414912,True
0.03199,1,1.0,0.086015,0.300208,0.003467,0.422915,0.414912,True
0.032034,2,0.0,0.058394,0.27715,0.003467,0.422915,0.414912,False
0.032034,2,0.021277,0.058394,0.209313,0.003467,0.422915,0.414912,False
0.032034,2,0.042553,0.058394,0.155757,0.003467,0.422915,0.414912,False
0.032034,2,0.06383,0.056923,0.115442,0.003467,0.422915,0.414912,False
0.032034,2,0.085106,0.055242,0.083904,0.003467,0.422915,0.414912,False
0.032034,2,0.106383,0.055242,0.063076,0.003467,0.422915,0.414912,False
0.032034,2,0.12766,0.055242,0.052068,0.003467,0.422915,0.414912,False
0.032034,2,0.148936,0.055242,0.048497,0.003467,0.422915,0.414912,False
0.032034,2,0.170213,0.058394,0.060547,0.003467,0.422915,0.414912,False
0.032034,2,0.191489,0.058394,0.078994,0.003467,0.422915,0.414912,False
0.032034,2,0.212766,0.074817,0.115888,0.003467,0.422915,0.414912,True
0.032034,2,0.234043,0.058394,0.152336,0.003467,0.422915,0.414912,False
0.032034,2,0.255319,0.058394,0.154716,0.003467,0.422915,0.414912,False
0.032034,2,0.276596,0.058394,0.200833,0.003467,0.422915,0.414912,False
0.032034,2,0.297872,0.063408,0.234305,0.003467,0.422915,0.414912,False
0.032034,2,0.319149,0.063408,0.281761,0.003467,0.422915,0.414912,False
0.032034,2,0.340426,0.074817,0.322077,0.003467,0.422915,0.414912,True
0.032034,2,0.361702,0.074817,0.366706,0.003467,0.422915,0.414912,True
0.032034,2,0.382979,0.074817,0.363582,0.003467,0.422915,0.414912,True
0.032034,2,0.404255,0.074817,0.353913,0.003467,0.422915,0.414912,True
0.032034,2,0.425532,0.063408,0.353764,0.003467,0.422915,0.414912,False
0.032034,2,0.446809,0.074817,0.355549,0.003467,0.422915,0.414912,True
0.032034,2,0.468085,0.074817,0.3554,0.003467,0.422915,0.414912,True
0.032034,2,0.489362,0.082773,0.340375,0.003467,0.422915,0.414912,True
0.032034,2,0.510638,0.074817,0.348408,0.003467,0.422915,0.414912,True
0.032034,2,0.531915,0.074817,0.344838,0.003467,0.422915,0.414912,True
0.032034,2,0.553191,0.082773,0.338887,0.003467,0.422915,0.414912,True
0.032034,2,0.574468,0.063408,0.329664,0.003467,0.422915,0.414912,False
0.032034,2,0.595745,0.074817,0.321779,0.003467,0.422915,0.414912,True
0.032034,2,0.617021,0.074817,0.316424,0.003467,0.422915,0.414912,True
0.032034,2,0.638298,0.063408,0.314043,0.003467,0.422915,0.414912,False
0.032034,2,0.659574,0.063408,0.314043,0.003467,0.422915,0.414912,False
0.032034,2,0.680851,0.063408,0.30006,0.003467,0.422915,0.414912,False
0.032034,2,0.702128,0.059865,0.287414,0.003467,0.422915,0.414912,False
0.032034,2,0.723404,0.058394,0.257364,0.003467,0.422915,0.414912,False
0.032034,2,0.744681,0.059865,0.238471,0.003467,0.422915,0.414912,False
0.032034,2,0.765957,0.058394,0.218982,0.003467,0.422915,0.414912,False
0.032034,2,0.787234,0.058394,0.198304,0.003467,0.422915,0.414912,False
0.032034,2,0.808511,0.058394,0.194287,0.003467,0.422915,0.414912,False
0.032034,2,0.829787,0.058394,0.200833,0.003467,0.422915,0.414912,False
0.032034,2,0.851064,0.058394,0.18194,0.003467,0.422915,0.414912,False
0.032034,2,0.87234,0.056923,0.174502,0.003467,0.422915,0.414912,False
0.032034,2,0.893617,0.058394,0.226421,0.003467,0.422915,0.414912,False
0.032034,2,0.914894,0.063408,0.263463,0.003467,0.422915,0.414912,False
0.032034,2,0.93617,0.088237,0.311961,0.003467,0.422915,0.414912,True
0.032034,2,0.957447,0.089798,0.332044,0.003467,0.422915,0.414912,True
0.032034,2,0.978723,0.089798,0.335168,0.003467,0.422915,0.414912,True
0.032034,2,1.0,0.091089,0.319399,0.003467,0.422915,0.414912,True
0.424494,3,0.0,0.089798,0.299018,0.003467,0.422915,0.414912,True
0.424494,3,0.021277,0.082983,0.228206,0.003467,0.422915,0.414912,True
0.424494,3,0.042553,0.080611,0.171229,0.003467,0.422915,0.414912,True
0.424494,3,0.06383,0.077489,0.123921,0.003467,0.422915,0.414912,True
0.424494,3,0.085106,0.055242,0.08435,0.003467,0.422915,0.414912,False
0.424494,3,0.106383,0.055242,0.051026,0.003467,0.422915,0.414912,False
0.424494,3,0.12766,0.055242,0.027522,0.003467,0.422915,0.414912,False
0.424494,3,0.148936,0.055242,0.01443,0.003467,0.422915,0.414912,False
0.424494,3,0.170213,0.055242,0.010562,0.003467,0.422915,0.414912,False
0.424494,3,0.191489,0.055242,0.008182,0.003467,0.422915,0.414912,False
0.424494,3,0.212766,0.055242,0.016662,0.003467,0.422915,0.414912,False
0.424494,3,0.234043,0.055242,0.02767,0.003467,0.422915,0.414912,False
0.424494,3,0.255319,0.055242,0.024695,0.003467,0.422915,0.414912,False
0.424494,3,0.276596,0.056923,0.051175,0.003467,0.422915,0.414912,False
0.424494,3,0.297872,0.056923,0.07706,0.003467,0.422915,0.414912,False
0.424494,3,0.319149,0.056923,0.107409,0.003467,0.422915,0.414912,False
0.424494,3,0.340426,0.056923,0.153526,0.003467,0.422915,0.414912,False
0.424494,3,0.361702,0.056923,0.180899,0.003467,0.422915,0.414912,False
0.424494,3,0.382979,0.056923,0.189229,0.003467,0.422915,0.414912,False
0.424494,3,0.404255,0.058394,0.191015,0.003467,0.422915,0.414912,False
0.424494,3,0.425532,0.058394,0.195775,0.003467,0.422915,0.414912,False
0.424494,3,0.446809,0.058394,0.196073,0.003467,0.422915,0.414912,False
0.424494,3,0.468085,0.056923,0.193544,0.003467,0.422915,0.414912,False
0.424494,3,0.489362,0.056923,0.190122,0.003467,0.422915,0.414912,False
0.424494,3,0.510638,0.056923,0.180452,0.003467,0.422915,0.414912,False
0.424494,3,0.531915,0.056923,0.170039,0.003467,0.422915,0.414912,False
0.424494,3,0.553191,0.055242,0.158286,0.003467,0.422915,0.414912,False
0.424494,3,0.574468,0.056923,0.15055,0.003467,0.422915,0.414912,False
0.424494,3,0.595745,0.056923,0.150848,0.003467,0.422915,0.414912,False
0.424494,3,0.617021,0.055242,0.154418,0.003467,0.422915,0.414912,False
0.424494,3,0.638298,0.056923,0.16022,0.003467,0.422915,0.414912,False
0.424494,3,0.659574,0.056923,0.167956,0.003467,0.422915,0.414912,False
0.424494,3,0.680851,0.056923,0.178667,0.003467,0.422915,0.414912,False
0.424494,3,0.702128,0.056923,0.197114,0.003467,0.422915,0.414912,False
0.424494,3,0.723404,0.058394,0.198304,0.003467,0.422915,0.414912,False
0.424494,3,0.744681,0.058394,0.197263,0.003467,0.422915,0.414912,False
0.424494,3,0.765957,0.056923,0.193395,0.003467,0.422915,0.414912,False
0.424494,3,0.787234,0.058394,0.188634,0.003467,0.422915,0.414912,False
0.424494,3,0.808511,0.058394,0.205147,0.003467,0.422915,0.414912,False
0.424494,3,0.829787,0.058394,0.22285,0.003467,0.422915,0.414912,False
0.424494,3,0.851064,0.058394,0.21571,0.003467,0.422915,0.414912,False
0.424494,3,0.87234,0.058394,0.194287,0.003467,0.422915,0.414912,False
0.424494,3,0.893617,0.058394,0.225974,0.003467,0.422915,0.414912,False
0.424494,3,0.914894,0.074817,0.234752,0.003467,0.422915,0.414912,True
0.424494,3,0.93617,0.075177,0.254835,0.003467,0.422915,0.414912,True
0.424494,3,0.957447,0.075177,0.260785,0.003467,0.422915,0.414912,True
0.424494,3,0.978723,0.068572,0.25662,0.003467,0.422915,0.414912,True
0.424494,3,1.0,0.058394,0.240851,0.003467,0.422915,0.414912,False
0.424539,4,0.0,0.056923,0.222702,0.003467,0.422915,0.414912,False
0.424539,4,0.021277,0.055242,0.161857,0.003467,0.422915,0.414912,False
0.424539,4,0.042553,0.040351,0.114698,0.003467,0.422915,0.414912,False
0.424539,4,0.06383,0.045965,0.08435,0.003467,0.422915,0.414912,False
0.424539,4,0.085106,0.040351,0.059209,0.003467,0.422915,0.414912,False
0.424539,4,0.106383,0.040351,0.041952,0.003467,0.422915,0.414912,False
0.424539,4,0.12766,0.040351,0.030794,0.003467,0.422915,0.414912,False
0.424539,4,0.148936,0.040231,0.031092,0.003467,0.422915,0.414912,False
0.424539,4,0.170213,0.040261,0.042696,0.003467,0.422915,0.414912,False
0.424539,4,0.191489,0.040351,0.061291,0.003467,0.422915,0.414912,False
0.424539,4,0.212766,0.055242,0.105028,0.003467,0.422915,0.414912,False
0.424539,4,0.234043,0.055242,0.153526,0.003467,0.422915,0.414912,False
0.424539,4,0.255319,0.056923,0.161708,0.003467,0.422915,0.414912,True
0.424539,4,0.276596,0.056923,0.205891,0.003467,0.422915,0.414912,True
0.424539,4,0.297872,0.055242,0.241148,0.003467,0.422915,0.414912,False
0.424539,4,0.319149,0.055242,0.278042,0.003467,0.422915,0.414912,False
0.424539,4,0.340426,0.056923,0.338738,0.003467,0.422915,0.414912,True
0.424539,4,0.361702,0.058394,0.357185,0.003467,0.422915,0.414912,True
0.424539,4,0.382979,0.058394,0.357929,0.003467,0.422915,0.414912,True
0.424539,4,0.404255,0.058394,0.35302,0.003467,0.422915,0.414912,True
0.424539,4,0.425532,0.058394,0.349747,0.003467,0.422915,0.414912,True
0.424539,4,0.446809,0.058394,0.350937,0.003467,0.422915,0.414912,True
0.424539,4,0.468085,0.058394,0.348259,0.003467,0.422915,0.414912,True
0.424539,4,0.489362,0.058394,0.344838,0.003467,0.422915,0.414912,True
0.424539,4,0.510638,0.058394,0.346177,0.003467,0.422915,0.414912,True
0.424539,4,0.531915,0.058394,0.343053,0.003467,0.422915,0.414912,True
0.424539,4,0.553191,0.058394,0.329217,0.003467,0.422915,0.414912,True
0.424539,4,0.574468,0.058394,0.331151,0.003467,0.422915,0.414912,True
0.424539,4,0.595745,0.058394,0.32773,0.003467,0.422915,0.414912,True
0.424539,4,0.617021,0.058394,0.33368,0.003467,0.422915,0.414912,True
0.424539,4,0.638298,0.058394,0.3313,0.003467,0.422915,0.414912,True
0.424539,4,0.659574,0.058394,0.332193,0.003467,0.422915,0.414912,True
0.424539,4,0.680851,0.058394,0.326242,0.003467,0.422915,0.414912,True
0.424539,4,0.702128,0.058394,0.332639,0.003467,0.422915,0.414912,True
0.424539,4,0.723404,0.056923,0.31449,0.003467,0.422915,0.414912,True
0.424539,4,0.744681,0.056923,0.299762,0.003467,0.422915,0.414912,True
0.424539,4,0.765957,0.056923,0.279381,0.003467,0.422915,0.414912,True
0.424539,4,0.787234,0.055242,0.261381,0.003467,0.422915,0.414912,False
0.424539,4,0.808511,0.056923,0.270753,0.003467,0.422915,0.414912,True
0.424539,4,0.829787,0.056923,0.293216,0.003467,0.422915,0.414912,True
0.424539,4,0.851064,0.056923,0.275216,0.003467,0.422915,0.414912,True
0.424539,4,0.87234,0.056923,0.252901,0.003467,0.422915,0.414912,True
0.424539,4,0.893617,0.058394,0.286819,0.003467,0.422915,0.414912,True
0.424539,4,0.914894,0.058394,0.307498,0.003467,0.422915,0.414912,True
0.424539,4,0.93617,0.059865,0.337251,0.003467,0.422915,0.414912,True
0.424539,4,0.957447,0.059865,0.334871,0.003467,0.422915,0.414912,True
0.424539,4,0.978723,0.074817,0.325796,0.003467,0.422915,0.414912,True
0.424539,4,1.0,0.058094,0.306456,0.003467,0.422915,0.414912,True
0.424583,5,0.0,0.058394,0.288753,0.003467,0.422915,0.414912,True
0.424583,5,0.021277,0.056923,0.229098,0.003467,0.422915,0.414912,True
0.424583,5,0.042553,0.055242,0.175245,0.003467,0.422915,0.414912,True
0.424583,5,0.06383,0.055242,0.140881,0.003467,0.422915,0.414912,False
0.424583,5,0.085106,0.055242,0.10726,0.003467,0.422915,0.414912,False
0.424583,5,0.106383,0.055242,0.084201,0.003467,0.422915,0.414912,False
0.424583,5,0.12766,0.055242,0.072002,0.003467,0.422915,0.414912,False
0.424583,5,0.148936,0.055242,0.071407,0.003467,0.422915,0.414912,False
0.424583,5,0.170213,0.055242,0.088218,0.003467,0.422915,0.414912,False
0.424583,5,0.191489,0.058394,0.104136,0.003467,0.422915,0.414912,True
0.424583,5,0.212766,0.058394,0.144897,0.003467,0.422915,0.414912,True
0.424583,5,0.234043,0.058394,0.187742,0.003467,0.422915,0.414912,True
0.424583,5,0.255319,0.074817,0.204403,0.003467,0.422915,0.414912,True
0.424583,5,0.276596,0.058394,0.256323,0.003467,0.422915,0.414912,True
0.424583,5,0.297872,0.056923,0.293365,0.003467,0.422915,0.414912,False
0.424583,5,0.319149,0.058394,0.329366,0.003467,0.422915,0.414912,True
0.424583,5,0.340426,0.072895,0.39155,0.003467,0.422915,0.414912,True
0.424583,5,0.361702,0.074817,0.415948,0.003467,0.422915,0.414912,True
0.424583,5,0.382979,0.082713,0.41446,0.003467,0.422915,0.414912,True
0.424583,5,0.404255,0.074817,0.410295,0.003467,0.422915,0.414912,True
0.424583,5,0.425532,0.074817,0.411038,0.003467,0.422915,0.414912,True
0.424583,5,0.446809,0.074817,0.41446,0.003467,0.422915,0.414912,True
0.424583,5,0.468085,0.088237,0.412972,0.003467,0.422915,0.414912,True
0.424583,5,0.489362,0.074817,0.41089,0.003467,0.422915,0.414912,True
0.424583,5,0.510638,0.088237,0.411633,0.003467,0.422915,0.414912,True
0.424583,5,0.531915,0.088237,0.406278,0.003467,0.422915,0.414912,True
0.424583,5,0.553191,0.074817,0.403303,0.003467,0.422915,0.414912,True
0.424583,5,0.574468,0.082713,0.400476,0.003467,0.422915,0.414912,True
0.424583,5,0.595745,0.082713,0.396757,0.003467,0.422915,0.414912,True
0.424583,5,0.617021,0.082713,0.396757,0.003467,0.422915,0.414912,True
0.424583,5,0.638298,0.074817,0.396906,0.003467,0.422915,0.414912,True
0.424583,5,0.659574,0.082713,0.394525,0.003467,0.422915,0.414912,True
0.424583,5,0.680851,0.088237,0.383666,0.003467,0.422915,0.414912,True
0.424583,5,0.702128,0.074817,0.374888,0.003467,0.422915,0.414912,True
0.424583,5,0.723404,0.058394,0.340375,0.003467,0.422915,0.414912,False
0.424583,5,0.744681,0.058394,0.317316,0.003467,0.422915,0.414912,False
0.424583,5,0.765957,0.056923,0.297233,0.003467,0.422915,0.414912,False
0.424583,5,0.787234,0.056923,0.283993,0.003467,0.422915,0.414912,False
0.424583,5,0.808511,0.056923,0.291134,0.003467,0.422915,0.414912,False
0.424583,5,0.829787,0.056923,0.311514,0.003467,0.422915,0.414912,False
0.424583,5,0.851064,0.058394,0.298721,0.003467,0.422915,0.414912,False
0.424583,5,0.87234,0.058394,0.273728,0.003467,0.422915,0.414912,False
0.424583,5,0.893617,0.07866,0.30601,0.003467,0.422915,0.414912,True
0.424583,5,0.914894,0.082713,0.330556,0.003467,0.422915,0.414912,True
0.424583,5,0.93617,0.089798,0.359863,0.003467,0.422915,0.414912,True
0.424583,5,0.957447,0.089708,0.356888,0.003467,0.422915,0.414912,True
0.424583,5,0.978723,0.089708,0.346623,0.003467,0.422915,0.414912,True
0.424583,5,1.0,0.088237,0.322374,0.003467,0.422915,0.414912,True
0.424627,6,0.0,0.072895,0.302589,0.003467,0.422915,0.414912,True
0.424627,6,0.021277,0.056923,0.234008,0.003467,0.422915,0.414912,False
0.424627,6,0.042553,0.056923,0.182237,0.003467,0.422915,0.414912,False
0.424627,6,0.06383,0.055242,0.138947,0.003467,0.422915,0.414912,False
0.424627,6,0.085106,0.072895,0.105921,0.003467,0.422915,0.414912,True
0.424627,6,0.106383,0.055242,0.084796,0.003467,0.422915,0.414912,False
0.424627,6,0.12766,0.055242,0.069771,0.003467,0.422915,0.414912,False
0.424627,6,0.148936,0.072895,0.066498,0.003467,0.422915,0.414912,True
0.424627,6,0.170213,0.070854,0.070515,0.003467,0.422915,0.414912,True
0.424627,6,0.191489,0.070854,0.072002,0.003467,0.422915,0.414912,False
0.424627,6,0.212766,0.070854,0.087623,0.003467,0.422915,0.414912,False
0.424627,6,0.234043,0.070854,0.108004,0.003467,0.422915,0.414912,False
0.424627,6,0.255319,0.073286,0.138947,0.003467,0.422915,0.414912,True
0.424627,6,0.276596,0.077639,0.188337,0.003467,0.422915,0.414912,True
0.424627,6,0.297872,0.074817,0.239958,0.003467,0.422915,0.414912,True
0.424627,6,0.319149,0.07866,0.284737,0.003467,0.422915,0.414912,True
0.424627,6,0.340426,0.085235,0.33249,0.003467,0.422915,0.414912,True
0.424627,6,0.361702,0.085235,0.355103,0.003467,0.422915,0.414912,True
0.424627,6,0.382979,0.087787,0.355698,0.003467,0.422915,0.414912,True
0.424627,6,0.404255,0.085235,0.352871,0.003467,0.422915,0.414912,True
0.424627,6,0.425532,0.085235,0.341267,0.003467,0.422915,0.414912,True
0.424627,6,0.446809,0.074817,0.333234,0.003467,0.422915,0.414912,True
0.424627,6,0.468085,0.080611,0.328771,0.003467,0.422915,0.414912,True
0.424627,6,0.489362,0.080611,0.322969,0.003467,0.422915,0.414912,True
0.424627,6,0.510638,0.080611,0.314043,0.003467,0.422915,0.414912,True
0.424627,6,0.531915,0.085235,0.306754,0.003467,0.422915,0.414912,True
0.424627,6,0.553191,0.080611,0.303184,0.003467,0.422915,0.414912,True
0.424627,6,0.574468,0.074817,0.289943,0.003467,0.422915,0.414912,True
0.424627,6,0.595745,0.080611,0.290539,0.003467,0.422915,0.414912,True
0.424627,6,0.617021,0.073286,0.290241,0.003467,0.422915,0.414912,False
0.424627,6,0.638298,0.074817,0.289348,0.003467,0.422915,0.414912,True
0.424627,6,0.659574,0.074817,0.294109,0.003467,0.422915,0.414912,True
0.424627,6,0.680851,0.074817,0.286224,0.003467,0.422915,0.414912,True
0.424627,6,0.702128,0.073286,0.297828,0.003467,0.422915,0.414912,True
0.424627,6,0.723404,0.080611,0.298721,0.003467,0.422915,0.414912,True
0.424627,6,0.744681,0.074817,0.299018,0.003467,0.422915,0.414912,True
0.424627,6,0.765957,0.074817,0.286076,0.003467,0.422915,0.414912,True
0.424627,6,0.787234,0.080611,0.270158,0.003467,0.422915,0.414912,True
0.424627,6,0.808511,0.074817,0.275662,0.003467,0.422915,0.414912,True
0.424627,6,0.829787,0.080611,0.303184,0.003467,0.422915,0.414912,True
0.424627,6,0.851064,0.080611,0.295894,0.003467,0.422915,0.414912,True
0.424627,6,0.87234,0.074817,0.274323,0.003467,0.422915,0.414912,False
0.424627,6,0.893617,0.085235,0.285481,0.003467,0.422915,0.414912,True
0.424627,6,0.914894,0.080611,0.287414,0.003467,0.422915,0.414912,True
0.424627,6,0.93617,0.074817,0.29515,0.003467,0.422915,0.414912,False
0.424627,6,0.957447,0.073286,0.273431,0.003467,0.422915,0.414912,False
0.424627,6,0.978723,0.058394,0.253198,0.003467,0.422915,0.414912,False
0.424627,6,1.0,0.058394,0.208123,0.003467,0.422915,0.414912,False
0.424671,7,0.0,0.056923,0.195775,0.003467,0.422915,0.414912,False
0.424671,7,0.021277,0.055242,0.148021,0.003467,0.422915,0.414912,False
0.424671,7,0.042553,0.055242,0.112764,0.003467,0.422915,0.414912,False
0.424671,7,0.06383,0.055242,0.081523,0.003467,0.422915,0.414912,False
0.424671,7,0.085106,0.055242,0.060101,0.003467,0.422915,0.414912,False
0.424671,7,0.106383,0.055242,0.050283,0.003467,0.422915,0.414912,False
0.424671,7,0.12766,0.055242,0.043291,0.003467,0.422915,0.414912,False
0.424671,7,0.148936,0.055242,0.041059,0.003467,0.422915,0.414912,False
0.424671,7,0.170213,0.070764,0.044778,0.003467,0.422915,0.414912,False
0.424671,7,0.191489,0.055242,0.040613,0.003467,0.422915,0.414912,False
0.424671,7,0.212766,0.070764,0.046117,0.003467,0.422915,0.414912,False
0.424671,7,0.234043,0.055242,0.061886,0.003467,0.422915,0.414912,False
0.424671,7,0.255319,0.070764,0.080184,0.003467,0.422915,0.414912,False
0.424671,7,0.276596,0.070764,0.119161,0.003467,0.422915,0.414912,False
0.424671,7,0.297872,0.074817,0.162154,0.003467,0.422915,0.414912,True
0.424671,7,0.319149,0.074817,0.203957,0.003467,0.422915,0.414912,True
0.424671,7,0.340426,0.080611,0.256769,0.003467,0.422915,0.414912,True
0.424671,7,0.361702,0.074817,0.283249,0.003467,0.422915,0.414912,True
0.424671,7,0.382979,0.074817,0.296489,0.003467,0.422915,0.414912,True
0.424671,7,0.404255,0.074817,0.29753,0.003467,0.422915,0.414912,True
0.424671,7,0.425532,0.074817,0.300655,0.003467,0.422915,0.414912,True
0.424671,7,0.446809,0.074817,0.30125,0.003467,0.422915,0.414912,True
0.424671,7,0.468085,0.087787,0.293216,0.003467,0.422915,0.414912,True
0.424671,7,0.489362,0.080611,0.292324,0.003467,0.422915,0.414912,True
0.424671,7,0.510638,0.080611,0.287861,0.003467,0.422915,0.414912,True
0.424671,7,0.531915,0.080611,0.282505,0.003467,0.422915,0.414912,True
0.424671,7,0.553191,0.085235,0.280125,0.003467,0.422915,0.414912,True
0.424671,7,0.574468,0.087757,0.276852,0.003467,0.422915,0.414912,True
0.424671,7,0.595745,0.085235,0.275662,0.003467,0.422915,0.414912,True
0.424671,7,0.617021,0.085235,0.282952,0.003467,0.422915,0.414912,True
0.424671,7,0.638298,0.085235,0.281315,0.003467,0.422915,0.414912,True
0.424671,7,0.659574,0.074817,0.282952,0.003467,0.422915,0.414912,True
0.424671,7,0.680851,0.074817,0.282803,0.003467,0.422915,0.414912,True
0.424671,7,0.702128,0.085235,0.298869,0.003467,0.422915,0.414912,True
0.424671,7,0.723404,0.074817,0.310324,0.003467,0.422915,0.414912,True
0.424671,7,0.744681,0.085235,0.313746,0.003467,0.422915,0.414912,True
0.424671,7,0.765957,0.087787,0.301845,0.003467,0.422915,0.414912,True
0.424671,7,0.787234,0.085235,0.29396,0.003467,0.422915,0.414912,True
0.424671,7,0.808511,0.089798,0.305861,0.003467,0.422915,0.414912,True
0.424671,7,0.829787,0.089108,0.331598,0.003467,0.422915,0.414912,True
0.424671,7,0.851064,0.087787,0.322672,0.003467,0.422915,0.414912,True
0.424671,7,0.87234,0.085235,0.286819,0.003467,0.422915,0.414912,True
0.424671,7,0.893617,0.087787,0.29515,0.003467,0.422915,0.414912,True
0.424671,7,0.914894,0.087787,0.298274,0.003467,0.422915,0.414912,True
0.424671,7,0.93617,0.080611,0.297233,0.003467,0.422915,0.414912,True
0.424671,7,0.957447,0.07866,0.265546,0.003467,0.422915,0.414912,True
0.424671,7,0.978723,0.058394,0.246058,0.003467,0.422915,0.414912,False
0.424671,7,1.0,0.058394,0.205891,0.003467,0.422915,0.414912,False
0.424716,1,0.0,0.055242,0.201428,0.003467,0.422915,0.414912,False
0.424716,1,0.021277,0.055242,0.15546,0.003467,0.422915,0.414912,False
0.424716,1,0.042553,0.055242,0.123178,0.003467,0.422915,0.414912,False
0.424716,1,0.06383,0.055242,0.100268,0.003467,0.422915,0.414912,False
0.424716,1,0.085106,0.055242,0.084647,0.003467,0.422915,0.414912,False
0.424716,1,0.106383,0.055242,0.077358,0.003467,0.422915,0.414912,False
0.424716,1,0.12766,0.055242,0.073788,0.003467,0.422915,0.414912,False
0.424716,1,0.148936,0.055242,0.081375,0.003467,0.422915,0.414912,False
0.424716,1,0.170213,0.055242,0.104433,0.003467,0.422915,0.414912,False
0.424716,1,0.191489,0.055242,0.132847,0.003467,0.422915,0.414912,False
0.424716,1,0.212766,0.058394,0.185957,0.003467,0.422915,0.414912,False
0.424716,1,0.234043,0.058394,0.243826,0.003467,0.422915,0.414912,False
0.424716,1,0.255319,0.058394,0.259595,0.003467,0.422915,0.414912,False
0.424716,1,0.276596,0.074817,0.320143,0.003467,0.422915,0.414912,True
0.424716,1,0.297872,0.062838,0.364475,0.003467,0.422915,0.414912,False
0.424716,1,0.319149,0.085235,0.405088,0.003467,0.422915,0.414912,True
0.424716,1,0.340426,0.103008,0.471883,0.003467,0.422915,0.414912,True
0.424716,1,0.361702,0.103008,0.498512,0.003467,0.422915,0.414912,True
0.424716,1,0.382979,0.103399,0.491372,0.003467,0.422915,0.414912,True
0.424716,1,0.404255,0.103399,0.497322,0.003467,0.422915,0.414912,True
0.424716,1,0.425532,0.103008,0.501041,0.003467,0.422915,0.414912,True
0.424716,1,0.446809,0.10508,0.516364,0.003467,0.422915,0.414912,True
0.424716,1,0.468085,0.103008,0.51562,0.003467,0.422915,0.414912,True
0.424716,1,0.489362,0.114987,0.524695,0.003467,0.422915,0.414912,True
0.424716,1,0.510638,0.10508,0.533621,0.003467,0.422915,0.414912,True
0.424716,1,0.531915,0.11862,0.540762,0.003467,0.422915,0.414912,True
0.424716,1,0.553191,0.114987,0.545076,0.003467,0.422915,0.414912,True
0.424716,1,0.574468,0.133812,0.546117,0.003467,0.422915,0.414912,True
0.424716,1,0.595745,0.11862,0.555341,0.003467,0.422915,0.414912,True
0.424716,1,0.617021,0.133812,0.555936,0.003467,0.422915,0.414912,True
0.424716,1,0.638298,0.125465,0.559952,0.003467,0.422915,0.414912,True
0.424716,1,0.659574,0.133812,0.566944,0.003467,0.422915,0.414912,True
0.424716,1,0.680851,0.133812,0.552217,0.003467,0.422915,0.414912,True
0.424716,1,0.702128,0.115588,0.533621,0.003467,0.422915,0.414912,True
0.424716,1,0.723404,0.103399,0.492859,0.003467,0.422915,0.414912,True
0.424716,1,0.744681,0.085985,0.473073,0.003467,0.422915,0.414912,False
0.424716,1,0.765957,0.085235,0.435733,0.003467,0.422915,0.414912,False
0.424716,1,0.787234,0.085235,0.411633,0.003467,0.422915,0.414912,False
0.424716,1,0.808511,0.074817,0.409104,0.003467,0.422915,0.414912,False
0.424716,1,0.829787,0.074817,0.422493,0.003467,0.422915,0.414912,False
0.424716,1,0.851064,0.100276,0.406724,0.003467,0.422915,0.414912,True
0.424716,1,0.87234,0.085985,0.372954,0.003467,0.422915,0.414912,False
0.424716,1,0.893617,0.14438,0.385153,0.003467,0.422915,0.414912,True
0.424716,1,0.914894,0.114987,0.391699,0.003467,0.422915,0.414912,True
0.424716,1,0.93617,0.133842,0.407617,0.003467,0.422915,0.414912,True
0.424716,1,0.957447,0.11862,0.397203,0.003467,0.422915,0.414912,True
0.424716,1,0.978723,0.114987,0.37831,0.003467,0.422915,0.414912,True
0.424716,1,1.0,0.114687,0.347516,0.003467,0.422915,0.414912,True
0.42476,2,0.0,0.103008,0.323416,0.003467,0.422915,0.414912,True
0.42476,2,0.021277,0.088207,0.257066,0.003467,0.422915,0.414912,False
0.42476,2,0.042553,0.081932,0.203957,0.003467,0.422915,0.414912,False
0.42476,2,0.06383,0.080611,0.165576,0.003467,0.422915,0.414912,False
0.42476,2,0.085106,0.07866,0.134186,0.003467,0.422915,0.414912,False
0.42476,2,0.106383,0.07866,0.124517,0.003467,0.422915,0.414912,False
0.42476,2,0.12766,0.081932,0.115591,0.003467,0.422915,0.414912,False
0.42476,2,0.148936,0.080611,0.116632,0.003467,0.422915,0.414912,False
0.42476,2,0.170213,0.080611,0.135376,0.003467,0.422915,0.414912,False
0.42476,2,0.191489,0.085445,0.159923,0.003467,0.422915,0.414912,False
0.42476,2,0.212766,0.100096,0.213776,0.003467,0.422915,0.414912,True
0.42476,2,0.234043,0.100276,0.275811,0.003467,0.422915,0.414912,True
0.42476,2,0.255319,0.107842,0.292472,0.003467,0.422915,0.414912,True
0.42476,2,0.276596,0.121352,0.341863,0.003467,0.422915,0.414912,True
0.42476,2,0.297872,0.100096,0.384409,0.003467,0.422915,0.414912,False
0.42476,2,0.319149,0.121352,0.423832,0.003467,0.422915,0.414912,True
0.42476,2,0.340426,0.116639,0.475454,0.003467,0.422915,0.414912,True
0.42476,2,0.361702,0.137685,0.499851,0.003467,0.422915,0.414912,True
0.42476,2,0.382979,0.200733,0.500446,0.003467,0.422915,0.414912,True
0.42476,2,0.404255,0.187042,0.485421,0.003467,0.422915,0.414912,True
0.42476,2,0.425532,0.137685,0.474264,0.003467,0.422915,0.414912,True
0.42476,2,0.446809,0.136904,0.469354,0.003467,0.422915,0.414912,True
0.42476,2,0.468085,0.100096,0.459685,0.003467,0.422915,0.414912,False
0.42476,2,0.489362,0.074817,0.450312,0.003467,0.422915,0.414912,False
0.42476,2,0.510638,0.082833,0.453883,0.003467,0.422915,0.414912,False
0.42476,2,0.531915,0.082833,0.456709,0.003467,0.422915,0.414912,False
0.42476,2,0.553191,0.074817,0.459387,0.003467,0.422915,0.414912,False
0.42476,2,0.574468,0.082833,0.451205,0.003467,0.422915,0.414912,False
0.42476,2,0.595745,0.082833,0.446296,0.003467,0.422915,0.414912,False
0.42476,2,0.617021,0.082833,0.44332,0.003467,0.422915,0.414912,False
0.42476,2,0.638298,0.074817,0.425766,0.003467,0.422915,0.414912,False
0.42476,2,0.659574,0.058394,0.444064,0.003467,0.422915,0.414912,False
0.42476,2,0.680851,0.062838,0.429039,0.003467,0.422915,0.414912,False
0.42476,2,0.702128,0.058394,0.416989,0.003467,0.422915,0.414912,False
0.42476,2,0.723404,0.058394,0.387087,0.003467,0.422915,0.414912,False
0.42476,2,0.744681,0.058394,0.368343,0.003467,0.422915,0.414912,False
0.42476,2,0.765957,0.056923,0.339631,0.003467,0.422915,0.414912,False
0.42476,2,0.787234,0.056923,0.321482,0.003467,0.422915,0.414912,False
0.42476,2,0.808511,0.056923,0.321035,0.003467,0.422915,0.414912,False
0.42476,2,0.829787,0.062838,0.332044,0.003467,0.422915,0.414912,False
0.42476,2,0.851064,0.058394,0.31925,0.003467,0.422915,0.414912,False
0.42476,2,0.87234,0.074817,0.293811,0.003467,0.422915,0.414912,False
0.42476,2,0.893617,0.085235,0.324159,0.003467,0.422915,0.414912,False
0.42476,2,0.914894,0.062838,0.342606,0.003467,0.422915,0.414912,False
0.42476,2,0.93617,0.085235,0.370277,0.003467,0.422915,0.414912,False
0.42476,2,0.957447,0.058394,0.362392,0.003467,0.422915,0.414912,False
0.42476,2,0.978723,0.058394,0.362243,0.003467,0.422915,0.414912,False
0.42476,2,1.0,0.080611,0.335317,0.003467,0.422915,0.414912,False
0.424804,3,0.0,0.058394,0.307498,0.003467,0.422915,0.414912,False
0.424804,3,0.021277,0.056623,0.242041,0.003467,0.422915,0.414912,False
0.424804,3,0.042553,0.055242,0.183576,0.003467,0.422915,0.414912,False
0.424804,3,0.06383,0.058394,0.1446,0.003467,0.422915,0.414912,False
0.424804,3,0.085106,0.058394,0.112913,0.003467,0.422915,0.414912,False
0.424804,3,0.106383,0.058394,0.088813,0.003467,0.422915,0.414912,False
0.424804,3,0.12766,0.055242,0.082565,0.003467,0.422915,0.414912,False
0.424804,3,0.148936,0.056923,0.08673,0.003467,0.422915,0.414912,False
0.424804,3,0.170213,0.058394,0.104284,0.003467,0.422915,0.414912,False
0.424804,3,0.191489,0.055242,0.127194,0.003467,0.422915,0.414912,False
0.424804,3,0.212766,0.056113,0.177923,0.003467,0.422915,0.414912,False
0.424804,3,0.234043,0.056923,0.235793,0.003467,0.422915,0.414912,False
0.424804,3,0.255319,0.058394,0.242041,0.003467,0.422915,0.414912,False
0.424804,3,0.276596,0.056923,0.289646,0.003467,0.422915,0.414912,False
0.424804,3,0.297872,0.056923,0.328771,0.003467,0.422915,0.414912,False
0.424804,3,0.319149,0.058394,0.351979,0.003467,0.422915,0.414912,False
0.424804,3,0.340426,0.058394,0.405534,0.003467,0.422915,0.414912,False
0.424804,3,0.361702,0.058394,0.429188,0.003467,0.422915,0.414912,False
0.424804,3,0.382979,0.058394,0.411633,0.003467,0.422915,0.414912,False
0.424804,3,0.404255,0.068722,0.406129,0.003467,0.422915,0.414912,False
0.424804,3,0.425532,0.058394,0.408807,0.003467,0.422915,0.414912,False
0.424804,3,0.446809,0.058394,0.403005,0.003467,0.422915,0.414912,False
0.424804,3,0.468085,0.058394,0.403005,0.003467,0.422915,0.414912,False
0.424804,3,0.489362,0.058394,0.400922,0.003467,0.422915,0.414912,False
0.424804,3,0.510638,0.058394,0.399137,0.003467,0.422915,0.414912,False
0.424804,3,0.531915,0.058394,0.396608,0.003467,0.422915,0.414912,False
0.424804,3,0.553191,0.058394,0.390955,0.003467,0.422915,0.414912,False
0.424804,3,0.574468,0.058394,0.372062,0.003467,0.422915,0.414912,False
0.424804,3,0.595745,0.057644,0.369682,0.003467,0.422915,0.414912,False
0.424804,3,0.617021,0.058394,0.375186,0.003467,0.422915,0.414912,False
0.424804,3,0.638298,0.058394,0.375632,0.003467,0.422915,0.414912,False
0.424804,3,0.659574,0.058394,0.381434,0.003467,0.422915,0.414912,False
0.424804,3,0.680851,0.058394,0.370425,0.003467,0.422915,0.414912,False
0.424804,3,0.702128,0.058394,0.357929,0.003467,0.422915,0.414912,False
0.424804,3,0.723404,0.056923,0.331003,0.003467,0.422915,0.414912,False
0.424804,3,0.744681,0.055242,0.314043,0.003467,0.422915,0.414912,False
0.424804,3,0.765957,0.055242,0.288158,0.003467,0.422915,0.414912,False
0.424804,3,0.787234,0.055242,0.26986,0.003467,0.422915,0.414912,False
0.424804,3,0.808511,0.055242,0.284439,0.003467,0.422915,0.414912,False
0.424804,3,0.829787,0.056923,0.306456,0.003467,0.422915,0.414912,False
0.424804,3,0.851064,0.056923,0.297382,0.003467,0.422915,0.414912,False
0.424804,3,0.87234,0.056923,0.280125,0.003467,0.422915,0.414912,False
0.424804,3,0.893617,0.058394,0.3133,0.003467,0.422915,0.414912,False
0.424804,3,0.914894,0.058394,0.332639,0.003467,0.422915,0.414912,False
0.424804,3,0.93617,0.058394,0.362987,0.003467,0.422915,0.414912,False
0.424804,3,0.957447,0.058394,0.358822,0.003467,0.422915,0.414912,True
0.424804,3,0.978723,0.058394,0.35421,0.003467,0.422915,0.414912,True
0.424804,3,1.0,0.058394,0.334871,0.003467,0.422915,0.414912,True
0.424848,4,0.0,0.058394,0.3072,0.003467,0.422915,0.414912,True
0.424848,4,0.021277,0.056923,0.237876,0.003467,0.422915,0.414912,False
0.424848,4,0.042553,0.056923,0.185064,0.003467,0.422915,0.414912,False
0.424848,4,0.06383,0.055242,0.147426,0.003467,0.422915,0.414912,False
0.424848,4,0.085106,0.055242,0.120649,0.003467,0.422915,0.414912,False
0.424848,4,0.106383,0.055242,0.100119,0.003467,0.422915,0.414912,False
0.424848,4,0.12766,0.055242,0.088069,0.003467,0.422915,0.414912,False
0.424848,4,0.148936,0.055242,0.087325,0.003467,0.422915,0.414912,False
0.424848,4,0.170213,0.055242,0.105177,0.003467,0.422915,0.414912,False
0.424848,4,0.191489,0.056923,0.131955,0.003467,0.422915,0.414912,False
0.424848,4,0.212766,0.076138,0.184766,0.003467,0.422915,0.414912,True
0.424848,4,0.234043,0.058394,0.242636,0.003467,0.422915,0.414912,True
0.424848,4,0.255319,0.058394,0.258405,0.003467,0.422915,0.414912,True
0.424848,4,0.276596,0.058394,0.3072,0.003467,0.422915,0.414912,True
0.424848,4,0.297872,0.057644,0.335466,0.003467,0.422915,0.414912,False
0.424848,4,0.319149,0.058394,0.367004,0.003467,0.422915,0.414912,True
0.424848,4,0.340426,0.058394,0.421749,0.003467,0.422915,0.414912,True
0.424848,4,0.361702,0.060796,0.441833,0.003467,0.422915,0.414912,True
0.424848,4,0.382979,0.060796,0.438262,0.003467,0.422915,0.414912,True
0.424848,4,0.404255,0.060796,0.417584,0.003467,0.422915,0.414912,True
0.424848,4,0.425532,0.058394,0.425915,0.003467,0.422915,0.414912,True
0.424848,4,0.446809,0.059896,0.43499,0.003467,0.422915,0.414912,True
0.424848,4,0.468085,0.062838,0.429039,0.003467,0.422915,0.414912,True
0.424848,4,0.489362,0.060796,0.428741,0.003467,0.422915,0.414912,True
0.424848,4,0.510638,0.062838,0.435882,0.003467,0.422915,0.414912,True
0.424848,4,0.531915,0.058394,0.430824,0.003467,0.422915,0.414912,True
0.424848,4,0.553191,0.060976,0.42651,0.003467,0.422915,0.414912,True
0.424848,4,0.574468,0.062447,0.43008,0.003467,0.422915,0.414912,True
0.424848,4,0.595745,0.066531,0.437221,0.003467,0.422915,0.414912,True
0.424848,4,0.617021,0.066531,0.441684,0.003467,0.422915,0.414912,True
0.424848,4,0.638298,0.066531,0.437072,0.003467,0.422915,0.414912,True
0.424848,4,0.659574,0.060796,0.430378,0.003467,0.422915,0.414912,True
0.424848,4,0.680851,0.066531,0.425617,0.003467,0.422915,0.414912,True
0.424848,4,0.702128,0.066531,0.418477,0.003467,0.422915,0.414912,True
0.424848,4,0.723404,0.062838,0.389319,0.003467,0.422915,0.414912,True
0.424848,4,0.744681,0.058394,0.368492,0.003467,0.422915,0.414912,False
0.424848,4,0.765957,0.058394,0.344243,0.003467,0.422915,0.414912,False
0.424848,4,0.787234,0.058394,0.331895,0.003467,0.422915,0.414912,False
0.424848,4,0.808511,0.058394,0.33859,0.003467,0.422915,0.414912,False
0.424848,4,0.829787,0.058394,0.352276,0.003467,0.422915,0.414912,False
0.424848,4,0.851064,0.058394,0.333383,0.003467,0.422915,0.414912,False
0.424848,4,0.87234,0.058394,0.308242,0.003467,0.422915,0.414912,False
0.424848,4,0.893617,0.066531,0.341119,0.003467,0.422915,0.414912,True
0.424848,4,0.914894,0.060796,0.362838,0.003467,0.422915,0.414912,True
0.424848,4,0.93617,0.076138,0.386492,0.003467,0.422915,0.414912,True
0.424848,4,0.957447,0.062838,0.380839,0.003467,0.422915,0.414912,True
0.424848,4,0.978723,0.076138,0.372211,0.003467,0.422915,0.414912,True
0.424848,4,1.0,0.078029,0.343945,0.003467,0.422915,0.414912,True
0.424893,5,0.0,0.078029,0.316721,0.003467,0.422915,0.414912,True
0.424893,5,0.021277,0.058394,0.25305,0.003467,0.422915,0.414912,False
0.424893,5,0.042553,0.058394,0.19518,0.003467,0.422915,0.414912,False
0.424893,5,0.06383,0.055242,0.156352,0.003467,0.422915,0.414912,False
0.424893,5,0.085106,0.055242,0.125112,0.003467,0.422915,0.414912,False
0.424893,5,0.106383,0.055242,0.106962,0.003467,0.422915,0.414912,False
0.424893,5,0.12766,0.055242,0.092532,0.003467,0.422915,0.414912,False
0.424893,5,0.148936,0.076138,0.097292,0.003467,0.422915,0.414912,True
0.424893,5,0.170213,0.06584,0.114252,0.003467,0.422915,0.414912,True
0.424893,5,0.191489,0.058394,0.138203,0.003467,0.422915,0.414912,False
0.424893,5,0.212766,0.073226,0.192651,0.003467,0.422915,0.414912,True
0.424893,5,0.234043,0.06584,0.25186,0.003467,0.422915,0.414912,True
0.424893,5,0.255319,0.076888,0.269265,0.003467,0.422915,0.414912,True
0.424893,5,0.276596,0.074817,0.315829,0.003467,0.422915,0.414912,True
0.424893,5,0.297872,0.085985,0.344689,0.003467,0.422915,0.414912,True
0.424893,5,0.319149,0.089798,0.381137,0.003467,0.422915,0.414912,True
0.424893,5,0.340426,0.103399,0.446891,0.003467,0.422915,0.414912,True
0.424893,5,0.361702,0.097274,0.466379,0.003467,0.422915,0.414912,True
0.424893,5,0.382979,0.090939,0.465784,0.003467,0.422915,0.414912,True
0.424893,5,0.404255,0.082293,0.463106,0.003467,0.422915,0.414912,True
0.424893,5,0.425532,0.097274,0.457602,0.003467,0.422915,0.414912,True
0.424893,5,0.446809,0.095473,0.452246,0.003467,0.422915,0.414912,True
0.424893,5,0.468085,0.089798,0.448378,0.003467,0.422915,0.414912,True
0.424893,5,0.489362,0.090939,0.448825,0.003467,0.422915,0.414912,True
0.424893,5,0.510638,0.090939,0.449271,0.003467,0.422915,0.414912,True
0.424893,5,0.531915,0.089798,0.440196,0.003467,0.422915,0.414912,True
0.424893,5,0.553191,0.101267,0.435882,0.003467,0.422915,0.414912,True
0.424893,5,0.574468,0.103399,0.428146,0.003467,0.422915,0.414912,True
0.424893,5,0.595745,0.097274,0.420262,0.003467,0.422915,0.414912,True
0.424893,5,0.617021,0.090939,0.423386,0.003467,0.422915,0.414912,True
0.424893,5,0.638298,0.100546,0.416691,0.003467,0.422915,0.414912,True
0.424893,5,0.659574,0.090939,0.413865,0.003467,0.422915,0.414912,True
0.424893,5,0.680851,0.090939,0.399881,0.003467,0.422915,0.414912,True
0.424893,5,0.702128,0.089798,0.388129,0.003467,0.422915,0.414912,True
0.424893,5,0.723404,0.082293,0.363731,0.003467,0.422915,0.414912,True
0.424893,5,0.744681,0.082293,0.354359,0.003467,0.422915,0.414912,True
0.424893,5,0.765957,0.080611,0.331895,0.003467,0.422915,0.414912,True
0.424893,5,0.787234,0.07872,0.318804,0.003467,0.422915,0.414912,True
0.424893,5,0.808511,0.082293,0.321184,0.003467,0.422915,0.414912,True
0.424893,5,0.829787,0.085985,0.329961,0.003467,0.422915,0.414912,True
0.424893,5,0.851064,0.074817,0.311514,0.003467,0.422915,0.414912,False
0.424893,5,0.87234,0.058394,0.286076,0.003467,0.422915,0.414912,False
0.424893,5,0.893617,0.082293,0.327284,0.003467,0.422915,0.414912,True
0.424893,5,0.914894,0.085985,0.350491,0.003467,0.422915,0.414912,True
0.424893,5,0.93617,0.082293,0.384409,0.003467,0.422915,0.414912,True
0.424893,5,0.957447,0.074817,0.386492,0.003467,0.422915,0.414912,False
0.424893,5,0.978723,0.074817,0.370872,0.003467,0.422915,0.414912,False
0.424893,5,1.0,0.080611,0.343796,0.003467,0.422915,0.414912,False
0.424937,6,0.0,0.074817,0.315977,0.003467,0.422915,0.414912,False
0.424937,6,0.021277,0.06584,0.246206,0.003467,0.422915,0.414912,False
0.424937,6,0.042553,0.056923,0.185957,0.003467,0.422915,0.414912,False
0.424937,6,0.06383,0.055242,0.147873,0.003467,0.422915,0.414912,False
0.424937,6,0.085106,0.055242,0.1144,0.003467,0.422915,0.414912,False
0.424937,6,0.106383,0.055242,0.091044,0.003467,0.422915,0.414912,False
0.424937,6,0.12766,0.055242,0.077358,0.003467,0.422915,0.414912,False
0.424937,6,0.148936,0.055242,0.073044,0.003467,0.422915,0.414912,False
0.424937,6,0.170213,0.055242,0.078102,0.003467,0.422915,0.414912,False
0.424937,6,0.191489,0.066801,0.087325,0.003467,0.422915,0.414912,False
0.424937,6,0.212766,0.066801,0.104731,0.003467,0.422915,0.414912,False
0.424937,6,0.234043,0.066801,0.125409,0.003467,0.422915,0.414912,False
0.424937,6,0.255319,0.066801,0.154716,0.003467,0.422915,0.414912,False
0.424937,6,0.276596,0.07866,0.209313,0.003467,0.422915,0.414912,False
0.424937,6,0.297872,0.074517,0.264058,0.003467,0.422915,0.414912,False
0.424937,6,0.319149,0.080611,0.305415,0.003467,0.422915,0.414912,True
0.424937,6,0.340426,0.087787,0.351384,0.003467,0.422915,0.414912,True
0.424937,6,0.361702,0.087787,0.371318,0.003467,0.422915,0.414912,True
0.424937,6,0.382979,0.07866,0.372806,0.003467,0.422915,0.414912,False
0.424937,6,0.404255,0.087787,0.372359,0.003467,0.422915,0.414912,True
0.424937,6,0.425532,0.080611,0.363582,0.003467,0.422915,0.414912,True
0.424937,6,0.446809,0.07905,0.352722,0.003467,0.422915,0.414912,True
0.424937,6,0.468085,0.074517,0.339334,0.003467,0.422915,0.414912,False
0.424937,6,0.489362,0.07866,0.327581,0.003467,0.422915,0.414912,True
0.424937,6,0.510638,0.074517,0.317465,0.003467,0.422915,0.414912,False
0.424937,6,0.531915,0.066801,0.302737,0.003467,0.422915,0.414912,False
0.424937,6,0.553191,0.066801,0.29396,0.003467,0.422915,0.414912,False
0.424937,6,0.574468,0.074517,0.286224,0.003467,0.422915,0.414912,False
0.424937,6,0.595745,0.066801,0.277298,0.003467,0.422915,0.414912,False
0.424937,6,0.617021,0.066801,0.275216,0.003467,0.422915,0.414912,False
0.424937,6,0.638298,0.066801,0.274472,0.003467,0.422915,0.414912,False
0.424937,6,0.659574,0.066801,0.276703,0.003467,0.422915,0.414912,False
0.424937,6,0.680851,0.066801,0.267777,0.003467,0.422915,0.414912,False
0.424937,6,0.702128,0.066801,0.285629,0.003467,0.422915,0.414912,False
0.424937,6,0.723404,0.074517,0.290241,0.003467,0.422915,0.414912,True
0.424937,6,0.744681,0.074517,0.288605,0.003467,0.422915,0.414912,True
0.424937,6,0.765957,0.074517,0.27596,0.003467,0.422915,0.414912,True
0.424937,6,0.787234,0.066801,0.262571,0.003467,0.422915,0.414912,False
0.424937,6,0.808511,0.080611,0.268224,0.003467,0.422915,0.414912,True
0.424937,6,0.829787,0.080611,0.293811,0.003467,0.422915,0.414912,True
0.424937,6,0.851064,0.066801,0.27834,0.003467,0.422915,0.414912,False
0.424937,6,0.87234,0.066801,0.258256,0.003467,0.422915,0.414912,False
0.424937,6,0.893617,0.074517,0.275364,0.003467,0.422915,0.414912,True
0.424937,6,0.914894,0.058394,0.277001,0.003467,0.422915,0.414912,False
0.424937,6,0.93617,0.058394,0.291282,0.003467,0.422915,0.414912,False
0.424937,6,0.957447,0.056923,0.271794,0.003467,0.422915,0.414912,False
0.424937,6,0.978723,0.056923,0.259447,0.003467,0.422915,0.414912,False
0.424937,6,1.0,0.056923,0.221214,0.003467,0.422915,0.414912,False
0.424981,7,0.0,0.055242,0.202767,0.003467,0.422915,0.414912,False
0.424981,7,0.021277,0.055242,0.158733,0.003467,0.422915,0.414912,False
0.424981,7,0.042553,0.040801,0.118268,0.003467,0.422915,0.414912,False
0.424981,7,0.06383,0.040801,0.088664,0.003467,0.422915,0.414912,False
0.424981,7,0.085106,0.040351,0.067539,0.003467,0.422915,0.414912,False
0.424981,7,0.106383,0.055242,0.052514,0.003467,0.422915,0.414912,False
0.424981,7,0.12766,0.055242,0.043142,0.003467,0.422915,0.414912,False
0.424981,7,0.148936,0.066801,0.046415,0.003467,0.422915,0.414912,False
0.424981,7,0.170213,0.058394,0.043291,0.003467,0.422915,0.414912,False
0.424981,7,0.191489,0.056923,0.046266,0.003467,0.422915,0.414912,False
0.424981,7,0.212766,0.058394,0.054151,0.003467,0.422915,0.414912,False
0.424981,7,0.234043,0.058394,0.062928,0.003467,0.422915,0.414912,False
0.424981,7,0.255319,0.069623,0.082416,0.003467,0.422915,0.414912,True
0.424981,7,0.276596,0.077789,0.120946,0.003467,0.422915,0.414912,True
0.424981,7,0.297872,0.077789,0.17227,0.003467,0.422915,0.414912,True
0.424981,7,0.319149,0.085235,0.2169,0.003467,0.422915,0.414912,True
0.424981,7,0.340426,0.085235,0.264207,0.003467,0.422915,0.414912,True
0.424981,7,0.361702,0.086286,0.290836,0.003467,0.422915,0.414912,True
0.424981,7,0.382979,0.087787,0.296787,0.003467,0.422915,0.414912,True
0.424981,7,0.404255,0.085235,0.295299,0.003467,0.422915,0.414912,True
0.424981,7,0.425532,0.080611,0.29634,0.003467,0.422915,0.414912,True
0.424981,7,0.446809,0.080611,0.292919,0.003467,0.422915,0.414912,True
0.424981,7,0.468085,0.080611,0.284737,0.003467,0.422915,0.414912,True
0.424981,7,0.489362,0.077789,0.273282,0.003467,0.422915,0.414912,True
0.424981,7,0.510638,0.066981,0.259298,0.003467,0.422915,0.414912,False
0.424981,7,0.531915,0.077789,0.246504,0.003467,0.422915,0.414912,True
0.424981,7,0.553191,0.058394,0.232966,0.003467,0.422915,0.414912,False
0.424981,7,0.574468,0.058394,0.227611,0.003467,0.422915,0.414912,False
0.424981,7,0.595745,0.058394,0.228206,0.003467,0.422915,0.414912,False
0.424981,7,0.617021,0.066981,0.22895,0.003467,0.422915,0.414912,False
0.424981,7,0.638298,0.058394,0.221363,0.003467,0.422915,0.414912,False
0.424981,7,0.659574,0.058394,0.224933,0.003467,0.422915,0.414912,False
0.424981,7,0.680851,0.058394,0.225528,0.003467,0.422915,0.414912,False
0.424981,7,0.702128,0.058394,0.251711,0.003467,0.422915,0.414912,False
0.424981,7,0.723404,0.077789,0.263761,0.003467,0.422915,0.414912,True
0.424981,7,0.744681,0.066981,0.261083,0.003467,0.422915,0.414912,True
0.424981,7,0.765957,0.056923,0.258405,0.003467,0.422915,0.414912,False
0.424981,7,0.787234,0.056923,0.256174,0.003467,0.422915,0.414912,False
0.424981,7,0.808511,0.066981,0.265248,0.003467,0.422915,0.414912,True
0.424981,7,0.829787,0.066981,0.289348,0.003467,0.422915,0.414912,True
0.424981,7,0.851064,0.056923,0.286522,0.003467,0.422915,0.414912,False
0.424981,7,0.87234,0.056923,0.264653,0.003467,0.422915,0.414912,False
0.424981,7,0.893617,0.066981,0.272835,0.003467,0.422915,0.414912,True
0.424981,7,0.914894,0.066981,0.272092,0.003467,0.422915,0.414912,True
0.424981,7,0.93617,0.058394,0.282803,0.003467,0.422915,0.414912,False
0.424981,7,0.957447,0.077789,0.263314,0.003467,0.422915,0.414912,True
0.424981,7,0.978723,0.077789,0.25781,0.003467,0.422915,0.414912,True
0.424981,7,1.0,0.072895,0.225974,0.003467,0.422915,0.414912,True
0.425025,1,0.0,0.056923,0.215858,0.003467,0.422915,0.414912,False
0.425025,1,0.021277,0.055242,0.172121,0.003467,0.422915,0.414912,False
0.425025,1,0.042553,0.055242,0.136715,0.003467,0.422915,0.414912,False
0.425025,1,0.06383,0.055242,0.114996,0.003467,0.422915,0.414912,False
0.425025,1,0.085106,0.055242,0.098185,0.003467,0.422915,0.414912,False
0.425025,1,0.106383,0.055242,0.090598,0.003467,0.422915,0.414912,False
0.425025,1,0.12766,0.066981,0.083606,0.003467,0.422915,0.414912,True
0.425025,1,0.148936,0.072895,0.089408,0.003467,0.422915,0.414912,True
0.425025,1,0.170213,0.055242,0.11202,0.003467,0.422915,0.414912,False
0.425025,1,0.191489,0.06584,0.140286,0.003467,0.422915,0.414912,False
0.425025,1,0.212766,0.058394,0.196965,0.003467,0.422915,0.414912,False
0.425025,1,0.234043,0.058394,0.269711,0.003467,0.422915,0.414912,False
0.425025,1,0.255319,0.06584,0.27224,0.003467,0.422915,0.414912,False
0.425025,1,0.276596,0.058394,0.333978,0.003467,0.422915,0.414912,False
0.425025,1,0.297872,0.075868,0.349598,0.003467,0.422915,0.414912,True
0.425025,1,0.319149,0.083343,0.411782,0.003467,0.422915,0.414912,True
0.425025,1,0.340426,0.095473,0.455519,0.003467,0.422915,0.414912,True
0.425025,1,0.361702,0.083343,0.472925,0.003467,0.422915,0.414912,True
0.425025,1,0.382979,0.083343,0.479173,0.003467,0.422915,0.414912,True
0.425025,1,0.404255,0.075868,0.469057,0.003467,0.422915,0.414912,True
0.425025,1,0.425532,0.075868,0.460577,0.003467,0.422915,0.414912,True
0.425025,1,0.446809,0.06584,0.463553,0.003467,0.422915,0.414912,False
0.425025,1,0.468085,0.075868,0.458792,0.003467,0.422915,0.414912,True
0.425025,1,0.489362,0.075868,0.46504,0.003467,0.422915,0.414912,True
0.425025,1,0.510638,0.075868,0.467718,0.003467,0.422915,0.414912,True
0.425025,1,0.531915,0.075868,0.460577,0.003467,0.422915,0.414912,True
0.425025,1,0.553191,0.075868,0.452246,0.003467,0.422915,0.414912,True
0.425025,1,0.574468,0.06584,0.448527,0.003467,0.422915,0.414912,False
0.425025,1,0.595745,0.06584,0.445701,0.003467,0.422915,0.414912,False
0.425025,1,0.617021,0.06584,0.449122,0.003467,0.422915,0.414912,False
0.425025,1,0.638298,0.081302,0.446445,0.003467,0.422915,0.414912,True
0.425025,1,0.659574,0.058394,0.44704,0.003467,0.422915,0.414912,False
0.425025,1,0.680851,0.062838,0.43856,0.003467,0.422915,0.414912,False
0.425025,1,0.702128,0.058394,0.431419,0.003467,0.422915,0.414912,False
0.425025,1,0.723404,0.06584,0.404046,0.003467,0.422915,0.414912,False
0.425025,1,0.744681,0.058394,0.383666,0.003467,0.422915,0.414912,False
0.425025,1,0.765957,0.058394,0.353615,0.003467,0.422915,0.414912,False
0.425025,1,0.787234,0.058394,0.340375,0.003467,0.422915,0.414912,False
0.425025,1,0.808511,0.06584,0.34454,0.003467,0.422915,0.414912,False
0.425025,1,0.829787,0.06584,0.367004,0.003467,0.422915,0.414912,False
0.425025,1,0.851064,0.083343,0.347813,0.003467,0.422915,0.414912,True
0.425025,1,0.87234,0.06584,0.325498,0.003467,0.422915,0.414912,False
0.425025,1,0.893617,0.083343,0.359566,0.003467,0.422915,0.414912,True
0.425025,1,0.914894,0.088477,0.37474,0.003467,0.422915,0.414912,True
0.425025,1,0.93617,0.083343,0.399732,0.003467,0.422915,0.414912,True
0.425025,1,0.957447,0.06584,0.401815,0.003467,0.422915,0.414912,False
0.425025,1,0.978723,0.075868,0.390955,0.003467,0.422915,0.414912,True
0.425025,1,1.0,0.083343,0.373401,0.003467,0.422915,0.414912,True
0.42507,2,0.0,0.083343,0.346623,0.003467,0.422915,0.414912,True
0.42507,2,0.021277,0.075868,0.28429,0.003467,0.422915,0.414912,True
0.42507,2,0.042553,0.071694,0.225082,0.003467,0.422915,0.414912,True
0.42507,2,0.06383,0.058394,0.188486,0.003467,0.422915,0.414912,False
0.42507,2,0.085106,0.071694,0.151294,0.003467,0.422915,0.414912,True
0.42507,2,0.106383,0.058394,0.129277,0.003467,0.422915,0.414912,False
0.42507,2,0.12766,0.055242,0.121095,0.003467,0.422915,0.414912,False
0.42507,2,0.148936,0.058394,0.125855,0.003467,0.422915,0.414912,False
0.42507,2,0.170213,0.058394,0.138649,0.003467,0.422915,0.414912,False
0.42507,2,0.191489,0.058394,0.170039,0.003467,0.422915,0.414912,False
0.42507,2,0.212766,0.077519,0.22895,0.003467,0.422915,0.414912,True
0.42507,2,0.234043,0.067341,0.295448,0.003467,0.422915,0.414912,False
0.42507,2,0.255319,0.060706,0.29753,0.003467,0.422915,0.414912,False
0.42507,2,0.276596,0.058394,0.354805,0.003467,0.422915,0.414912,False
0.42507,2,0.297872,0.069893,0.378905,0.003467,0.422915,0.414912,False
0.42507,2,0.319149,0.062838,0.406724,0.003467,0.422915,0.414912,False
0.42507,2,0.340426,0.067341,0.47233,0.003467,0.422915,0.414912,False
0.42507,2,0.361702,0.069893,0.496727,0.003467,0.422915,0.414912,True
0.42507,2,0.382979,0.069893,0.477388,0.003467,0.422915,0.414912,True
0.42507,2,0.404255,0.062838,0.471437,0.003467,0.422915,0.414912,False
0.42507,2,0.425532,0.067341,0.501636,0.003467,0.422915,0.414912,False
0.42507,2,0.446809,0.066531,0.511604,0.003467,0.422915,0.414912,False
0.42507,2,0.468085,0.069893,0.510562,0.003467,0.422915,0.414912,True
0.42507,2,0.489362,0.069893,0.501041,0.003467,0.422915,0.414912,True
0.42507,2,0.510638,0.069893,0.504314,0.003467,0.422915,0.414912,True
0.42507,2,0.531915,0.080341,0.494198,0.003467,0.422915,0.414912,True
0.42507,2,0.553191,0.080341,0.488694,0.003467,0.422915,0.414912,True
0.42507,2,0.574468,0.069893,0.488099,0.003467,0.422915,0.414912,True
0.42507,2,0.595745,0.069893,0.48557,0.003467,0.422915,0.414912,True
0.42507,2,0.617021,0.067341,0.488099,0.003467,0.422915,0.414912,False
0.42507,2,0.638298,0.067341,0.488991,0.003467,0.422915,0.414912,False
0.42507,2,0.659574,0.069893,0.485867,0.003467,0.422915,0.414912,True
0.42507,2,0.680851,0.067341,0.474264,0.003467,0.422915,0.414912,False
0.42507,2,0.702128,0.069893,0.45909,0.003467,0.422915,0.414912,True
0.42507,2,0.723404,0.069893,0.428593,0.003467,0.422915,0.414912,True
0.42507,2,0.744681,0.080341,0.409104,0.003467,0.422915,0.414912,True
0.42507,2,0.765957,0.080341,0.381732,0.003467,0.422915,0.414912,True
0.42507,2,0.787234,0.080341,0.384112,0.003467,0.422915,0.414912,True
0.42507,2,0.808511,0.090609,0.394228,0.003467,0.422915,0.414912,True
0.42507,2,0.829787,0.090609,0.409699,0.003467,0.422915,0.414912,True
0.42507,2,0.851064,0.090609,0.394972,0.003467,0.422915,0.414912,True
0.42507,2,0.87234,0.090609,0.3615,0.003467,0.422915,0.414912,True
0.42507,2,0.893617,0.090609,0.384409,0.003467,0.422915,0.414912,True
0.42507,2,0.914894,0.101297,0.40003,0.003467,0.422915,0.414912,True
0.42507,2,0.93617,0.080341,0.417733,0.003467,0.422915,0.414912,True
0.42507,2,0.957447,0.089378,0.416989,0.003467,0.422915,0.414912,True
0.42507,2,0.978723,0.080341,0.408956,0.003467,0.422915,0.414912,True
0.42507,2,1.0,0.080341,0.381137,0.003467,0.422915,0.414912,True
0.425114,3,0.0,0.080341,0.353169,0.003467,0.422915,0.414912,True
0.425114,3,0.021277,0.069893,0.284142,0.003467,0.422915,0.414912,False
0.425114,3,0.042553,0.058394,0.227016,0.003467,0.422915,0.414912,False
0.425114,3,0.06383,0.058394,0.189229,0.003467,0.422915,0.414912,False
0.425114,3,0.085106,0.058394,0.154418,0.003467,0.422915,0.414912,False
0.425114,3,0.106383,0.056923,0.133591,0.003467,0.422915,0.414912,False
0.425114,3,0.12766,0.058394,0.124814,0.003467,0.422915,0.414912,False
0.425114,3,0.148936,0.069893,0.121988,0.003467,0.422915,0.414912,False
0.425114,3,0.170213,0.062748,0.136715,0.003467,0.422915,0.414912,False
0.425114,3,0.191489,0.069563,0.164534,0.003467,0.422915,0.414912,False
0.425114,3,0.212766,0.062748,0.228355,0.003467,0.422915,0.414912,False
0.425114,3,0.234043,0.058394,0.289943,0.003467,0.422915,0.414912,False
0.425114,3,0.255319,0.058394,0.297233,0.003467,0.422915,0.414912,False
0.425114,3,0.276596,0.058394,0.359714,0.003467,0.422915,0.414912,False
0.425114,3,0.297872,0.069563,0.394377,0.003467,0.422915,0.414912,False
0.425114,3,0.319149,0.069563,0.422791,0.003467,0.422915,0.414912,False
0.425114,3,0.340426,0.073316,0.480363,0.003467,0.422915,0.414912,True
0.425114,3,0.361702,0.069563,0.500298,0.003467,0.422915,0.414912,False
0.425114,3,0.382979,0.062838,0.501934,0.003467,0.422915,0.414912,False
0.425114,3,0.404255,0.062838,0.499702,0.003467,0.422915,0.414912,False
0.425114,3,0.425532,0.062838,0.497471,0.003467,0.422915,0.414912,False
0.425114,3,0.446809,0.089678,0.50119,0.003467,0.422915,0.414912,True
0.425114,3,0.468085,0.083794,0.501041,0.003467,0.422915,0.414912,True
0.425114,3,0.489362,0.083794,0.506248,0.003467,0.422915,0.414912,True
0.425114,3,0.510638,0.083794,0.508926,0.003467,0.422915,0.414912,True
0.425114,3,0.531915,0.094272,0.513835,0.003467,0.422915,0.414912,True
0.425114,3,0.553191,0.094272,0.511604,0.003467,0.422915,0.414912,True
0.425114,3,0.574468,0.083794,0.509819,0.003467,0.422915,0.414912,True
0.425114,3,0.595745,0.115228,0.50476,0.003467,0.422915,0.414912,True
0.425114,3,0.617021,0.115228,0.49881,0.003467,0.422915,0.414912,True
0.425114,3,0.638298,0.115228,0.495388,0.003467,0.422915,0.414912,True
0.425114,3,0.659574,0.115228,0.495983,0.003467,0.422915,0.414912,True
0.425114,3,0.680851,0.10475,0.481256,0.003467,0.422915,0.414912,True
0.425114,3,0.702128,0.075417,0.468462,0.003467,0.422915,0.414912,False
0.425114,3,0.723404,0.062748,0.439304,0.003467,0.422915,0.414912,False
0.425114,3,0.744681,0.055242,0.416691,0.003467,0.422915,0.414912,False
0.425114,3,0.765957,0.058394,0.384856,0.003467,0.422915,0.414912,False
0.425114,3,0.787234,0.062748,0.370723,0.003467,0.422915,0.414912,False
0.425114,3,0.808511,0.073316,0.377715,0.003467,0.422915,0.414912,False
0.425114,3,0.829787,0.073316,0.388277,0.003467,0.422915,0.414912,False
0.425114,3,0.851064,0.083794,0.370574,0.003467,0.422915,0.414912,True
0.425114,3,0.87234,0.073316,0.337102,0.003467,0.422915,0.414912,False
0.425114,3,0.893617,0.083794,0.369979,0.003467,0.422915,0.414912,True
0.425114,3,0.914894,0.083794,0.380095,0.003467,0.422915,0.414912,True
0.425114,3,0.93617,0.073316,0.407766,0.003467,0.422915,0.414912,False
0.425114,3,0.957447,0.073316,0.403303,0.003467,0.422915,0.414912,False
0.425114,3,0.978723,0.073316,0.39036,0.003467,0.422915,0.414912,False
0.425114,3,1.0,0.083794,0.367896,0.003467,0.422915,0.414912,True
0.425158,4,0.0,0.073316,0.336953,0.003467,0.422915,0.414912,False
0.425158,4,0.021277,0.058394,0.272389,0.003467,0.422915,0.414912,False
0.425158,4,0.042553,0.058394,0.223297,0.003467,0.422915,0.414912,False
0.425158,4,0.06383,0.058394,0.17956,0.003467,0.422915,0.414912,False
0.425158,4,0.085106,0.056923,0.146683,0.003467,0.422915,0.414912,False
0.425158,4,0.106383,0.055242,0.131211,0.003467,0.422915,0.414912,False
0.425158,4,0.12766,0.055242,0.117227,0.003467,0.422915,0.414912,False
0.425158,4,0.148936,0.055242,0.121392,0.003467,0.422915,0.414912,False
0.425158,4,0.170213,0.056923,0.138203,0.003467,0.422915,0.414912,False
0.425158,4,0.191489,0.056923,0.168997,0.003467,0.422915,0.414912,False
0.425158,4,0.212766,0.058394,0.229247,0.003467,0.422915,0.414912,False
0.425158,4,0.234043,0.058394,0.292175,0.003467,0.422915,0.414912,False
0.425158,4,0.255319,0.058394,0.305118,0.003467,0.422915,0.414912,False
0.425158,4,0.276596,0.058394,0.371913,0.003467,0.422915,0.414912,False
0.425158,4,0.297872,0.062748,0.412526,0.003467,0.422915,0.414912,False
0.425158,4,0.319149,0.062838,0.457007,0.003467,0.422915,0.414912,False
0.425158,4,0.340426,0.062838,0.526183,0.003467,0.422915,0.414912,False
0.425158,4,0.361702,0.062838,0.553407,0.003467,0.422915,0.414912,False
0.425158,4,0.382979,0.062838,0.559357,0.003467,0.422915,0.414912,False
0.425158,4,0.404255,0.062748,0.553407,0.003467,0.422915,0.414912,False
0.425158,4,0.425532,0.062838,0.548795,0.003467,0.422915,0.414912,False
0.425158,4,0.446809,0.062838,0.558465,0.003467,0.422915,0.414912,False
0.425158,4,0.468085,0.062838,0.564267,0.003467,0.422915,0.414912,False
0.425158,4,0.489362,0.062838,0.559952,0.003467,0.422915,0.414912,False
0.425158,4,0.510638,0.062838,0.551324,0.003467,0.422915,0.414912,False
0.425158,4,0.531915,0.062748,0.53853,0.003467,0.422915,0.414912,False
0.425158,4,0.553191,0.062838,0.529604,0.003467,0.422915,0.414912,False
0.425158,4,0.574468,0.062838,0.522761,0.003467,0.422915,0.414912,False
0.425158,4,0.595745,0.060796,0.50967,0.003467,0.422915,0.414912,False
0.425158,4,0.617021,0.060796,0.50119,0.003467,0.422915,0.414912,False
0.425158,4,0.638298,0.060796,0.489586,0.003467,0.422915,0.414912,False
0.425158,4,0.659574,0.058394,0.484231,0.003467,0.422915,0.414912,False
0.425158,4,0.680851,0.058394,0.477239,0.003467,0.422915,0.414912,False
0.425158,4,0.702128,0.058394,0.472478,0.003467,0.422915,0.414912,False
0.425158,4,0.723404,0.058394,0.445701,0.003467,0.422915,0.414912,False
0.425158,4,0.744681,0.058394,0.42889,0.003467,0.422915,0.414912,False
0.425158,4,0.765957,0.060796,0.41327,0.003467,0.422915,0.414912,False
0.425158,4,0.787234,0.058394,0.397203,0.003467,0.422915,0.414912,False
0.425158,4,0.808511,0.060796,0.38917,0.003467,0.422915,0.414912,False
0.425158,4,0.829787,0.058394,0.388872,0.003467,0.422915,0.414912,False
0.425158,4,0.851064,0.058394,0.363434,0.003467,0.422915,0.414912,False
0.425158,4,0.87234,0.058394,0.334127,0.003467,0.422915,0.414912,False
0.425158,4,0.893617,0.060796,0.372954,0.003467,0.422915,0.414912,False
0.425158,4,0.914894,0.060796,0.389467,0.003467,0.422915,0.414912,False
0.425158,4,0.93617,0.060796,0.403898,0.003467,0.422915,0.414912,False
0.425158,4,0.957447,0.058394,0.404046,0.003467,0.422915,0.414912,False
0.425158,4,0.978723,0.058394,0.389467,0.003467,0.422915,0.414912,False
0.425158,4,1.0,0.062838,0.36269,0.003467,0.422915,0.414912,True
0.425202,5,0.0,0.058394,0.334276,0.003467,0.422915,0.414912,False
0.425202,5,0.021277,0.062748,0.273877,0.003467,0.422915,0.414912,True
0.425202,5,0.042553,0.062748,0.215412,0.003467,0.422915,0.414912,True
0.425202,5,0.06383,0.075958,0.184171,0.003467,0.422915,0.414912,True
0.425202,5,0.085106,0.075958,0.150848,0.003467,0.422915,0.414912,True
0.425202,5,0.106383,0.074787,0.130913,0.003467,0.422915,0.414912,True
0.425202,5,0.12766,0.074787,0.125112,0.003467,0.422915,0.414912,True
0.425202,5,0.148936,0.058394,0.132699,0.003467,0.422915,0.414912,False
0.425202,5,0.170213,0.058394,0.1446,0.003467,0.422915,0.414912,False
0.425202,5,0.191489,0.073856,0.181642,0.003467,0.422915,0.414912,True
0.425202,5,0.212766,0.073856,0.246504,0.003467,0.422915,0.414912,True
0.425202,5,0.234043,0.076618,0.306605,0.003467,0.422915,0.414912,True
0.425202,5,0.255319,0.058394,0.326093,0.003467,0.422915,0.414912,False
0.425202,5,0.276596,0.058394,0.381583,0.003467,0.422915,0.414912,False
0.425202,5,0.297872,0.076888,0.405534,0.003467,0.422915,0.414912,True
0.425202,5,0.319149,0.079921,0.434543,0.003467,0.422915,0.414912,True
0.425202,5,0.340426,0.062748,0.482446,0.003467,0.422915,0.414912,False
0.425202,5,0.361702,0.076618,0.50357,0.003467,0.422915,0.414912,True
0.425202,5,0.382979,0.062748,0.506397,0.003467,0.422915,0.414912,False
0.425202,5,0.404255,0.062748,0.491372,0.003467,0.422915,0.414912,False
0.425202,5,0.425532,0.062748,0.49643,0.003467,0.422915,0.414912,False
0.425202,5,0.446809,0.062748,0.492562,0.003467,0.422915,0.414912,False
0.425202,5,0.468085,0.062387,0.485719,0.003467,0.422915,0.414912,False
0.425202,5,0.489362,0.062387,0.479917,0.003467,0.422915,0.414912,False
0.425202,5,0.510638,0.060376,0.479322,0.003467,0.422915,0.414912,False
0.425202,5,0.531915,0.060376,0.474115,0.003467,0.422915,0.414912,False
0.425202,5,0.553191,0.060376,0.463255,0.003467,0.422915,0.414912,False
0.425202,5,0.574468,0.060376,0.455817,0.003467,0.422915,0.414912,False
0.425202,5,0.595745,0.060376,0.446296,0.003467,0.422915,0.414912,False
0.425202,5,0.617021,0.060376,0.445254,0.003467,0.422915,0.414912,False
0.425202,5,0.638298,0.060376,0.439899,0.003467,0.422915,0.414912,False
0.425202,5,0.659574,0.062387,0.438709,0.003467,0.422915,0.414912,False
0.425202,5,0.680851,0.062387,0.429783,0.003467,0.422915,0.414912,False
0.425202,5,0.702128,0.062748,0.419072,0.003467,0.422915,0.414912,False
0.425202,5,0.723404,0.076618,0.394674,0.003467,0.422915,0.414912,True
0.425202,5,0.744681,0.076618,0.386641,0.003467,0.422915,0.414912,True
0.425202,5,0.765957,0.062748,0.370425,0.003467,0.422915,0.414912,False
0.425202,5,0.787234,0.076618,0.363434,0.003467,0.422915,0.414912,True
0.425202,5,0.808511,0.076618,0.361351,0.003467,0.422915,0.414912,True
0.425202,5,0.829787,0.062748,0.370128,0.003467,0.422915,0.414912,False
0.425202,5,0.851064,0.058394,0.351384,0.003467,0.422915,0.414912,False
0.425202,5,0.87234,0.062748,0.324159,0.003467,0.422915,0.414912,False
0.425202,5,0.893617,0.079921,0.351532,0.003467,0.422915,0.414912,True
0.425202,5,0.914894,0.076618,0.374888,0.003467,0.422915,0.414912,True
0.425202,5,0.93617,0.076618,0.406575,0.003467,0.422915,0.414912,True
0.425202,5,0.957447,0.076618,0.407319,0.003467,0.422915,0.414912,True
0.425202,5,0.978723,0.076618,0.396459,0.003467,0.422915,0.414912,True
0.425202,5,1.0,0.062748,0.371467,0.003467,0.422915,0.414912,False
0.425247,6,0.0,0.076888,0.341267,0.003467,0.422915,0.414912,True
0.425247,6,0.021277,0.073946,0.275811,0.003467,0.422915,0.414912,True
0.425247,6,0.042553,0.073946,0.216453,0.003467,0.422915,0.414912,True
0.425247,6,0.06383,0.076618,0.177477,0.003467,0.422915,0.414912,True
0.425247,6,0.085106,0.073946,0.137162,0.003467,0.422915,0.414912,True
0.425247,6,0.106383,0.062748,0.119756,0.003467,0.422915,0.414912,False
0.425247,6,0.12766,0.062748,0.099524,0.003467,0.422915,0.414912,False
0.425247,6,0.148936,0.062748,0.098631,0.003467,0.422915,0.414912,False
0.425247,6,0.170213,0.070163,0.104284,0.003467,0.422915,0.414912,True
0.425247,6,0.191489,0.073256,0.112467,0.003467,0.422915,0.414912,True
0.425247,6,0.212766,0.073256,0.129128,0.003467,0.422915,0.414912,True
0.425247,6,0.234043,0.062327,0.151741,0.003467,0.422915,0.414912,False
0.425247,6,0.255319,0.074727,0.186998,0.003467,0.422915,0.414912,True
0.425247,6,0.276596,0.07866,0.243082,0.003467,0.422915,0.414912,True
0.425247,6,0.297872,0.080611,0.297977,0.003467,0.422915,0.414912,True
0.425247,6,0.319149,0.083584,0.339631,0.003467,0.422915,0.414912,True
0.425247,6,0.340426,0.087787,0.381285,0.003467,0.422915,0.414912,True
0.425247,6,0.361702,0.083584,0.401666,0.003467,0.422915,0.414912,True
0.425247,6,0.382979,0.083584,0.399435,0.003467,0.422915,0.414912,True
0.425247,6,0.404255,0.080611,0.389021,0.003467,0.422915,0.414912,True
0.425247,6,0.425532,0.083584,0.380542,0.003467,0.422915,0.414912,True
0.425247,6,0.446809,0.074727,0.371021,0.003467,0.422915,0.414912,True
0.425247,6,0.468085,0.083584,0.360309,0.003467,0.422915,0.414912,True
0.425247,6,0.489362,0.074727,0.347516,0.003467,0.422915,0.414912,True
0.425247,6,0.510638,0.073256,0.340524,0.003467,0.422915,0.414912,True
0.425247,6,0.531915,0.074727,0.325647,0.003467,0.422915,0.414912,True
0.425247,6,0.553191,0.074727,0.315382,0.003467,0.422915,0.414912,True
0.425247,6,0.574468,0.073256,0.304522,0.003467,0.422915,0.414912,True
0.425247,6,0.595745,0.073256,0.299911,0.003467,0.422915,0.414912,True
0.425247,6,0.617021,0.073256,0.298423,0.003467,0.422915,0.414912,True
0.425247,6,0.638298,0.074727,0.299018,0.003467,0.422915,0.414912,True
0.425247,6,0.659574,0.073256,0.307051,0.003467,0.422915,0.414912,False
0.425247,6,0.680851,0.074727,0.295299,0.003467,0.422915,0.414912,True
0.425247,6,0.702128,0.073256,0.313746,0.003467,0.422915,0.414912,False
0.425247,6,0.723404,0.074727,0.324159,0.003467,0.422915,0.414912,True
0.425247,6,0.744681,0.073256,0.317911,0.003467,0.422915,0.414912,False
0.425247,6,0.765957,0.073256,0.308539,0.003467,0.422915,0.414912,False
0.425247,6,0.787234,0.073256,0.29634,0.003467,0.422915,0.414912,False
0.425247,6,0.808511,0.074727,0.30125,0.003467,0.422915,0.414912,True
0.425247,6,0.829787,0.074727,0.320292,0.003467,0.422915,0.414912,True
0.425247,6,0.851064,0.074727,0.308985,0.003467,0.422915,0.414912,True
0.425247,6,0.87234,0.073256,0.284588,0.003467,0.422915,0.414912,False
0.425247,6,0.893617,0.073256,0.296043,0.003467,0.422915,0.414912,False
0.425247,6,0.914894,0.080611,0.301993,0.003467,0.422915,0.414912,True
0.425247,6,0.93617,0.074727,0.313448,0.003467,0.422915,0.414912,False
0.425247,6,0.957447,0.07866,0.297828,0.003467,0.422915,0.414912,True
0.425247,6,0.978723,0.073256,0.274769,0.003467,0.422915,0.414912,False
0.425247,6,1.0,0.073256,0.235793,0.003467,0.422915,0.414912,False
0.425291,7,0.0,0.062327,0.221958,0.003467,0.422915,0.414912,False
0.425291,7,0.021277,0.070163,0.17465,0.003467,0.422915,0.414912,False
0.425291,7,0.042553,0.070163,0.132996,0.003467,0.422915,0.414912,False
0.425291,7,0.06383,0.070163,0.101309,0.003467,0.422915,0.414912,False
0.425291,7,0.085106,0.070163,0.084796,0.003467,0.422915,0.414912,False
0.425291,7,0.106383,0.073256,0.066498,0.003467,0.422915,0.414912,False
0.425291,7,0.12766,0.070163,0.060547,0.003467,0.422915,0.414912,False
0.425291,7,0.148936,0.062327,0.053704,0.003467,0.422915,0.414912,False
0.425291,7,0.170213,0.055242,0.058167,0.003467,0.422915,0.414912,False
0.425291,7,0.191489,0.071394,0.064713,0.003467,0.422915,0.414912,False
0.425291,7,0.212766,0.071394,0.067837,0.003467,0.422915,0.414912,False
0.425291,7,0.234043,0.067131,0.08435,0.003467,0.422915,0.414912,False
0.425291,7,0.255319,0.073826,0.100863,0.003467,0.422915,0.414912,False
0.425291,7,0.276596,0.073826,0.138798,0.003467,0.422915,0.414912,False
0.425291,7,0.297872,0.075237,0.185361,0.003467,0.422915,0.414912,True
0.425291,7,0.319149,0.075237,0.235942,0.003467,0.422915,0.414912,True
0.425291,7,0.340426,0.07866,0.285332,0.003467,0.422915,0.414912,True
0.425291,7,0.361702,0.080611,0.311812,0.003467,0.422915,0.414912,True
0.425291,7,0.382979,0.073826,0.321779,0.003467,0.422915,0.414912,True
0.425291,7,0.404255,0.073826,0.325796,0.003467,0.422915,0.414912,True
0.425291,7,0.425532,0.073826,0.329515,0.003467,0.422915,0.414912,True
0.425291,7,0.446809,0.082323,0.327284,0.003467,0.422915,0.414912,True
0.425291,7,0.468085,0.075237,0.322821,0.003467,0.422915,0.414912,True
0.425291,7,0.489362,0.080611,0.319845,0.003467,0.422915,0.414912,True
0.425291,7,0.510638,0.080611,0.310027,0.003467,0.422915,0.414912,True
0.425291,7,0.531915,0.074306,0.296489,0.003467,0.422915,0.414912,True
0.425291,7,0.553191,0.075237,0.286819,0.003467,0.422915,0.414912,True
0.425291,7,0.574468,0.082323,0.281613,0.003467,0.422915,0.414912,True
0.425291,7,0.595745,0.075237,0.285183,0.003467,0.422915,0.414912,True
0.425291,7,0.617021,0.082323,0.290687,0.003467,0.422915,0.414912,True
0.425291,7,0.638298,0.082323,0.290241,0.003467,0.422915,0.414912,True
0.425291,7,0.659574,0.075237,0.297084,0.003467,0.422915,0.414912,True
0.425291,7,0.680851,0.082323,0.296489,0.003467,0.422915,0.414912,True
0.425291,7,0.702128,0.082323,0.314192,0.003467,0.422915,0.414912,True
0.425291,7,0.723404,0.080611,0.321184,0.003467,0.422915,0.414912,True
0.425291,7,0.744681,0.080611,0.325945,0.003467,0.422915,0.414912,True
0.425291,7,0.765957,0.082323,0.315829,0.003467,0.422915,0.414912,True
0.425291,7,0.787234,0.080611,0.314192,0.003467,0.422915,0.414912,True
0.425291,7,0.808511,0.082323,0.324457,0.003467,0.422915,0.414912,True
0.425291,7,0.829787,0.075237,0.359863,0.003467,0.422915,0.414912,True
0.425291,7,0.851064,0.090819,0.346772,0.003467,0.422915,0.414912,True
0.425291,7,0.87234,0.075237,0.314787,0.003467,0.422915,0.414912,False
0.425291,7,0.893617,0.075237,0.324457,0.003467,0.422915,0.414912,False
0.425291,7,0.914894,0.080611,0.324606,0.003467,0.422915,0.414912,True
0.425291,7,0.93617,0.080611,0.331449,0.003467,0.422915,0.414912,True
0.425291,7,0.957447,0.07866,0.303779,0.003467,0.422915,0.414912,True
0.425291,7,0.978723,0.075237,0.286968,0.003467,0.422915,0.414912,False
0.425291,7,1.0,0.07866,0.244421,0.003467,0.422915,0.414912,True
0.425335,1,0.0,0.058394,0.237876,0.003467,0.422915,0.414912,False
0.425335,1,0.021277,0.058394,0.191163,0.003467,0.422915,0.414912,False
0.425335,1,0.042553,0.058394,0.16022,0.003467,0.422915,0.414912,False
0.425335,1,0.06383,0.067131,0.134186,0.003467,0.422915,0.414912,False
0.425335,1,0.085106,0.071394,0.1205,0.003467,0.422915,0.414912,False
0.425335,1,0.106383,0.071394,0.105028,0.003467,0.422915,0.414912,False
0.425335,1,0.12766,0.067131,0.108599,0.003467,0.422915,0.414912,False
0.425335,1,0.148936,0.073826,0.114549,0.003467,0.422915,0.414912,False
0.425335,1,0.170213,0.072715,0.13612,0.003467,0.422915,0.414912,False
0.425335,1,0.191489,0.071454,0.170634,0.003467,0.422915,0.414912,False
0.425335,1,0.212766,0.076888,0.231181,0.003467,0.422915,0.414912,True
0.425335,1,0.234043,0.072715,0.295299,0.003467,0.422915,0.414912,False
0.425335,1,0.255319,0.062297,0.319101,0.003467,0.422915,0.414912,False
0.425335,1,0.276596,0.062297,0.377417,0.003467,0.422915,0.414912,False
0.425335,1,0.297872,0.093821,0.415353,0.003467,0.422915,0.414912,True
0.425335,1,0.319149,0.093821,0.459685,0.003467,0.422915,0.414912,True
0.425335,1,0.340426,0.087667,0.525588,0.003467,0.422915,0.414912,True
0.425335,1,0.361702,0.106461,0.552812,0.003467,0.422915,0.414912,True
0.425335,1,0.382979,0.093821,0.564118,0.003467,0.422915,0.414912,True
0.425335,1,0.404255,0.084935,0.562481,0.003467,0.422915,0.414912,True
0.425335,1,0.425532,0.084935,0.563374,0.003467,0.422915,0.414912,True
0.425335,1,0.446809,0.093821,0.573639,0.003467,0.422915,0.414912,True
0.425335,1,0.468085,0.093821,0.572597,0.003467,0.422915,0.414912,True
0.425335,1,0.489362,0.093821,0.576763,0.003467,0.422915,0.414912,True
0.425335,1,0.510638,0.087667,0.584201,0.003467,0.422915,0.414912,True
0.425335,1,0.531915,0.093821,0.583457,0.003467,0.422915,0.414912,True
0.425335,1,0.553191,0.084935,0.586879,0.003467,0.422915,0.414912,True
0.425335,1,0.574468,0.093821,0.590003,0.003467,0.422915,0.414912,True
0.425335,1,0.595745,0.093821,0.589705,0.003467,0.422915,0.414912,True
0.425335,1,0.617021,0.093821,0.593127,0.003467,0.422915,0.414912,True
0.425335,1,0.638298,0.102738,0.599821,0.003467,0.422915,0.414912,True
0.425335,1,0.659574,0.108082,0.601904,0.003467,0.422915,0.414912,True
0.425335,1,0.680851,0.102738,0.584201,0.003467,0.422915,0.414912,True
0.425335,1,0.702128,0.102738,0.567986,0.003467,0.422915,0.414912,True
0.425335,1,0.723404,0.100276,0.529604,0.003467,0.422915,0.414912,True
0.425335,1,0.744681,0.087667,0.502083,0.003467,0.422915,0.414912,True
0.425335,1,0.765957,0.093821,0.466528,0.003467,0.422915,0.414912,True
0.425335,1,0.787234,0.093821,0.439453,0.003467,0.422915,0.414912,True
0.425335,1,0.808511,0.099075,0.440791,0.003467,0.422915,0.414912,True
0.425335,1,0.829787,0.099075,0.457602,0.003467,0.422915,0.414912,True
0.425335,1,0.851064,0.084935,0.442279,0.003467,0.422915,0.414912,True
0.425335,1,0.87234,0.100276,0.407914,0.003467,0.422915,0.414912,True
0.425335,1,0.893617,0.100276,0.433948,0.003467,0.422915,0.414912,True
0.425335,1,0.914894,0.093821,0.443023,0.003467,0.422915,0.414912,True
0.425335,1,0.93617,0.085115,0.455222,0.003467,0.422915,0.414912,False
0.425335,1,0.957447,0.085115,0.447486,0.003467,0.422915,0.414912,False
0.425335,1,0.978723,0.084935,0.430675,0.003467,0.422915,0.414912,False
0.425335,1,1.0,0.076018,0.399286,0.003467,0.422915,0.414912,False
0.425379,2,0.0,0.084935,0.369384,0.003467,0.422915,0.414912,False
0.425379,2,0.021277,0.076018,0.303332,0.003467,0.422915,0.414912,False
0.425379,2,0.042553,0.072715,0.249926,0.003467,0.422915,0.414912,False
0.425379,2,0.06383,0.071454,0.214519,0.003467,0.422915,0.414912,False
0.425379,2,0.085106,0.071454,0.181047,0.003467,0.422915,0.414912,False
0.425379,2,0.106383,0.071454,0.15784,0.003467,0.422915,0.414912,False
0.425379,2,0.12766,0.071454,0.144154,0.003467,0.422915,0.414912,False
0.425379,2,0.148936,0.071454,0.146236,0.003467,0.422915,0.414912,False
0.425379,2,0.170213,0.068842,0.170039,0.003467,0.422915,0.414912,False
0.425379,2,0.191489,0.076678,0.199048,0.003467,0.422915,0.414912,False
0.425379,2,0.212766,0.077459,0.259298,0.003467,0.422915,0.414912,False
0.425379,2,0.234043,0.068842,0.32044,0.003467,0.422915,0.414912,False
0.425379,2,0.255319,0.076798,0.337102,0.003467,0.422915,0.414912,False
0.425379,2,0.276596,0.062838,0.400625,0.003467,0.422915,0.414912,False
0.425379,2,0.297872,0.081812,0.438411,0.003467,0.422915,0.414912,False
0.425379,2,0.319149,0.092771,0.47947,0.003467,0.422915,0.414912,True
0.425379,2,0.340426,0.114087,0.546712,0.003467,0.422915,0.414912,True
0.425379,2,0.361702,0.102078,0.5723,0.003467,0.422915,0.414912,True
0.425379,2,0.382979,0.098775,0.577655,0.003467,0.422915,0.414912,True
0.425379,2,0.404255,0.095773,0.579292,0.003467,0.422915,0.414912,True
0.425379,2,0.425532,0.092771,0.583904,0.003467,0.422915,0.414912,True
0.425379,2,0.446809,0.101747,0.609938,0.003467,0.422915,0.414912,True
0.425379,2,0.468085,0.10475,0.626897,0.003467,0.422915,0.414912,True
0.425379,2,0.489362,0.11829,0.638352,0.003467,0.422915,0.414912,True
0.425379,2,0.510638,0.119731,0.650997,0.003467,0.422915,0.414912,True
0.425379,2,0.531915,0.117389,0.647278,0.003467,0.422915,0.414912,True
0.425379,2,0.553191,0.119731,0.646385,0.003467,0.422915,0.414912,True
0.425379,2,0.574468,0.11829,0.645195,0.003467,0.422915,0.414912,True
0.425379,2,0.595745,0.119731,0.640732,0.003467,0.422915,0.414912,True
0.425379,2,0.617021,0.117389,0.640286,0.003467,0.422915,0.414912,True
0.425379,2,0.638298,0.119731,0.636418,0.003467,0.422915,0.414912,True
0.425379,2,0.659574,0.102468,0.632252,0.003467,0.422915,0.414912,True
0.425379,2,0.680851,0.10475,0.621541,0.003467,0.422915,0.414912,True
0.425379,2,0.702128,0.101747,0.594615,0.003467,0.422915,0.414912,True
0.425379,2,0.723404,0.108082,0.548051,0.003467,0.422915,0.414912,True
0.425379,2,0.744681,0.101747,0.518744,0.003467,0.422915,0.414912,True
0.425379,2,0.765957,0.101747,0.483785,0.003467,0.422915,0.414912,True
0.425379,2,0.787234,0.096073,0.455222,0.003467,0.422915,0.414912,True
0.425379,2,0.808511,0.095773,0.45537,0.003467,0.422915,0.414912,True
0.425379,2,0.829787,0.098775,0.475454,0.003467,0.422915,0.414912,True
0.425379,2,0.851064,0.095773,0.457304,0.003467,0.422915,0.414912,True
0.425379,2,0.87234,0.095773,0.422196,0.003467,0.422915,0.414912,True
0.425379,2,0.893617,0.101747,0.434395,0.003467,0.422915,0.414912,True
0.425379,2,0.914894,0.095773,0.433056,0.003467,0.422915,0.414912,True
0.425379,2,0.93617,0.086796,0.452544,0.003467,0.422915,0.414912,False
0.425379,2,0.957447,0.089798,0.442577,0.003467,0.422915,0.414912,False
0.425379,2,0.978723,0.080791,0.422345,0.003467,0.422915,0.414912,False
0.425379,2,1.0,0.086796,0.395418,0.003467,0.422915,0.414912,False
0.425424,3,0.0,0.07929,0.361648,0.003467,0.422915,0.414912,False
0.425424,3,0.021277,0.068842,0.29753,0.003467,0.422915,0.414912,False
0.425424,3,0.042553,0.068842,0.23981,0.003467,0.422915,0.414912,False
0.425424,3,0.06383,0.072085,0.205891,0.003467,0.422915,0.414912,False
0.425424,3,0.085106,0.068842,0.174502,0.003467,0.422915,0.414912,False
0.425424,3,0.106383,0.068842,0.157245,0.003467,0.422915,0.414912,False
0.425424,3,0.12766,0.073136,0.144302,0.003467,0.422915,0.414912,False
0.425424,3,0.148936,0.073136,0.147129,0.003467,0.422915,0.414912,False
0.425424,3,0.170213,0.074186,0.172568,0.003467,0.422915,0.414912,False
0.425424,3,0.191489,0.075958,0.202321,0.003467,0.422915,0.414912,False
0.425424,3,0.212766,0.07929,0.256918,0.003467,0.422915,0.414912,False
0.425424,3,0.234043,0.077459,0.328771,0.003467,0.422915,0.414912,False
0.425424,3,0.255319,0.081812,0.348706,0.003467,0.422915,0.414912,False
0.425424,3,0.276596,0.091239,0.414609,0.003467,0.422915,0.414912,False
0.425424,3,0.297872,0.091239,0.45909,0.003467,0.422915,0.414912,False
0.425424,3,0.319149,0.094542,0.498661,0.003467,0.422915,0.414912,False
0.425424,3,0.340426,0.107722,0.553853,0.003467,0.422915,0.414912,True
0.425424,3,0.361702,0.097844,0.581821,0.003467,0.422915,0.414912,True
0.425424,3,0.382979,0.104419,0.593127,0.003467,0.422915,0.414912,True
0.425424,3,0.404255,0.104419,0.591788,0.003467,0.422915,0.414912,True
0.425424,3,0.425532,0.110994,0.60235,0.003467,0.422915,0.414912,True
0.425424,3,0.446809,0.110994,0.61931,0.003467,0.422915,0.414912,True
0.425424,3,0.468085,0.117599,0.629426,0.003467,0.422915,0.414912,True
0.425424,3,0.489362,0.122703,0.636864,0.003467,0.422915,0.414912,True
0.425424,3,0.510638,0.168698,0.64936,0.003467,0.422915,0.414912,True
0.425424,3,0.531915,0.168698,0.65903,0.003467,0.422915,0.414912,True
0.425424,3,0.553191,0.168698,0.663493,0.003467,0.422915,0.414912,True
0.425424,3,0.574468,0.152546,0.663642,0.003467,0.422915,0.414912,True
0.425424,3,0.595745,0.150054,0.656204,0.003467,0.422915,0.414912,True
0.425424,3,0.617021,0.235379,0.665724,0.003467,0.422915,0.414912,True
0.425424,3,0.638298,0.32926,0.670336,0.003467,0.422915,0.414912,True
0.425424,3,0.659574,0.254413,0.670634,0.003467,0.422915,0.414912,True
0.425424,3,0.680851,0.228804,0.645939,0.003467,0.422915,0.414912,True
0.425424,3,0.702128,0.194548,0.615739,0.003467,0.422915,0.414912,True
0.425424,3,0.723404,0.149664,0.570961,0.003467,0.422915,0.414912,True
0.425424,3,0.744681,0.126096,0.540613,0.003467,0.422915,0.414912,True
0.425424,3,0.765957,0.114297,0.501636,0.003467,0.422915,0.414912,False
0.425424,3,0.787234,0.117599,0.476793,0.003467,0.422915,0.414912,True
0.425424,3,0.808511,0.117599,0.471437,0.003467,0.422915,0.414912,True
0.425424,3,0.829787,0.122703,0.489586,0.003467,0.422915,0.414912,True
0.425424,3,0.851064,0.110994,0.466379,0.003467,0.422915,0.414912,False
0.425424,3,0.87234,0.101117,0.428295,0.003467,0.422915,0.414912,False
0.425424,3,0.893617,0.114297,0.448378,0.003467,0.422915,0.414912,False
0.425424,3,0.914894,0.104419,0.448825,0.003467,0.422915,0.414912,False
0.425424,3,0.93617,0.114297,0.458643,0.003467,0.422915,0.414912,False
0.425424,3,0.957447,0.103729,0.444213,0.003467,0.422915,0.414912,False
0.425424,3,0.978723,0.101117,0.420113,0.003467,0.422915,0.414912,False
0.425424,3,1.0,0.094542,0.386195,0.003467,0.422915,0.414912,False
0.425468,4,0.0,0.081812,0.358822,0.003467,0.422915,0.414912,False
0.425468,4,0.021277,0.077279,0.291431,0.003467,0.422915,0.414912,False
0.425468,4,0.042553,0.074186,0.237876,0.003467,0.422915,0.414912,False
0.425468,4,0.06383,0.074186,0.203808,0.003467,0.422915,0.414912,False
0.425468,4,0.085106,0.074186,0.176287,0.003467,0.422915,0.414912,False
0.425468,4,0.106383,0.074186,0.158286,0.003467,0.422915,0.414912,False
0.425468,4,0.12766,0.074186,0.148468,0.003467,0.422915,0.414912,False
0.425468,4,0.148936,0.076678,0.153972,0.003467,0.422915,0.414912,False
0.425468,4,0.170213,0.074817,0.177626,0.003467,0.422915,0.414912,False
0.425468,4,0.191489,0.076979,0.210949,0.003467,0.422915,0.414912,False
0.425468,4,0.212766,0.082353,0.274769,0.003467,0.422915,0.414912,False
0.425468,4,0.234043,0.09229,0.342309,0.003467,0.422915,0.414912,False
0.425468,4,0.255319,0.087697,0.364624,0.003467,0.422915,0.414912,False
0.425468,4,0.276596,0.102768,0.428741,0.003467,0.422915,0.414912,False
0.425468,4,0.297872,0.111084,0.469801,0.003467,0.422915,0.414912,False
0.425468,4,0.319149,0.116278,0.504463,0.003467,0.422915,0.414912,False
0.425468,4,0.340426,0.127117,0.569771,0.003467,0.422915,0.414912,True
0.425468,4,0.361702,0.18458,0.600417,0.003467,0.422915,0.414912,True
0.425468,4,0.382979,0.164615,0.59521,0.003467,0.422915,0.414912,True
0.425468,4,0.404255,0.134682,0.600714,0.003467,0.422915,0.414912,True
0.425468,4,0.425532,0.164615,0.604433,0.003467,0.422915,0.414912,True
0.425468,4,0.446809,0.164615,0.604284,0.003467,0.422915,0.414912,True
0.425468,4,0.468085,0.164615,0.606665,0.003467,0.422915,0.414912,True
0.425468,4,0.489362,0.164615,0.604284,0.003467,0.422915,0.414912,True
0.425468,4,0.510638,0.140987,0.613805,0.003467,0.422915,0.414912,True
0.425468,4,0.531915,0.147112,0.619458,0.003467,0.422915,0.414912,True
0.425468,4,0.553191,0.164615,0.616334,0.003467,0.422915,0.414912,True
0.425468,4,0.574468,0.134682,0.604731,0.003467,0.422915,0.414912,True
0.425468,4,0.595745,0.135103,0.598334,0.003467,0.422915,0.414912,True
0.425468,4,0.617021,0.134682,0.594168,0.003467,0.422915,0.414912,True
0.425468,4,0.638298,0.119671,0.584796,0.003467,0.422915,0.414912,False
0.425468,4,0.659574,0.116278,0.575275,0.003467,0.422915,0.414912,False
0.425468,4,0.680851,0.116278,0.554151,0.003467,0.422915,0.414912,False
0.425468,4,0.702128,0.106161,0.538381,0.003467,0.422915,0.414912,False
0.425468,4,0.723404,0.096013,0.507289,0.003467,0.422915,0.414912,False
0.425468,4,0.744681,0.089288,0.487504,0.003467,0.422915,0.414912,False
0.425468,4,0.765957,0.089288,0.463701,0.003467,0.422915,0.414912,False
0.425468,4,0.787234,0.096013,0.447635,0.003467,0.422915,0.414912,False
0.425468,4,0.808511,0.09265,0.451056,0.003467,0.422915,0.414912,False
0.425468,4,0.829787,0.095322,0.451056,0.003467,0.422915,0.414912,False
0.425468,4,0.851064,0.09265,0.415501,0.003467,0.422915,0.414912,False
0.425468,4,0.87234,0.085895,0.381434,0.003467,0.422915,0.414912,False
0.425468,4,0.893617,0.09265,0.405237,0.003467,0.422915,0.414912,False
0.425468,4,0.914894,0.09265,0.418923,0.003467,0.422915,0.414912,False
0.425468,4,0.93617,0.096013,0.433204,0.003467,0.422915,0.414912,False
0.425468,4,0.957447,0.089288,0.428593,0.003467,0.422915,0.414912,False
0.425468,4,0.978723,0.09229,0.420113,0.003467,0.422915,0.414912,False
0.425468,4,1.0,0.09265,0.395418,0.003467,0.422915,0.414912,False
0.425512,5,0.0,0.085895,0.367004,0.003467,0.422915,0.414912,False
0.425512,5,0.021277,0.071875,0.299018,0.003467,0.422915,0.414912,False
0.425512,5,0.042553,0.071875,0.246802,0.003467,0.422915,0.414912,False
0.425512,5,0.06383,0.071875,0.213032,0.003467,0.422915,0.414912,False
0.425512,5,0.085106,0.071875,0.182981,0.003467,0.422915,0.414912,False
0.425512,5,0.106383,0.075087,0.163195,0.003467,0.422915,0.414912,False
0.425512,5,0.12766,0.073316,0.150253,0.003467,0.422915,0.414912,False
0.425512,5,0.148936,0.060226,0.14698,0.003467,0.422915,0.414912,False
0.425512,5,0.170213,0.069863,0.166468,0.003467,0.422915,0.414912,False
0.425512,5,0.191489,0.074997,0.195626,0.003467,0.422915,0.414912,False
0.425512,5,0.212766,0.077459,0.256769,0.003467,0.422915,0.414912,False
0.425512,5,0.234043,0.073316,0.317911,0.003467,0.422915,0.414912,False
0.425512,5,0.255319,0.073316,0.34335,0.003467,0.422915,0.414912,False
0.425512,5,0.276596,0.071604,0.406278,0.003467,0.422915,0.414912,False
0.425512,5,0.297872,0.081422,0.437816,0.003467,0.422915,0.414912,False
0.425512,5,0.319149,0.073316,0.472478,0.003467,0.422915,0.414912,False
0.425512,5,0.340426,0.07842,0.518298,0.003467,0.422915,0.414912,False
0.425512,5,0.361702,0.081782,0.533472,0.003467,0.422915,0.414912,False
0.425512,5,0.382979,0.073316,0.519637,0.003467,0.422915,0.414912,False
0.425512,5,0.404255,0.07842,0.50967,0.003467,0.422915,0.414912,False
0.425512,5,0.425532,0.065089,0.519191,0.003467,0.422915,0.414912,False
0.425512,5,0.446809,0.062387,0.52053,0.003467,0.422915,0.414912,False
0.425512,5,0.468085,0.074126,0.517852,0.003467,0.422915,0.414912,False
0.425512,5,0.489362,0.069863,0.518596,0.003467,0.422915,0.414912,False
0.425512,5,0.510638,0.073316,0.513835,0.003467,0.422915,0.414912,False
0.425512,5,0.531915,0.069863,0.507141,0.003467,0.422915,0.414912,False
0.425512,5,0.553191,0.062387,0.503422,0.003467,0.422915,0.414912,False
0.425512,5,0.574468,0.062387,0.495388,0.003467,0.422915,0.414912,False
0.425512,5,0.595745,0.062387,0.488991,0.003467,0.422915,0.414912,False
0.425512,5,0.617021,0.060376,0.483041,0.003467,0.422915,0.414912,False
0.425512,5,0.638298,0.060376,0.47828,0.003467,0.422915,0.414912,False
0.425512,5,0.659574,0.062387,0.487057,0.003467,0.422915,0.414912,False
0.425512,5,0.680851,0.062387,0.468015,0.003467,0.422915,0.414912,False
0.425512,5,0.702128,0.060376,0.456263,0.003467,0.422915,0.414912,False
0.425512,5,0.723404,0.074997,0.416543,0.003467,0.422915,0.414912,False
0.425512,5,0.744681,0.073316,0.398393,0.003467,0.422915,0.414912,False
0.425512,5,0.765957,0.074997,0.379798,0.003467,0.422915,0.414912,False
0.425512,5,0.787234,0.074997,0.374591,0.003467,0.422915,0.414912,False
0.425512,5,0.808511,0.084064,0.377864,0.003467,0.422915,0.414912,True
0.425512,5,0.829787,0.07842,0.375335,0.003467,0.422915,0.414912,True
0.425512,5,0.851064,0.073316,0.352127,0.003467,0.422915,0.414912,False
0.425512,5,0.87234,0.073316,0.329069,0.003467,0.422915,0.414912,False
0.425512,5,0.893617,0.074997,0.36507,0.003467,0.422915,0.414912,True
0.425512,5,0.914894,0.074997,0.382029,0.003467,0.422915,0.414912,True
0.425512,5,0.93617,0.062387,0.40598,0.003467,0.422915,0.414912,False
0.425512,5,0.957447,0.069863,0.40717,0.003467,0.422915,0.414912,False
0.425512,5,0.978723,0.062387,0.391699,0.003467,0.422915,0.414912,False
0.425512,5,1.0,0.062387,0.36745,0.003467,0.422915,0.414912,False
0.425556,6,0.0,0.069863,0.334424,0.003467,0.422915,0.414912,False
0.425556,6,0.021277,0.066951,0.268521,0.003467,0.422915,0.414912,False
0.425556,6,0.042553,0.058394,0.220173,0.003467,0.422915,0.414912,False
0.425556,6,0.06383,0.069863,0.18432,0.003467,0.422915,0.414912,False
0.425556,6,0.085106,0.058394,0.148468,0.003467,0.422915,0.414912,False
0.425556,6,0.106383,0.066951,0.13017,0.003467,0.422915,0.414912,False
0.425556,6,0.12766,0.055242,0.115293,0.003467,0.422915,0.414912,False
0.425556,6,0.148936,0.055242,0.112764,0.003467,0.422915,0.414912,False
0.425556,6,0.170213,0.055242,0.119607,0.003467,0.422915,0.414912,False
0.425556,6,0.191489,0.066951,0.129723,0.003467,0.422915,0.414912,False
0.425556,6,0.212766,0.072715,0.146831,0.003467,0.422915,0.414912,True
0.425556,6,0.234043,0.067461,0.171526,0.003467,0.422915,0.414912,False
0.425556,6,0.255319,0.076258,0.200238,0.003467,0.422915,0.414912,True
0.425556,6,0.276596,0.074817,0.25662,0.003467,0.422915,0.414912,True
0.425556,6,0.297872,0.078059,0.302142,0.003467,0.422915,0.414912,True
0.425556,6,0.319149,0.076108,0.344094,0.003467,0.422915,0.414912,True
0.425556,6,0.340426,0.076108,0.392889,0.003467,0.422915,0.414912,True
0.425556,6,0.361702,0.078059,0.413121,0.003467,0.422915,0.414912,True
0.425556,6,0.382979,0.076108,0.41327,0.003467,0.422915,0.414912,True
0.425556,6,0.404255,0.076228,0.404195,0.003467,0.422915,0.414912,True
0.425556,6,0.425532,0.076258,0.400179,0.003467,0.422915,0.414912,True
0.425556,6,0.446809,0.084574,0.394079,0.003467,0.422915,0.414912,True
0.425556,6,0.468085,0.076258,0.386195,0.003467,0.422915,0.414912,True
0.425556,6,0.489362,0.086346,0.378012,0.003467,0.422915,0.414912,True
0.425556,6,0.510638,0.087997,0.363285,0.003467,0.422915,0.414912,True
0.425556,6,0.531915,0.084574,0.338292,0.003467,0.422915,0.414912,True
0.425556,6,0.553191,0.078059,0.322821,0.003467,0.422915,0.414912,True
0.425556,6,0.574468,0.076108,0.312407,0.003467,0.422915,0.414912,True
0.425556,6,0.595745,0.076108,0.3072,0.003467,0.422915,0.414912,True
0.425556,6,0.617021,0.082323,0.311366,0.003467,0.422915,0.414912,True
0.425556,6,0.638298,0.076258,0.304522,0.003467,0.422915,0.414912,True
0.425556,6,0.659574,0.076108,0.311812,0.003467,0.422915,0.414912,True
0.425556,6,0.680851,0.078059,0.295894,0.003467,0.422915,0.414912,True
0.425556,6,0.702128,0.076138,0.310771,0.003467,0.422915,0.414912,True
0.425556,6,0.723404,0.076258,0.311366,0.003467,0.422915,0.414912,True
0.425556,6,0.744681,0.074427,0.312853,0.003467,0.422915,0.414912,True
0.425556,6,0.765957,0.082323,0.308985,0.003467,0.422915,0.414912,True
0.425556,6,0.787234,0.076258,0.297382,0.003467,0.422915,0.414912,True
0.425556,6,0.808511,0.082323,0.29753,0.003467,0.422915,0.414912,True
0.425556,6,0.829787,0.076258,0.311217,0.003467,0.422915,0.414912,True
0.425556,6,0.851064,0.067461,0.293216,0.003467,0.422915,0.414912,False
0.425556,6,0.87234,0.058394,0.276108,0.003467,0.422915,0.414912,False
0.425556,6,0.893617,0.076258,0.290836,0.003467,0.422915,0.414912,True
0.425556,6,0.914894,0.058394,0.295894,0.003467,0.422915,0.414912,False
0.425556,6,0.93617,0.063438,0.306903,0.003467,0.422915,0.414912,False
0.425556,6,0.957447,0.058394,0.287712,0.003467,0.422915,0.414912,False
0.425556,6,0.978723,0.058394,0.272984,0.003467,0.422915,0.414912,False
0.425556,6,1.0,0.058394,0.229247,0.003467,0.422915,0.414912,False
0.425601,7,0.0,0.058394,0.217048,0.003467,0.422915,0.414912,False
0.425601,7,0.021277,0.056923,0.164832,0.003467,0.422915,0.414912,False
0.425601,7,0.042553,0.056923,0.13136,0.003467,0.422915,0.414912,False
0.425601,7,0.06383,0.055242,0.101309,0.003467,0.422915,0.414912,False
0.425601,7,0.085106,0.055242,0.08554,0.003467,0.422915,0.414912,False
0.425601,7,0.106383,0.055242,0.068432,0.003467,0.422915,0.414912,False
0.425601,7,0.12766,0.055242,0.063374,0.003467,0.422915,0.414912,False
0.425601,7,0.148936,0.055242,0.060696,0.003467,0.422915,0.414912,False
0.425601,7,0.170213,0.055242,0.065308,0.003467,0.422915,0.414912,False
0.425601,7,0.191489,0.055242,0.068878,0.003467,0.422915,0.414912,False
0.425601,7,0.212766,0.066741,0.083755,0.003467,0.422915,0.414912,False
0.425601,7,0.234043,0.066741,0.096846,0.003467,0.422915,0.414912,False
0.425601,7,0.255319,0.066741,0.114103,0.003467,0.422915,0.414912,False
0.425601,7,0.276596,0.074817,0.147426,0.003467,0.422915,0.414912,True
0.425601,7,0.297872,0.076258,0.190271,0.003467,0.422915,0.414912,True
0.425601,7,0.319149,0.076258,0.239215,0.003467,0.422915,0.414912,True
0.425601,7,0.340426,0.075808,0.293514,0.003467,0.422915,0.414912,True
0.425601,7,0.361702,0.076258,0.319994,0.003467,0.422915,0.414912,True
0.425601,7,0.382979,0.075657,0.339185,0.003467,0.422915,0.414912,True
0.425601,7,0.404255,0.076258,0.339482,0.003467,0.422915,0.414912,True
0.425601,7,0.425532,0.076258,0.34454,0.003467,0.422915,0.414912,True
0.425601,7,0.446809,0.076258,0.348557,0.003467,0.422915,0.414912,True
0.425601,7,0.468085,0.076258,0.341416,0.003467,0.422915,0.414912,True
0.425601,7,0.489362,0.076258,0.329069,0.003467,0.422915,0.414912,True
0.425601,7,0.510638,0.074427,0.312705,0.003467,0.422915,0.414912,True
0.425601,7,0.531915,0.074427,0.294258,0.003467,0.422915,0.414912,True
0.425601,7,0.553191,0.074427,0.27715,0.003467,0.422915,0.414912,True
0.425601,7,0.574468,0.057013,0.264802,0.003467,0.422915,0.414912,False
0.425601,7,0.595745,0.066741,0.265248,0.003467,0.422915,0.414912,False
0.425601,7,0.617021,0.066741,0.267331,0.003467,0.422915,0.414912,False
0.425601,7,0.638298,0.056923,0.263612,0.003467,0.422915,0.414912,False
0.425601,7,0.659574,0.066741,0.26986,0.003467,0.422915,0.414912,False
0.425601,7,0.680851,0.057103,0.263463,0.003467,0.422915,0.414912,False
0.425601,7,0.702128,0.057043,0.27834,0.003467,0.422915,0.414912,False
0.425601,7,0.723404,0.056923,0.286373,0.003467,0.422915,0.414912,False
0.425601,7,0.744681,0.056923,0.286968,0.003467,0.422915,0.414912,False
0.425601,7,0.765957,0.056923,0.277447,0.003467,0.422915,0.414912,False
0.425601,7,0.787234,0.056923,0.273579,0.003467,0.422915,0.414912,False
0.425601,7,0.808511,0.058394,0.287563,0.003467,0.422915,0.414912,False
0.425601,7,0.829787,0.058394,0.300208,0.003467,0.422915,0.414912,False
0.425601,7,0.851064,0.057344,0.284885,0.003467,0.422915,0.414912,False
0.425601,7,0.87234,0.056923,0.256471,0.003467,0.422915,0.414912,False
0.425601,7,0.893617,0.066741,0.279084,0.003467,0.422915,0.414912,True
0.425601,7,0.914894,0.056923,0.280422,0.003467,0.422915,0.414912,False
0.425601,7,0.93617,0.058394,0.29039,0.003467,0.422915,0.414912,False
0.425601,7,0.957447,0.058394,0.265992,0.003467,0.422915,0.414912,False
0.425601,7,0.978723,0.056923,0.245909,0.003467,0.422915,0.414912,False
0.425601,7,1.0,0.056923,0.208123,0.003467,0.422915,0.414912,False
0.425645,1,0.0,0.056923,0.199197,0.003467,0.422915,0.414912,False
0.425645,1,0.021277,0.055242,0.153823,0.003467,0.422915,0.414912,False
0.425645,1,0.042553,0.055242,0.118417,0.003467,0.422915,0.414912,False
0.425645,1,0.06383,0.055242,0.09283,0.003467,0.422915,0.414912,False
0.425645,1,0.085106,0.055242,0.0723,0.003467,0.422915,0.414912,False
0.425645,1,0.106383,0.041131,0.058614,0.003467,0.422915,0.414912,False
0.425645,1,0.12766,0.055242,0.054002,0.003467,0.422915,0.414912,False
0.425645,1,0.148936,0.055242,0.053407,0.003467,0.422915,0.414912,False
0.425645,1,0.170213,0.067641,0.05906,0.003467,0.422915,0.414912,True
0.425645,1,0.191489,0.067641,0.066796,0.003467,0.422915,0.414912,True
0.425645,1,0.212766,0.073436,0.085391,0.003467,0.422915,0.414912,True
0.425645,1,0.234043,0.068152,0.098483,0.003467,0.422915,0.414912,True
0.425645,1,0.255319,0.067641,0.114698,0.003467,0.422915,0.414912,True
0.425645,1,0.276596,0.074817,0.154567,0.003467,0.422915,0.414912,True
0.425645,1,0.297872,0.076108,0.203808,0.003467,0.422915,0.414912,True
0.425645,1,0.319149,0.076258,0.245165,0.003467,0.422915,0.414912,True
0.425645,1,0.340426,0.078119,0.314341,0.003467,0.422915,0.414912,True
0.425645,1,0.361702,0.085895,0.349301,0.003467,0.422915,0.414912,True
0.425645,1,0.382979,0.089078,0.353913,0.003467,0.422915,0.414912,True
0.425645,1,0.404255,0.086436,0.359714,0.003467,0.422915,0.414912,True
0.425645,1,0.425532,0.089078,0.354061,0.003467,0.422915,0.414912,True
0.425645,1,0.446809,0.085895,0.351235,0.003467,0.422915,0.414912,True
0.425645,1,0.468085,0.082323,0.346772,0.003467,0.422915,0.414912,True
0.425645,1,0.489362,0.078119,0.344392,0.003467,0.422915,0.414912,True
0.425645,1,0.510638,0.078119,0.332639,0.003467,0.422915,0.414912,True
0.425645,1,0.531915,0.082323,0.32535,0.003467,0.422915,0.414912,True
0.425645,1,0.553191,0.082323,0.323267,0.003467,0.422915,0.414912,True
0.425645,1,0.574468,0.085895,0.318953,0.003467,0.422915,0.414912,True
0.425645,1,0.595745,0.086436,0.317614,0.003467,0.422915,0.414912,True
0.425645,1,0.617021,0.085895,0.322969,0.003467,0.422915,0.414912,True
0.425645,1,0.638298,0.086436,0.322374,0.003467,0.422915,0.414912,True
0.425645,1,0.659574,0.082323,0.332788,0.003467,0.422915,0.414912,True
0.425645,1,0.680851,0.085895,0.336805,0.003467,0.422915,0.414912,True
0.425645,1,0.702128,0.076258,0.350045,0.003467,0.422915,0.414912,True
0.425645,1,0.723404,0.078119,0.340226,0.003467,0.422915,0.414912,True
0.425645,1,0.744681,0.074667,0.330556,0.003467,0.422915,0.414912,True
0.425645,1,0.765957,0.067641,0.314341,0.003467,0.422915,0.414912,False
0.425645,1,0.787234,0.059685,0.308985,0.003467,0.422915,0.414912,False
0.425645,1,0.808511,0.074877,0.332342,0.003467,0.422915,0.414912,True
0.425645,1,0.829787,0.074697,0.350491,0.003467,0.422915,0.414912,True
0.425645,1,0.851064,0.074427,0.327581,0.003467,0.422915,0.414912,True
0.425645,1,0.87234,0.074427,0.294109,0.003467,0.422915,0.414912,True
0.425645,1,0.893617,0.078119,0.314936,0.003467,0.422915,0.414912,True
0.425645,1,0.914894,0.076258,0.320143,0.003467,0.422915,0.414912,True
0.425645,1,0.93617,0.082323,0.344243,0.003467,0.422915,0.414912,True
0.425645,1,0.957447,0.082323,0.345284,0.003467,0.422915,0.414912,True
0.425645,1,0.978723,0.078119,0.335466,0.003467,0.422915,0.414912,True
0.425645,1,1.0,0.076258,0.306754,0.003467,0.422915,0.414912,True
0.425689,2,0.0,0.058394,0.288605,0.003467,0.422915,0.414912,False
0.425689,2,0.021277,0.056923,0.224933,0.003467,0.422915,0.414912,False
0.425689,2,0.042553,0.056923,0.169592,0.003467,0.422915,0.414912,False
0.425689,2,0.06383,0.055242,0.137608,0.003467,0.422915,0.414912,False
0.425689,2,0.085106,0.055242,0.116186,0.003467,0.422915,0.414912,False
0.425689,2,0.106383,0.055242,0.105326,0.003467,0.422915,0.414912,False
0.425689,2,0.12766,0.055242,0.103689,0.003467,0.422915,0.414912,False
0.425689,2,0.148936,0.067641,0.114103,0.003467,0.422915,0.414912,False
0.425689,2,0.170213,0.056923,0.132847,0.003467,0.422915,0.414912,False
0.425689,2,0.191489,0.066951,0.175245,0.003467,0.422915,0.414912,False
0.425689,2,0.212766,0.067281,0.246504,0.003467,0.422915,0.414912,False
0.425689,2,0.234043,0.066951,0.313597,0.003467,0.422915,0.414912,False
0.425689,2,0.255319,0.067281,0.346772,0.003467,0.422915,0.414912,False
0.425689,2,0.276596,0.089288,0.410146,0.003467,0.422915,0.414912,True
0.425689,2,0.297872,0.09265,0.457751,0.003467,0.422915,0.414912,True
0.425689,2,0.319149,0.091359,0.494793,0.003467,0.422915,0.414912,True
0.425689,2,0.340426,0.102768,0.540762,0.003467,0.422915,0.414912,True
0.425689,2,0.361702,0.089288,0.562184,0.003467,0.422915,0.414912,True
0.425689,2,0.382979,0.099406,0.561291,0.003467,0.422915,0.414912,True
0.425689,2,0.404255,0.091359,0.555043,0.003467,0.422915,0.414912,True
0.425689,2,0.425532,0.096013,0.557423,0.003467,0.422915,0.414912,True
0.425689,2,0.446809,0.099075,0.558316,0.003467,0.422915,0.414912,True
0.425689,2,0.468085,0.076498,0.542249,0.003467,0.422915,0.414912,False
0.425689,2,0.489362,0.062357,0.539274,0.003467,0.422915,0.414912,False
0.425689,2,0.510638,0.072715,0.544481,0.003467,0.422915,0.414912,False
0.425689,2,0.531915,0.076498,0.541952,0.003467,0.422915,0.414912,True
0.425689,2,0.553191,0.076498,0.535852,0.003467,0.422915,0.414912,True
0.425689,2,0.574468,0.067281,0.530199,0.003467,0.422915,0.414912,False
0.425689,2,0.595745,0.067281,0.524993,0.003467,0.422915,0.414912,False
0.425689,2,0.617021,0.076498,0.53377,0.003467,0.422915,0.414912,True
0.425689,2,0.638298,0.085895,0.543142,0.003467,0.422915,0.414912,True
0.425689,2,0.659574,0.085895,0.543291,0.003467,0.422915,0.414912,True
0.425689,2,0.680851,0.076498,0.532877,0.003467,0.422915,0.414912,True
0.425689,2,0.702128,0.076498,0.516513,0.003467,0.422915,0.414912,True
0.425689,2,0.723404,0.062387,0.469354,0.003467,0.422915,0.414912,False
0.425689,2,0.744681,0.062387,0.454478,0.003467,0.422915,0.414912,False
0.425689,2,0.765957,0.076498,0.421601,0.003467,0.422915,0.414912,True
0.425689,2,0.787234,0.084634,0.40122,0.003467,0.422915,0.414912,True
0.425689,2,0.808511,0.091359,0.406129,0.003467,0.422915,0.414912,True
0.425689,2,0.829787,0.076498,0.398988,0.003467,0.422915,0.414912,True
0.425689,2,0.851064,0.076498,0.367153,0.003467,0.422915,0.414912,True
0.425689,2,0.87234,0.060316,0.344243,0.003467,0.422915,0.414912,False
0.425689,2,0.893617,0.071004,0.384707,0.003467,0.422915,0.414912,False
0.425689,2,0.914894,0.064879,0.393187,0.003467,0.422915,0.414912,False
0.425689,2,0.93617,0.061667,0.426212,0.003467,0.422915,0.414912,False
0.425689,2,0.957447,0.060316,0.417733,0.003467,0.422915,0.414912,False
0.425689,2,0.978723,0.060316,0.405534,0.003467,0.422915,0.414912,False
0.425689,2,1.0,0.057644,0.375632,0.003467,0.422915,0.414912,False
0.425733,3,0.0,0.055242,0.347367,0.003467,0.422915,0.414912,False
0.425733,3,0.021277,0.056083,0.280869,0.003467,0.422915,0.414912,False
0.425733,3,0.042553,0.056923,0.225974,0.003467,0.422915,0.414912,False
0.425733,3,0.06383,0.055242,0.189676,0.003467,0.422915,0.414912,False
0.425733,3,0.085106,0.055242,0.156055,0.003467,0.422915,0.414912,False
0.425733,3,0.106383,0.055242,0.132104,0.003467,0.422915,0.414912,False
0.425733,3,0.12766,0.055242,0.12645,0.003467,0.422915,0.414912,False
0.425733,3,0.148936,0.055242,0.133294,0.003467,0.422915,0.414912,False
0.425733,3,0.170213,0.060166,0.158881,0.003467,0.422915,0.414912,False
0.425733,3,0.191489,0.073946,0.189824,0.003467,0.422915,0.414912,True
0.425733,3,0.212766,0.076258,0.263314,0.003467,0.422915,0.414912,True
0.425733,3,0.234043,0.076498,0.337251,0.003467,0.422915,0.414912,True
0.425733,3,0.255319,0.082893,0.364177,0.003467,0.422915,0.414912,True
0.425733,3,0.276596,0.084634,0.415501,0.003467,0.422915,0.414912,True
0.425733,3,0.297872,0.088027,0.453734,0.003467,0.422915,0.414912,True
0.425733,3,0.319149,0.090068,0.490033,0.003467,0.422915,0.414912,True
0.425733,3,0.340426,0.101477,0.54701,0.003467,0.422915,0.414912,True
0.425733,3,0.361702,0.10484,0.566052,0.003467,0.422915,0.414912,True
0.425733,3,0.382979,0.096073,0.567688,0.003467,0.422915,0.414912,True
0.425733,3,0.404255,0.101477,0.562035,0.003467,0.422915,0.414912,True
0.425733,3,0.425532,0.101477,0.553704,0.003467,0.422915,0.414912,True
0.425733,3,0.446809,0.098145,0.558316,0.003467,0.422915,0.414912,True
0.425733,3,0.468085,0.094752,0.555043,0.003467,0.422915,0.414912,True
0.425733,3,0.489362,0.091389,0.549836,0.003467,0.422915,0.414912,True
0.425733,3,0.510638,0.091389,0.547456,0.003467,0.422915,0.414912,True
0.425733,3,0.531915,0.091389,0.539125,0.003467,0.422915,0.414912,True
0.425733,3,0.553191,0.088027,0.530051,0.003467,0.422915,0.414912,True
0.425733,3,0.574468,0.084664,0.522315,0.003467,0.422915,0.414912,True
0.425733,3,0.595745,0.076498,0.516959,0.003467,0.422915,0.414912,True
0.425733,3,0.617021,0.076498,0.510116,0.003467,0.422915,0.414912,True
0.425733,3,0.638298,0.084664,0.509372,0.003467,0.422915,0.414912,True
0.425733,3,0.659574,0.076498,0.511157,0.003467,0.422915,0.414912,True
0.425733,3,0.680851,0.085835,0.507289,0.003467,0.422915,0.414912,True
0.425733,3,0.702128,0.076498,0.507587,0.003467,0.422915,0.414912,True
0.425733,3,0.723404,0.090068,0.47947,0.003467,0.422915,0.414912,True
0.425733,3,0.744681,0.088027,0.455817,0.003467,0.422915,0.414912,True
0.425733,3,0.765957,0.084664,0.424278,0.003467,0.422915,0.414912,True
0.425733,3,0.787234,0.084634,0.411782,0.003467,0.422915,0.414912,True
0.425733,3,0.808511,0.088027,0.421749,0.003467,0.422915,0.414912,True
0.425733,3,0.829787,0.090068,0.419369,0.003467,0.422915,0.414912,True
0.425733,3,0.851064,0.076498,0.391401,0.003467,0.422915,0.414912,False
0.425733,3,0.87234,0.084634,0.364029,0.003467,0.422915,0.414912,True
0.425733,3,0.893617,0.084634,0.38679,0.003467,0.422915,0.414912,True
0.425733,3,0.914894,0.076498,0.406129,0.003467,0.422915,0.414912,False
0.425733,3,0.93617,0.076498,0.428444,0.003467,0.422915,0.414912,False
0.425733,3,0.957447,0.067281,0.424278,0.003467,0.422915,0.414912,False
0.425733,3,0.978723,0.067281,0.412526,0.003467,0.422915,0.414912,False
0.425733,3,1.0,0.076498,0.391401,0.003467,0.422915,0.414912,False
0.425778,4,0.0,0.074817,0.356144,0.003467,0.422915,0.414912,False
0.425778,4,0.021277,0.058094,0.295745,0.003467,0.422915,0.414912,False
0.425778,4,0.042553,0.056923,0.236388,0.003467,0.422915,0.414912,False
0.425778,4,0.06383,0.056923,0.199197,0.003467,0.422915,0.414912,False
0.425778,4,0.085106,0.056923,0.169592,0.003467,0.422915,0.414912,False
0.425778,4,0.106383,0.066951,0.150104,0.003467,0.422915,0.414912,False
0.425778,4,0.12766,0.069683,0.140881,0.003467,0.422915,0.414912,False
0.425778,4,0.148936,0.073946,0.144302,0.003467,0.422915,0.414912,False
0.425778,4,0.170213,0.074817,0.166171,0.003467,0.422915,0.414912,False
0.425778,4,0.191489,0.076979,0.193395,0.003467,0.422915,0.414912,False
0.425778,4,0.212766,0.076918,0.268373,0.003467,0.422915,0.414912,False
0.425778,4,0.234043,0.076258,0.338738,0.003467,0.422915,0.414912,False
0.425778,4,0.255319,0.084634,0.373401,0.003467,0.422915,0.414912,True
0.425778,4,0.276596,0.084965,0.430527,0.003467,0.422915,0.414912,True
0.425778,4,0.297872,0.098445,0.462809,0.003467,0.422915,0.414912,True
0.425778,4,0.319149,0.096073,0.49881,0.003467,0.422915,0.414912,True
0.425778,4,0.340426,0.10514,0.555936,0.003467,0.422915,0.414912,True
0.425778,4,0.361702,0.102078,0.576168,0.003467,0.422915,0.414912,True
0.425778,4,0.382979,0.101777,0.57587,0.003467,0.422915,0.414912,True
0.425778,4,0.404255,0.095052,0.570366,0.003467,0.422915,0.414912,True
0.425778,4,0.425532,0.098445,0.565903,0.003467,0.422915,0.414912,True
0.425778,4,0.446809,0.096073,0.559804,0.003467,0.422915,0.414912,True
0.425778,4,0.468085,0.09169,0.558762,0.003467,0.422915,0.414912,True
0.425778,4,0.489362,0.095052,0.553258,0.003467,0.422915,0.414912,True
0.425778,4,0.510638,0.090068,0.547754,0.003467,0.422915,0.414912,True
0.425778,4,0.531915,0.090068,0.543142,0.003467,0.422915,0.414912,True
0.425778,4,0.553191,0.088327,0.533621,0.003467,0.422915,0.414912,True
0.425778,4,0.574468,0.084965,0.523505,0.003467,0.422915,0.414912,True
0.425778,4,0.595745,0.084965,0.515769,0.003467,0.422915,0.414912,True
0.425778,4,0.617021,0.084965,0.512943,0.003467,0.422915,0.414912,True
0.425778,4,0.638298,0.084965,0.517108,0.003467,0.422915,0.414912,True
0.425778,4,0.659574,0.090068,0.513686,0.003467,0.422915,0.414912,True
0.425778,4,0.680851,0.088327,0.508331,0.003467,0.422915,0.414912,True
0.425778,4,0.702128,0.095052,0.512199,0.003467,0.422915,0.414912,True
0.425778,4,0.723404,0.102078,0.492711,0.003467,0.422915,0.414912,True
0.425778,4,0.744681,0.101988,0.475007,0.003467,0.422915,0.414912,True
0.425778,4,0.765957,0.101988,0.453139,0.003467,0.422915,0.414912,True
0.425778,4,0.787234,0.09169,0.438262,0.003467,0.422915,0.414912,True
0.425778,4,0.808511,0.096073,0.442279,0.003467,0.422915,0.414912,True
0.425778,4,0.829787,0.096073,0.436477,0.003467,0.422915,0.414912,True
0.425778,4,0.851064,0.090068,0.404046,0.003467,0.422915,0.414912,True
0.425778,4,0.87234,0.084634,0.369682,0.003467,0.422915,0.414912,False
0.425778,4,0.893617,0.09169,0.397501,0.003467,0.422915,0.414912,True
0.425778,4,0.914894,0.084965,0.415501,0.003467,0.422915,0.414912,True
0.425778,4,0.93617,0.082983,0.439006,0.003467,0.422915,0.414912,False
0.425778,4,0.957447,0.084965,0.433651,0.003467,0.422915,0.414912,False
0.425778,4,0.978723,0.084965,0.411782,0.003467,0.422915,0.414912,False
0.425778,4,1.0,0.084634,0.384261,0.003467,0.422915,0.414912,False
0.425822,5,0.0,0.058034,0.356442,0.003467,0.422915,0.414912,False
0.425822,5,0.021277,0.056593,0.287563,0.003467,0.422915,0.414912,False
0.425822,5,0.042553,0.055242,0.227165,0.003467,0.422915,0.414912,False
0.425822,5,0.06383,0.055242,0.187147,0.003467,0.422915,0.414912,False
0.425822,5,0.085106,0.055242,0.159625,0.003467,0.422915,0.414912,False
0.425822,5,0.106383,0.055242,0.137905,0.003467,0.422915,0.414912,False
0.425822,5,0.12766,0.055242,0.130616,0.003467,0.422915,0.414912,False
0.425822,5,0.148936,0.055242,0.128979,0.003467,0.422915,0.414912,False
0.425822,5,0.170213,0.066951,0.154418,0.003467,0.422915,0.414912,False
0.425822,5,0.191489,0.056593,0.188337,0.003467,0.422915,0.414912,False
0.425822,5,0.212766,0.068152,0.262124,0.003467,0.422915,0.414912,False
0.425822,5,0.234043,0.067491,0.326837,0.003467,0.422915,0.414912,False
0.425822,5,0.255319,0.077189,0.35183,0.003467,0.422915,0.414912,False
0.425822,5,0.276596,0.061397,0.412824,0.003467,0.422915,0.414912,False
0.425822,5,0.297872,0.090068,0.452098,0.003467,0.422915,0.414912,True
0.425822,5,0.319149,0.093071,0.487206,0.003467,0.422915,0.414912,True
0.425822,5,0.340426,0.090068,0.544035,0.003467,0.422915,0.414912,True
0.425822,5,0.361702,0.096673,0.56501,0.003467,0.422915,0.414912,True
0.425822,5,0.382979,0.085385,0.562928,0.003467,0.422915,0.414912,True
0.425822,5,0.404255,0.089168,0.555489,0.003467,0.422915,0.414912,True
0.425822,5,0.425532,0.091389,0.56144,0.003467,0.422915,0.414912,True
0.425822,5,0.446809,0.089168,0.557721,0.003467,0.422915,0.414912,True
0.425822,5,0.468085,0.085385,0.551026,0.003467,0.422915,0.414912,True
0.425822,5,0.489362,0.077189,0.543439,0.003467,0.422915,0.414912,False
0.425822,5,0.510638,0.067491,0.537489,0.003467,0.422915,0.414912,False
0.425822,5,0.531915,0.067491,0.53615,0.003467,0.422915,0.414912,False
0.425822,5,0.553191,0.077189,0.529753,0.003467,0.422915,0.414912,False
0.425822,5,0.574468,0.089168,0.517554,0.003467,0.422915,0.414912,True
0.425822,5,0.595745,0.077189,0.515918,0.003467,0.422915,0.414912,False
0.425822,5,0.617021,0.090068,0.524398,0.003467,0.422915,0.414912,True
0.425822,5,0.638298,0.099075,0.530646,0.003467,0.422915,0.414912,True
0.425822,5,0.659574,0.091389,0.530348,0.003467,0.422915,0.414912,True
0.425822,5,0.680851,0.104179,0.514579,0.003467,0.422915,0.414912,True
0.425822,5,0.702128,0.096673,0.501041,0.003467,0.422915,0.414912,True
0.425822,5,0.723404,0.093071,0.46742,0.003467,0.422915,0.414912,True
0.425822,5,0.744681,0.096673,0.446147,0.003467,0.422915,0.414912,True
0.425822,5,0.765957,0.093071,0.413419,0.003467,0.422915,0.414912,True
0.425822,5,0.787234,0.091389,0.396162,0.003467,0.422915,0.414912,True
0.425822,5,0.808511,0.090068,0.404641,0.003467,0.422915,0.414912,True
0.425822,5,0.829787,0.090068,0.409997,0.003467,0.422915,0.414912,True
0.425822,5,0.851064,0.085385,0.397054,0.003467,0.422915,0.414912,True
0.425822,5,0.87234,0.090068,0.36745,0.003467,0.422915,0.414912,True
0.425822,5,0.893617,0.091389,0.393484,0.003467,0.422915,0.414912,True
0.425822,5,0.914894,0.081782,0.420411,0.003467,0.422915,0.414912,True
0.425822,5,0.93617,0.081782,0.444213,0.003467,0.422915,0.414912,True
0.425822,5,0.957447,0.077189,0.437667,0.003467,0.422915,0.414912,False
0.425822,5,0.978723,0.081782,0.428741,0.003467,0.422915,0.414912,True
0.425822,5,1.0,0.077189,0.398096,0.003467,0.422915,0.414912,False
0.428919,6,0.0,0.076918,0.365219,0.003467,0.422915,0.414912,False
0.428919,6,0.021277,0.056593,0.299167,0.003467,0.422915,0.414912,False
0.428919,6,0.042553,0.073646,0.234454,0.003467,0.422915,0.414912,False
0.428919,6,0.06383,0.068152,0.194734,0.003467,0.422915,0.414912,False
0.428919,6,0.085106,0.073436,0.158733,0.003467,0.422915,0.414912,False
0.428919,6,0.106383,0.068152,0.130616,0.003467,0.422915,0.414912,False
0.428919,6,0.12766,0.073436,0.116781,0.003467,0.422915,0.414912,False
0.428919,6,0.148936,0.073436,0.113359,0.003467,0.422915,0.414912,False
0.428919,6,0.170213,0.055242,0.114252,0.003467,0.422915,0.414912,False
0.428919,6,0.191489,0.070734,0.125855,0.003467,0.422915,0.414912,False
0.428919,6,0.212766,0.070734,0.144897,0.003467,0.422915,0.414912,False
0.428919,6,0.234043,0.055242,0.160815,0.003467,0.422915,0.414912,False
0.428919,6,0.255319,0.070734,0.198007,0.003467,0.422915,0.414912,False
0.428919,6,0.276596,0.076408,0.253347,0.003467,0.422915,0.414912,False
0.428919,6,0.297872,0.072025,0.317911,0.003467,0.422915,0.414912,False
0.428919,6,0.319149,0.081122,0.367004,0.003467,0.422915,0.414912,False
0.428919,6,0.340426,0.087486,0.41684,0.003467,0.422915,0.414912,True
0.428919,6,0.361702,0.087486,0.443172,0.003467,0.422915,0.414912,True
0.428919,6,0.382979,0.087486,0.455519,0.003467,0.422915,0.414912,True
0.428919,6,0.404255,0.087486,0.449122,0.003467,0.422915,0.414912,True
0.428919,6,0.425532,0.087486,0.445701,0.003467,0.422915,0.414912,True
0.428919,6,0.446809,0.086436,0.44094,0.003467,0.422915,0.414912,True
0.428919,6,0.468085,0.087036,0.43737,0.003467,0.422915,0.414912,True
0.428919,6,0.489362,0.077369,0.43127,0.003467,0.422915,0.414912,False
0.428919,6,0.510638,0.081902,0.431122,0.003467,0.422915,0.414912,True
0.428919,6,0.531915,0.086436,0.42294,0.003467,0.422915,0.414912,True
0.428919,6,0.553191,0.081902,0.420262,0.003467,0.422915,0.414912,True
0.428919,6,0.574468,0.087036,0.415799,0.003467,0.422915,0.414912,True
0.428919,6,0.595745,0.087486,0.41684,0.003467,0.422915,0.414912,True
0.428919,6,0.617021,0.087486,0.41922,0.003467,0.422915,0.414912,True
0.428919,6,0.638298,0.090879,0.421749,0.003467,0.422915,0.414912,True
0.428919,6,0.659574,0.094272,0.420411,0.003467,0.422915,0.414912,True
0.428919,6,0.680851,0.087486,0.411187,0.003467,0.422915,0.414912,True
0.428919,6,0.702128,0.090879,0.419072,0.003467,0.422915,0.414912,True
0.428919,6,0.723404,0.089078,0.419667,0.003467,0.422915,0.414912,True
0.428919,6,0.744681,0.097694,0.417287,0.003467,0.422915,0.414912,True
0.428919,6,0.765957,0.089078,0.400774,0.003467,0.422915,0.414912,True
0.428919,6,0.787234,0.087486,0.390062,0.003467,0.422915,0.414912,True
0.428919,6,0.808511,0.090879,0.385302,0.003467,0.422915,0.414912,True
0.428919,6,0.829787,0.087486,0.387831,0.003467,0.422915,0.414912,True
0.428919,6,0.851064,0.086316,0.36626,0.003467,0.422915,0.414912,True
0.428919,6,0.87234,0.076408,0.334127,0.003467,0.422915,0.414912,False
0.428919,6,0.893617,0.086316,0.347367,0.003467,0.422915,0.414912,True
0.428919,6,0.914894,0.077369,0.342755,0.003467,0.422915,0.414912,False
0.428919,6,0.93617,0.077369,0.348111,0.003467,0.422915,0.414912,False
0.428919,6,0.957447,0.072025,0.325945,0.003467,0.422915,0.414912,False
0.428919,6,0.978723,0.056593,0.303481,0.003467,0.422915,0.414912,False
0.428919,6,1.0,0.056593,0.258852,0.003467,0.422915,0.414912,False
0.428963,7,0.0,0.056593,0.240553,0.003467,0.422915,0.414912,False
0.428963,7,0.021277,0.055242,0.193246,0.003467,0.422915,0.414912,False
0.428963,7,0.042553,0.055242,0.156352,0.003467,0.422915,0.414912,False
0.428963,7,0.06383,0.055242,0.126599,0.003467,0.422915,0.414912,False
0.428963,7,0.085106,0.055242,0.104136,0.003467,0.422915,0.414912,False
0.428963,7,0.106383,0.055242,0.084647,0.003467,0.422915,0.414912,False
0.428963,7,0.12766,0.055242,0.079589,0.003467,0.422915,0.414912,False
0.428963,7,0.148936,0.055242,0.078251,0.003467,0.422915,0.414912,False
0.428963,7,0.170213,0.055242,0.081672,0.003467,0.422915,0.414912,False
0.428963,7,0.191489,0.068242,0.086433,0.003467,0.422915,0.414912,False
0.428963,7,0.212766,0.068242,0.092383,0.003467,0.422915,0.414912,False
0.428963,7,0.234043,0.055242,0.096995,0.003467,0.422915,0.414912,False
0.428963,7,0.255319,0.068242,0.119905,0.003467,0.422915,0.414912,False
0.428963,7,0.276596,0.073526,0.161113,0.003467,0.422915,0.414912,False
0.428963,7,0.297872,0.076348,0.206932,0.003467,0.422915,0.414912,False
0.428963,7,0.319149,0.080071,0.248289,0.003467,0.422915,0.414912,True
0.428963,7,0.340426,0.077369,0.294258,0.003467,0.422915,0.414912,True
0.428963,7,0.361702,0.076348,0.330854,0.003467,0.422915,0.414912,False
0.428963,7,0.382979,0.077369,0.342309,0.003467,0.422915,0.414912,True
0.428963,7,0.404255,0.068242,0.346623,0.003467,0.422915,0.414912,False
0.428963,7,0.425532,0.076348,0.346623,0.003467,0.422915,0.414912,True
0.428963,7,0.446809,0.068242,0.349598,0.003467,0.422915,0.414912,False
0.428963,7,0.468085,0.076258,0.350491,0.003467,0.422915,0.414912,True
0.428963,7,0.489362,0.076258,0.341714,0.003467,0.422915,0.414912,True
0.428963,7,0.510638,0.068242,0.334871,0.003467,0.422915,0.414912,False
0.428963,7,0.531915,0.068242,0.325796,0.003467,0.422915,0.414912,False
0.428963,7,0.553191,0.058034,0.313151,0.003467,0.422915,0.414912,False
0.428963,7,0.574468,0.058034,0.302142,0.003467,0.422915,0.414912,False
0.428963,7,0.595745,0.058034,0.299762,0.003467,0.422915,0.414912,False
0.428963,7,0.617021,0.058034,0.298721,0.003467,0.422915,0.414912,False
0.428963,7,0.638298,0.068242,0.29396,0.003467,0.422915,0.414912,False
0.428963,7,0.659574,0.058034,0.298126,0.003467,0.422915,0.414912,False
0.428963,7,0.680851,0.058034,0.296192,0.003467,0.422915,0.414912,False
0.428963,7,0.702128,0.058034,0.313895,0.003467,0.422915,0.414912,False
0.428963,7,0.723404,0.068242,0.323267,0.003467,0.422915,0.414912,False
0.428963,7,0.744681,0.058034,0.322226,0.003467,0.422915,0.414912,False
0.428963,7,0.765957,0.058034,0.312853,0.003467,0.422915,0.414912,False
0.428963,7,0.787234,0.058034,0.320887,0.003467,0.422915,0.414912,False
0.428963,7,0.808511,0.06611,0.338292,0.003467,0.422915,0.414912,False
0.428963,7,0.829787,0.058034,0.346177,0.003467,0.422915,0.414912,False
0.428963,7,0.851064,0.058034,0.32773,0.003467,0.422915,0.414912,False
0.428963,7,0.87234,0.055242,0.293811,0.003467,0.422915,0.414912,False
0.428963,7,0.893617,0.056593,0.306605,0.003467,0.422915,0.414912,False
0.428963,7,0.914894,0.056593,0.306308,0.003467,0.422915,0.414912,False
0.428963,7,0.93617,0.056593,0.317614,0.003467,0.422915,0.414912,False
0.428963,7,0.957447,0.055242,0.292026,0.003467,0.422915,0.414912,False
0.428963,7,0.978723,0.055242,0.279679,0.003467,0.422915,0.414912,False
0.428963,7,1.0,0.055242,0.24338,0.003467,0.422915,0.414912,False
0.429008,1,0.0,0.055242,0.235644,0.003467,0.422915,0.414912,False
0.429008,1,0.021277,0.040351,0.193395,0.003467,0.422915,0.414912,False
0.429008,1,0.042553,0.040231,0.160369,0.003467,0.422915,0.414912,False
0.429008,1,0.06383,0.040801,0.136269,0.003467,0.422915,0.414912,False
0.429008,1,0.085106,0.040351,0.115144,0.003467,0.422915,0.414912,False
0.429008,1,0.106383,0.041131,0.10964,0.003467,0.422915,0.414912,False
0.429008,1,0.12766,0.041131,0.109938,0.003467,0.422915,0.414912,False
0.429008,1,0.148936,0.055242,0.109491,0.003467,0.422915,0.414912,False
0.429008,1,0.170213,0.055242,0.140732,0.003467,0.422915,0.414912,False
0.429008,1,0.191489,0.067731,0.178518,0.003467,0.422915,0.414912,True
0.429008,1,0.212766,0.067731,0.258703,0.003467,0.422915,0.414912,True
0.429008,1,0.234043,0.067731,0.328474,0.003467,0.422915,0.414912,True
0.429008,1,0.255319,0.077489,0.344689,0.003467,0.422915,0.414912,True
0.429008,1,0.276596,0.07896,0.405237,0.003467,0.422915,0.414912,True
0.429008,1,0.297872,0.089588,0.440345,0.003467,0.422915,0.414912,True
0.429008,1,0.319149,0.090068,0.466677,0.003467,0.422915,0.414912,True
0.429008,1,0.340426,0.102078,0.512645,0.003467,0.422915,0.414912,True
0.429008,1,0.361702,0.100817,0.531538,0.003467,0.422915,0.414912,True
0.429008,1,0.382979,0.09181,0.531538,0.003467,0.422915,0.414912,True
0.429008,1,0.404255,0.096073,0.53615,0.003467,0.422915,0.414912,True
0.429008,1,0.425532,0.090068,0.529902,0.003467,0.422915,0.414912,True
0.429008,1,0.446809,0.090068,0.532282,0.003467,0.422915,0.414912,True
0.429008,1,0.468085,0.090068,0.53258,0.003467,0.422915,0.414912,True
0.429008,1,0.489362,0.090068,0.529902,0.003467,0.422915,0.414912,True
0.429008,1,0.510638,0.09181,0.527373,0.003467,0.422915,0.414912,True
0.429008,1,0.531915,0.089588,0.520232,0.003467,0.422915,0.414912,True
0.429008,1,0.553191,0.09181,0.525141,0.003467,0.422915,0.414912,True
0.429008,1,0.574468,0.090068,0.52053,0.003467,0.422915,0.414912,True
0.429008,1,0.595745,0.09181,0.521125,0.003467,0.422915,0.414912,True
0.429008,1,0.617021,0.09181,0.520827,0.003467,0.422915,0.414912,True
0.429008,1,0.638298,0.085805,0.521422,0.003467,0.422915,0.414912,True
0.429008,1,0.659574,0.090068,0.519488,0.003467,0.422915,0.414912,True
0.429008,1,0.680851,0.09181,0.500298,0.003467,0.422915,0.414912,True
0.429008,1,0.702128,0.09181,0.494347,0.003467,0.422915,0.414912,True
0.429008,1,0.723404,0.084634,0.464296,0.003467,0.422915,0.414912,True
0.429008,1,0.744681,0.067731,0.43618,0.003467,0.422915,0.414912,False
0.429008,1,0.765957,0.058034,0.410592,0.003467,0.422915,0.414912,False
0.429008,1,0.787234,0.067731,0.400476,0.003467,0.422915,0.414912,False
0.429008,1,0.808511,0.067731,0.419518,0.003467,0.422915,0.414912,False
0.429008,1,0.829787,0.077489,0.432907,0.003467,0.422915,0.414912,True
0.429008,1,0.851064,0.077489,0.404641,0.003467,0.422915,0.414912,True
0.429008,1,0.87234,0.067731,0.36745,0.003467,0.422915,0.414912,False
0.429008,1,0.893617,0.085805,0.390509,0.003467,0.422915,0.414912,True
0.429008,1,0.914894,0.084634,0.406575,0.003467,0.422915,0.414912,True
0.429008,1,0.93617,0.090068,0.426659,0.003467,0.422915,0.414912,True
0.429008,1,0.957447,0.089588,0.416691,0.003467,0.422915,0.414912,True
0.429008,1,0.978723,0.082983,0.407468,0.003467,0.422915,0.414912,True
0.429008,1,1.0,0.081092,0.387533,0.003467,0.422915,0.414912,True
0.429052,2,0.0,0.067731,0.358078,0.003467,0.422915,0.414912,False
0.429052,2,0.021277,0.056593,0.293068,0.003467,0.422915,0.414912,False
0.429052,2,0.042553,0.056593,0.237578,0.003467,0.422915,0.414912,False
0.429052,2,0.06383,0.055242,0.193097,0.003467,0.422915,0.414912,False
0.429052,2,0.085106,0.066951,0.164237,0.003467,0.422915,0.414912,False
0.429052,2,0.106383,0.072145,0.145939,0.003467,0.422915,0.414912,False
0.429052,2,0.12766,0.072055,0.128831,0.003467,0.422915,0.414912,False
0.429052,2,0.148936,0.055242,0.137608,0.003467,0.422915,0.414912,False
0.429052,2,0.170213,0.074517,0.159328,0.003467,0.422915,0.414912,False
0.429052,2,0.191489,0.076138,0.194139,0.003467,0.422915,0.414912,False
0.429052,2,0.212766,0.07902,0.266141,0.003467,0.422915,0.414912,False
0.429052,2,0.234043,0.077369,0.346623,0.003467,0.422915,0.414912,False
0.429052,2,0.255319,0.085655,0.366855,0.003467,0.422915,0.414912,True
0.429052,2,0.276596,0.067551,0.420411,0.003467,0.422915,0.414912,False
0.429052,2,0.297872,0.075387,0.441089,0.003467,0.422915,0.414912,False
0.429052,2,0.319149,0.089408,0.447932,0.003467,0.422915,0.414912,True
0.429052,2,0.340426,0.096073,0.493752,0.003467,0.422915,0.414912,True
0.429052,2,0.361702,0.096073,0.515472,0.003467,0.422915,0.414912,True
0.429052,2,0.382979,0.100546,0.517852,0.003467,0.422915,0.414912,True
0.429052,2,0.404255,0.096073,0.509967,0.003467,0.422915,0.414912,True
0.429052,2,0.425532,0.096073,0.505802,0.003467,0.422915,0.414912,True
0.429052,2,0.446809,0.0916,0.511009,0.003467,0.422915,0.414912,True
0.429052,2,0.468085,0.089408,0.509967,0.003467,0.422915,0.414912,True
0.429052,2,0.489362,0.096073,0.512794,0.003467,0.422915,0.414912,True
0.429052,2,0.510638,0.0916,0.522464,0.003467,0.422915,0.414912,True
0.429052,2,0.531915,0.096854,0.513389,0.003467,0.422915,0.414912,True
0.429052,2,0.553191,0.096073,0.512943,0.003467,0.422915,0.414912,True
0.429052,2,0.574468,0.096854,0.512199,0.003467,0.422915,0.414912,True
0.429052,2,0.595745,0.100546,0.505058,0.003467,0.422915,0.414912,True
0.429052,2,0.617021,0.100546,0.509521,0.003467,0.422915,0.414912,True
0.429052,2,0.638298,0.100546,0.513835,0.003467,0.422915,0.414912,True
0.429052,2,0.659574,0.100546,0.512794,0.003467,0.422915,0.414912,True
0.429052,2,0.680851,0.102078,0.50119,0.003467,0.422915,0.414912,True
0.429052,2,0.702128,0.075387,0.488099,0.003467,0.422915,0.414912,False
0.429052,2,0.723404,0.067551,0.450759,0.003467,0.422915,0.414912,False
0.429052,2,0.744681,0.067551,0.427254,0.003467,0.422915,0.414912,False
0.429052,2,0.765957,0.058034,0.395864,0.003467,0.422915,0.414912,False
0.429052,2,0.787234,0.058034,0.3795,0.003467,0.422915,0.414912,False
0.429052,2,0.808511,0.058034,0.402708,0.003467,0.422915,0.414912,False
0.429052,2,0.829787,0.058034,0.414311,0.003467,0.422915,0.414912,False
0.429052,2,0.851064,0.058034,0.382029,0.003467,0.422915,0.414912,False
0.429052,2,0.87234,0.067551,0.354508,0.003467,0.422915,0.414912,False
0.429052,2,0.893617,0.075387,0.385748,0.003467,0.422915,0.414912,False
0.429052,2,0.914894,0.075387,0.396162,0.003467,0.422915,0.414912,False
0.429052,2,0.93617,0.090068,0.415055,0.003467,0.422915,0.414912,True
0.429052,2,0.957447,0.081212,0.410443,0.003467,0.422915,0.414912,True
0.429052,2,0.978723,0.080101,0.401666,0.003467,0.422915,0.414912,True
0.429052,2,1.0,0.067551,0.371467,0.003467,0.422915,0.414912,False
0.429096,3,0.0,0.056593,0.349152,0.003467,0.422915,0.414912,False
0.429096,3,0.021277,0.056593,0.285332,0.003467,0.422915,0.414912,False
0.429096,3,0.042553,0.055242,0.229694,0.003467,0.422915,0.414912,False
0.429096,3,0.06383,0.055242,0.193692,0.003467,0.422915,0.414912,False
0.429096,3,0.085106,0.055242,0.155906,0.003467,0.422915,0.414912,False
0.429096,3,0.106383,0.055242,0.138798,0.003467,0.422915,0.414912,False
0.429096,3,0.12766,0.055242,0.129575,0.003467,0.422915,0.414912,False
0.429096,3,0.148936,0.067551,0.132252,0.003467,0.422915,0.414912,False
0.429096,3,0.170213,0.073676,0.154418,0.003467,0.422915,0.414912,False
0.429096,3,0.191489,0.07902,0.198453,0.003467,0.422915,0.414912,True
0.429096,3,0.212766,0.082863,0.264802,0.003467,0.422915,0.414912,True
0.429096,3,0.234043,0.07902,0.355549,0.003467,0.422915,0.414912,True
0.429096,3,0.255319,0.083193,0.37712,0.003467,0.422915,0.414912,True
0.429096,3,0.276596,0.059265,0.422345,0.003467,0.422915,0.414912,False
0.429096,3,0.297872,0.059265,0.440494,0.003467,0.422915,0.414912,False
0.429096,3,0.319149,0.058034,0.441238,0.003467,0.422915,0.414912,False
0.429096,3,0.340426,0.085655,0.49152,0.003467,0.422915,0.414912,True
0.429096,3,0.361702,0.096854,0.515174,0.003467,0.422915,0.414912,True
0.429096,3,0.382979,0.099075,0.503868,0.003467,0.422915,0.414912,True
0.429096,3,0.404255,0.085655,0.509372,0.003467,0.422915,0.414912,True
0.429096,3,0.425532,0.089408,0.512794,0.003467,0.422915,0.414912,True
0.429096,3,0.446809,0.0916,0.519786,0.003467,0.422915,0.414912,True
0.429096,3,0.468085,0.085655,0.523505,0.003467,0.422915,0.414912,True
0.429096,3,0.489362,0.089408,0.529753,0.003467,0.422915,0.414912,True
0.429096,3,0.510638,0.0916,0.541059,0.003467,0.422915,0.414912,True
0.429096,3,0.531915,0.096854,0.548646,0.003467,0.422915,0.414912,True
0.429096,3,0.553191,0.096854,0.548349,0.003467,0.422915,0.414912,True
0.429096,3,0.574468,0.089408,0.537043,0.003467,0.422915,0.414912,True
0.429096,3,0.595745,0.089408,0.529307,0.003467,0.422915,0.414912,True
0.429096,3,0.617021,0.089408,0.531241,0.003467,0.422915,0.414912,True
0.429096,3,0.638298,0.093071,0.535257,0.003467,0.422915,0.414912,True
0.429096,3,0.659574,0.093071,0.535704,0.003467,0.422915,0.414912,True
0.429096,3,0.680851,0.096854,0.529009,0.003467,0.422915,0.414912,True
0.429096,3,0.702128,0.0916,0.51205,0.003467,0.422915,0.414912,True
0.429096,3,0.723404,0.085655,0.483041,0.003467,0.422915,0.414912,True
0.429096,3,0.744681,0.067551,0.453288,0.003467,0.422915,0.414912,False
0.429096,3,0.765957,0.067551,0.421749,0.003467,0.422915,0.414912,False
0.429096,3,0.787234,0.059265,0.410443,0.003467,0.422915,0.414912,False
0.429096,3,0.808511,0.075387,0.425469,0.003467,0.422915,0.414912,False
0.429096,3,0.829787,0.075387,0.438709,0.003467,0.422915,0.414912,False
0.429096,3,0.851064,0.083193,0.407468,0.003467,0.422915,0.414912,True
0.429096,3,0.87234,0.058034,0.372954,0.003467,0.422915,0.414912,False
0.429096,3,0.893617,0.085655,0.407319,0.003467,0.422915,0.414912,True
0.429096,3,0.914894,0.089408,0.414014,0.003467,0.422915,0.414912,True
0.429096,3,0.93617,0.087066,0.429188,0.003467,0.422915,0.414912,True
0.429096,3,0.957447,0.085655,0.419816,0.003467,0.422915,0.414912,True
0.429096,3,0.978723,0.083193,0.409104,0.003467,0.422915,0.414912,True
0.429096,3,1.0,0.077999,0.383814,0.003467,0.422915,0.414912,False
0.42914,4,0.0,0.058034,0.357632,0.003467,0.422915,0.414912,False
0.42914,4,0.021277,0.056593,0.290241,0.003467,0.422915,0.414912,False
0.42914,4,0.042553,0.055242,0.234752,0.003467,0.422915,0.414912,False
0.42914,4,0.06383,0.055242,0.195329,0.003467,0.422915,0.414912,False
0.42914,4,0.085106,0.055242,0.156352,0.003467,0.422915,0.414912,False
0.42914,4,0.106383,0.055242,0.143707,0.003467,0.422915,0.414912,False
0.42914,4,0.12766,0.055242,0.137905,0.003467,0.422915,0.414912,False
0.42914,4,0.148936,0.055242,0.137459,0.003467,0.422915,0.414912,False
0.42914,4,0.170213,0.067191,0.158137,0.003467,0.422915,0.414912,False
0.42914,4,0.191489,0.077369,0.196519,0.003467,0.422915,0.414912,False
0.42914,4,0.212766,0.077849,0.271645,0.003467,0.422915,0.414912,False
0.42914,4,0.234043,0.077849,0.357334,0.003467,0.422915,0.414912,False
0.42914,4,0.255319,0.080881,0.375483,0.003467,0.422915,0.414912,True
0.42914,4,0.276596,0.067191,0.433353,0.003467,0.422915,0.414912,False
0.42914,4,0.297872,0.059265,0.458494,0.003467,0.422915,0.414912,False
0.42914,4,0.319149,0.076588,0.482297,0.003467,0.422915,0.414912,False
0.42914,4,0.340426,0.090068,0.539869,0.003467,0.422915,0.414912,True
0.42914,4,0.361702,0.093161,0.563374,0.003467,0.422915,0.414912,True
0.42914,4,0.382979,0.080881,0.563969,0.003467,0.422915,0.414912,True
0.42914,4,0.404255,0.077849,0.562184,0.003467,0.422915,0.414912,False
0.42914,4,0.425532,0.073106,0.566052,0.003467,0.422915,0.414912,False
0.42914,4,0.446809,0.080881,0.573044,0.003467,0.422915,0.414912,True
0.42914,4,0.468085,0.076588,0.579887,0.003467,0.422915,0.414912,False
0.42914,4,0.489362,0.077849,0.584499,0.003467,0.422915,0.414912,True
0.42914,4,0.510638,0.080881,0.596549,0.003467,0.422915,0.414912,True
0.42914,4,0.531915,0.087036,0.604284,0.003467,0.422915,0.414912,True
0.42914,4,0.553191,0.087036,0.609789,0.003467,0.422915,0.414912,True
0.42914,4,0.574468,0.090068,0.610086,0.003467,0.422915,0.414912,True
0.42914,4,0.595745,0.090609,0.608301,0.003467,0.422915,0.414912,True
0.42914,4,0.617021,0.093161,0.619607,0.003467,0.422915,0.414912,True
0.42914,4,0.638298,0.096073,0.624517,0.003467,0.422915,0.414912,True
0.42914,4,0.659574,0.093161,0.626004,0.003467,0.422915,0.414912,True
0.42914,4,0.680851,0.093161,0.608896,0.003467,0.422915,0.414912,True
0.42914,4,0.702128,0.087036,0.598036,0.003467,0.422915,0.414912,True
0.42914,4,0.723404,0.083974,0.5723,0.003467,0.422915,0.414912,True
0.42914,4,0.744681,0.080881,0.546266,0.003467,0.422915,0.414912,True
0.42914,4,0.765957,0.083974,0.504612,0.003467,0.422915,0.414912,True
0.42914,4,0.787234,0.083974,0.492264,0.003467,0.422915,0.414912,True
0.42914,4,0.808511,0.099315,0.519488,0.003467,0.422915,0.414912,True
0.42914,4,0.829787,0.093161,0.516364,0.003467,0.422915,0.414912,True
0.42914,4,0.851064,0.083974,0.469057,0.003467,0.422915,0.414912,True
0.42914,4,0.87234,0.080881,0.428741,0.003467,0.422915,0.414912,True
0.42914,4,0.893617,0.093161,0.44942,0.003467,0.422915,0.414912,True
0.42914,4,0.914894,0.087036,0.446445,0.003467,0.422915,0.414912,True
0.42914,4,0.93617,0.090098,0.457602,0.003467,0.422915,0.414912,True
0.42914,4,0.957447,0.083974,0.450461,0.003467,0.422915,0.414912,True
0.42914,4,0.978723,0.087036,0.433948,0.003467,0.422915,0.414912,True
0.42914,4,1.0,0.080101,0.398691,0.003467,0.422915,0.414912,True
0.429185,5,0.0,0.058034,0.371021,0.003467,0.422915,0.414912,False
0.429185,5,0.021277,0.056593,0.30839,0.003467,0.422915,0.414912,False
0.429185,5,0.042553,0.055242,0.251711,0.003467,0.422915,0.414912,False
0.429185,5,0.06383,0.056593,0.220173,0.003467,0.422915,0.414912,False
0.429185,5,0.085106,0.056593,0.183279,0.003467,0.422915,0.414912,False
0.429185,5,0.106383,0.067191,0.168849,0.003467,0.422915,0.414912,False
0.429185,5,0.12766,0.067191,0.169444,0.003467,0.422915,0.414912,False
0.429185,5,0.148936,0.074577,0.167063,0.003467,0.422915,0.414912,False
0.429185,5,0.170213,0.070914,0.190866,0.003467,0.422915,0.414912,False
0.429185,5,0.191489,0.074577,0.227611,0.003467,0.422915,0.414912,False
0.429185,5,0.212766,0.074937,0.306754,0.003467,0.422915,0.414912,False
0.429185,5,0.234043,0.080101,0.387236,0.003467,0.422915,0.414912,True
0.429185,5,0.255319,0.080581,0.424576,0.003467,0.422915,0.414912,True
0.429185,5,0.276596,0.082863,0.49152,0.003467,0.422915,0.414912,True
0.429185,5,0.297872,0.09157,0.521125,0.003467,0.422915,0.414912,True
0.429185,5,0.319149,0.09157,0.53853,0.003467,0.422915,0.414912,True
0.429185,5,0.340426,0.098925,0.589854,0.003467,0.422915,0.414912,True
0.429185,5,0.361702,0.098925,0.611276,0.003467,0.422915,0.414912,True
0.429185,5,0.382979,0.095232,0.611128,0.003467,0.422915,0.414912,True
0.429185,5,0.404255,0.095232,0.606367,0.003467,0.422915,0.414912,True
0.429185,5,0.425532,0.09157,0.608152,0.003467,0.422915,0.414912,True
0.429185,5,0.446809,0.095232,0.60964,0.003467,0.422915,0.414912,True
0.429185,5,0.468085,0.087937,0.605326,0.003467,0.422915,0.414912,True
0.429185,5,0.489362,0.087937,0.606218,0.003467,0.422915,0.414912,True
0.429185,5,0.510638,0.09157,0.621541,0.003467,0.422915,0.414912,True
0.429185,5,0.531915,0.096073,0.626302,0.003467,0.422915,0.414912,True
0.429185,5,0.553191,0.095232,0.616781,0.003467,0.422915,0.414912,True
0.429185,5,0.574468,0.087937,0.613805,0.003467,0.422915,0.414912,True
0.429185,5,0.595745,0.096073,0.633145,0.003467,0.422915,0.414912,True
0.429185,5,0.617021,0.102558,0.645939,0.003467,0.422915,0.414912,True
0.429185,5,0.638298,0.102558,0.651889,0.003467,0.422915,0.414912,True
0.429185,5,0.659574,0.106251,0.64698,0.003467,0.422915,0.414912,True
0.429185,5,0.680851,0.098925,0.625707,0.003467,0.422915,0.414912,True
0.429185,5,0.702128,0.09157,0.594168,0.003467,0.422915,0.414912,True
0.429185,5,0.723404,0.080581,0.552663,0.003467,0.422915,0.414912,False
0.429185,5,0.744681,0.073256,0.511009,0.003467,0.422915,0.414912,False
0.429185,5,0.765957,0.073256,0.468164,0.003467,0.422915,0.414912,False
0.429185,5,0.787234,0.076918,0.449122,0.003467,0.422915,0.414912,False
0.429185,5,0.808511,0.080581,0.463404,0.003467,0.422915,0.414912,False
0.429185,5,0.829787,0.084244,0.465189,0.003467,0.422915,0.414912,True
0.429185,5,0.851064,0.073256,0.43975,0.003467,0.422915,0.414912,False
0.429185,5,0.87234,0.070914,0.405385,0.003467,0.422915,0.414912,False
0.429185,5,0.893617,0.080581,0.42889,0.003467,0.422915,0.414912,False
0.429185,5,0.914894,0.073256,0.443916,0.003467,0.422915,0.414912,False
0.429185,5,0.93617,0.080581,0.457899,0.003467,0.422915,0.414912,False
0.429185,5,0.957447,0.080581,0.449717,0.003467,0.422915,0.414912,False
0.429185,5,0.978723,0.070914,0.384707,0.003467,0.422915,0.414912,False
0.429185,5,1.0,0.070914,0.379351,0.003467,0.422915,0.414912,False
0.429229,6,0.0,0.056593,0.363731,0.003467,0.422915,0.414912,False
0.429229,6,0.021277,0.056593,0.299464,0.003467,0.422915,0.414912,False
0.429229,6,0.042553,0.055242,0.239512,0.003467,0.422915,0.414912,False
0.429229,6,0.06383,0.055242,0.198602,0.003467,0.422915,0.414912,False
0.429229,6,0.085106,0.055242,0.17346,0.003467,0.422915,0.414912,False
0.429229,6,0.106383,0.055242,0.141476,0.003467,0.422915,0.414912,False
0.429229,6,0.12766,0.055242,0.129872,0.003467,0.422915,0.414912,False
0.429229,6,0.148936,0.055242,0.124368,0.003467,0.422915,0.414912,False
0.429229,6,0.170213,0.055242,0.133294,0.003467,0.422915,0.414912,False
0.429229,6,0.191489,0.055242,0.137608,0.003467,0.422915,0.414912,False
0.429229,6,0.212766,0.055242,0.162303,0.003467,0.422915,0.414912,False
0.429229,6,0.234043,0.068452,0.178965,0.003467,0.422915,0.414912,False
0.429229,6,0.255319,0.056593,0.207676,0.003467,0.422915,0.414912,False
0.429229,6,0.276596,0.077369,0.278786,0.003467,0.422915,0.414912,False
0.429229,6,0.297872,0.081122,0.33249,0.003467,0.422915,0.414912,True
0.429229,6,0.319149,0.077369,0.376525,0.003467,0.422915,0.414912,False
0.429229,6,0.340426,0.077369,0.423237,0.003467,0.422915,0.414912,False
0.429229,6,0.361702,0.067551,0.44942,0.003467,0.422915,0.414912,False
0.429229,6,0.382979,0.059595,0.454032,0.003467,0.422915,0.414912,False
0.429229,6,0.404255,0.067551,0.456561,0.003467,0.422915,0.414912,False
0.429229,6,0.425532,0.075387,0.455519,0.003467,0.422915,0.414912,False
0.429229,6,0.446809,0.059595,0.455222,0.003467,0.422915,0.414912,False
0.429229,6,0.468085,0.057794,0.456858,0.003467,0.422915,0.414912,False
0.429229,6,0.489362,0.075387,0.458643,0.003467,0.422915,0.414912,True
0.429229,6,0.510638,0.077369,0.46147,0.003467,0.422915,0.414912,True
0.429229,6,0.531915,0.075387,0.457304,0.003467,0.422915,0.414912,True
0.429229,6,0.553191,0.085655,0.457453,0.003467,0.422915,0.414912,True
0.429229,6,0.574468,0.086436,0.461172,0.003467,0.422915,0.414912,True
0.429229,6,0.595745,0.090969,0.457453,0.003467,0.422915,0.414912,True
0.429229,6,0.617021,0.0916,0.459387,0.003467,0.422915,0.414912,True
0.429229,6,0.638298,0.095473,0.45537,0.003467,0.422915,0.414912,True
0.429229,6,0.659574,0.090969,0.462214,0.003467,0.422915,0.414912,True
0.429229,6,0.680851,0.090969,0.444064,0.003467,0.422915,0.414912,True
0.429229,6,0.702128,0.089408,0.447635,0.003467,0.422915,0.414912,True
0.429229,6,0.723404,0.0916,0.450164,0.003467,0.422915,0.414912,True
0.429229,6,0.744681,0.089408,0.439453,0.003467,0.422915,0.414912,True
0.429229,6,0.765957,0.086316,0.417435,0.003467,0.422915,0.414912,True
0.429229,6,0.787234,0.085655,0.403005,0.003467,0.422915,0.414912,True
0.429229,6,0.808511,0.086436,0.415501,0.003467,0.422915,0.414912,True
0.429229,6,0.829787,0.085655,0.423832,0.003467,0.422915,0.414912,True
0.429229,6,0.851064,0.083884,0.397352,0.003467,0.422915,0.414912,True
0.429229,6,0.87234,0.076738,0.371318,0.003467,0.422915,0.414912,True
0.429229,6,0.893617,0.085655,0.368789,0.003467,0.422915,0.414912,True
0.429229,6,0.914894,0.077369,0.36745,0.003467,0.422915,0.414912,True
0.429229,6,0.93617,0.077369,0.365665,0.003467,0.422915,0.414912,True
0.429229,6,0.957447,0.075387,0.335763,0.003467,0.422915,0.414912,True
0.429229,6,0.978723,0.056593,0.310622,0.003467,0.422915,0.414912,False
0.429229,6,1.0,0.056593,0.263761,0.003467,0.422915,0.414912,False
0.429273,7,0.0,0.056593,0.250223,0.003467,0.422915,0.414912,False
0.429273,7,0.021277,0.055242,0.192502,0.003467,0.422915,0.414912,False
0.429273,7,0.042553,0.055242,0.151889,0.003467,0.422915,0.414912,False
0.429273,7,0.06383,0.055242,0.124814,0.003467,0.422915,0.414912,False
0.429273,7,0.085106,0.055242,0.109342,0.003467,0.422915,0.414912,False
0.429273,7,0.106383,0.055242,0.095805,0.003467,0.422915,0.414912,False
0.429273,7,0.12766,0.067551,0.090449,0.003467,0.422915,0.414912,False
0.429273,7,0.148936,0.055242,0.085986,0.003467,0.422915,0.414912,False
0.429273,7,0.170213,0.067551,0.094168,0.003467,0.422915,0.414912,False
0.429273,7,0.191489,0.068602,0.098334,0.003467,0.422915,0.414912,False
0.429273,7,0.212766,0.072535,0.114996,0.003467,0.422915,0.414912,False
0.429273,7,0.234043,0.067551,0.122731,0.003467,0.422915,0.414912,False
0.429273,7,0.255319,0.076738,0.141029,0.003467,0.422915,0.414912,True
0.429273,7,0.276596,0.076738,0.180601,0.003467,0.422915,0.414912,True
0.429273,7,0.297872,0.079651,0.229991,0.003467,0.422915,0.414912,True
0.429273,7,0.319149,0.080611,0.281018,0.003467,0.422915,0.414912,True
0.429273,7,0.340426,0.085655,0.339631,0.003467,0.422915,0.414912,True
0.429273,7,0.361702,0.081902,0.379946,0.003467,0.422915,0.414912,True
0.429273,7,0.382979,0.076138,0.402112,0.003467,0.422915,0.414912,True
0.429273,7,0.404255,0.086436,0.422047,0.003467,0.422915,0.414912,True
0.429273,7,0.425532,0.085655,0.433799,0.003467,0.422915,0.414912,True
0.429273,7,0.446809,0.090759,0.445849,0.003467,0.422915,0.414912,True
0.429273,7,0.468085,0.0916,0.454924,0.003467,0.422915,0.414912,True
0.429273,7,0.489362,0.0916,0.458494,0.003467,0.422915,0.414912,True
0.429273,7,0.510638,0.09274,0.461172,0.003467,0.422915,0.414912,True
0.429273,7,0.531915,0.0916,0.461767,0.003467,0.422915,0.414912,True
0.429273,7,0.553191,0.096854,0.458197,0.003467,0.422915,0.414912,True
0.429273,7,0.574468,0.095473,0.459536,0.003467,0.422915,0.414912,True
0.429273,7,0.595745,0.100546,0.463553,0.003467,0.422915,0.414912,True
0.429273,7,0.617021,0.100546,0.464594,0.003467,0.422915,0.414912,True
0.429273,7,0.638298,0.102948,0.457304,0.003467,0.422915,0.414912,True
0.429273,7,0.659574,0.100006,0.45909,0.003467,0.422915,0.414912,True
0.429273,7,0.680851,0.100546,0.458941,0.003467,0.422915,0.414912,True
0.429273,7,0.702128,0.100546,0.474115,0.003467,0.422915,0.414912,True
0.429273,7,0.723404,0.104299,0.480512,0.003467,0.422915,0.414912,True
0.429273,7,0.744681,0.102948,0.478132,0.003467,0.422915,0.414912,True
0.429273,7,0.765957,0.098145,0.481553,0.003467,0.422915,0.414912,True
0.429273,7,0.787234,0.106761,0.481107,0.003467,0.422915,0.414912,True
0.429273,7,0.808511,0.10514,0.506843,0.003467,0.422915,0.414912,True
0.429273,7,0.829787,0.10514,0.520232,0.003467,0.422915,0.414912,True
0.429273,7,0.851064,0.096854,0.495983,0.003467,0.422915,0.414912,True
0.429273,7,0.87234,0.09274,0.445403,0.003467,0.422915,0.414912,True
0.429273,7,0.893617,0.096854,0.444064,0.003467,0.422915,0.414912,True
0.429273,7,0.914894,0.090969,0.424278,0.003467,0.422915,0.414912,True
0.429273,7,0.93617,0.090969,0.41803,0.003467,0.422915,0.414912,True
0.429273,7,0.957447,0.081902,0.370872,0.003467,0.422915,0.414912,False
0.429273,7,0.978723,0.075387,0.334573,0.003467,0.422915,0.414912,False
0.429273,7,1.0,0.075387,0.296489,0.003467,0.422915,0.414912,False
0.429317,1,0.0,0.075387,0.280422,0.003467,0.422915,0.414912,False
0.429317,1,0.021277,0.056593,0.23609,0.003467,0.422915,0.414912,False
0.429317,1,0.042553,0.056593,0.199643,0.003467,0.422915,0.414912,False
0.429317,1,0.06383,0.055242,0.18313,0.003467,0.422915,0.414912,False
0.429317,1,0.085106,0.067551,0.161113,0.003467,0.422915,0.414912,False
0.429317,1,0.106383,0.067551,0.155311,0.003467,0.422915,0.414912,False
0.429317,1,0.12766,0.071184,0.155311,0.003467,0.422915,0.414912,False
0.429317,1,0.148936,0.073526,0.165724,0.003467,0.422915,0.414912,False
0.429317,1,0.170213,0.074577,0.189081,0.003467,0.422915,0.414912,False
0.429317,1,0.191489,0.077219,0.226421,0.003467,0.422915,0.414912,False
0.429317,1,0.212766,0.077459,0.309283,0.003467,0.422915,0.414912,False
0.429317,1,0.234043,0.080491,0.387831,0.003467,0.422915,0.414912,False
0.429317,1,0.255319,0.083794,0.42889,0.003467,0.422915,0.414912,False
0.429317,1,0.276596,0.083884,0.492562,0.003467,0.422915,0.414912,False
0.429317,1,0.297872,0.093671,0.533026,0.003467,0.422915,0.414912,True
0.429317,1,0.319149,0.100246,0.569176,0.003467,0.422915,0.414912,True
0.429317,1,0.340426,0.106851,0.627641,0.003467,0.422915,0.414912,True
0.429317,1,0.361702,0.106851,0.670187,0.003467,0.422915,0.414912,True
0.429317,1,0.382979,0.125465,0.682981,0.003467,0.422915,0.414912,True
0.429317,1,0.404255,0.10508,0.680601,0.003467,0.422915,0.414912,True
0.429317,1,0.425532,0.123694,0.688337,0.003467,0.422915,0.414912,True
0.429317,1,0.446809,0.125465,0.697263,0.003467,0.422915,0.414912,True
0.429317,1,0.468085,0.109313,0.695626,0.003467,0.422915,0.414912,True
0.429317,1,0.489362,0.10508,0.692353,0.003467,0.422915,0.414912,True
0.429317,1,0.510638,0.106851,0.695626,0.003467,0.422915,0.414912,True
0.429317,1,0.531915,0.111084,0.681642,0.003467,0.422915,0.414912,True
0.429317,1,0.553191,0.111084,0.690122,0.003467,0.422915,0.414912,True
0.429317,1,0.574468,0.106851,0.678221,0.003467,0.422915,0.414912,True
0.429317,1,0.595745,0.100246,0.667212,0.003467,0.422915,0.414912,True
0.429317,1,0.617021,0.100246,0.665129,0.003467,0.422915,0.414912,True
0.429317,1,0.638298,0.090369,0.632104,0.003467,0.422915,0.414912,False
0.429317,1,0.659574,0.093671,0.638054,0.003467,0.422915,0.414912,True
0.429317,1,0.680851,0.093671,0.61321,0.003467,0.422915,0.414912,True
0.429317,1,0.702128,0.090369,0.582862,0.003467,0.422915,0.414912,False
0.429317,1,0.723404,0.077219,0.543291,0.003467,0.422915,0.414912,False
0.429317,1,0.744681,0.070914,0.50967,0.003467,0.422915,0.414912,False
0.429317,1,0.765957,0.070914,0.472478,0.003467,0.422915,0.414912,False
0.429317,1,0.787234,0.061787,0.447932,0.003467,0.422915,0.414912,False
0.429317,1,0.808511,0.077219,0.467718,0.003467,0.422915,0.414912,False
0.429317,1,0.829787,0.070914,0.456263,0.003467,0.422915,0.414912,False
0.429317,1,0.851064,0.059265,0.429039,0.003467,0.422915,0.414912,False
0.429317,1,0.87234,0.058424,0.381732,0.003467,0.422915,0.414912,False
0.429317,1,0.893617,0.070914,0.417435,0.003467,0.422915,0.414912,False
0.429317,1,0.914894,0.070914,0.429783,0.003467,0.422915,0.414912,False
0.429317,1,0.93617,0.077219,0.437519,0.003467,0.422915,0.414912,False
0.429317,1,0.957447,0.073916,0.428444,0.003467,0.422915,0.414912,False
0.429317,1,0.978723,0.077219,0.411633,0.003467,0.422915,0.414912,False
0.429317,1,1.0,0.070914,0.384261,0.003467,0.422915,0.414912,False
0.429362,2,0.0,0.058034,0.355698,0.003467,0.422915,0.414912,False
0.429362,2,0.021277,0.056593,0.286671,0.003467,0.422915,0.414912,False
0.429362,2,0.042553,0.056593,0.228206,0.003467,0.422915,0.414912,False
0.429362,2,0.06383,0.055242,0.195626,0.003467,0.422915,0.414912,False
0.429362,2,0.085106,0.055242,0.168997,0.003467,0.422915,0.414912,False
0.429362,2,0.106383,0.055242,0.157245,0.003467,0.422915,0.414912,False
0.429362,2,0.12766,0.055242,0.15427,0.003467,0.422915,0.414912,False
0.429362,2,0.148936,0.067191,0.152782,0.003467,0.422915,0.414912,False
0.429362,2,0.170213,0.055242,0.181642,0.003467,0.422915,0.414912,False
0.429362,2,0.191489,0.074216,0.220916,0.003467,0.422915,0.414912,False
0.429362,2,0.212766,0.077519,0.297828,0.003467,0.422915,0.414912,False
0.429362,2,0.234043,0.080101,0.384856,0.003467,0.422915,0.414912,False
0.429362,2,0.255319,0.080101,0.416096,0.003467,0.422915,0.414912,False
0.429362,2,0.276596,0.080791,0.476644,0.003467,0.422915,0.414912,False
0.429362,2,0.297872,0.077519,0.499851,0.003467,0.422915,0.414912,False
0.429362,2,0.319149,0.077519,0.51443,0.003467,0.422915,0.414912,False
0.429362,2,0.340426,0.087396,0.570515,0.003467,0.422915,0.414912,True
0.429362,2,0.361702,0.097274,0.579143,0.003467,0.422915,0.414912,True
0.429362,2,0.382979,0.090669,0.564267,0.003467,0.422915,0.414912,True
0.429362,2,0.404255,0.087396,0.562184,0.003467,0.422915,0.414912,True
0.429362,2,0.425532,0.087396,0.565159,0.003467,0.422915,0.414912,True
0.429362,2,0.446809,0.084094,0.568283,0.003467,0.422915,0.414912,True
0.429362,2,0.468085,0.084094,0.563374,0.003467,0.422915,0.414912,True
0.429362,2,0.489362,0.080791,0.555936,0.003467,0.422915,0.414912,True
0.429362,2,0.510638,0.077519,0.565159,0.003467,0.422915,0.414912,False
0.429362,2,0.531915,0.077519,0.547307,0.003467,0.422915,0.414912,False
0.429362,2,0.553191,0.074577,0.545522,0.003467,0.422915,0.414912,False
0.429362,2,0.574468,0.061787,0.53734,0.003467,0.422915,0.414912,False
0.429362,2,0.595745,0.070043,0.534811,0.003467,0.422915,0.414912,False
0.429362,2,0.617021,0.070043,0.53972,0.003467,0.422915,0.414912,False
0.429362,2,0.638298,0.077519,0.543291,0.003467,0.422915,0.414912,True
0.429362,2,0.659574,0.077519,0.54091,0.003467,0.422915,0.414912,True
0.429362,2,0.680851,0.074216,0.53258,0.003467,0.422915,0.414912,True
0.429362,2,0.702128,0.067341,0.524546,0.003467,0.422915,0.414912,False
0.429362,2,0.723404,0.061787,0.490925,0.003467,0.422915,0.414912,False
0.429362,2,0.744681,0.060496,0.474412,0.003467,0.422915,0.414912,False
0.429362,2,0.765957,0.059265,0.445998,0.003467,0.422915,0.414912,False
0.429362,2,0.787234,0.059265,0.438262,0.003467,0.422915,0.414912,False
0.429362,2,0.808511,0.061787,0.455222,0.003467,0.422915,0.414912,False
0.429362,2,0.829787,0.059265,0.442279,0.003467,0.422915,0.414912,False
0.429362,2,0.851064,0.059265,0.404641,0.003467,0.422915,0.414912,False
0.429362,2,0.87234,0.058424,0.375037,0.003467,0.422915,0.414912,False
0.429362,2,0.893617,0.070043,0.398542,0.003467,0.422915,0.414912,False
0.429362,2,0.914894,0.067341,0.417733,0.003467,0.422915,0.414912,False
0.429362,2,0.93617,0.070043,0.446891,0.003467,0.422915,0.414912,False
0.429362,2,0.957447,0.070043,0.434543,0.003467,0.422915,0.414912,False
0.429362,2,0.978723,0.070043,0.42889,0.003467,0.422915,0.414912,False
0.429362,2,1.0,0.059265,0.393782,0.003467,0.422915,0.414912,False
0.429406,3,0.0,0.058034,0.368343,0.003467,0.422915,0.414912,False
0.429406,3,0.021277,0.056593,0.297084,0.003467,0.422915,0.414912,False
0.429406,3,0.042553,0.056593,0.236983,0.003467,0.422915,0.414912,False
0.429406,3,0.06383,0.055242,0.203808,0.003467,0.422915,0.414912,False
0.429406,3,0.085106,0.055242,0.18194,0.003467,0.422915,0.414912,False
0.429406,3,0.106383,0.055242,0.164088,0.003467,0.422915,0.414912,False
0.429406,3,0.12766,0.055242,0.158286,0.003467,0.422915,0.414912,False
0.429406,3,0.148936,0.067341,0.163195,0.003467,0.422915,0.414912,False
0.429406,3,0.170213,0.067041,0.183576,0.003467,0.422915,0.414912,False
0.429406,3,0.191489,0.070704,0.223148,0.003467,0.422915,0.414912,True
0.429406,3,0.212766,0.073646,0.308242,0.003467,0.422915,0.414912,True
0.429406,3,0.234043,0.077219,0.397501,0.003467,0.422915,0.414912,True
0.429406,3,0.255319,0.077219,0.433353,0.003467,0.422915,0.414912,True
0.429406,3,0.276596,0.077219,0.487801,0.003467,0.422915,0.414912,True
0.429406,3,0.297872,0.073556,0.507885,0.003467,0.422915,0.414912,True
0.429406,3,0.319149,0.077219,0.519637,0.003467,0.422915,0.414912,True
0.429406,3,0.340426,0.088237,0.561143,0.003467,0.422915,0.414912,True
0.429406,3,0.361702,0.088237,0.573639,0.003467,0.422915,0.414912,True
0.429406,3,0.382979,0.084544,0.549093,0.003467,0.422915,0.414912,True
0.429406,3,0.404255,0.077219,0.536299,0.003467,0.422915,0.414912,True
0.429406,3,0.425532,0.077219,0.542547,0.003467,0.422915,0.414912,True
0.429406,3,0.446809,0.084544,0.55058,0.003467,0.422915,0.414912,True
0.429406,3,0.468085,0.080881,0.540464,0.003467,0.422915,0.414912,True
0.429406,3,0.489362,0.080881,0.532877,0.003467,0.422915,0.414912,True
0.429406,3,0.510638,0.077219,0.529158,0.003467,0.422915,0.414912,True
0.429406,3,0.531915,0.073556,0.533472,0.003467,0.422915,0.414912,True
0.429406,3,0.553191,0.070704,0.53258,0.003467,0.422915,0.414912,True
0.429406,3,0.574468,0.070704,0.509223,0.003467,0.422915,0.414912,True
0.429406,3,0.595745,0.058364,0.514281,0.003467,0.422915,0.414912,False
0.429406,3,0.617021,0.070704,0.525141,0.003467,0.422915,0.414912,True
0.429406,3,0.638298,0.073556,0.52767,0.003467,0.422915,0.414912,True
0.429406,3,0.659574,0.073556,0.535257,0.003467,0.422915,0.414912,True
0.429406,3,0.680851,0.070704,0.530497,0.003467,0.422915,0.414912,True
0.429406,3,0.702128,0.067041,0.523951,0.003467,0.422915,0.414912,False
0.429406,3,0.723404,0.058364,0.49152,0.003467,0.422915,0.414912,False
0.429406,3,0.744681,0.058364,0.470396,0.003467,0.422915,0.414912,False
0.429406,3,0.765957,0.058364,0.444362,0.003467,0.422915,0.414912,False
0.429406,3,0.787234,0.058364,0.430378,0.003467,0.422915,0.414912,False
0.429406,3,0.808511,0.067041,0.454924,0.003467,0.422915,0.414912,False
0.429406,3,0.829787,0.058364,0.446742,0.003467,0.422915,0.414912,False
0.429406,3,0.851064,0.058364,0.415204,0.003467,0.422915,0.414912,False
0.429406,3,0.87234,0.058364,0.384856,0.003467,0.422915,0.414912,False
0.429406,3,0.893617,0.058364,0.405534,0.003467,0.422915,0.414912,False
0.429406,3,0.914894,0.058364,0.42651,0.003467,0.422915,0.414912,False
0.429406,3,0.93617,0.058364,0.444659,0.003467,0.422915,0.414912,False
0.429406,3,0.957447,0.058364,0.439899,0.003467,0.422915,0.414912,False
0.429406,3,0.978723,0.067041,0.421898,0.003467,0.422915,0.414912,False
0.429406,3,1.0,0.058364,0.396162,0.003467,0.422915,0.414912,False
0.42945,4,0.0,0.051849,0.370425,0.003467,0.422915,0.414912,False
0.42945,4,0.021277,0.049838,0.307051,0.003467,0.422915,0.414912,False
0.42945,4,0.042553,0.049838,0.246802,0.003467,0.422915,0.414912,False
0.42945,4,0.06383,0.047436,0.20961,0.003467,0.422915,0.414912,False
0.42945,4,0.085106,0.047436,0.179113,0.003467,0.422915,0.414912,False
0.42945,4,0.106383,0.047436,0.16022,0.003467,0.422915,0.414912,False
0.42945,4,0.12766,0.047436,0.152336,0.003467,0.422915,0.414912,False
0.42945,4,0.148936,0.058364,0.157989,0.003467,0.422915,0.414912,False
0.42945,4,0.170213,0.070163,0.175692,0.003467,0.422915,0.414912,True
0.42945,4,0.191489,0.073556,0.21199,0.003467,0.422915,0.414912,True
0.42945,4,0.212766,0.074937,0.300803,0.003467,0.422915,0.414912,True
0.42945,4,0.234043,0.077369,0.394228,0.003467,0.422915,0.414912,True
0.42945,4,0.255319,0.07902,0.429783,0.003467,0.422915,0.414912,True
0.42945,4,0.276596,0.073556,0.49881,0.003467,0.422915,0.414912,True
0.42945,4,0.297872,0.080881,0.51681,0.003467,0.422915,0.414912,True
0.42945,4,0.319149,0.084544,0.533323,0.003467,0.422915,0.414912,True
0.42945,4,0.340426,0.095533,0.582713,0.003467,0.422915,0.414912,True
0.42945,4,0.361702,0.095533,0.603392,0.003467,0.422915,0.414912,True
0.42945,4,0.382979,0.090068,0.600863,0.003467,0.422915,0.414912,True
0.42945,4,0.404255,0.089888,0.591937,0.003467,0.422915,0.414912,True
0.42945,4,0.425532,0.092921,0.585094,0.003467,0.422915,0.414912,True
0.42945,4,0.446809,0.089888,0.591193,0.003467,0.422915,0.414912,True
0.42945,4,0.468085,0.088237,0.591788,0.003467,0.422915,0.414912,True
0.42945,4,0.489362,0.088237,0.590598,0.003467,0.422915,0.414912,True
0.42945,4,0.510638,0.090068,0.593276,0.003467,0.422915,0.414912,True
0.42945,4,0.531915,0.088237,0.590152,0.003467,0.422915,0.414912,True
0.42945,4,0.553191,0.089888,0.588664,0.003467,0.422915,0.414912,True
0.42945,4,0.574468,0.084544,0.578548,0.003467,0.422915,0.414912,True
0.42945,4,0.595745,0.084544,0.57111,0.003467,0.422915,0.414912,True
0.42945,4,0.617021,0.088237,0.569473,0.003467,0.422915,0.414912,True
0.42945,4,0.638298,0.088237,0.574234,0.003467,0.422915,0.414912,True
0.42945,4,0.659574,0.084544,0.573788,0.003467,0.422915,0.414912,True
0.42945,4,0.680851,0.077219,0.558316,0.003467,0.422915,0.414912,True
0.42945,4,0.702128,0.077219,0.550729,0.003467,0.422915,0.414912,True
0.42945,4,0.723404,0.073556,0.52529,0.003467,0.422915,0.414912,True
0.42945,4,0.744681,0.058364,0.499554,0.003467,0.422915,0.414912,False
0.42945,4,0.765957,0.058364,0.469949,0.003467,0.422915,0.414912,False
0.42945,4,0.787234,0.067041,0.463553,0.003467,0.422915,0.414912,False
0.42945,4,0.808511,0.067041,0.493306,0.003467,0.422915,0.414912,False
0.42945,4,0.829787,0.067041,0.488396,0.003467,0.422915,0.414912,False
0.42945,4,0.851064,0.058364,0.447635,0.003467,0.422915,0.414912,False
0.42945,4,0.87234,0.058364,0.409997,0.003467,0.422915,0.414912,False
0.42945,4,0.893617,0.067041,0.436924,0.003467,0.422915,0.414912,False
0.42945,4,0.914894,0.058364,0.449122,0.003467,0.422915,0.414912,False
0.42945,4,0.93617,0.070704,0.454924,0.003467,0.422915,0.414912,False
0.42945,4,0.957447,0.058364,0.443469,0.003467,0.422915,0.414912,False
0.42945,4,0.978723,0.058364,0.431419,0.003467,0.422915,0.414912,False
0.42945,4,1.0,0.058364,0.400774,0.003467,0.422915,0.414912,False
0.429494,5,0.0,0.051849,0.377417,0.003467,0.422915,0.414912,False
0.429494,5,0.021277,0.049838,0.307498,0.003467,0.422915,0.414912,False
0.429494,5,0.042553,0.049838,0.256174,0.003467,0.422915,0.414912,False
0.429494,5,0.06383,0.044434,0.214371,0.003467,0.422915,0.414912,False
0.429494,5,0.085106,0.044434,0.191758,0.003467,0.422915,0.414912,False
0.429494,5,0.106383,0.061517,0.167658,0.003467,0.422915,0.414912,False
0.429494,5,0.12766,0.058364,0.165129,0.003467,0.422915,0.414912,False
0.429494,5,0.148936,0.067041,0.168253,0.003467,0.422915,0.414912,False
0.429494,5,0.170213,0.071694,0.19161,0.003467,0.422915,0.414912,False
0.429494,5,0.191489,0.073226,0.223892,0.003467,0.422915,0.414912,True
0.429494,5,0.212766,0.077459,0.30958,0.003467,0.422915,0.414912,True
0.429494,5,0.234043,0.077999,0.396311,0.003467,0.422915,0.414912,True
0.429494,5,0.255319,0.084214,0.432907,0.003467,0.422915,0.414912,True
0.429494,5,0.276596,0.077999,0.490181,0.003467,0.422915,0.414912,True
0.429494,5,0.297872,0.073226,0.517108,0.003467,0.422915,0.414912,False
0.429494,5,0.319149,0.076888,0.532282,0.003467,0.422915,0.414912,True
0.429494,5,0.340426,0.087907,0.583755,0.003467,0.422915,0.414912,True
0.429494,5,0.361702,0.087907,0.602946,0.003467,0.422915,0.414912,True
0.429494,5,0.382979,0.085925,0.579887,0.003467,0.422915,0.414912,True
0.429494,5,0.404255,0.083914,0.581821,0.003467,0.422915,0.414912,True
0.429494,5,0.425532,0.084214,0.588515,0.003467,0.422915,0.414912,True
0.429494,5,0.446809,0.084214,0.578399,0.003467,0.422915,0.414912,True
0.429494,5,0.468085,0.080551,0.575126,0.003467,0.422915,0.414912,True
0.429494,5,0.489362,0.080551,0.572151,0.003467,0.422915,0.414912,True
0.429494,5,0.510638,0.084214,0.565308,0.003467,0.422915,0.414912,True
0.429494,5,0.531915,0.080551,0.559209,0.003467,0.422915,0.414912,True
0.429494,5,0.553191,0.076888,0.555638,0.003467,0.422915,0.414912,True
0.429494,5,0.574468,0.076888,0.544183,0.003467,0.422915,0.414912,True
0.429494,5,0.595745,0.076888,0.544183,0.003467,0.422915,0.414912,True
0.429494,5,0.617021,0.084214,0.547307,0.003467,0.422915,0.414912,True
0.429494,5,0.638298,0.080551,0.548646,0.003467,0.422915,0.414912,True
0.429494,5,0.659574,0.084214,0.545968,0.003467,0.422915,0.414912,True
0.429494,5,0.680851,0.076888,0.527522,0.003467,0.422915,0.414912,True
0.429494,5,0.702128,0.073226,0.506546,0.003467,0.422915,0.414912,True
0.429494,5,0.723404,0.062838,0.462214,0.003467,0.422915,0.414912,False
0.429494,5,0.744681,0.054251,0.433948,0.003467,0.422915,0.414912,False
0.429494,5,0.765957,0.054251,0.414758,0.003467,0.422915,0.414912,False
0.429494,5,0.787234,0.062838,0.406724,0.003467,0.422915,0.414912,False
0.429494,5,0.808511,0.067131,0.432312,0.003467,0.422915,0.414912,False
0.429494,5,0.829787,0.062838,0.431419,0.003467,0.422915,0.414912,False
0.429494,5,0.851064,0.062838,0.40122,0.003467,0.422915,0.414912,False
0.429494,5,0.87234,0.054251,0.36983,0.003467,0.422915,0.414912,False
0.429494,5,0.893617,0.062838,0.395864,0.003467,0.422915,0.414912,False
0.429494,5,0.914894,0.062838,0.415204,0.003467,0.422915,0.414912,False
0.429494,5,0.93617,0.062838,0.441238,0.003467,0.422915,0.414912,False
0.429494,5,0.957447,0.062838,0.435138,0.003467,0.422915,0.414912,False
0.429494,5,0.978723,0.062838,0.417287,0.003467,0.422915,0.414912,False
0.429494,5,1.0,0.062838,0.39036,0.003467,0.422915,0.414912,False
0.429539,6,0.0,0.051849,0.360458,0.003467,0.422915,0.414912,False
0.429539,6,0.021277,0.049838,0.281166,0.003467,0.422915,0.414912,False
0.429539,6,0.042553,0.042032,0.223297,0.003467,0.422915,0.414912,False
0.429539,6,0.06383,0.042032,0.182981,0.003467,0.422915,0.414912,False
0.429539,6,0.085106,0.042032,0.150402,0.003467,0.422915,0.414912,False
0.429539,6,0.106383,0.042032,0.13136,0.003467,0.422915,0.414912,False
0.429539,6,0.12766,0.042032,0.124963,0.003467,0.422915,0.414912,False
0.429539,6,0.148936,0.042032,0.12288,0.003467,0.422915,0.414912,False
0.429539,6,0.170213,0.055242,0.127938,0.003467,0.422915,0.414912,False
0.429539,6,0.191489,0.070944,0.140286,0.003467,0.422915,0.414912,True
0.429539,6,0.212766,0.071364,0.163642,0.003467,0.422915,0.414912,True
0.429539,6,0.234043,0.055242,0.180155,0.003467,0.422915,0.414912,False
0.429539,6,0.255319,0.075207,0.213478,0.003467,0.422915,0.414912,True
0.429539,6,0.276596,0.07836,0.273431,0.003467,0.422915,0.414912,True
0.429539,6,0.297872,0.080521,0.33249,0.003467,0.422915,0.414912,True
0.429539,6,0.319149,0.085565,0.380988,0.003467,0.422915,0.414912,True
0.429539,6,0.340426,0.088477,0.431717,0.003467,0.422915,0.414912,True
0.429539,6,0.361702,0.087096,0.450312,0.003467,0.422915,0.414912,True
0.429539,6,0.382979,0.083133,0.457453,0.003467,0.422915,0.414912,True
0.429539,6,0.404255,0.080401,0.447486,0.003467,0.422915,0.414912,True
0.429539,6,0.425532,0.067641,0.444064,0.003467,0.422915,0.414912,False
0.429539,6,0.446809,0.075417,0.443023,0.003467,0.422915,0.414912,True
0.429539,6,0.468085,0.082593,0.436328,0.003467,0.422915,0.414912,True
0.429539,6,0.489362,0.081122,0.420262,0.003467,0.422915,0.414912,True
0.429539,6,0.510638,0.081092,0.421452,0.003467,0.422915,0.414912,True
0.429539,6,0.531915,0.085115,0.413419,0.003467,0.422915,0.414912,True
0.429539,6,0.553191,0.084034,0.40717,0.003467,0.422915,0.414912,True
0.429539,6,0.574468,0.082593,0.401964,0.003467,0.422915,0.414912,True
0.429539,6,0.595745,0.082593,0.401517,0.003467,0.422915,0.414912,True
0.429539,6,0.617021,0.085565,0.404195,0.003467,0.422915,0.414912,True
0.429539,6,0.638298,0.085715,0.399732,0.003467,0.422915,0.414912,True
0.429539,6,0.659574,0.081122,0.406427,0.003467,0.422915,0.414912,True
0.429539,6,0.680851,0.081092,0.395716,0.003467,0.422915,0.414912,True
0.429539,6,0.702128,0.081092,0.409253,0.003467,0.422915,0.414912,True
0.429539,6,0.723404,0.081122,0.408956,0.003467,0.422915,0.414912,True
0.429539,6,0.744681,0.080401,0.403303,0.003467,0.422915,0.414912,True
0.429539,6,0.765957,0.080401,0.387831,0.003467,0.422915,0.414912,True
0.429539,6,0.787234,0.081092,0.371467,0.003467,0.422915,0.414912,True
0.429539,6,0.808511,0.081122,0.39274,0.003467,0.422915,0.414912,True
0.429539,6,0.829787,0.075417,0.39512,0.003467,0.422915,0.414912,True
0.429539,6,0.851064,0.075417,0.364772,0.003467,0.422915,0.414912,True
0.429539,6,0.87234,0.073226,0.342904,0.003467,0.422915,0.414912,True
0.429539,6,0.893617,0.075417,0.350788,0.003467,0.422915,0.414912,True
0.429539,6,0.914894,0.074006,0.350491,0.003467,0.422915,0.414912,True
0.429539,6,0.93617,0.069293,0.354954,0.003467,0.422915,0.414912,False
0.429539,6,0.957447,0.067641,0.332937,0.003467,0.422915,0.414912,False
0.429539,6,0.978723,0.056593,0.304522,0.003467,0.422915,0.414912,False
0.429539,6,1.0,0.056593,0.259149,0.003467,0.422915,0.414912,False
0.429583,7,0.0,0.055242,0.24338,0.003467,0.422915,0.414912,False
0.429583,7,0.021277,0.055242,0.195775,0.003467,0.422915,0.414912,False
0.429583,7,0.042553,0.055242,0.153823,0.003467,0.422915,0.414912,False
0.429583,7,0.06383,0.055242,0.127789,0.003467,0.422915,0.414912,False
0.429583,7,0.085106,0.055242,0.11083,0.003467,0.422915,0.414912,False
0.429583,7,0.106383,0.055242,0.091044,0.003467,0.422915,0.414912,False
0.429583,7,0.12766,0.055242,0.08792,0.003467,0.422915,0.414912,False
0.429583,7,0.148936,0.055242,0.080928,0.003467,0.422915,0.414912,False
0.429583,7,0.170213,0.067521,0.086284,0.003467,0.422915,0.414912,False
0.429583,7,0.191489,0.068602,0.092086,0.003467,0.422915,0.414912,False
0.429583,7,0.212766,0.068602,0.110235,0.003467,0.422915,0.414912,False
0.429583,7,0.234043,0.072535,0.119607,0.003467,0.422915,0.414912,False
0.429583,7,0.255319,0.073526,0.135376,0.003467,0.422915,0.414912,False
0.429583,7,0.276596,0.075267,0.172716,0.003467,0.422915,0.414912,True
0.429583,7,0.297872,0.076738,0.223445,0.003467,0.422915,0.414912,True
0.429583,7,0.319149,0.081122,0.269711,0.003467,0.422915,0.414912,True
0.429583,7,0.340426,0.081122,0.320738,0.003467,0.422915,0.414912,True
0.429583,7,0.361702,0.080611,0.3554,0.003467,0.422915,0.414912,True
0.429583,7,0.382979,0.085505,0.367153,0.003467,0.422915,0.414912,True
0.429583,7,0.404255,0.080611,0.367301,0.003467,0.422915,0.414912,True
0.429583,7,0.425532,0.058034,0.372657,0.003467,0.422915,0.414912,False
0.429583,7,0.446809,0.058034,0.376376,0.003467,0.422915,0.414912,False
0.429583,7,0.468085,0.080611,0.374888,0.003467,0.422915,0.414912,True
0.429583,7,0.489362,0.07836,0.368938,0.003467,0.422915,0.414912,True
0.429583,7,0.510638,0.081092,0.362243,0.003467,0.422915,0.414912,True
0.429583,7,0.531915,0.080611,0.355995,0.003467,0.422915,0.414912,True
0.429583,7,0.553191,0.076198,0.342904,0.003467,0.422915,0.414912,True
0.429583,7,0.574468,0.076198,0.33978,0.003467,0.422915,0.414912,True
0.429583,7,0.595745,0.081122,0.334127,0.003467,0.422915,0.414912,True
0.429583,7,0.617021,0.081092,0.338292,0.003467,0.422915,0.414912,True
0.429583,7,0.638298,0.076198,0.335019,0.003467,0.422915,0.414912,True
0.429583,7,0.659574,0.081092,0.334127,0.003467,0.422915,0.414912,True
0.429583,7,0.680851,0.076198,0.33011,0.003467,0.422915,0.414912,True
0.429583,7,0.702128,0.076198,0.343648,0.003467,0.422915,0.414912,True
0.429583,7,0.723404,0.075267,0.363136,0.003467,0.422915,0.414912,True
0.429583,7,0.744681,0.086346,0.377715,0.003467,0.422915,0.414912,True
0.429583,7,0.765957,0.080611,0.369979,0.003467,0.422915,0.414912,True
0.429583,7,0.787234,0.081092,0.372062,0.003467,0.422915,0.414912,True
0.429583,7,0.808511,0.086496,0.392294,0.003467,0.422915,0.414912,True
0.429583,7,0.829787,0.076198,0.395716,0.003467,0.422915,0.414912,True
0.429583,7,0.851064,0.058034,0.36745,0.003467,0.422915,0.414912,False
0.429583,7,0.87234,0.056593,0.330259,0.003467,0.422915,0.414912,False
0.429583,7,0.893617,0.058034,0.339929,0.003467,0.422915,0.414912,False
0.429583,7,0.914894,0.056593,0.337697,0.003467,0.422915,0.414912,False
0.429583,7,0.93617,0.056593,0.346474,0.003467,0.422915,0.414912,False
0.429583,7,0.957447,0.056593,0.323267,0.003467,0.422915,0.414912,False
0.429583,7,0.978723,0.056593,0.302142,0.003467,0.422915,0.414912,False
0.429583,7,1.0,0.056593,0.263612,0.003467,0.422915,0.414912,False
0.429627,1,0.0,0.056593,0.256025,0.003467,0.422915,0.414912,False
0.429627,1,0.021277,0.056593,0.215412,0.003467,0.422915,0.414912,False
0.429627,1,0.042553,0.056593,0.176287,0.003467,0.422915,0.414912,False
0.429627,1,0.06383,0.055242,0.155013,0.003467,0.422915,0.414912,False
0.429627,1,0.085106,0.041131,0.138352,0.003467,0.422915,0.414912,False
0.429627,1,0.106383,0.069413,0.129575,0.003467,0.422915,0.414912,False
0.429627,1,0.12766,0.055242,0.128831,0.003467,0.422915,0.414912,False
0.429627,1,0.148936,0.071364,0.140881,0.003467,0.422915,0.414912,True
0.429627,1,0.170213,0.069593,0.163939,0.003467,0.422915,0.414912,False
0.429627,1,0.191489,0.073226,0.202916,0.003467,0.422915,0.414912,True
0.429627,1,0.212766,0.076318,0.293663,0.003467,0.422915,0.414912,True
0.429627,1,0.234043,0.076888,0.372954,0.003467,0.422915,0.414912,True
0.429627,1,0.255319,0.077369,0.409997,0.003467,0.422915,0.414912,True
0.429627,1,0.276596,0.076318,0.483041,0.003467,0.422915,0.414912,True
0.429627,1,0.297872,0.084995,0.515472,0.003467,0.422915,0.414912,True
0.429627,1,0.319149,0.076888,0.541654,0.003467,0.422915,0.414912,True
0.429627,1,0.340426,0.095202,0.600714,0.003467,0.422915,0.414912,True
0.429627,1,0.361702,0.107482,0.628831,0.003467,0.422915,0.414912,True
0.429627,1,0.382979,0.095202,0.626897,0.003467,0.422915,0.414912,True
0.429627,1,0.404255,0.102078,0.625855,0.003467,0.422915,0.414912,True
0.429627,1,0.425532,0.102078,0.62645,0.003467,0.422915,0.414912,True
0.429627,1,0.446809,0.092771,0.626599,0.003467,0.422915,0.414912,True
0.429627,1,0.468085,0.092771,0.629872,0.003467,0.422915,0.414912,True
0.429627,1,0.489362,0.092771,0.628533,0.003467,0.422915,0.414912,True
0.429627,1,0.510638,0.092771,0.633294,0.003467,0.422915,0.414912,True
0.429627,1,0.531915,0.092771,0.631062,0.003467,0.422915,0.414912,True
0.429627,1,0.553191,0.092771,0.634633,0.003467,0.422915,0.414912,True
0.429627,1,0.574468,0.090068,0.632252,0.003467,0.422915,0.414912,True
0.429627,1,0.595745,0.092771,0.628533,0.003467,0.422915,0.414912,True
0.429627,1,0.617021,0.084995,0.630616,0.003467,0.422915,0.414912,True
0.429627,1,0.638298,0.092771,0.637162,0.003467,0.422915,0.414912,True
0.429627,1,0.659574,0.092771,0.641327,0.003467,0.422915,0.414912,True
0.429627,1,0.680851,0.092771,0.625707,0.003467,0.422915,0.414912,True
0.429627,1,0.702128,0.084995,0.61083,0.003467,0.422915,0.414912,True
0.429627,1,0.723404,0.083794,0.559952,0.003467,0.422915,0.414912,True
0.429627,1,0.744681,0.071064,0.531241,0.003467,0.422915,0.414912,False
0.429627,1,0.765957,0.069593,0.502231,0.003467,0.422915,0.414912,False
0.429627,1,0.787234,0.076318,0.488099,0.003467,0.422915,0.414912,False
0.429627,1,0.808511,0.076888,0.512496,0.003467,0.422915,0.414912,True
0.429627,1,0.829787,0.076318,0.50476,0.003467,0.422915,0.414912,False
0.429627,1,0.851064,0.076318,0.468313,0.003467,0.422915,0.414912,False
0.429627,1,0.87234,0.06584,0.429039,0.003467,0.422915,0.414912,False
0.429627,1,0.893617,0.071064,0.444808,0.003467,0.422915,0.414912,False
0.429627,1,0.914894,0.06584,0.449122,0.003467,0.422915,0.414912,False
0.429627,1,0.93617,0.069593,0.457751,0.003467,0.422915,0.414912,False
0.429627,1,0.957447,0.069593,0.444659,0.003467,0.422915,0.414912,False
0.429627,1,0.978723,0.06584,0.427551,0.003467,0.422915,0.414912,False
0.429627,1,1.0,0.06584,0.393187,0.003467,0.422915,0.414912,False
0.429671,2,0.0,0.051849,0.368492,0.003467,0.422915,0.414912,False
0.429671,2,0.021277,0.051849,0.301696,0.003467,0.422915,0.414912,False
0.429671,2,0.042553,0.049838,0.24338,0.003467,0.422915,0.414912,False
0.429671,2,0.06383,0.041131,0.213032,0.003467,0.422915,0.414912,False
0.429671,2,0.085106,0.049838,0.182237,0.003467,0.422915,0.414912,False
0.429671,2,0.106383,0.06584,0.165427,0.003467,0.422915,0.414912,False
0.429671,2,0.12766,0.06584,0.15546,0.003467,0.422915,0.414912,False
0.429671,2,0.148936,0.06584,0.161262,0.003467,0.422915,0.414912,False
0.429671,2,0.170213,0.072535,0.189081,0.003467,0.422915,0.414912,False
0.429671,2,0.191489,0.072535,0.226272,0.003467,0.422915,0.414912,False
0.429671,2,0.212766,0.077759,0.309729,0.003467,0.422915,0.414912,False
0.429671,2,0.234043,0.076258,0.39274,0.003467,0.422915,0.414912,False
0.429671,2,0.255319,0.077999,0.429932,0.003467,0.422915,0.414912,False
0.429671,2,0.276596,0.084064,0.492413,0.003467,0.422915,0.414912,True
0.429671,2,0.297872,0.080341,0.549836,0.003467,0.422915,0.414912,True
0.429671,2,0.319149,0.093071,0.556233,0.003467,0.422915,0.414912,True
0.429671,2,0.340426,0.106461,0.615888,0.003467,0.422915,0.414912,True
0.429671,2,0.361702,0.106911,0.638798,0.003467,0.422915,0.414912,True
0.429671,2,0.382979,0.115768,0.643707,0.003467,0.422915,0.414912,True
0.429671,2,0.404255,0.108082,0.634037,0.003467,0.422915,0.414912,True
0.429671,2,0.425532,0.111084,0.638054,0.003467,0.422915,0.414912,True
0.429671,2,0.446809,0.111084,0.645641,0.003467,0.422915,0.414912,True
0.429671,2,0.468085,0.117089,0.652038,0.003467,0.422915,0.414912,True
0.429671,2,0.489362,0.115768,0.65665,0.003467,0.422915,0.414912,True
0.429671,2,0.510638,0.115768,0.660964,0.003467,0.422915,0.414912,True
0.429671,2,0.531915,0.115768,0.669444,0.003467,0.422915,0.414912,True
0.429671,2,0.553191,0.106911,0.667658,0.003467,0.422915,0.414912,True
0.429671,2,0.574468,0.125465,0.664832,0.003467,0.422915,0.414912,True
0.429671,2,0.595745,0.111084,0.663939,0.003467,0.422915,0.414912,True
0.429671,2,0.617021,0.115768,0.670783,0.003467,0.422915,0.414912,True
0.429671,2,0.638298,0.121652,0.676584,0.003467,0.422915,0.414912,True
0.429671,2,0.659574,0.123094,0.68313,0.003467,0.422915,0.414912,True
0.429671,2,0.680851,0.117089,0.667361,0.003467,0.422915,0.414912,True
0.429671,2,0.702128,0.099075,0.641922,0.003467,0.422915,0.414912,True
0.429671,2,0.723404,0.084064,0.59759,0.003467,0.422915,0.414912,False
0.429671,2,0.744681,0.080341,0.569176,0.003467,0.422915,0.414912,False
0.429671,2,0.765957,0.077759,0.534514,0.003467,0.422915,0.414912,False
0.429671,2,0.787234,0.077759,0.516067,0.003467,0.422915,0.414912,False
0.429671,2,0.808511,0.077759,0.54463,0.003467,0.422915,0.414912,False
0.429671,2,0.829787,0.080341,0.536596,0.003467,0.422915,0.414912,False
0.429671,2,0.851064,0.072535,0.489735,0.003467,0.422915,0.414912,False
0.429671,2,0.87234,0.06584,0.448527,0.003467,0.422915,0.414912,False
0.429671,2,0.893617,0.075147,0.465635,0.003467,0.422915,0.414912,False
0.429671,2,0.914894,0.067341,0.456263,0.003467,0.422915,0.414912,False
0.429671,2,0.93617,0.067341,0.458643,0.003467,0.422915,0.414912,False
0.429671,2,0.957447,0.066531,0.445998,0.003467,0.422915,0.414912,False
0.429671,2,0.978723,0.054251,0.422196,0.003467,0.422915,0.414912,False
0.429671,2,1.0,0.06584,0.393484,0.003467,0.422915,0.414912,False
0.429715,3,0.0,0.049838,0.362541,0.003467,0.422915,0.414912,False
0.429715,3,0.021277,0.049838,0.300803,0.003467,0.422915,0.414912,False
0.429715,3,0.042553,0.041431,0.241595,0.003467,0.422915,0.414912,False
0.429715,3,0.06383,0.041431,0.206784,0.003467,0.422915,0.414912,False
0.429715,3,0.085106,0.049838,0.185064,0.003467,0.422915,0.414912,False
0.429715,3,0.106383,0.041431,0.166022,0.003467,0.422915,0.414912,False
0.429715,3,0.12766,0.06584,0.164683,0.003467,0.422915,0.414912,False
0.429715,3,0.148936,0.066531,0.165278,0.003467,0.422915,0.414912,False
0.429715,3,0.170213,0.057944,0.193246,0.003467,0.422915,0.414912,False
0.429715,3,0.191489,0.071755,0.228206,0.003467,0.422915,0.414912,False
0.429715,3,0.212766,0.074156,0.311812,0.003467,0.422915,0.414912,False
0.429715,3,0.234043,0.073526,0.390211,0.003467,0.422915,0.414912,False
0.429715,3,0.255319,0.073526,0.419667,0.003467,0.422915,0.414912,False
0.429715,3,0.276596,0.066981,0.482892,0.003467,0.422915,0.414912,False
0.429715,3,0.297872,0.074156,0.518744,0.003467,0.422915,0.414912,False
0.429715,3,0.319149,0.073526,0.541654,0.003467,0.422915,0.414912,False
0.429715,3,0.340426,0.085775,0.593276,0.003467,0.422915,0.414912,True
0.429715,3,0.361702,0.09259,0.618566,0.003467,0.422915,0.414912,True
0.429715,3,0.382979,0.085775,0.612615,0.003467,0.422915,0.414912,True
0.429715,3,0.404255,0.09259,0.610681,0.003467,0.422915,0.414912,True
0.429715,3,0.425532,0.09259,0.612615,0.003467,0.422915,0.414912,True
0.429715,3,0.446809,0.09259,0.620202,0.003467,0.422915,0.414912,True
0.429715,3,0.468085,0.087066,0.619607,0.003467,0.422915,0.414912,True
0.429715,3,0.489362,0.085775,0.6205,0.003467,0.422915,0.414912,True
0.429715,3,0.510638,0.09259,0.623029,0.003467,0.422915,0.414912,True
0.429715,3,0.531915,0.09259,0.630913,0.003467,0.422915,0.414912,True
0.429715,3,0.553191,0.085775,0.629426,0.003467,0.422915,0.414912,True
0.429715,3,0.574468,0.07896,0.629426,0.003467,0.422915,0.414912,True
0.429715,3,0.595745,0.085775,0.624219,0.003467,0.422915,0.414912,True
0.429715,3,0.617021,0.085775,0.631062,0.003467,0.422915,0.414912,True
0.429715,3,0.638298,0.099075,0.635674,0.003467,0.422915,0.414912,True
0.429715,3,0.659574,0.09259,0.631508,0.003467,0.422915,0.414912,True
0.429715,3,0.680851,0.07896,0.614252,0.003467,0.422915,0.414912,True
0.429715,3,0.702128,0.071755,0.596251,0.003467,0.422915,0.414912,False
0.429715,3,0.723404,0.066891,0.551622,0.003467,0.422915,0.414912,False
0.429715,3,0.744681,0.057944,0.520678,0.003467,0.422915,0.414912,False
0.429715,3,0.765957,0.057764,0.490925,0.003467,0.422915,0.414912,False
0.429715,3,0.787234,0.057944,0.473073,0.003467,0.422915,0.414912,False
0.429715,3,0.808511,0.066741,0.494793,0.003467,0.422915,0.414912,False
0.429715,3,0.829787,0.057854,0.49033,0.003467,0.422915,0.414912,False
0.429715,3,0.851064,0.057674,0.449271,0.003467,0.422915,0.414912,False
0.429715,3,0.87234,0.054912,0.419964,0.003467,0.422915,0.414912,False
0.429715,3,0.893617,0.066741,0.438857,0.003467,0.422915,0.414912,False
0.429715,3,0.914894,0.06584,0.443618,0.003467,0.422915,0.414912,False
0.429715,3,0.93617,0.069383,0.448378,0.003467,0.422915,0.414912,False
0.429715,3,0.957447,0.057944,0.434692,0.003467,0.422915,0.414912,False
0.429715,3,0.978723,0.054912,0.421749,0.003467,0.422915,0.414912,False
0.429715,3,1.0,0.054912,0.386492,0.003467,0.422915,0.414912,False
0.42976,4,0.0,0.054912,0.357632,0.003467,0.422915,0.414912,False
0.42976,4,0.021277,0.049838,0.288158,0.003467,0.422915,0.414912,False
0.42976,4,0.042553,0.049838,0.231627,0.003467,0.422915,0.414912,False
0.42976,4,0.06383,0.049838,0.200238,0.003467,0.422915,0.414912,False
0.42976,4,0.085106,0.041431,0.170187,0.003467,0.422915,0.414912,False
0.42976,4,0.106383,0.041431,0.153675,0.003467,0.422915,0.414912,False
0.42976,4,0.12766,0.041431,0.154121,0.003467,0.422915,0.414912,False
0.42976,4,0.148936,0.041431,0.159476,0.003467,0.422915,0.414912,False
0.42976,4,0.170213,0.066741,0.179708,0.003467,0.422915,0.414912,False
0.42976,4,0.191489,0.067041,0.219429,0.003467,0.422915,0.414912,False
0.42976,4,0.212766,0.074937,0.299018,0.003467,0.422915,0.414912,True
0.42976,4,0.234043,0.074577,0.375335,0.003467,0.422915,0.414912,True
0.42976,4,0.255319,0.072715,0.400922,0.003467,0.422915,0.414912,True
0.42976,4,0.276596,0.06584,0.464296,0.003467,0.422915,0.414912,False
0.42976,4,0.297872,0.069893,0.490479,0.003467,0.422915,0.414912,False
0.42976,4,0.319149,0.069893,0.512943,0.003467,0.422915,0.414912,False
0.42976,4,0.340426,0.07845,0.567539,0.003467,0.422915,0.414912,True
0.42976,4,0.361702,0.07845,0.593276,0.003467,0.422915,0.414912,True
0.42976,4,0.382979,0.081272,0.592532,0.003467,0.422915,0.414912,True
0.42976,4,0.404255,0.075597,0.579292,0.003467,0.422915,0.414912,True
0.42976,4,0.425532,0.072715,0.602946,0.003467,0.422915,0.414912,True
0.42976,4,0.446809,0.081272,0.611425,0.003467,0.422915,0.414912,True
0.42976,4,0.468085,0.090068,0.611574,0.003467,0.422915,0.414912,True
0.42976,4,0.489362,0.081272,0.616334,0.003467,0.422915,0.414912,True
0.42976,4,0.510638,0.081272,0.630021,0.003467,0.422915,0.414912,True
0.42976,4,0.531915,0.081272,0.635823,0.003467,0.422915,0.414912,True
0.42976,4,0.553191,0.093461,0.639988,0.003467,0.422915,0.414912,True
0.42976,4,0.574468,0.07845,0.642517,0.003467,0.422915,0.414912,True
0.42976,4,0.595745,0.081272,0.646534,0.003467,0.422915,0.414912,True
0.42976,4,0.617021,0.102078,0.656947,0.003467,0.422915,0.414912,True
0.42976,4,0.638298,0.108082,0.665278,0.003467,0.422915,0.414912,True
0.42976,4,0.659574,0.093461,0.663939,0.003467,0.422915,0.414912,True
0.42976,4,0.680851,0.093461,0.649955,0.003467,0.422915,0.414912,True
0.42976,4,0.702128,0.075597,0.642963,0.003467,0.422915,0.414912,True
0.42976,4,0.723404,0.072715,0.603838,0.003467,0.422915,0.414912,True
0.42976,4,0.744681,0.063859,0.580036,0.003467,0.422915,0.414912,False
0.42976,4,0.765957,0.061006,0.546415,0.003467,0.422915,0.414912,False
0.42976,4,0.787234,0.067041,0.543588,0.003467,0.422915,0.414912,False
0.42976,4,0.808511,0.093461,0.557423,0.003467,0.422915,0.414912,True
0.42976,4,0.829787,0.072715,0.550283,0.003467,0.422915,0.414912,True
0.42976,4,0.851064,0.075597,0.50848,0.003467,0.422915,0.414912,True
0.42976,4,0.87234,0.072715,0.469503,0.003467,0.422915,0.414912,True
0.42976,4,0.893617,0.084064,0.479917,0.003467,0.422915,0.414912,True
0.42976,4,0.914894,0.07845,0.475454,0.003467,0.422915,0.414912,True
0.42976,4,0.93617,0.069893,0.479917,0.003467,0.422915,0.414912,False
0.42976,4,0.957447,0.069893,0.466082,0.003467,0.422915,0.414912,False
0.42976,4,0.978723,0.063859,0.443023,0.003467,0.422915,0.414912,False
0.42976,4,1.0,0.063859,0.410741,0.003467,0.422915,0.414912,False
0.429804,5,0.0,0.057944,0.380542,0.003467,0.422915,0.414912,False
0.429804,5,0.021277,0.051849,0.312407,0.003467,0.422915,0.414912,False
0.429804,5,0.042553,0.049838,0.257215,0.003467,0.422915,0.414912,False
0.429804,5,0.06383,0.049838,0.223445,0.003467,0.422915,0.414912,False
0.429804,5,0.085106,0.057944,0.200684,0.003467,0.422915,0.414912,False
0.429804,5,0.106383,0.041431,0.181345,0.003467,0.422915,0.414912,False
0.429804,5,0.12766,0.057944,0.177031,0.003467,0.422915,0.414912,False
0.429804,5,0.148936,0.066741,0.184469,0.003467,0.422915,0.414912,False
0.429804,5,0.170213,0.070584,0.209015,0.003467,0.422915,0.414912,False
0.429804,5,0.191489,0.073316,0.24576,0.003467,0.422915,0.414912,False
0.429804,5,0.212766,0.077339,0.327135,0.003467,0.422915,0.414912,True
0.429804,5,0.234043,0.075087,0.409253,0.003467,0.422915,0.414912,True
0.429804,5,0.255319,0.077339,0.446147,0.003467,0.422915,0.414912,True
0.429804,5,0.276596,0.075087,0.50848,0.003467,0.422915,0.414912,True
0.429804,5,0.297872,0.07956,0.535555,0.003467,0.422915,0.414912,True
0.429804,5,0.319149,0.081782,0.564415,0.003467,0.422915,0.414912,True
0.429804,5,0.340426,0.108082,0.617822,0.003467,0.422915,0.414912,True
0.429804,5,0.361702,0.102078,0.637608,0.003467,0.422915,0.414912,True
0.429804,5,0.382979,0.093191,0.631657,0.003467,0.422915,0.414912,True
0.429804,5,0.404255,0.096073,0.632401,0.003467,0.422915,0.414912,True
0.429804,5,0.425532,0.093191,0.628979,0.003467,0.422915,0.414912,True
0.429804,5,0.446809,0.07956,0.63493,0.003467,0.422915,0.414912,True
0.429804,5,0.468085,0.081782,0.639542,0.003467,0.422915,0.414912,True
0.429804,5,0.489362,0.090068,0.638203,0.003467,0.422915,0.414912,True
0.429804,5,0.510638,0.081782,0.638054,0.003467,0.422915,0.414912,True
0.429804,5,0.531915,0.081782,0.63255,0.003467,0.422915,0.414912,True
0.429804,5,0.553191,0.081782,0.629575,0.003467,0.422915,0.414912,True
0.429804,5,0.574468,0.07956,0.61931,0.003467,0.422915,0.414912,True
0.429804,5,0.595745,0.077339,0.618268,0.003467,0.422915,0.414912,True
0.429804,5,0.617021,0.077339,0.619458,0.003467,0.422915,0.414912,True
0.429804,5,0.638298,0.093191,0.619458,0.003467,0.422915,0.414912,True
0.429804,5,0.659574,0.07956,0.6144,0.003467,0.422915,0.414912,True
0.429804,5,0.680851,0.077339,0.595805,0.003467,0.422915,0.414912,True
0.429804,5,0.702128,0.072835,0.564267,0.003467,0.422915,0.414912,False
0.429804,5,0.723404,0.060826,0.518001,0.003467,0.422915,0.414912,False
0.429804,5,0.744681,0.060826,0.487057,0.003467,0.422915,0.414912,False
0.429804,5,0.765957,0.059475,0.46028,0.003467,0.422915,0.414912,False
0.429804,5,0.787234,0.060826,0.457602,0.003467,0.422915,0.414912,False
0.429804,5,0.808511,0.06614,0.469801,0.003467,0.422915,0.414912,False
0.429804,5,0.829787,0.056083,0.459982,0.003467,0.422915,0.414912,False
0.429804,5,0.851064,0.055602,0.427105,0.003467,0.422915,0.414912,False
0.429804,5,0.87234,0.054251,0.39155,0.003467,0.422915,0.414912,False
0.429804,5,0.893617,0.059475,0.429188,0.003467,0.422915,0.414912,False
0.429804,5,0.914894,0.070584,0.429932,0.003467,0.422915,0.414912,False
0.429804,5,0.93617,0.070584,0.450164,0.003467,0.422915,0.414912,False
0.429804,5,0.957447,0.059475,0.441982,0.003467,0.422915,0.414912,False
0.429804,5,0.978723,0.060826,0.420857,0.003467,0.422915,0.414912,False
0.429804,5,1.0,0.059475,0.385897,0.003467,0.422915,0.414912,False
0.429848,6,0.0,0.051849,0.348111,0.003467,0.422915,0.414912,False
0.429848,6,0.021277,0.049838,0.277298,0.003467,0.422915,0.414912,False
0.429848,6,0.042553,0.049838,0.222255,0.003467,0.422915,0.414912,False
0.429848,6,0.06383,0.049838,0.182832,0.003467,0.422915,0.414912,False
0.429848,6,0.085106,0.041431,0.155757,0.003467,0.422915,0.414912,False
0.429848,6,0.106383,0.041431,0.137608,0.003467,0.422915,0.414912,False
0.429848,6,0.12766,0.059475,0.127641,0.003467,0.422915,0.414912,False
0.429848,6,0.148936,0.059475,0.123326,0.003467,0.422915,0.414912,False
0.429848,6,0.170213,0.06614,0.132847,0.003467,0.422915,0.414912,False
0.429848,6,0.191489,0.041431,0.137013,0.003467,0.422915,0.414912,False
0.429848,6,0.212766,0.041431,0.164237,0.003467,0.422915,0.414912,False
0.429848,6,0.234043,0.072535,0.189973,0.003467,0.422915,0.414912,True
0.429848,6,0.255319,0.072685,0.222999,0.003467,0.422915,0.414912,True
0.429848,6,0.276596,0.074847,0.281613,0.003467,0.422915,0.414912,True
0.429848,6,0.297872,0.074847,0.336209,0.003467,0.422915,0.414912,True
0.429848,6,0.319149,0.072685,0.382624,0.003467,0.422915,0.414912,True
0.429848,6,0.340426,0.072685,0.431122,0.003467,0.422915,0.414912,True
0.429848,6,0.361702,0.072685,0.449271,0.003467,0.422915,0.414912,True
0.429848,6,0.382979,0.070494,0.455222,0.003467,0.422915,0.414912,True
0.429848,6,0.404255,0.06614,0.463106,0.003467,0.422915,0.414912,False
0.429848,6,0.425532,0.074847,0.469503,0.003467,0.422915,0.414912,True
0.429848,6,0.446809,0.072685,0.472776,0.003467,0.422915,0.414912,True
0.429848,6,0.468085,0.076258,0.4759,0.003467,0.422915,0.414912,True
0.429848,6,0.489362,0.07923,0.483785,0.003467,0.422915,0.414912,True
0.429848,6,0.510638,0.081392,0.471883,0.003467,0.422915,0.414912,True
0.429848,6,0.531915,0.07923,0.47947,0.003467,0.422915,0.414912,True
0.429848,6,0.553191,0.091209,0.487057,0.003467,0.422915,0.414912,True
0.429848,6,0.574468,0.09151,0.489735,0.003467,0.422915,0.414912,True
0.429848,6,0.595745,0.094152,0.492264,0.003467,0.422915,0.414912,True
0.429848,6,0.617021,0.109613,0.500298,0.003467,0.422915,0.414912,True
0.429848,6,0.638298,0.106911,0.50119,0.003467,0.422915,0.414912,True
0.429848,6,0.659574,0.106911,0.507736,0.003467,0.422915,0.414912,True
0.429848,6,0.680851,0.106911,0.496727,0.003467,0.422915,0.414912,True
0.429848,6,0.702128,0.10496,0.504463,0.003467,0.422915,0.414912,True
0.429848,6,0.723404,0.10508,0.506843,0.003467,0.422915,0.414912,True
0.429848,6,0.744681,0.101447,0.493008,0.003467,0.422915,0.414912,True
0.429848,6,0.765957,0.085985,0.474412,0.003467,0.422915,0.414912,True
0.429848,6,0.787234,0.094152,0.480512,0.003467,0.422915,0.414912,True
0.429848,6,0.808511,0.11811,0.498661,0.003467,0.422915,0.414912,True
0.429848,6,0.829787,0.106581,0.493901,0.003467,0.422915,0.414912,True
0.429848,6,0.851064,0.096403,0.463255,0.003467,0.422915,0.414912,True
0.429848,6,0.87234,0.091209,0.430824,0.003467,0.422915,0.414912,True
0.429848,6,0.893617,0.101447,0.434841,0.003467,0.422915,0.414912,True
0.429848,6,0.914894,0.091209,0.427254,0.003467,0.422915,0.414912,True
0.429848,6,0.93617,0.077039,0.414609,0.003467,0.422915,0.414912,False
0.429848,6,0.957447,0.072685,0.383666,0.003467,0.422915,0.414912,False
0.429848,6,0.978723,0.06614,0.347664,0.003467,0.422915,0.414912,False
0.429848,6,1.0,0.049838,0.303481,0.003467,0.422915,0.414912,False
0.429892,7,0.0,0.049838,0.285183,0.003467,0.422915,0.414912,False
0.429892,7,0.021277,0.041431,0.229991,0.003467,0.422915,0.414912,False
0.429892,7,0.042553,0.041462,0.189676,0.003467,0.422915,0.414912,False
0.429892,7,0.06383,0.06614,0.162154,0.003467,0.422915,0.414912,False
0.429892,7,0.085106,0.06614,0.139691,0.003467,0.422915,0.414912,False
0.429892,7,0.106383,0.068602,0.127789,0.003467,0.422915,0.414912,False
0.429892,7,0.12766,0.068332,0.119012,0.003467,0.422915,0.414912,False
0.429892,7,0.148936,0.068602,0.116037,0.003467,0.422915,0.414912,False
0.429892,7,0.170213,0.06614,0.118417,0.003467,0.422915,0.414912,False
0.429892,7,0.191489,0.06614,0.12407,0.003467,0.422915,0.414912,False
0.429892,7,0.212766,0.068602,0.138054,0.003467,0.422915,0.414912,False
0.429892,7,0.234043,0.06614,0.147575,0.003467,0.422915,0.414912,False
0.429892,7,0.255319,0.070584,0.164534,0.003467,0.422915,0.414912,False
0.429892,7,0.276596,0.070584,0.204403,0.003467,0.422915,0.414912,False
0.429892,7,0.297872,0.075087,0.251116,0.003467,0.422915,0.414912,False
0.429892,7,0.319149,0.072835,0.296638,0.003467,0.422915,0.414912,False
0.429892,7,0.340426,0.077429,0.34454,0.003467,0.422915,0.414912,False
0.429892,7,0.361702,0.075087,0.377566,0.003467,0.422915,0.414912,False
0.429892,7,0.382979,0.072505,0.396162,0.003467,0.422915,0.414912,False
0.429892,7,0.404255,0.072835,0.400327,0.003467,0.422915,0.414912,False
0.429892,7,0.425532,0.072835,0.411931,0.003467,0.422915,0.414912,False
0.429892,7,0.446809,0.072835,0.414014,0.003467,0.422915,0.414912,False
0.429892,7,0.468085,0.070584,0.41803,0.003467,0.422915,0.414912,False
0.429892,7,0.489362,0.075087,0.420708,0.003467,0.422915,0.414912,False
0.429892,7,0.510638,0.075087,0.41446,0.003467,0.422915,0.414912,False
0.429892,7,0.531915,0.077339,0.410295,0.003467,0.422915,0.414912,False
0.429892,7,0.553191,0.077339,0.409104,0.003467,0.422915,0.414912,False
0.429892,7,0.574468,0.07956,0.411336,0.003467,0.422915,0.414912,False
0.429892,7,0.595745,0.07956,0.413716,0.003467,0.422915,0.414912,True
0.429892,7,0.617021,0.081122,0.414758,0.003467,0.422915,0.414912,True
0.429892,7,0.638298,0.07956,0.411633,0.003467,0.422915,0.414912,True
0.429892,7,0.659574,0.07956,0.41208,0.003467,0.422915,0.414912,True
0.429892,7,0.680851,0.077339,0.406427,0.003467,0.422915,0.414912,False
0.429892,7,0.702128,0.080401,0.419369,0.003467,0.422915,0.414912,True
0.429892,7,0.723404,0.080401,0.422196,0.003467,0.422915,0.414912,True
0.429892,7,0.744681,0.075087,0.424725,0.003467,0.422915,0.414912,False
0.429892,7,0.765957,0.075087,0.420262,0.003467,0.422915,0.414912,False
0.429892,7,0.787234,0.07956,0.437221,0.003467,0.422915,0.414912,True
0.429892,7,0.808511,0.081122,0.449717,0.003467,0.422915,0.414912,True
0.429892,7,0.829787,0.072835,0.445403,0.003467,0.422915,0.414912,False
0.429892,7,0.851064,0.077339,0.413865,0.003467,0.422915,0.414912,True
0.429892,7,0.87234,0.069503,0.382178,0.003467,0.422915,0.414912,False
0.429892,7,0.893617,0.075087,0.383814,0.003467,0.422915,0.414912,True
0.429892,7,0.914894,0.070554,0.372806,0.003467,0.422915,0.414912,False
0.429892,7,0.93617,0.072835,0.364029,0.003467,0.422915,0.414912,True
0.429892,7,0.957447,0.049838,0.331151,0.003467,0.422915,0.414912,False
0.429892,7,0.978723,0.049838,0.311366,0.003467,0.422915,0.414912,False
0.429892,7,1.0,0.049838,0.271943,0.003467,0.422915,0.414912,False
0.429937,1,0.0,0.047946,0.265843,0.003467,0.422915,0.414912,False
0.429937,1,0.021277,0.049838,0.225826,0.003467,0.422915,0.414912,False
0.429937,1,0.042553,0.041431,0.191015,0.003467,0.422915,0.414912,False
0.429937,1,0.06383,0.041431,0.174204,0.003467,0.422915,0.414912,False
0.429937,1,0.085106,0.070584,0.15784,0.003467,0.422915,0.414912,True
0.429937,1,0.106383,0.068392,0.151741,0.003467,0.422915,0.414912,False
0.429937,1,0.12766,0.071364,0.153377,0.003467,0.422915,0.414912,True
0.429937,1,0.148936,0.070584,0.163493,0.003467,0.422915,0.414912,True
0.429937,1,0.170213,0.074577,0.192205,0.003467,0.422915,0.414912,True
0.429937,1,0.191489,0.074937,0.232074,0.003467,0.422915,0.414912,True
0.429937,1,0.212766,0.077369,0.315085,0.003467,0.422915,0.414912,True
0.429937,1,0.234043,0.077789,0.399583,0.003467,0.422915,0.414912,True
0.429937,1,0.255319,0.077789,0.43618,0.003467,0.422915,0.414912,True
0.429937,1,0.276596,0.087787,0.501041,0.003467,0.422915,0.414912,True
0.429937,1,0.297872,0.093071,0.528414,0.003467,0.422915,0.414912,True
0.429937,1,0.319149,0.094152,0.555043,0.003467,0.422915,0.414912,True
0.429937,1,0.340426,0.10508,0.610086,0.003467,0.422915,0.414912,True
0.429937,1,0.361702,0.106911,0.635674,0.003467,0.422915,0.414912,True
0.429937,1,0.382979,0.11802,0.64341,0.003467,0.422915,0.414912,True
0.429937,1,0.404255,0.111084,0.640881,0.003467,0.422915,0.414912,True
0.429937,1,0.425532,0.106911,0.651145,0.003467,0.422915,0.414912,True
0.429937,1,0.446809,0.117089,0.660964,0.003467,0.422915,0.414912,True
0.429937,1,0.468085,0.125465,0.66022,0.003467,0.422915,0.414912,True
0.429937,1,0.489362,0.115168,0.658881,0.003467,0.422915,0.414912,True
0.429937,1,0.510638,0.115408,0.659774,0.003467,0.422915,0.414912,True
0.429937,1,0.531915,0.125465,0.664237,0.003467,0.422915,0.414912,True
0.429937,1,0.553191,0.113276,0.668105,0.003467,0.422915,0.414912,True
0.429937,1,0.574468,0.113276,0.6626,0.003467,0.422915,0.414912,True
0.429937,1,0.595745,0.102618,0.658584,0.003467,0.422915,0.414912,True
0.429937,1,0.617021,0.111084,0.663642,0.003467,0.422915,0.414912,True
0.429937,1,0.638298,0.127267,0.665724,0.003467,0.422915,0.414912,True
0.429937,1,0.659574,0.117089,0.662303,0.003467,0.422915,0.414912,True
0.429937,1,0.680851,0.113276,0.649212,0.003467,0.422915,0.414912,True
0.429937,1,0.702128,0.094152,0.627194,0.003467,0.422915,0.414912,True
0.429937,1,0.723404,0.07929,0.589408,0.003467,0.422915,0.414912,False
0.429937,1,0.744681,0.077129,0.571407,0.003467,0.422915,0.414912,False
0.429937,1,0.765957,0.074997,0.540613,0.003467,0.422915,0.414912,False
0.429937,1,0.787234,0.074997,0.523802,0.003467,0.422915,0.414912,False
0.429937,1,0.808511,0.077129,0.525141,0.003467,0.422915,0.414912,False
0.429937,1,0.829787,0.072835,0.513984,0.003467,0.422915,0.414912,False
0.429937,1,0.851064,0.068572,0.480958,0.003467,0.422915,0.414912,False
0.429937,1,0.87234,0.059055,0.438709,0.003467,0.422915,0.414912,False
0.429937,1,0.893617,0.069203,0.4518,0.003467,0.422915,0.414912,False
0.429937,1,0.914894,0.072835,0.459833,0.003467,0.422915,0.414912,False
0.429937,1,0.93617,0.073586,0.465784,0.003467,0.422915,0.414912,False
0.429937,1,0.957447,0.068572,0.455222,0.003467,0.422915,0.414912,False
0.429937,1,0.978723,0.070704,0.430675,0.003467,0.422915,0.414912,False
0.429937,1,1.0,0.06644,0.404195,0.003467,0.422915,0.414912,False
0.429981,2,0.0,0.051849,0.369235,0.003467,0.422915,0.414912,False
0.429981,2,0.021277,0.049838,0.307498,0.003467,0.422915,0.414912,False
0.429981,2,0.042553,0.041431,0.255579,0.003467,0.422915,0.414912,False
0.429981,2,0.06383,0.049838,0.224933,0.003467,0.422915,0.414912,False
0.429981,2,0.085106,0.049838,0.197114,0.003467,0.422915,0.414912,False
0.429981,2,0.106383,0.068572,0.183874,0.003467,0.422915,0.414912,False
0.429981,2,0.12766,0.072835,0.177179,0.003467,0.422915,0.414912,False
0.429981,2,0.148936,0.074997,0.186105,0.003467,0.422915,0.414912,False
0.429981,2,0.170213,0.074547,0.206189,0.003467,0.422915,0.414912,False
0.429981,2,0.191489,0.074577,0.245463,0.003467,0.422915,0.414912,False
0.429981,2,0.212766,0.077459,0.322672,0.003467,0.422915,0.414912,False
0.429981,2,0.234043,0.073136,0.417435,0.003467,0.422915,0.414912,False
0.429981,2,0.255319,0.081752,0.447932,0.003467,0.422915,0.414912,False
0.429981,2,0.276596,0.072985,0.511009,0.003467,0.422915,0.414912,False
0.429981,2,0.297872,0.076018,0.53377,0.003467,0.422915,0.414912,False
0.429981,2,0.319149,0.070794,0.552514,0.003467,0.422915,0.414912,False
0.429981,2,0.340426,0.151885,0.597888,0.003467,0.422915,0.414912,True
0.429981,2,0.361702,0.097364,0.602946,0.003467,0.422915,0.414912,True
0.429981,2,0.382979,0.081752,0.593425,0.003467,0.422915,0.414912,False
0.429981,2,0.404255,0.07959,0.582862,0.003467,0.422915,0.414912,False
0.429981,2,0.425532,0.076018,0.576168,0.003467,0.422915,0.414912,False
0.429981,2,0.446809,0.07959,0.579292,0.003467,0.422915,0.414912,False
0.429981,2,0.468085,0.07959,0.576465,0.003467,0.422915,0.414912,False
0.429981,2,0.489362,0.07959,0.566052,0.003467,0.422915,0.414912,False
0.429981,2,0.510638,0.076018,0.565903,0.003467,0.422915,0.414912,False
0.429981,2,0.531915,0.073376,0.559804,0.003467,0.422915,0.414912,False
0.429981,2,0.553191,0.072985,0.561886,0.003467,0.422915,0.414912,False
0.429981,2,0.574468,0.075207,0.559357,0.003467,0.422915,0.414912,False
0.429981,2,0.595745,0.075207,0.555787,0.003467,0.422915,0.414912,False
0.429981,2,0.617021,0.072985,0.559655,0.003467,0.422915,0.414912,False
0.429981,2,0.638298,0.075207,0.558316,0.003467,0.422915,0.414912,False
0.429981,2,0.659574,0.075627,0.564267,0.003467,0.422915,0.414912,False
0.429981,2,0.680851,0.072985,0.555936,0.003467,0.422915,0.414912,False
0.429981,2,0.702128,0.06644,0.539572,0.003467,0.422915,0.414912,False
0.429981,2,0.723404,0.070794,0.501636,0.003467,0.422915,0.414912,False
0.429981,2,0.744681,0.056083,0.478429,0.003467,0.422915,0.414912,False
0.429981,2,0.765957,0.056083,0.458048,0.003467,0.422915,0.414912,False
0.429981,2,0.787234,0.072985,0.451056,0.003467,0.422915,0.414912,True
0.429981,2,0.808511,0.072985,0.479619,0.003467,0.422915,0.414912,True
0.429981,2,0.829787,0.072985,0.468313,0.003467,0.422915,0.414912,True
0.429981,2,0.851064,0.056083,0.432758,0.003467,0.422915,0.414912,False
0.429981,2,0.87234,0.054251,0.404195,0.003467,0.422915,0.414912,False
0.429981,2,0.893617,0.06644,0.423088,0.003467,0.422915,0.414912,False
0.429981,2,0.914894,0.06644,0.437221,0.003467,0.422915,0.414912,False
0.429981,2,0.93617,0.072985,0.447486,0.003467,0.422915,0.414912,True
0.429981,2,0.957447,0.072985,0.442725,0.003467,0.422915,0.414912,True
0.429981,2,0.978723,0.068632,0.427403,0.003467,0.422915,0.414912,False
0.429981,2,1.0,0.072985,0.396757,0.003467,0.422915,0.414912,True
0.430025,3,0.0,0.068632,0.360458,0.003467,0.422915,0.414912,False
0.430025,3,0.021277,0.051849,0.297828,0.003467,0.422915,0.414912,False
0.430025,3,0.042553,0.049838,0.236239,0.003467,0.422915,0.414912,False
0.430025,3,0.06383,0.041431,0.20604,0.003467,0.422915,0.414912,False
0.430025,3,0.085106,0.049838,0.171675,0.003467,0.422915,0.414912,False
0.430025,3,0.106383,0.041431,0.167956,0.003467,0.422915,0.414912,False
0.430025,3,0.12766,0.041431,0.161113,0.003467,0.422915,0.414912,False
0.430025,3,0.148936,0.068632,0.165724,0.003467,0.422915,0.414912,False
0.430025,3,0.170213,0.069593,0.194882,0.003467,0.422915,0.414912,False
0.430025,3,0.191489,0.073316,0.232669,0.003467,0.422915,0.414912,True
0.430025,3,0.212766,0.077369,0.316126,0.003467,0.422915,0.414912,True
0.430025,3,0.234043,0.07866,0.39512,0.003467,0.422915,0.414912,True
0.430025,3,0.255319,0.07866,0.42532,0.003467,0.422915,0.414912,True
0.430025,3,0.276596,0.083253,0.491669,0.003467,0.422915,0.414912,True
0.430025,3,0.297872,0.089498,0.512645,0.003467,0.422915,0.414912,True
0.430025,3,0.319149,0.089498,0.523356,0.003467,0.422915,0.414912,True
0.430025,3,0.340426,0.101957,0.581672,0.003467,0.422915,0.414912,True
0.430025,3,0.361702,0.101957,0.60607,0.003467,0.422915,0.414912,True
0.430025,3,0.382979,0.099075,0.597292,0.003467,0.422915,0.414912,True
0.430025,3,0.404255,0.095743,0.594615,0.003467,0.422915,0.414912,True
0.430025,3,0.425532,0.095743,0.588515,0.003467,0.422915,0.414912,True
0.430025,3,0.446809,0.089498,0.594168,0.003467,0.422915,0.414912,True
0.430025,3,0.468085,0.089498,0.594466,0.003467,0.422915,0.414912,True
0.430025,3,0.489362,0.095743,0.602202,0.003467,0.422915,0.414912,True
0.430025,3,0.510638,0.095743,0.616334,0.003467,0.422915,0.414912,True
0.430025,3,0.531915,0.095743,0.627641,0.003467,0.422915,0.414912,True
0.430025,3,0.553191,0.099135,0.623624,0.003467,0.422915,0.414912,True
0.430025,3,0.574468,0.095743,0.623773,0.003467,0.422915,0.414912,True
0.430025,3,0.595745,0.095743,0.62169,0.003467,0.422915,0.414912,True
0.430025,3,0.617021,0.095743,0.626153,0.003467,0.422915,0.414912,True
0.430025,3,0.638298,0.099075,0.62645,0.003467,0.422915,0.414912,True
0.430025,3,0.659574,0.095743,0.625409,0.003467,0.422915,0.414912,True
0.430025,3,0.680851,0.095743,0.600565,0.003467,0.422915,0.414912,True
0.430025,3,0.702128,0.083253,0.583011,0.003467,0.422915,0.414912,True
0.430025,3,0.723404,0.080851,0.535704,0.003467,0.422915,0.414912,True
0.430025,3,0.744681,0.073646,0.504314,0.003467,0.422915,0.414912,False
0.430025,3,0.765957,0.067341,0.479917,0.003467,0.422915,0.414912,False
0.430025,3,0.787234,0.073646,0.484826,0.003467,0.422915,0.414912,False
0.430025,3,0.808511,0.080851,0.498959,0.003467,0.422915,0.414912,True
0.430025,3,0.829787,0.072115,0.48438,0.003467,0.422915,0.414912,False
0.430025,3,0.851064,0.071244,0.443172,0.003467,0.422915,0.414912,False
0.430025,3,0.87234,0.068842,0.401666,0.003467,0.422915,0.414912,False
0.430025,3,0.893617,0.073646,0.421898,0.003467,0.422915,0.414912,False
0.430025,3,0.914894,0.071244,0.437816,0.003467,0.422915,0.414912,False
0.430025,3,0.93617,0.073736,0.448081,0.003467,0.422915,0.414912,False
0.430025,3,0.957447,0.073646,0.436328,0.003467,0.422915,0.414912,False
0.430025,3,0.978723,0.071244,0.419816,0.003467,0.422915,0.414912,False
0.430025,3,1.0,0.071244,0.387831,0.003467,0.422915,0.414912,False
0.430069,4,0.0,0.068842,0.356739,0.003467,0.422915,0.414912,False
0.430069,4,0.021277,0.049838,0.290836,0.003467,0.422915,0.414912,False
0.430069,4,0.042553,0.049838,0.235942,0.003467,0.422915,0.414912,False
0.430069,4,0.06383,0.045755,0.196073,0.003467,0.422915,0.414912,False
0.430069,4,0.085106,0.041431,0.171378,0.003467,0.422915,0.414912,False
0.430069,4,0.106383,0.042692,0.156947,0.003467,0.422915,0.414912,False
0.430069,4,0.12766,0.042572,0.153823,0.003467,0.422915,0.414912,False
0.430069,4,0.148936,0.045755,0.160815,0.003467,0.422915,0.414912,False
0.430069,4,0.170213,0.068512,0.183725,0.003467,0.422915,0.414912,False
0.430069,4,0.191489,0.073316,0.220173,0.003467,0.422915,0.414912,False
0.430069,4,0.212766,0.076828,0.300208,0.003467,0.422915,0.414912,False
0.430069,4,0.234043,0.076828,0.383368,0.003467,0.422915,0.414912,False
0.430069,4,0.255319,0.07893,0.411187,0.003467,0.422915,0.414912,True
0.430069,4,0.276596,0.080972,0.46623,0.003467,0.422915,0.414912,True
0.430069,4,0.297872,0.07893,0.492264,0.003467,0.422915,0.414912,True
0.430069,4,0.319149,0.082983,0.510562,0.003467,0.422915,0.414912,True
0.430069,4,0.340426,0.107842,0.555936,0.003467,0.422915,0.414912,True
0.430069,4,0.361702,0.097244,0.56382,0.003467,0.422915,0.414912,True
0.430069,4,0.382979,0.080972,0.549539,0.003467,0.422915,0.414912,True
0.430069,4,0.404255,0.080972,0.535109,0.003467,0.422915,0.414912,True
0.430069,4,0.425532,0.07893,0.529604,0.003467,0.422915,0.414912,True
0.430069,4,0.446809,0.07893,0.529307,0.003467,0.422915,0.414912,True
0.430069,4,0.468085,0.074397,0.523654,0.003467,0.422915,0.414912,False
0.430069,4,0.489362,0.076828,0.521571,0.003467,0.422915,0.414912,True
0.430069,4,0.510638,0.074757,0.525885,0.003467,0.422915,0.414912,False
0.430069,4,0.531915,0.074757,0.52291,0.003467,0.422915,0.414912,False
0.430069,4,0.553191,0.070584,0.522315,0.003467,0.422915,0.414912,False
0.430069,4,0.574468,0.072655,0.515918,0.003467,0.422915,0.414912,False
0.430069,4,0.595745,0.070584,0.508182,0.003467,0.422915,0.414912,False
0.430069,4,0.617021,0.072655,0.512794,0.003467,0.422915,0.414912,False
0.430069,4,0.638298,0.070584,0.520381,0.003467,0.422915,0.414912,False
0.430069,4,0.659574,0.072655,0.514877,0.003467,0.422915,0.414912,True
0.430069,4,0.680851,0.068512,0.506992,0.003467,0.422915,0.414912,False
0.430069,4,0.702128,0.06644,0.504314,0.003467,0.422915,0.414912,False
0.430069,4,0.723404,0.057674,0.476644,0.003467,0.422915,0.414912,False
0.430069,4,0.744681,0.056083,0.458346,0.003467,0.422915,0.414912,False
0.430069,4,0.765957,0.056083,0.437072,0.003467,0.422915,0.414912,False
0.430069,4,0.787234,0.057674,0.451949,0.003467,0.422915,0.414912,False
0.430069,4,0.808511,0.057674,0.481404,0.003467,0.422915,0.414912,False
0.430069,4,0.829787,0.057674,0.465784,0.003467,0.422915,0.414912,False
0.430069,4,0.851064,0.056083,0.420262,0.003467,0.422915,0.414912,False
0.430069,4,0.87234,0.054251,0.385004,0.003467,0.422915,0.414912,False
0.430069,4,0.893617,0.057674,0.415501,0.003467,0.422915,0.414912,False
0.430069,4,0.914894,0.057674,0.43127,0.003467,0.422915,0.414912,False
0.430069,4,0.93617,0.070584,0.443916,0.003467,0.422915,0.414912,True
0.430069,4,0.957447,0.068512,0.430973,0.003467,0.422915,0.414912,True
0.430069,4,0.978723,0.06644,0.417882,0.003467,0.422915,0.414912,False
0.430069,4,1.0,0.06644,0.384409,0.003467,0.422915,0.414912,False
0.430114,5,0.0,0.051849,0.357334,0.003467,0.422915,0.414912,False
0.430114,5,0.021277,0.051849,0.291877,0.003467,0.422915,0.414912,False
0.430114,5,0.042553,0.047076,0.229842,0.003467,0.422915,0.414912,False
0.430114,5,0.06383,0.049838,0.197263,0.003467,0.422915,0.414912,False
0.430114,5,0.085106,0.049838,0.17227,0.003467,0.422915,0.414912,False
0.430114,5,0.106383,0.049838,0.150997,0.003467,0.422915,0.414912,False
0.430114,5,0.12766,0.041131,0.142071,0.003467,0.422915,0.414912,False
0.430114,5,0.148936,0.041131,0.148468,0.003467,0.422915,0.414912,False
0.430114,5,0.170213,0.069863,0.17108,0.003467,0.422915,0.414912,True
0.430114,5,0.191489,0.072775,0.212437,0.003467,0.422915,0.414912,True
0.430114,5,0.212766,0.077249,0.291282,0.003467,0.422915,0.414912,True
0.430114,5,0.234043,0.081542,0.370723,0.003467,0.422915,0.414912,True
0.430114,5,0.255319,0.07941,0.393038,0.003467,0.422915,0.414912,True
0.430114,5,0.276596,0.07941,0.456858,0.003467,0.422915,0.414912,True
0.430114,5,0.297872,0.087066,0.481851,0.003467,0.422915,0.414912,True
0.430114,5,0.319149,0.081542,0.495537,0.003467,0.422915,0.414912,True
0.430114,5,0.340426,0.087967,0.548795,0.003467,0.422915,0.414912,True
0.430114,5,0.361702,0.094362,0.565457,0.003467,0.422915,0.414912,True
0.430114,5,0.382979,0.083884,0.559209,0.003467,0.422915,0.414912,True
0.430114,5,0.404255,0.07941,0.541803,0.003467,0.422915,0.414912,True
0.430114,5,0.425532,0.07941,0.538976,0.003467,0.422915,0.414912,True
0.430114,5,0.446809,0.080311,0.543439,0.003467,0.422915,0.414912,True
0.430114,5,0.468085,0.077249,0.538233,0.003467,0.422915,0.414912,True
0.430114,5,0.489362,0.075087,0.530943,0.003467,0.422915,0.414912,True
0.430114,5,0.510638,0.075087,0.535109,0.003467,0.422915,0.414912,True
0.430114,5,0.531915,0.071845,0.531687,0.003467,0.422915,0.414912,True
0.430114,5,0.553191,0.070734,0.529753,0.003467,0.422915,0.414912,True
0.430114,5,0.574468,0.070734,0.525141,0.003467,0.422915,0.414912,True
0.430114,5,0.595745,0.072895,0.515174,0.003467,0.422915,0.414912,True
0.430114,5,0.617021,0.070734,0.516662,0.003467,0.422915,0.414912,True
0.430114,5,0.638298,0.072895,0.523207,0.003467,0.422915,0.414912,True
0.430114,5,0.659574,0.070734,0.517108,0.003467,0.422915,0.414912,True
0.430114,5,0.680851,0.070734,0.502529,0.003467,0.422915,0.414912,True
0.430114,5,0.702128,0.057974,0.483933,0.003467,0.422915,0.414912,False
0.430114,5,0.723404,0.057974,0.437667,0.003467,0.422915,0.414912,False
0.430114,5,0.744681,0.05275,0.405683,0.003467,0.422915,0.414912,False
0.430114,5,0.765957,0.051849,0.37712,0.003467,0.422915,0.414912,False
0.430114,5,0.787234,0.053621,0.386195,0.003467,0.422915,0.414912,False
0.430114,5,0.808511,0.057974,0.403303,0.003467,0.422915,0.414912,False
0.430114,5,0.829787,0.053621,0.385897,0.003467,0.422915,0.414912,False
0.430114,5,0.851064,0.051849,0.35659,0.003467,0.422915,0.414912,False
0.430114,5,0.87234,0.049838,0.333532,0.003467,0.422915,0.414912,False
0.430114,5,0.893617,0.053621,0.371021,0.003467,0.422915,0.414912,False
0.430114,5,0.914894,0.053621,0.388277,0.003467,0.422915,0.414912,False
0.430114,5,0.93617,0.056083,0.414609,0.003467,0.422915,0.414912,False
0.430114,5,0.957447,0.053621,0.405237,0.003467,0.422915,0.414912,False
0.430114,5,0.978723,0.051849,0.384707,0.003467,0.422915,0.414912,False
0.430114,5,1.0,0.049838,0.353615,0.003467,0.422915,0.414912,False
0.433344,6,0.0,0.049838,0.325647,0.003467,0.422915,0.414912,False
0.433344,6,0.021277,0.041131,0.248289,0.003467,0.422915,0.414912,False
0.433344,6,0.042553,0.041131,0.191907,0.003467,0.422915,0.414912,False
0.433344,6,0.06383,0.043053,0.150402,0.003467,0.422915,0.414912,False
0.433344,6,0.085106,0.043053,0.120649,0.003467,0.422915,0.414912,False
0.433344,6,0.106383,0.041131,0.100863,0.003467,0.422915,0.414912,False
0.433344,6,0.12766,0.040351,0.089408,0.003467,0.422915,0.414912,False
0.433344,6,0.148936,0.043053,0.091491,0.003467,0.422915,0.414912,False
0.433344,6,0.170213,0.041431,0.096549,0.003467,0.422915,0.414912,False
0.433344,6,0.191489,0.041431,0.105921,0.003467,0.422915,0.414912,False
0.433344,6,0.212766,0.071184,0.133889,0.003467,0.422915,0.414912,True
0.433344,6,0.234043,0.041431,0.156352,0.003467,0.422915,0.414912,False
0.433344,6,0.255319,0.068242,0.185957,0.003467,0.422915,0.414912,True
0.433344,6,0.276596,0.068242,0.24695,0.003467,0.422915,0.414912,True
0.433344,6,0.297872,0.070073,0.303184,0.003467,0.422915,0.414912,True
0.433344,6,0.319149,0.051849,0.335466,0.003467,0.422915,0.414912,False
0.433344,6,0.340426,0.051849,0.383071,0.003467,0.422915,0.414912,False
0.433344,6,0.361702,0.051849,0.405237,0.003467,0.422915,0.414912,False
0.433344,6,0.382979,0.051849,0.407319,0.003467,0.422915,0.414912,False
0.433344,6,0.404255,0.054191,0.405385,0.003467,0.422915,0.414912,False
0.433344,6,0.425532,0.051849,0.406873,0.003467,0.422915,0.414912,False
0.433344,6,0.446809,0.051849,0.408509,0.003467,0.422915,0.414912,False
0.433344,6,0.468085,0.051849,0.40479,0.003467,0.422915,0.414912,False
0.433344,6,0.489362,0.051849,0.406575,0.003467,0.422915,0.414912,False
0.433344,6,0.510638,0.051849,0.410295,0.003467,0.422915,0.414912,False
0.433344,6,0.531915,0.051849,0.405385,0.003467,0.422915,0.414912,False
0.433344,6,0.553191,0.068242,0.403749,0.003467,0.422915,0.414912,True
0.433344,6,0.574468,0.051849,0.403451,0.003467,0.422915,0.414912,False
0.433344,6,0.595745,0.051849,0.408063,0.003467,0.422915,0.414912,False
0.433344,6,0.617021,0.071935,0.412972,0.003467,0.422915,0.414912,True
0.433344,6,0.638298,0.070073,0.415948,0.003467,0.422915,0.414912,True
0.433344,6,0.659574,0.070073,0.420857,0.003467,0.422915,0.414912,True
0.433344,6,0.680851,0.070073,0.412526,0.003467,0.422915,0.414912,True
0.433344,6,0.702128,0.068242,0.423237,0.003467,0.422915,0.414912,True
0.433344,6,0.723404,0.074517,0.426956,0.003467,0.422915,0.414912,True
0.433344,6,0.744681,0.051849,0.416096,0.003467,0.422915,0.414912,False
0.433344,6,0.765957,0.074517,0.402261,0.003467,0.422915,0.414912,True
0.433344,6,0.787234,0.077939,0.406724,0.003467,0.422915,0.414912,True
0.433344,6,0.808511,0.081212,0.415799,0.003467,0.422915,0.414912,True
0.433344,6,0.829787,0.068242,0.402856,0.003467,0.422915,0.414912,True
0.433344,6,0.851064,0.068242,0.369979,0.003467,0.422915,0.414912,True
0.433344,6,0.87234,0.068242,0.342755,0.003467,0.422915,0.414912,True
0.433344,6,0.893617,0.071935,0.347367,0.003467,0.422915,0.414912,True
0.433344,6,0.914894,0.049838,0.346772,0.003467,0.422915,0.414912,False
0.433344,6,0.93617,0.071935,0.346474,0.003467,0.422915,0.414912,True
0.433344,6,0.957447,0.068242,0.324308,0.003467,0.422915,0.414912,True
0.433344,6,0.978723,0.047916,0.296787,0.003467,0.422915,0.414912,False
0.433344,6,1.0,0.041431,0.253198,0.003467,0.422915,0.414912,False
0.433388,7,0.0,0.041431,0.234305,0.003467,0.422915,0.414912,False
0.433388,7,0.021277,0.041131,0.185213,0.003467,0.422915,0.414912,False
0.433388,7,0.042553,0.041431,0.139691,0.003467,0.422915,0.414912,False
0.433388,7,0.06383,0.040801,0.104433,0.003467,0.422915,0.414912,False
0.433388,7,0.085106,0.040801,0.092681,0.003467,0.422915,0.414912,False
0.433388,7,0.106383,0.040801,0.077655,0.003467,0.422915,0.414912,False
0.433388,7,0.12766,0.040351,0.0723,0.003467,0.422915,0.414912,False
0.433388,7,0.148936,0.041131,0.071854,0.003467,0.422915,0.414912,False
0.433388,7,0.170213,0.041431,0.074978,0.003467,0.422915,0.414912,False
0.433388,7,0.191489,0.041431,0.08316,0.003467,0.422915,0.414912,False
0.433388,7,0.212766,0.040801,0.10116,0.003467,0.422915,0.414912,False
0.433388,7,0.234043,0.041431,0.112615,0.003467,0.422915,0.414912,False
0.433388,7,0.255319,0.041431,0.123475,0.003467,0.422915,0.414912,False
0.433388,7,0.276596,0.068242,0.163939,0.003467,0.422915,0.414912,True
0.433388,7,0.297872,0.041431,0.211098,0.003467,0.422915,0.414912,False
0.433388,7,0.319149,0.041431,0.251711,0.003467,0.422915,0.414912,False
0.433388,7,0.340426,0.049838,0.285481,0.003467,0.422915,0.414912,False
0.433388,7,0.361702,0.049838,0.324011,0.003467,0.422915,0.414912,False
0.433388,7,0.382979,0.049838,0.342904,0.003467,0.422915,0.414912,False
0.433388,7,0.404255,0.049838,0.351235,0.003467,0.422915,0.414912,False
0.433388,7,0.425532,0.051849,0.356888,0.003467,0.422915,0.414912,False
0.433388,7,0.446809,0.051849,0.358227,0.003467,0.422915,0.414912,False
0.433388,7,0.468085,0.049838,0.357037,0.003467,0.422915,0.414912,False
0.433388,7,0.489362,0.049838,0.355698,0.003467,0.422915,0.414912,False
0.433388,7,0.510638,0.049838,0.344838,0.003467,0.422915,0.414912,False
0.433388,7,0.531915,0.049838,0.335466,0.003467,0.422915,0.414912,False
0.433388,7,0.553191,0.049838,0.317168,0.003467,0.422915,0.414912,False
0.433388,7,0.574468,0.049838,0.316424,0.003467,0.422915,0.414912,False
0.433388,7,0.595745,0.049838,0.312556,0.003467,0.422915,0.414912,False
0.433388,7,0.617021,0.049838,0.313151,0.003467,0.422915,0.414912,False
0.433388,7,0.638298,0.049838,0.30958,0.003467,0.422915,0.414912,False
0.433388,7,0.659574,0.049838,0.315382,0.003467,0.422915,0.414912,False
0.433388,7,0.680851,0.043683,0.314639,0.003467,0.422915,0.414912,False
0.433388,7,0.702128,0.049838,0.334127,0.003467,0.422915,0.414912,False
0.433388,7,0.723404,0.049838,0.333085,0.003467,0.422915,0.414912,False
0.433388,7,0.744681,0.049838,0.344689,0.003467,0.422915,0.414912,False
0.433388,7,0.765957,0.049838,0.338143,0.003467,0.422915,0.414912,False
0.433388,7,0.787234,0.062868,0.35183,0.003467,0.422915,0.414912,True
0.433388,7,0.808511,0.073736,0.3554,0.003467,0.422915,0.414912,True
0.433388,7,0.829787,0.069263,0.349301,0.003467,0.422915,0.414912,True
0.433388,7,0.851064,0.051849,0.320292,0.003467,0.422915,0.414912,True
0.433388,7,0.87234,0.041431,0.287414,0.003467,0.422915,0.414912,False
0.433388,7,0.893617,0.049838,0.29396,0.003467,0.422915,0.414912,True
0.433388,7,0.914894,0.051009,0.288456,0.003467,0.422915,0.414912,True
0.433388,7,0.93617,0.049838,0.294258,0.003467,0.422915,0.414912,True
0.433388,7,0.957447,0.049838,0.269711,0.003467,0.422915,0.414912,True
0.433388,7,0.978723,0.049838,0.259744,0.003467,0.422915,0.414912,True
0.433388,7,1.0,0.049838,0.229098,0.003467,0.422915,0.414912,True
0.433432,1,0.0,0.041431,0.224933,0.003467,0.422915,0.414912,False
0.433432,1,0.021277,0.041431,0.184469,0.003467,0.422915,0.414912,False
0.433432,1,0.042553,0.041431,0.145641,0.003467,0.422915,0.414912,False
0.433432,1,0.06383,0.041431,0.124219,0.003467,0.422915,0.414912,False
0.433432,1,0.085106,0.041071,0.107409,0.003467,0.422915,0.414912,False
0.433432,1,0.106383,0.041431,0.099375,0.003467,0.422915,0.414912,False
0.433432,1,0.12766,0.041131,0.096251,0.003467,0.422915,0.414912,False
0.433432,1,0.148936,0.068242,0.111425,0.003467,0.422915,0.414912,True
0.433432,1,0.170213,0.043053,0.139839,0.003467,0.422915,0.414912,False
0.433432,1,0.191489,0.043053,0.181047,0.003467,0.422915,0.414912,False
0.433432,1,0.212766,0.074577,0.265843,0.003467,0.422915,0.414912,True
0.433432,1,0.234043,0.068242,0.358375,0.003467,0.422915,0.414912,True
0.433432,1,0.255319,0.074577,0.386046,0.003467,0.422915,0.414912,True
0.433432,1,0.276596,0.070103,0.452098,0.003467,0.422915,0.414912,True
0.433432,1,0.297872,0.073856,0.482446,0.003467,0.422915,0.414912,True
0.433432,1,0.319149,0.081332,0.519339,0.003467,0.422915,0.414912,True
0.433432,1,0.340426,0.09151,0.569176,0.003467,0.422915,0.414912,True
0.433432,1,0.361702,0.10508,0.58316,0.003467,0.422915,0.414912,True
0.433432,1,0.382979,0.110244,0.580631,0.003467,0.422915,0.414912,True
0.433432,1,0.404255,0.093071,0.583309,0.003467,0.422915,0.414912,True
0.433432,1,0.425532,0.09151,0.587474,0.003467,0.422915,0.414912,True
0.433432,1,0.446809,0.09151,0.595656,0.003467,0.422915,0.414912,True
0.433432,1,0.468085,0.090369,0.595359,0.003467,0.422915,0.414912,True
0.433432,1,0.489362,0.081332,0.590152,0.003467,0.422915,0.414912,True
0.433432,1,0.510638,0.090369,0.591937,0.003467,0.422915,0.414912,True
0.433432,1,0.531915,0.093071,0.596102,0.003467,0.422915,0.414912,True
0.433432,1,0.553191,0.090369,0.604582,0.003467,0.422915,0.414912,True
0.433432,1,0.574468,0.090369,0.59997,0.003467,0.422915,0.414912,True
0.433432,1,0.595745,0.0786,0.599375,0.003467,0.422915,0.414912,True
0.433432,1,0.617021,0.090369,0.605028,0.003467,0.422915,0.414912,True
0.433432,1,0.638298,0.081332,0.604284,0.003467,0.422915,0.414912,True
0.433432,1,0.659574,0.090369,0.608747,0.003467,0.422915,0.414912,True
0.433432,1,0.680851,0.081332,0.590003,0.003467,0.422915,0.414912,True
0.433432,1,0.702128,0.073856,0.57587,0.003467,0.422915,0.414912,True
0.433432,1,0.723404,0.073856,0.540464,0.003467,0.422915,0.414912,True
0.433432,1,0.744681,0.075718,0.504463,0.003467,0.422915,0.414912,True
0.433432,1,0.765957,0.077609,0.474561,0.003467,0.422915,0.414912,True
0.433432,1,0.787234,0.07947,0.484677,0.003467,0.422915,0.414912,True
0.433432,1,0.808511,0.07947,0.495835,0.003467,0.422915,0.414912,True
0.433432,1,0.829787,0.070103,0.478132,0.003467,0.422915,0.414912,True
0.433432,1,0.851064,0.057974,0.441238,0.003467,0.422915,0.414912,False
0.433432,1,0.87234,0.056083,0.399435,0.003467,0.422915,0.414912,False
0.433432,1,0.893617,0.073856,0.41922,0.003467,0.422915,0.414912,True
0.433432,1,0.914894,0.071965,0.428741,0.003467,0.422915,0.414912,True
0.433432,1,0.93617,0.071965,0.440048,0.003467,0.422915,0.414912,True
0.433432,1,0.957447,0.068242,0.42889,0.003467,0.422915,0.414912,False
0.433432,1,0.978723,0.056083,0.417435,0.003467,0.422915,0.414912,False
0.433432,1,1.0,0.051849,0.387236,0.003467,0.422915,0.414912,False
0.433476,2,0.0,0.051849,0.358375,0.003467,0.422915,0.414912,False
0.433476,2,0.021277,0.049838,0.297084,0.003467,0.422915,0.414912,False
0.433476,2,0.042553,0.049838,0.237876,0.003467,0.422915,0.414912,False
0.433476,2,0.06383,0.049838,0.201428,0.003467,0.422915,0.414912,False
0.433476,2,0.085106,0.043053,0.175543,0.003467,0.422915,0.414912,False
0.433476,2,0.106383,0.043053,0.153377,0.003467,0.422915,0.414912,False
0.433476,2,0.12766,0.043053,0.149063,0.003467,0.422915,0.414912,False
0.433476,2,0.148936,0.043053,0.155162,0.003467,0.422915,0.414912,False
0.433476,2,0.170213,0.069953,0.181494,0.003467,0.422915,0.414912,False
0.433476,2,0.191489,0.074577,0.22166,0.003467,0.422915,0.414912,True
0.433476,2,0.212766,0.076828,0.299316,0.003467,0.422915,0.414912,True
0.433476,2,0.234043,0.076828,0.383517,0.003467,0.422915,0.414912,True
0.433476,2,0.255319,0.071664,0.415204,0.003467,0.422915,0.414912,False
0.433476,2,0.276596,0.069953,0.471883,0.003467,0.422915,0.414912,False
0.433476,2,0.297872,0.071664,0.490925,0.003467,0.422915,0.414912,False
0.433476,2,0.319149,0.075117,0.505653,0.003467,0.422915,0.414912,True
0.433476,2,0.340426,0.080251,0.562184,0.003467,0.422915,0.414912,True
0.433476,2,0.361702,0.076828,0.578994,0.003467,0.422915,0.414912,True
0.433476,2,0.382979,0.076828,0.560696,0.003467,0.422915,0.414912,True
0.433476,2,0.404255,0.075117,0.564118,0.003467,0.422915,0.414912,True
0.433476,2,0.425532,0.076828,0.574531,0.003467,0.422915,0.414912,True
0.433476,2,0.446809,0.07857,0.58197,0.003467,0.422915,0.414912,True
0.433476,2,0.468085,0.076828,0.58435,0.003467,0.422915,0.414912,True
0.433476,2,0.489362,0.076828,0.587176,0.003467,0.422915,0.414912,True
0.433476,2,0.510638,0.080251,0.594912,0.003467,0.422915,0.414912,True
0.433476,2,0.531915,0.089168,0.599375,0.003467,0.422915,0.414912,True
0.433476,2,0.553191,0.080251,0.59997,0.003467,0.422915,0.414912,True
0.433476,2,0.574468,0.080251,0.599375,0.003467,0.422915,0.414912,True
0.433476,2,0.595745,0.098055,0.59521,0.003467,0.422915,0.414912,True
0.433476,2,0.617021,0.093071,0.60116,0.003467,0.422915,0.414912,True
0.433476,2,0.638298,0.098055,0.606665,0.003467,0.422915,0.414912,True
0.433476,2,0.659574,0.080251,0.61083,0.003467,0.422915,0.414912,True
0.433476,2,0.680851,0.080251,0.597888,0.003467,0.422915,0.414912,True
0.433476,2,0.702128,0.087066,0.573788,0.003467,0.422915,0.414912,True
0.433476,2,0.723404,0.075117,0.534067,0.003467,0.422915,0.414912,True
0.433476,2,0.744681,0.080251,0.504314,0.003467,0.422915,0.414912,True
0.433476,2,0.765957,0.076828,0.468313,0.003467,0.422915,0.414912,True
0.433476,2,0.787234,0.080251,0.483636,0.003467,0.422915,0.414912,True
0.433476,2,0.808511,0.089168,0.493008,0.003467,0.422915,0.414912,True
0.433476,2,0.829787,0.071664,0.47947,0.003467,0.422915,0.414912,True
0.433476,2,0.851064,0.069953,0.444659,0.003467,0.422915,0.414912,False
0.433476,2,0.87234,0.068242,0.40241,0.003467,0.422915,0.414912,False
0.433476,2,0.893617,0.069953,0.427254,0.003467,0.422915,0.414912,False
0.433476,2,0.914894,0.053621,0.437519,0.003467,0.422915,0.414912,False
0.433476,2,0.93617,0.068242,0.44094,0.003467,0.422915,0.414912,False
0.433476,2,0.957447,0.051849,0.427998,0.003467,0.422915,0.414912,False
0.433476,2,0.978723,0.051849,0.411038,0.003467,0.422915,0.414912,False
0.433476,2,1.0,0.051849,0.38188,0.003467,0.422915,0.414912,False
0.433521,3,0.0,0.049838,0.354359,0.003467,0.422915,0.414912,False
0.433521,3,0.021277,0.049838,0.285481,0.003467,0.422915,0.414912,False
0.433521,3,0.042553,0.043053,0.232223,0.003467,0.422915,0.414912,False
0.433521,3,0.06383,0.043053,0.198007,0.003467,0.422915,0.414912,False
0.433521,3,0.085106,0.043053,0.166766,0.003467,0.422915,0.414912,False
0.433521,3,0.106383,0.043053,0.152633,0.003467,0.422915,0.414912,False
0.433521,3,0.12766,0.043053,0.150402,0.003467,0.422915,0.414912,False
0.433521,3,0.148936,0.069953,0.154567,0.003467,0.422915,0.414912,False
0.433521,3,0.170213,0.071064,0.178816,0.003467,0.422915,0.414912,False
0.433521,3,0.191489,0.071064,0.21928,0.003467,0.422915,0.414912,False
0.433521,3,0.212766,0.071064,0.29634,0.003467,0.422915,0.414912,False
0.433521,3,0.234043,0.068242,0.384261,0.003467,0.422915,0.414912,False
0.433521,3,0.255319,0.068242,0.413567,0.003467,0.422915,0.414912,False
0.433521,3,0.276596,0.068242,0.481702,0.003467,0.422915,0.414912,False
0.433521,3,0.297872,0.068242,0.498066,0.003467,0.422915,0.414912,False
0.433521,3,0.319149,0.072475,0.504612,0.003467,0.422915,0.414912,True
0.433521,3,0.340426,0.073916,0.546266,0.003467,0.422915,0.414912,True
0.433521,3,0.361702,0.072475,0.551026,0.003467,0.422915,0.414912,True
0.433521,3,0.382979,0.076768,0.533472,0.003467,0.422915,0.414912,True
0.433521,3,0.404255,0.075327,0.523059,0.003467,0.422915,0.414912,True
0.433521,3,0.425532,0.071064,0.526629,0.003467,0.422915,0.414912,True
0.433521,3,0.446809,0.071064,0.52886,0.003467,0.422915,0.414912,True
0.433521,3,0.468085,0.071064,0.522017,0.003467,0.422915,0.414912,True
0.433521,3,0.489362,0.071064,0.523059,0.003467,0.422915,0.414912,True
0.433521,3,0.510638,0.071064,0.522166,0.003467,0.422915,0.414912,True
0.433521,3,0.531915,0.071064,0.522017,0.003467,0.422915,0.414912,True
0.433521,3,0.553191,0.071064,0.522166,0.003467,0.422915,0.414912,True
0.433521,3,0.574468,0.071064,0.514579,0.003467,0.422915,0.414912,True
0.433521,3,0.595745,0.055482,0.509075,0.003467,0.422915,0.414912,False
0.433521,3,0.617021,0.055482,0.512794,0.003467,0.422915,0.414912,False
0.433521,3,0.638298,0.068242,0.512199,0.003467,0.422915,0.414912,True
0.433521,3,0.659574,0.055482,0.51205,0.003467,0.422915,0.414912,False
0.433521,3,0.680851,0.055482,0.502678,0.003467,0.422915,0.414912,False
0.433521,3,0.702128,0.069653,0.495686,0.003467,0.422915,0.414912,True
0.433521,3,0.723404,0.071064,0.464296,0.003467,0.422915,0.414912,True
0.433521,3,0.744681,0.072475,0.438857,0.003467,0.422915,0.414912,True
0.433521,3,0.765957,0.073916,0.423535,0.003467,0.422915,0.414912,True
0.433521,3,0.787234,0.076768,0.432163,0.003467,0.422915,0.414912,True
0.433521,3,0.808511,0.075327,0.444362,0.003467,0.422915,0.414912,True
0.433521,3,0.829787,0.054702,0.423683,0.003467,0.422915,0.414912,False
0.433521,3,0.851064,0.053621,0.391699,0.003467,0.422915,0.414912,False
0.433521,3,0.87234,0.051849,0.353764,0.003467,0.422915,0.414912,False
0.433521,3,0.893617,0.051849,0.377715,0.003467,0.422915,0.414912,False
0.433521,3,0.914894,0.051849,0.394525,0.003467,0.422915,0.414912,False
0.433521,3,0.93617,0.051849,0.417435,0.003467,0.422915,0.414912,False
0.433521,3,0.957447,0.053621,0.415353,0.003467,0.422915,0.414912,False
0.433521,3,0.978723,0.051849,0.40598,0.003467,0.422915,0.414912,False
0.433521,3,1.0,0.051849,0.378161,0.003467,0.422915,0.414912,False
0.433565,4,0.0,0.051849,0.347516,0.003467,0.422915,0.414912,False
0.433565,4,0.021277,0.049838,0.282803,0.003467,0.422915,0.414912,False
0.433565,4,0.042553,0.043053,0.225528,0.003467,0.422915,0.414912,False
0.433565,4,0.06383,0.043053,0.182535,0.003467,0.422915,0.414912,False
0.433565,4,0.085106,0.043053,0.156055,0.003467,0.422915,0.414912,False
0.433565,4,0.106383,0.043053,0.140881,0.003467,0.422915,0.414912,False
0.433565,4,0.12766,0.069653,0.130467,0.003467,0.422915,0.414912,True
0.433565,4,0.148936,0.068242,0.141029,0.003467,0.422915,0.414912,True
0.433565,4,0.170213,0.043053,0.170783,0.003467,0.422915,0.414912,False
0.433565,4,0.191489,0.041131,0.207379,0.003467,0.422915,0.414912,False
0.433565,4,0.212766,0.068242,0.290687,0.003467,0.422915,0.414912,True
0.433565,4,0.234043,0.071034,0.384707,0.003467,0.422915,0.414912,True
0.433565,4,0.255319,0.071034,0.414758,0.003467,0.422915,0.414912,True
0.433565,4,0.276596,0.069653,0.475007,0.003467,0.422915,0.414912,True
0.433565,4,0.297872,0.068242,0.498066,0.003467,0.422915,0.414912,True
0.433565,4,0.319149,0.072445,0.509819,0.003467,0.422915,0.414912,True
0.433565,4,0.340426,0.076708,0.554299,0.003467,0.422915,0.414912,True
0.433565,4,0.361702,0.075297,0.561589,0.003467,0.422915,0.414912,True
0.433565,4,0.382979,0.073886,0.540464,0.003467,0.422915,0.414912,True
0.433565,4,0.404255,0.072445,0.531092,0.003467,0.422915,0.414912,True
0.433565,4,0.425532,0.072445,0.527522,0.003467,0.422915,0.414912,True
0.433565,4,0.446809,0.068242,0.53258,0.003467,0.422915,0.414912,True
0.433565,4,0.468085,0.068242,0.530646,0.003467,0.422915,0.414912,True
0.433565,4,0.489362,0.055482,0.520232,0.003467,0.422915,0.414912,False
0.433565,4,0.510638,0.055482,0.521868,0.003467,0.422915,0.414912,False
0.433565,4,0.531915,0.055482,0.517554,0.003467,0.422915,0.414912,False
0.433565,4,0.553191,0.055482,0.505802,0.003467,0.422915,0.414912,False
0.433565,4,0.574468,0.054551,0.505504,0.003467,0.422915,0.414912,False
0.433565,4,0.595745,0.068242,0.500893,0.003467,0.422915,0.414912,True
0.433565,4,0.617021,0.055182,0.506992,0.003467,0.422915,0.414912,False
0.433565,4,0.638298,0.055482,0.504017,0.003467,0.422915,0.414912,False
0.433565,4,0.659574,0.055482,0.512348,0.003467,0.422915,0.414912,False
0.433565,4,0.680851,0.069653,0.506248,0.003467,0.422915,0.414912,True
0.433565,4,0.702128,0.069653,0.501636,0.003467,0.422915,0.414912,True
0.433565,4,0.723404,0.071034,0.476495,0.003467,0.422915,0.414912,True
0.433565,4,0.744681,0.071034,0.462065,0.003467,0.422915,0.414912,True
0.433565,4,0.765957,0.071034,0.447783,0.003467,0.422915,0.414912,True
0.433565,4,0.787234,0.082803,0.447337,0.003467,0.422915,0.414912,True
0.433565,4,0.808511,0.073886,0.444213,0.003467,0.422915,0.414912,True
0.433565,4,0.829787,0.068242,0.421303,0.003467,0.422915,0.414912,True
0.433565,4,0.851064,0.049838,0.380988,0.003467,0.422915,0.414912,False
0.433565,4,0.87234,0.049838,0.349003,0.003467,0.422915,0.414912,False
0.433565,4,0.893617,0.051639,0.371616,0.003467,0.422915,0.414912,False
0.433565,4,0.914894,0.049838,0.387831,0.003467,0.422915,0.414912,False
0.433565,4,0.93617,0.049838,0.410443,0.003467,0.422915,0.414912,False
0.433565,4,0.957447,0.049838,0.410146,0.003467,0.422915,0.414912,False
0.433565,4,0.978723,0.049838,0.401964,0.003467,0.422915,0.414912,False
0.433565,4,1.0,0.049838,0.371616,0.003467,0.422915,0.414912,False
0.433609,5,0.0,0.069653,0.343053,0.003467,0.422915,0.414912,True
0.433609,5,0.021277,0.049838,0.278191,0.003467,0.422915,0.414912,False
0.433609,5,0.042553,0.049838,0.219131,0.003467,0.422915,0.414912,False
0.433609,5,0.06383,0.043053,0.180006,0.003467,0.422915,0.414912,False
0.433609,5,0.085106,0.043053,0.150699,0.003467,0.422915,0.414912,False
0.433609,5,0.106383,0.043053,0.134335,0.003467,0.422915,0.414912,False
0.433609,5,0.12766,0.043053,0.130021,0.003467,0.422915,0.414912,False
0.433609,5,0.148936,0.071034,0.128682,0.003467,0.422915,0.414912,True
0.433609,5,0.170213,0.068932,0.158435,0.003467,0.422915,0.414912,True
0.433609,5,0.191489,0.070524,0.19756,0.003467,0.422915,0.414912,True
0.433609,5,0.212766,0.07866,0.278489,0.003467,0.422915,0.414912,True
0.433609,5,0.234043,0.07866,0.367153,0.003467,0.422915,0.414912,True
0.433609,5,0.255319,0.088027,0.396906,0.003467,0.422915,0.414912,True
0.433609,5,0.276596,0.088027,0.460875,0.003467,0.422915,0.414912,True
0.433609,5,0.297872,0.079831,0.485719,0.003467,0.422915,0.414912,True
0.433609,5,0.319149,0.083283,0.49643,0.003467,0.422915,0.414912,True
0.433609,5,0.340426,0.102258,0.544927,0.003467,0.422915,0.414912,True
0.433609,5,0.361702,0.111685,0.564415,0.003467,0.422915,0.414912,True
0.433609,5,0.382979,0.092771,0.557572,0.003467,0.422915,0.414912,True
0.433609,5,0.404255,0.088027,0.543737,0.003467,0.422915,0.414912,True
0.433609,5,0.425532,0.083283,0.535852,0.003467,0.422915,0.414912,True
0.433609,5,0.446809,0.088027,0.540762,0.003467,0.422915,0.414912,True
0.433609,5,0.468085,0.07854,0.53258,0.003467,0.422915,0.414912,True
0.433609,5,0.489362,0.083283,0.526183,0.003467,0.422915,0.414912,True
0.433609,5,0.510638,0.07854,0.523654,0.003467,0.422915,0.414912,True
0.433609,5,0.531915,0.07854,0.513686,0.003467,0.422915,0.414912,True
0.433609,5,0.553191,0.07854,0.513835,0.003467,0.422915,0.414912,True
0.433609,5,0.574468,0.07854,0.503422,0.003467,0.422915,0.414912,True
0.433609,5,0.595745,0.073736,0.495091,0.003467,0.422915,0.414912,True
0.433609,5,0.617021,0.07854,0.496727,0.003467,0.422915,0.414912,True
0.433609,5,0.638298,0.07854,0.493454,0.003467,0.422915,0.414912,True
0.433609,5,0.659574,0.07854,0.489586,0.003467,0.422915,0.414912,True
0.433609,5,0.680851,0.075327,0.473222,0.003467,0.422915,0.414912,True
0.433609,5,0.702128,0.073736,0.45061,0.003467,0.422915,0.414912,True
0.433609,5,0.723404,0.067491,0.420559,0.003467,0.422915,0.414912,False
0.433609,5,0.744681,0.068932,0.397352,0.003467,0.422915,0.414912,False
0.433609,5,0.765957,0.068932,0.380839,0.003467,0.422915,0.414912,False
0.433609,5,0.787234,0.073736,0.406724,0.003467,0.422915,0.414912,True
0.433609,5,0.808511,0.075327,0.415948,0.003467,0.422915,0.414912,True
0.433609,5,0.829787,0.070524,0.406129,0.003467,0.422915,0.414912,True
0.433609,5,0.851064,0.049267,0.381732,0.003467,0.422915,0.414912,False
0.433609,5,0.87234,0.048037,0.347516,0.003467,0.422915,0.414912,False
0.433609,5,0.893617,0.073736,0.37593,0.003467,0.422915,0.414912,True
0.433609,5,0.914894,0.072115,0.398542,0.003467,0.422915,0.414912,True
0.433609,5,0.93617,0.076948,0.425766,0.003467,0.422915,0.414912,True
0.433609,5,0.957447,0.072115,0.428146,0.003467,0.422915,0.414912,True
0.433609,5,0.978723,0.068932,0.414311,0.003467,0.422915,0.414912,False
0.433609,5,1.0,0.067341,0.383963,0.003467,0.422915,0.414912,False
0.433653,6,0.0,0.046535,0.347664,0.003467,0.422915,0.414912,False
0.433653,6,0.021277,0.045034,0.282059,0.003467,0.422915,0.414912,False
0.433653,6,0.042553,0.041431,0.22166,0.003467,0.422915,0.414912,False
0.433653,6,0.06383,0.041251,0.176287,0.003467,0.422915,0.414912,False
0.433653,6,0.085106,0.041131,0.148468,0.003467,0.422915,0.414912,False
0.433653,6,0.106383,0.041251,0.12645,0.003467,0.422915,0.414912,False
0.433653,6,0.12766,0.041431,0.114103,0.003467,0.422915,0.414912,False
0.433653,6,0.148936,0.041431,0.114549,0.003467,0.422915,0.414912,False
0.433653,6,0.170213,0.041131,0.119458,0.003467,0.422915,0.414912,False
0.433653,6,0.191489,0.041131,0.133145,0.003467,0.422915,0.414912,False
0.433653,6,0.212766,0.040921,0.151443,0.003467,0.422915,0.414912,False
0.433653,6,0.234043,0.041131,0.17956,0.003467,0.422915,0.414912,False
0.433653,6,0.255319,0.068092,0.210057,0.003467,0.422915,0.414912,False
0.433653,6,0.276596,0.071544,0.272389,0.003467,0.422915,0.414912,True
0.433653,6,0.297872,0.048037,0.331151,0.003467,0.422915,0.414912,False
0.433653,6,0.319149,0.068092,0.372359,0.003467,0.422915,0.414912,True
0.433653,6,0.340426,0.070373,0.418923,0.003467,0.422915,0.414912,True
0.433653,6,0.361702,0.069263,0.440196,0.003467,0.422915,0.414912,True
0.433653,6,0.382979,0.068092,0.438709,0.003467,0.422915,0.414912,True
0.433653,6,0.404255,0.069263,0.4277,0.003467,0.422915,0.414912,True
0.433653,6,0.425532,0.069263,0.416989,0.003467,0.422915,0.414912,True
0.433653,6,0.446809,0.068092,0.409997,0.003467,0.422915,0.414912,True
0.433653,6,0.468085,0.069022,0.401964,0.003467,0.422915,0.414912,True
0.433653,6,0.489362,0.068092,0.398096,0.003467,0.422915,0.414912,True
0.433653,6,0.510638,0.068092,0.389914,0.003467,0.422915,0.414912,True
0.433653,6,0.531915,0.051039,0.381285,0.003467,0.422915,0.414912,False
0.433653,6,0.553191,0.068092,0.373996,0.003467,0.422915,0.414912,True
0.433653,6,0.574468,0.068092,0.364772,0.003467,0.422915,0.414912,True
0.433653,6,0.595745,0.069263,0.363136,0.003467,0.422915,0.414912,True
0.433653,6,0.617021,0.069263,0.370872,0.003467,0.422915,0.414912,True
0.433653,6,0.638298,0.070373,0.369682,0.003467,0.422915,0.414912,True
0.433653,6,0.659574,0.071544,0.372062,0.003467,0.422915,0.414912,True
0.433653,6,0.680851,0.069263,0.362095,0.003467,0.422915,0.414912,True
0.433653,6,0.702128,0.069263,0.369682,0.003467,0.422915,0.414912,True
0.433653,6,0.723404,0.068092,0.374591,0.003467,0.422915,0.414912,True
0.433653,6,0.744681,0.049568,0.365814,0.003467,0.422915,0.414912,False
0.433653,6,0.765957,0.051039,0.36269,0.003467,0.422915,0.414912,False
0.433653,6,0.787234,0.069263,0.376376,0.003467,0.422915,0.414912,True
0.433653,6,0.808511,0.068092,0.378161,0.003467,0.422915,0.414912,True
0.433653,6,0.829787,0.049538,0.366111,0.003467,0.422915,0.414912,False
0.433653,6,0.851064,0.042032,0.338441,0.003467,0.422915,0.414912,False
0.433653,6,0.87234,0.042032,0.308539,0.003467,0.422915,0.414912,False
0.433653,6,0.893617,0.068092,0.322523,0.003467,0.422915,0.414912,True
0.433653,6,0.914894,0.042032,0.322821,0.003467,0.422915,0.414912,False
0.433653,6,0.93617,0.068092,0.3313,0.003467,0.422915,0.414912,True
0.433653,6,0.957447,0.041431,0.316424,0.003467,0.422915,0.414912,False
0.433653,6,0.978723,0.042032,0.294406,0.003467,0.422915,0.414912,False
0.433653,6,1.0,0.041431,0.250521,0.003467,0.422915,0.414912,False
0.433698,7,0.0,0.040831,0.233413,0.003467,0.422915,0.414912,False
0.433698,7,0.021277,0.040801,0.182535,0.003467,0.422915,0.414912,False
0.433698,7,0.042553,0.040801,0.149807,0.003467,0.422915,0.414912,False
0.433698,7,0.06383,0.040801,0.121541,0.003467,0.422915,0.414912,False
0.433698,7,0.085106,0.040351,0.102499,0.003467,0.422915,0.414912,False
0.433698,7,0.106383,0.040351,0.088962,0.003467,0.422915,0.414912,False
0.433698,7,0.12766,0.040351,0.082862,0.003467,0.422915,0.414912,False
0.433698,7,0.148936,0.040351,0.077804,0.003467,0.422915,0.414912,False
0.433698,7,0.170213,0.040801,0.083011,0.003467,0.422915,0.414912,False
0.433698,7,0.191489,0.040231,0.088218,0.003467,0.422915,0.414912,False
0.433698,7,0.212766,0.040801,0.102797,0.003467,0.422915,0.414912,False
0.433698,7,0.234043,0.040231,0.112764,0.003467,0.422915,0.414912,False
0.433698,7,0.255319,0.041431,0.124963,0.003467,0.422915,0.414912,False
0.433698,7,0.276596,0.041431,0.168105,0.003467,0.422915,0.414912,False
0.433698,7,0.297872,0.045034,0.214668,0.003467,0.422915,0.414912,False
0.433698,7,0.319149,0.068212,0.259595,0.003467,0.422915,0.414912,True
0.433698,7,0.340426,0.068212,0.308093,0.003467,0.422915,0.414912,True
0.433698,7,0.361702,0.069323,0.335168,0.003467,0.422915,0.414912,True
0.433698,7,0.382979,0.069323,0.344689,0.003467,0.422915,0.414912,True
0.433698,7,0.404255,0.069323,0.346921,0.003467,0.422915,0.414912,True
0.433698,7,0.425532,0.068212,0.346028,0.003467,0.422915,0.414912,True
0.433698,7,0.446809,0.047436,0.339036,0.003467,0.422915,0.414912,False
0.433698,7,0.468085,0.048037,0.333978,0.003467,0.422915,0.414912,False
0.433698,7,0.489362,0.046535,0.328771,0.003467,0.422915,0.414912,False
0.433698,7,0.510638,0.046535,0.317316,0.003467,0.422915,0.414912,False
0.433698,7,0.531915,0.046535,0.297382,0.003467,0.422915,0.414912,False
0.433698,7,0.553191,0.046535,0.285629,0.003467,0.422915,0.414912,False
0.433698,7,0.574468,0.045034,0.274323,0.003467,0.422915,0.414912,False
0.433698,7,0.595745,0.046535,0.27224,0.003467,0.422915,0.414912,False
0.433698,7,0.617021,0.046535,0.274026,0.003467,0.422915,0.414912,False
0.433698,7,0.638298,0.046535,0.278489,0.003467,0.422915,0.414912,False
0.433698,7,0.659574,0.046535,0.293068,0.003467,0.422915,0.414912,False
0.433698,7,0.680851,0.069323,0.289348,0.003467,0.422915,0.414912,True
0.433698,7,0.702128,0.046535,0.307647,0.003467,0.422915,0.414912,False
0.433698,7,0.723404,0.046535,0.32044,0.003467,0.422915,0.414912,False
0.433698,7,0.744681,0.047436,0.3313,0.003467,0.422915,0.414912,False
0.433698,7,0.765957,0.047436,0.3313,0.003467,0.422915,0.414912,False
0.433698,7,0.787234,0.068212,0.343201,0.003467,0.422915,0.414912,True
0.433698,7,0.808511,0.048637,0.342011,0.003467,0.422915,0.414912,False
0.433698,7,0.829787,0.047436,0.335168,0.003467,0.422915,0.414912,False
0.433698,7,0.851064,0.046535,0.302291,0.003467,0.422915,0.414912,False
0.433698,7,0.87234,0.046535,0.272389,0.003467,0.422915,0.414912,False
0.433698,7,0.893617,0.069323,0.277298,0.003467,0.422915,0.414912,True
0.433698,7,0.914894,0.045034,0.281166,0.003467,0.422915,0.414912,False
0.433698,7,0.93617,0.046535,0.29515,0.003467,0.422915,0.414912,False
0.433698,7,0.957447,0.046535,0.278191,0.003467,0.422915,0.414912,False
0.433698,7,0.978723,0.045034,0.263761,0.003467,0.422915,0.414912,False
0.433698,7,1.0,0.045034,0.237281,0.003467,0.422915,0.414912,False
0.433742,1,0.0,0.041431,0.227165,0.003467,0.422915,0.414912,False
0.433742,1,0.021277,0.045034,0.186254,0.003467,0.422915,0.414912,False
0.433742,1,0.042553,0.041431,0.151741,0.003467,0.422915,0.414912,False
0.433742,1,0.06383,0.041431,0.133145,0.003467,0.422915,0.414912,False
0.433742,1,0.085106,0.041431,0.115144,0.003467,0.422915,0.414912,False
0.433742,1,0.106383,0.041431,0.10235,0.003467,0.422915,0.414912,False
0.433742,1,0.12766,0.041431,0.105028,0.003467,0.422915,0.414912,False
0.433742,1,0.148936,0.041431,0.111425,0.003467,0.422915,0.414912,False
0.433742,1,0.170213,0.068302,0.140881,0.003467,0.422915,0.414912,True
0.433742,1,0.191489,0.071664,0.180601,0.003467,0.422915,0.414912,True
0.433742,1,0.212766,0.072775,0.265843,0.003467,0.422915,0.414912,True
0.433742,1,0.234043,0.073916,0.35302,0.003467,0.422915,0.414912,True
0.433742,1,0.255319,0.073916,0.37593,0.003467,0.422915,0.414912,True
0.433742,1,0.276596,0.072775,0.441089,0.003467,0.422915,0.414912,True
0.433742,1,0.297872,0.075027,0.466974,0.003467,0.422915,0.414912,True
0.433742,1,0.319149,0.073916,0.48438,0.003467,0.422915,0.414912,True
0.433742,1,0.340426,0.081092,0.531687,0.003467,0.422915,0.414912,True
0.433742,1,0.361702,0.081092,0.549241,0.003467,0.422915,0.414912,True
0.433742,1,0.382979,0.081092,0.546415,0.003467,0.422915,0.414912,True
0.433742,1,0.404255,0.07866,0.540167,0.003467,0.422915,0.414912,True
0.433742,1,0.425532,0.07866,0.536596,0.003467,0.422915,0.414912,True
0.433742,1,0.446809,0.07866,0.533175,0.003467,0.422915,0.414912,True
0.433742,1,0.468085,0.076168,0.530794,0.003467,0.422915,0.414912,True
0.433742,1,0.489362,0.076168,0.526778,0.003467,0.422915,0.414912,True
0.433742,1,0.510638,0.076168,0.529009,0.003467,0.422915,0.414912,True
0.433742,1,0.531915,0.076168,0.530943,0.003467,0.422915,0.414912,True
0.433742,1,0.553191,0.075027,0.526331,0.003467,0.422915,0.414912,True
0.433742,1,0.574468,0.072775,0.518298,0.003467,0.422915,0.414912,True
0.433742,1,0.595745,0.075027,0.516364,0.003467,0.422915,0.414912,True
0.433742,1,0.617021,0.075027,0.5241,0.003467,0.422915,0.414912,True
0.433742,1,0.638298,0.075027,0.526778,0.003467,0.422915,0.414912,True
0.433742,1,0.659574,0.075027,0.526183,0.003467,0.422915,0.414912,True
0.433742,1,0.680851,0.071664,0.511752,0.003467,0.422915,0.414912,True
0.433742,1,0.702128,0.072775,0.502678,0.003467,0.422915,0.414912,True
0.433742,1,0.723404,0.071664,0.461916,0.003467,0.422915,0.414912,True
0.433742,1,0.744681,0.071664,0.435138,0.003467,0.422915,0.414912,True
0.433742,1,0.765957,0.071664,0.420708,0.003467,0.422915,0.414912,True
0.433742,1,0.787234,0.075027,0.432163,0.003467,0.422915,0.414912,True
0.433742,1,0.808511,0.072775,0.422642,0.003467,0.422915,0.414912,True
0.433742,1,0.829787,0.041191,0.410592,0.003467,0.422915,0.414912,False
0.433742,1,0.851064,0.041191,0.369979,0.003467,0.422915,0.414912,False
0.433742,1,0.87234,0.041191,0.334127,0.003467,0.422915,0.414912,False
0.433742,1,0.893617,0.041191,0.358673,0.003467,0.422915,0.414912,False
0.433742,1,0.914894,0.041191,0.377566,0.003467,0.422915,0.414912,False
0.433742,1,0.93617,0.069443,0.400179,0.003467,0.422915,0.414912,True
0.433742,1,0.957447,0.068302,0.39884,0.003467,0.422915,0.414912,True
0.433742,1,0.978723,0.068302,0.388872,0.003467,0.422915,0.414912,True
0.433742,1,1.0,0.068302,0.371318,0.003467,0.422915,0.414912,True
0.433786,2,0.0,0.041191,0.346177,0.003467,0.422915,0.414912,False
0.433786,2,0.021277,0.040861,0.278935,0.003467,0.422915,0.414912,False
0.433786,2,0.042553,0.040861,0.222107,0.003467,0.422915,0.414912,False
0.433786,2,0.06383,0.040861,0.18194,0.003467,0.422915,0.414912,False
0.433786,2,0.085106,0.040861,0.136418,0.003467,0.422915,0.414912,False
0.433786,2,0.106383,0.040861,0.118715,0.003467,0.422915,0.414912,False
0.433786,2,0.12766,0.040231,0.124814,0.003467,0.422915,0.414912,False
0.433786,2,0.148936,0.041131,0.121839,0.003467,0.422915,0.414912,False
0.433786,2,0.170213,0.041431,0.142815,0.003467,0.422915,0.414912,False
0.433786,2,0.191489,0.047886,0.182535,0.003467,0.422915,0.414912,False
0.433786,2,0.212766,0.047886,0.261678,0.003467,0.422915,0.414912,False
0.433786,2,0.234043,0.047886,0.35064,0.003467,0.422915,0.414912,False
0.433786,2,0.255319,0.047886,0.366706,0.003467,0.422915,0.414912,False
0.433786,2,0.276596,0.047886,0.421601,0.003467,0.422915,0.414912,False
0.433786,2,0.297872,0.047886,0.442428,0.003467,0.422915,0.414912,False
0.433786,2,0.319149,0.047886,0.455073,0.003467,0.422915,0.414912,False
0.433786,2,0.340426,0.055332,0.505802,0.003467,0.422915,0.414912,False
0.433786,2,0.361702,0.049538,0.53258,0.003467,0.422915,0.414912,False
0.433786,2,0.382979,0.064909,0.526778,0.003467,0.422915,0.414912,True
0.433786,2,0.404255,0.057734,0.523207,0.003467,0.422915,0.414912,False
0.433786,2,0.425532,0.056803,0.52172,0.003467,0.422915,0.414912,False
0.433786,2,0.446809,0.048637,0.525885,0.003467,0.422915,0.414912,False
0.433786,2,0.468085,0.048637,0.525885,0.003467,0.422915,0.414912,False
0.433786,2,0.489362,0.049087,0.523654,0.003467,0.422915,0.414912,False
0.433786,2,0.510638,0.049538,0.534216,0.003467,0.422915,0.414912,False
0.433786,2,0.531915,0.054491,0.534662,0.003467,0.422915,0.414912,False
0.433786,2,0.553191,0.053321,0.530348,0.003467,0.422915,0.414912,False
0.433786,2,0.574468,0.049538,0.526778,0.003467,0.422915,0.414912,False
0.433786,2,0.595745,0.049538,0.523951,0.003467,0.422915,0.414912,False
0.433786,2,0.617021,0.049538,0.524249,0.003467,0.422915,0.414912,False
0.433786,2,0.638298,0.049538,0.528265,0.003467,0.422915,0.414912,False
0.433786,2,0.659574,0.049538,0.529753,0.003467,0.422915,0.414912,False
0.433786,2,0.680851,0.049538,0.51205,0.003467,0.422915,0.414912,False
0.433786,2,0.702128,0.048637,0.499256,0.003467,0.422915,0.414912,False
0.433786,2,0.723404,0.047886,0.470544,0.003467,0.422915,0.414912,False
0.433786,2,0.744681,0.047886,0.448378,0.003467,0.422915,0.414912,False
0.433786,2,0.765957,0.047886,0.427551,0.003467,0.422915,0.414912,False
0.433786,2,0.787234,0.047886,0.446742,0.003467,0.422915,0.414912,False
0.433786,2,0.808511,0.047886,0.458197,0.003467,0.422915,0.414912,False
0.433786,2,0.829787,0.047886,0.441089,0.003467,0.422915,0.414912,False
0.433786,2,0.851064,0.047736,0.394823,0.003467,0.422915,0.414912,False
0.433786,2,0.87234,0.046535,0.365367,0.003467,0.422915,0.414912,False
0.433786,2,0.893617,0.047886,0.390062,0.003467,0.422915,0.414912,False
0.433786,2,0.914894,0.047886,0.404195,0.003467,0.422915,0.414912,False
0.433786,2,0.93617,0.047886,0.418923,0.003467,0.422915,0.414912,False
0.433786,2,0.957447,0.047886,0.419667,0.003467,0.422915,0.414912,False
0.433786,2,0.978723,0.047886,0.405237,0.003467,0.422915,0.414912,False
0.433786,2,1.0,0.047886,0.382922,0.003467,0.422915,0.414912,False
0.43383,3,0.0,0.046535,0.352127,0.003467,0.422915,0.414912,False
0.43383,3,0.021277,0.045034,0.286671,0.003467,0.422915,0.414912,False
0.43383,3,0.042553,0.041431,0.234008,0.003467,0.422915,0.414912,False
0.43383,3,0.06383,0.041431,0.198304,0.003467,0.422915,0.414912,False
0.43383,3,0.085106,0.041431,0.16632,0.003467,0.422915,0.414912,False
0.43383,3,0.106383,0.041431,0.153675,0.003467,0.422915,0.414912,False
0.43383,3,0.12766,0.047886,0.141476,0.003467,0.422915,0.414912,False
0.43383,3,0.148936,0.041431,0.144302,0.003467,0.422915,0.414912,False
0.43383,3,0.170213,0.044374,0.166022,0.003467,0.422915,0.414912,False
0.43383,3,0.191489,0.044884,0.205594,0.003467,0.422915,0.414912,False
0.43383,3,0.212766,0.045334,0.285778,0.003467,0.422915,0.414912,False
0.43383,3,0.234043,0.045785,0.376376,0.003467,0.422915,0.414912,False
0.43383,3,0.255319,0.048637,0.396459,0.003467,0.422915,0.414912,True
0.43383,3,0.276596,0.047436,0.454627,0.003467,0.422915,0.414912,False
0.43383,3,0.297872,0.045785,0.472032,0.003467,0.422915,0.414912,False
0.43383,3,0.319149,0.045785,0.480958,0.003467,0.422915,0.414912,False
0.43383,3,0.340426,0.047136,0.525736,0.003467,0.422915,0.414912,False
0.43383,3,0.361702,0.047736,0.550134,0.003467,0.422915,0.414912,False
0.43383,3,0.382979,0.049388,0.541803,0.003467,0.422915,0.414912,True
0.43383,3,0.404255,0.047436,0.530051,0.003467,0.422915,0.414912,False
0.43383,3,0.425532,0.068812,0.548349,0.003467,0.422915,0.414912,True
0.43383,3,0.446809,0.062327,0.554597,0.003467,0.422915,0.414912,True
0.43383,3,0.468085,0.049388,0.547456,0.003467,0.422915,0.414912,True
0.43383,3,0.489362,0.049568,0.554448,0.003467,0.422915,0.414912,True
0.43383,3,0.510638,0.068812,0.567093,0.003467,0.422915,0.414912,True
0.43383,3,0.531915,0.055842,0.561291,0.003467,0.422915,0.414912,True
0.43383,3,0.553191,0.049538,0.558316,0.003467,0.422915,0.414912,True
0.43383,3,0.574468,0.047436,0.558762,0.003467,0.422915,0.414912,False
0.43383,3,0.595745,0.055842,0.56144,0.003467,0.422915,0.414912,True
0.43383,3,0.617021,0.055842,0.569325,0.003467,0.422915,0.414912,True
0.43383,3,0.638298,0.055842,0.570068,0.003467,0.422915,0.414912,True
0.43383,3,0.659574,0.055842,0.576465,0.003467,0.422915,0.414912,True
0.43383,3,0.680851,0.062327,0.559952,0.003467,0.422915,0.414912,True
0.43383,3,0.702128,0.049388,0.535852,0.003467,0.422915,0.414912,True
0.43383,3,0.723404,0.047436,0.496132,0.003467,0.422915,0.414912,False
0.43383,3,0.744681,0.046535,0.471586,0.003467,0.422915,0.414912,False
0.43383,3,0.765957,0.046535,0.455519,0.003467,0.422915,0.414912,False
0.43383,3,0.787234,0.047436,0.48319,0.003467,0.422915,0.414912,False
0.43383,3,0.808511,0.047136,0.488099,0.003467,0.422915,0.414912,False
0.43383,3,0.829787,0.045785,0.463404,0.003467,0.422915,0.414912,False
0.43383,3,0.851064,0.045334,0.421452,0.003467,0.422915,0.414912,False
0.43383,3,0.87234,0.044884,0.386492,0.003467,0.422915,0.414912,False
0.43383,3,0.893617,0.045334,0.400922,0.003467,0.422915,0.414912,False
0.43383,3,0.914894,0.045334,0.413121,0.003467,0.422915,0.414912,False
0.43383,3,0.93617,0.045785,0.430824,0.003467,0.422915,0.414912,False
0.43383,3,0.957447,0.045334,0.425469,0.003467,0.422915,0.414912,False
0.43383,3,0.978723,0.045785,0.414311,0.003467,0.422915,0.414912,False
0.43383,3,1.0,0.045334,0.383814,0.003467,0.422915,0.414912,False
0.433875,4,0.0,0.044884,0.359119,0.003467,0.422915,0.414912,False
0.433875,4,0.021277,0.043533,0.295299,0.003467,0.422915,0.414912,False
0.433875,4,0.042553,0.043533,0.236537,0.003467,0.422915,0.414912,False
0.433875,4,0.06383,0.041431,0.199792,0.003467,0.422915,0.414912,False
0.433875,4,0.085106,0.041431,0.170187,0.003467,0.422915,0.414912,False
0.433875,4,0.106383,0.041431,0.151741,0.003467,0.422915,0.414912,False
0.433875,4,0.12766,0.041431,0.147426,0.003467,0.422915,0.414912,False
0.433875,4,0.148936,0.044374,0.143112,0.003467,0.422915,0.414912,False
0.433875,4,0.170213,0.043473,0.171229,0.003467,0.422915,0.414912,False
0.433875,4,0.191489,0.044884,0.210057,0.003467,0.422915,0.414912,False
0.433875,4,0.212766,0.045334,0.291282,0.003467,0.422915,0.414912,False
0.433875,4,0.234043,0.046505,0.376971,0.003467,0.422915,0.414912,False
0.433875,4,0.255319,0.047136,0.40479,0.003467,0.422915,0.414912,False
0.433875,4,0.276596,0.047136,0.465784,0.003467,0.422915,0.414912,False
0.433875,4,0.297872,0.047136,0.483636,0.003467,0.422915,0.414912,False
0.433875,4,0.319149,0.047136,0.496727,0.003467,0.422915,0.414912,False
0.433875,4,0.340426,0.057043,0.543291,0.003467,0.422915,0.414912,True
0.433875,4,0.361702,0.057043,0.559357,0.003467,0.422915,0.414912,True
0.433875,4,0.382979,0.061337,0.550729,0.003467,0.422915,0.414912,True
0.433875,4,0.404255,0.061337,0.543439,0.003467,0.422915,0.414912,True
0.433875,4,0.425532,0.057043,0.542696,0.003467,0.422915,0.414912,True
0.433875,4,0.446809,0.055062,0.536299,0.003467,0.422915,0.414912,True
0.433875,4,0.468085,0.055062,0.530497,0.003467,0.422915,0.414912,True
0.433875,4,0.489362,0.054041,0.526331,0.003467,0.422915,0.414912,True
0.433875,4,0.510638,0.054041,0.523802,0.003467,0.422915,0.414912,True
0.433875,4,0.531915,0.054041,0.523654,0.003467,0.422915,0.414912,True
0.433875,4,0.553191,0.048787,0.514133,0.003467,0.422915,0.414912,False
0.433875,4,0.574468,0.048787,0.50238,0.003467,0.422915,0.414912,False
0.433875,4,0.595745,0.047136,0.494793,0.003467,0.422915,0.414912,False
0.433875,4,0.617021,0.048787,0.496578,0.003467,0.422915,0.414912,False
0.433875,4,0.638298,0.048787,0.493008,0.003467,0.422915,0.414912,True
0.433875,4,0.659574,0.047136,0.496281,0.003467,0.422915,0.414912,False
0.433875,4,0.680851,0.047136,0.488248,0.003467,0.422915,0.414912,False
0.433875,4,0.702128,0.046535,0.491074,0.003467,0.422915,0.414912,False
0.433875,4,0.723404,0.048787,0.473222,0.003467,0.422915,0.414912,True
0.433875,4,0.744681,0.048787,0.463255,0.003467,0.422915,0.414912,True
0.433875,4,0.765957,0.046535,0.453734,0.003467,0.422915,0.414912,False
0.433875,4,0.787234,0.048787,0.464296,0.003467,0.422915,0.414912,True
0.433875,4,0.808511,0.055062,0.456561,0.003467,0.422915,0.414912,True
0.433875,4,0.829787,0.045334,0.434692,0.003467,0.422915,0.414912,False
0.433875,4,0.851064,0.045334,0.389319,0.003467,0.422915,0.414912,False
0.433875,4,0.87234,0.044884,0.349301,0.003467,0.422915,0.414912,False
0.433875,4,0.893617,0.044884,0.372359,0.003467,0.422915,0.414912,False
0.433875,4,0.914894,0.045334,0.390955,0.003467,0.422915,0.414912,False
0.433875,4,0.93617,0.045785,0.411931,0.003467,0.422915,0.414912,False
0.433875,4,0.957447,0.045785,0.410443,0.003467,0.422915,0.414912,False
0.433875,4,0.978723,0.046505,0.40003,0.003467,0.422915,0.414912,False
0.433875,4,1.0,0.045334,0.373698,0.003467,0.422915,0.414912,False
0.433919,5,0.0,0.044884,0.353913,0.003467,0.422915,0.414912,False
0.433919,5,0.021277,0.044884,0.283844,0.003467,0.422915,0.414912,False
0.433919,5,0.042553,0.043473,0.232966,0.003467,0.422915,0.414912,False
0.433919,5,0.06383,0.043533,0.193544,0.003467,0.422915,0.414912,False
0.433919,5,0.085106,0.043473,0.155906,0.003467,0.422915,0.414912,False
0.433919,5,0.106383,0.044404,0.139393,0.003467,0.422915,0.414912,False
0.433919,5,0.12766,0.044884,0.129128,0.003467,0.422915,0.414912,False
0.433919,5,0.148936,0.043473,0.133145,0.003467,0.422915,0.414912,False
0.433919,5,0.170213,0.044884,0.1626,0.003467,0.422915,0.414912,False
0.433919,5,0.191489,0.044884,0.199197,0.003467,0.422915,0.414912,False
0.433919,5,0.212766,0.046505,0.277745,0.003467,0.422915,0.414912,False
0.433919,5,0.234043,0.054672,0.36507,0.003467,0.422915,0.414912,True
0.433919,5,0.255319,0.067071,0.391848,0.003467,0.422915,0.414912,True
0.433919,5,0.276596,0.067071,0.45061,0.003467,0.422915,0.414912,True
0.433919,5,0.297872,0.060856,0.473817,0.003467,0.422915,0.414912,True
0.433919,5,0.319149,0.047136,0.490479,0.003467,0.422915,0.414912,False
0.433919,5,0.340426,0.057043,0.535109,0.003467,0.422915,0.414912,True
0.433919,5,0.361702,0.057043,0.555936,0.003467,0.422915,0.414912,True
0.433919,5,0.382979,0.060856,0.553109,0.003467,0.422915,0.414912,True
0.433919,5,0.404255,0.067071,0.540613,0.003467,0.422915,0.414912,True
0.433919,5,0.425532,0.067071,0.541506,0.003467,0.422915,0.414912,True
0.433919,5,0.446809,0.060856,0.540018,0.003467,0.422915,0.414912,True
0.433919,5,0.468085,0.057043,0.535109,0.003467,0.422915,0.414912,True
0.433919,5,0.489362,0.060856,0.53734,0.003467,0.422915,0.414912,True
0.433919,5,0.510638,0.060856,0.536894,0.003467,0.422915,0.414912,True
0.433919,5,0.531915,0.057043,0.533323,0.003467,0.422915,0.414912,True
0.433919,5,0.553191,0.057043,0.519637,0.003467,0.422915,0.414912,True
0.433919,5,0.574468,0.054041,0.518001,0.003467,0.422915,0.414912,True
0.433919,5,0.595745,0.060046,0.520381,0.003467,0.422915,0.414912,True
0.433919,5,0.617021,0.060046,0.526778,0.003467,0.422915,0.414912,True
0.433919,5,0.638298,0.057043,0.522166,0.003467,0.422915,0.414912,True
0.433919,5,0.659574,0.054672,0.526629,0.003467,0.422915,0.414912,True
0.433919,5,0.680851,0.060046,0.50967,0.003467,0.422915,0.414912,True
0.433919,5,0.702128,0.054672,0.482594,0.003467,0.422915,0.414912,True
0.433919,5,0.723404,0.047136,0.443469,0.003467,0.422915,0.414912,False
0.433919,5,0.744681,0.046535,0.417435,0.003467,0.422915,0.414912,False
0.433919,5,0.765957,0.046535,0.406873,0.003467,0.422915,0.414912,False
0.433919,5,0.787234,0.054672,0.43008,0.003467,0.422915,0.414912,True
0.433919,5,0.808511,0.047136,0.420857,0.003467,0.422915,0.414912,False
0.433919,5,0.829787,0.045785,0.404641,0.003467,0.422915,0.414912,False
0.433919,5,0.851064,0.045334,0.375335,0.003467,0.422915,0.414912,False
0.433919,5,0.87234,0.045334,0.344243,0.003467,0.422915,0.414912,False
0.433919,5,0.893617,0.046535,0.371318,0.003467,0.422915,0.414912,False
0.433919,5,0.914894,0.045334,0.39274,0.003467,0.422915,0.414912,False
0.433919,5,0.93617,0.046505,0.419369,0.003467,0.422915,0.414912,False
0.433919,5,0.957447,0.046505,0.416691,0.003467,0.422915,0.414912,False
0.433919,5,0.978723,0.046505,0.404344,0.003467,0.422915,0.414912,False
0.433919,5,1.0,0.046505,0.376079,0.003467,0.422915,0.414912,False
0.433963,6,0.0,0.044884,0.343499,0.003467,0.422915,0.414912,False
0.433963,6,0.021277,0.043533,0.279679,0.003467,0.422915,0.414912,False
0.433963,6,0.042553,0.042783,0.219578,0.003467,0.422915,0.414912,False
0.433963,6,0.06383,0.042302,0.17465,0.003467,0.422915,0.414912,False
0.433963,6,0.085106,0.041131,0.142517,0.003467,0.422915,0.414912,False
0.433963,6,0.106383,0.040801,0.120202,0.003467,0.422915,0.414912,False
0.433963,6,0.12766,0.040801,0.108747,0.003467,0.422915,0.414912,False
0.433963,6,0.148936,0.040831,0.101309,0.003467,0.422915,0.414912,False
0.433963,6,0.170213,0.045755,0.111128,0.003467,0.422915,0.414912,False
0.433963,6,0.191489,0.043383,0.117525,0.003467,0.422915,0.414912,False
0.433963,6,0.212766,0.047286,0.153526,0.003467,0.422915,0.414912,False
0.433963,6,0.234043,0.047286,0.178221,0.003467,0.422915,0.414912,False
0.433963,6,0.255319,0.061217,0.208866,0.003467,0.422915,0.414912,True
0.433963,6,0.276596,0.047286,0.262868,0.003467,0.422915,0.414912,False
0.433963,6,0.297872,0.047286,0.324308,0.003467,0.422915,0.414912,False
0.433963,6,0.319149,0.059535,0.366409,0.003467,0.422915,0.414912,True
0.433963,6,0.340426,0.054972,0.415204,0.003467,0.422915,0.414912,True
0.433963,6,0.361702,0.054972,0.435436,0.003467,0.422915,0.414912,True
0.433963,6,0.382979,0.051039,0.425171,0.003467,0.422915,0.414912,False
0.433963,6,0.404255,0.051039,0.415799,0.003467,0.422915,0.414912,True
0.433963,6,0.425532,0.048697,0.404641,0.003467,0.422915,0.414912,False
0.433963,6,0.446809,0.048697,0.398691,0.003467,0.422915,0.414912,False
0.433963,6,0.468085,0.051039,0.384409,0.003467,0.422915,0.414912,True
0.433963,6,0.489362,0.047286,0.373401,0.003467,0.422915,0.414912,False
0.433963,6,0.510638,0.047286,0.360607,0.003467,0.422915,0.414912,False
0.433963,6,0.531915,0.047286,0.354508,0.003467,0.422915,0.414912,False
0.433963,6,0.553191,0.047286,0.344094,0.003467,0.422915,0.414912,False
0.433963,6,0.574468,0.045755,0.331747,0.003467,0.422915,0.414912,False
0.433963,6,0.595745,0.047286,0.331151,0.003467,0.422915,0.414912,False
0.433963,6,0.617021,0.047286,0.331151,0.003467,0.422915,0.414912,False
0.433963,6,0.638298,0.047286,0.331598,0.003467,0.422915,0.414912,False
0.433963,6,0.659574,0.047286,0.335466,0.003467,0.422915,0.414912,False
0.433963,6,0.680851,0.045755,0.325201,0.003467,0.422915,0.414912,False
0.433963,6,0.702128,0.045334,0.335168,0.003467,0.422915,0.414912,False
0.433963,6,0.723404,0.047286,0.336805,0.003467,0.422915,0.414912,True
0.433963,6,0.744681,0.047286,0.333085,0.003467,0.422915,0.414912,True
0.433963,6,0.765957,0.048697,0.333532,0.003467,0.422915,0.414912,True
0.433963,6,0.787234,0.05299,0.354954,0.003467,0.422915,0.414912,True
0.433963,6,0.808511,0.057043,0.346474,0.003467,0.422915,0.414912,True
0.433963,6,0.829787,0.048697,0.336209,0.003467,0.422915,0.414912,True
0.433963,6,0.851064,0.047286,0.308539,0.003467,0.422915,0.414912,False
0.433963,6,0.87234,0.047286,0.281166,0.003467,0.422915,0.414912,False
0.433963,6,0.893617,0.048697,0.297828,0.003467,0.422915,0.414912,True
0.433963,6,0.914894,0.048037,0.303035,0.003467,0.422915,0.414912,True
0.433963,6,0.93617,0.048697,0.317316,0.003467,0.422915,0.414912,True
0.433963,6,0.957447,0.048697,0.298721,0.003467,0.422915,0.414912,True
0.433963,6,0.978723,0.045755,0.282208,0.003467,0.422915,0.414912,False
0.433963,6,1.0,0.045334,0.23981,0.003467,0.422915,0.414912,False
0.434007,7,0.0,0.044134,0.224338,0.003467,0.422915,0.414912,False
0.434007,7,0.021277,0.044134,0.180303,0.003467,0.422915,0.414912,False
0.434007,7,0.042553,0.043383,0.134781,0.003467,0.422915,0.414912,False
0.434007,7,0.06383,0.048097,0.10726,0.003467,0.422915,0.414912,True
0.434007,7,0.085106,0.044134,0.083755,0.003467,0.422915,0.414912,False
0.434007,7,0.106383,0.043383,0.070366,0.003467,0.422915,0.414912,False
0.434007,7,0.12766,0.043383,0.062928,0.003467,0.422915,0.414912,False
0.434007,7,0.148936,0.044134,0.059952,0.003467,0.422915,0.414912,False
0.434007,7,0.170213,0.043383,0.063225,0.003467,0.422915,0.414912,False
0.434007,7,0.191489,0.046655,0.07468,0.003467,0.422915,0.414912,False
0.434007,7,0.212766,0.046655,0.090598,0.003467,0.422915,0.414912,False
0.434007,7,0.234043,0.046655,0.109194,0.003467,0.422915,0.414912,False
0.434007,7,0.255319,0.048757,0.121988,0.003467,0.422915,0.414912,True
0.434007,7,0.276596,0.055032,0.163642,0.003467,0.422915,0.414912,True
0.434007,7,0.297872,0.048757,0.20842,0.003467,0.422915,0.414912,True
0.434007,7,0.319149,0.061307,0.255727,0.003467,0.422915,0.414912,True
0.434007,7,0.340426,0.067581,0.303481,0.003467,0.422915,0.414912,True
0.434007,7,0.361702,0.067581,0.327432,0.003467,0.422915,0.414912,True
0.434007,7,0.382979,0.067581,0.334424,0.003467,0.422915,0.414912,True
0.434007,7,0.404255,0.061307,0.331003,0.003467,0.422915,0.414912,True
0.434007,7,0.425532,0.061307,0.328027,0.003467,0.422915,0.414912,True
0.434007,7,0.446809,0.067581,0.329961,0.003467,0.422915,0.414912,True
0.434007,7,0.468085,0.067581,0.324903,0.003467,0.422915,0.414912,True
0.434007,7,0.489362,0.067581,0.318358,0.003467,0.422915,0.414912,True
0.434007,7,0.510638,0.061307,0.309134,0.003467,0.422915,0.414912,True
0.434007,7,0.531915,0.061307,0.301845,0.003467,0.422915,0.414912,True
0.434007,7,0.553191,0.055032,0.293068,0.003467,0.422915,0.414912,True
0.434007,7,0.574468,0.061307,0.287861,0.003467,0.422915,0.414912,True
0.434007,7,0.595745,0.061307,0.286522,0.003467,0.422915,0.414912,True
0.434007,7,0.617021,0.067581,0.292621,0.003467,0.422915,0.414912,True
0.434007,7,0.638298,0.067551,0.288605,0.003467,0.422915,0.414912,True
0.434007,7,0.659574,0.067581,0.29039,0.003467,0.422915,0.414912,True
0.434007,7,0.680851,0.061307,0.29039,0.003467,0.422915,0.414912,True
0.434007,7,0.702128,0.061307,0.310771,0.003467,0.422915,0.414912,True
0.434007,7,0.723404,0.061307,0.325201,0.003467,0.422915,0.414912,True
0.434007,7,0.744681,0.061307,0.329515,0.003467,0.422915,0.414912,True
0.434007,7,0.765957,0.055032,0.342458,0.003467,0.422915,0.414912,True
0.434007,7,0.787234,0.076138,0.375632,0.003467,0.422915,0.414912,True
0.434007,7,0.808511,0.075868,0.374293,0.003467,0.422915,0.414912,True
0.434007,7,0.829787,0.073856,0.350045,0.003467,0.422915,0.414912,True
0.434007,7,0.851064,0.059205,0.332788,0.003467,0.422915,0.414912,True
0.434007,7,0.87234,0.061307,0.295597,0.003467,0.422915,0.414912,True
0.434007,7,0.893617,0.067581,0.30244,0.003467,0.422915,0.414912,True
0.434007,7,0.914894,0.067581,0.305713,0.003467,0.422915,0.414912,True
0.434007,7,0.93617,0.061307,0.319101,0.003467,0.422915,0.414912,True
0.434007,7,0.957447,0.061307,0.304671,0.003467,0.422915,0.414912,True
0.434007,7,0.978723,0.061307,0.289646,0.003467,0.422915,0.414912,True
0.434007,7,1.0,0.061307,0.247248,0.003467,0.422915,0.414912,True
0.434052,1,0.0,0.046655,0.24219,0.003467,0.422915,0.414912,False
0.434052,1,0.021277,0.044134,0.202172,0.003467,0.422915,0.414912,False
0.434052,1,0.042553,0.043923,0.162898,0.003467,0.422915,0.414912,False
0.434052,1,0.06383,0.043383,0.144154,0.003467,0.422915,0.414912,False
0.434052,1,0.085106,0.043383,0.126599,0.003467,0.422915,0.414912,False
0.434052,1,0.106383,0.043383,0.108599,0.003467,0.422915,0.414912,False
0.434052,1,0.12766,0.043383,0.106813,0.003467,0.422915,0.414912,False
0.434052,1,0.148936,0.043383,0.113508,0.003467,0.422915,0.414912,False
0.434052,1,0.170213,0.044134,0.148616,0.003467,0.422915,0.414912,False
0.434052,1,0.191489,0.044884,0.193246,0.003467,0.422915,0.414912,False
0.434052,1,0.212766,0.046505,0.26986,0.003467,0.422915,0.414912,False
0.434052,1,0.234043,0.048757,0.35778,0.003467,0.422915,0.414912,False
0.434052,1,0.255319,0.061307,0.38798,0.003467,0.422915,0.414912,True
0.434052,1,0.276596,0.049538,0.444511,0.003467,0.422915,0.414912,False
0.434052,1,0.297872,0.051039,0.469949,0.003467,0.422915,0.414912,False
0.434052,1,0.319149,0.055032,0.493752,0.003467,0.422915,0.414912,False
0.434052,1,0.340426,0.067581,0.544481,0.003467,0.422915,0.414912,True
0.434052,1,0.361702,0.073856,0.574234,0.003467,0.422915,0.414912,True
0.434052,1,0.382979,0.076168,0.565457,0.003467,0.422915,0.414912,True
0.434052,1,0.404255,0.067581,0.547754,0.003467,0.422915,0.414912,True
0.434052,1,0.425532,0.067581,0.548349,0.003467,0.422915,0.414912,True
0.434052,1,0.446809,0.061307,0.546117,0.003467,0.422915,0.414912,True
0.434052,1,0.468085,0.061307,0.546415,0.003467,0.422915,0.414912,True
0.434052,1,0.489362,0.061307,0.548795,0.003467,0.422915,0.414912,True
0.434052,1,0.510638,0.061307,0.550431,0.003467,0.422915,0.414912,True
0.434052,1,0.531915,0.061307,0.5482,0.003467,0.422915,0.414912,True
0.434052,1,0.553191,0.057043,0.545076,0.003467,0.422915,0.414912,False
0.434052,1,0.574468,0.057043,0.533918,0.003467,0.422915,0.414912,False
0.434052,1,0.595745,0.057043,0.527373,0.003467,0.422915,0.414912,False
0.434052,1,0.617021,0.057043,0.528414,0.003467,0.422915,0.414912,False
0.434052,1,0.638298,0.054041,0.527968,0.003467,0.422915,0.414912,False
0.434052,1,0.659574,0.055032,0.534662,0.003467,0.422915,0.414912,False
0.434052,1,0.680851,0.055032,0.520232,0.003467,0.422915,0.414912,False
0.434052,1,0.702128,0.051039,0.499851,0.003467,0.422915,0.414912,False
0.434052,1,0.723404,0.049538,0.475305,0.003467,0.422915,0.414912,False
0.434052,1,0.744681,0.049538,0.457453,0.003467,0.422915,0.414912,False
0.434052,1,0.765957,0.049538,0.447635,0.003467,0.422915,0.414912,False
0.434052,1,0.787234,0.061307,0.458346,0.003467,0.422915,0.414912,True
0.434052,1,0.808511,0.048757,0.445552,0.003467,0.422915,0.414912,False
0.434052,1,0.829787,0.046505,0.429485,0.003467,0.422915,0.414912,False
0.434052,1,0.851064,0.044884,0.389467,0.003467,0.422915,0.414912,False
0.434052,1,0.87234,0.044884,0.359417,0.003467,0.422915,0.414912,False
0.434052,1,0.893617,0.045334,0.377864,0.003467,0.422915,0.414912,False
0.434052,1,0.914894,0.045334,0.401666,0.003467,0.422915,0.414912,False
0.434052,1,0.93617,0.048037,0.421154,0.003467,0.422915,0.414912,False
0.434052,1,0.957447,0.046505,0.420708,0.003467,0.422915,0.414912,False
0.434052,1,0.978723,0.046505,0.409402,0.003467,0.422915,0.414912,False
0.434052,1,1.0,0.045334,0.383814,0.003467,0.422915,0.414912,False
0.434096,2,0.0,0.045334,0.359863,0.003467,0.422915,0.414912,False
0.434096,2,0.021277,0.044884,0.296043,0.003467,0.422915,0.414912,False
0.434096,2,0.042553,0.044134,0.23609,0.003467,0.422915,0.414912,False
0.434096,2,0.06383,0.044134,0.202321,0.003467,0.422915,0.414912,False
0.434096,2,0.085106,0.043383,0.171824,0.003467,0.422915,0.414912,False
0.434096,2,0.106383,0.044884,0.150997,0.003467,0.422915,0.414912,False
0.434096,2,0.12766,0.044884,0.144451,0.003467,0.422915,0.414912,False
0.434096,2,0.148936,0.044884,0.152782,0.003467,0.422915,0.414912,False
0.434096,2,0.170213,0.045755,0.175245,0.003467,0.422915,0.414912,False
0.434096,2,0.191489,0.055242,0.218834,0.003467,0.422915,0.414912,True
0.434096,2,0.212766,0.060796,0.295299,0.003467,0.422915,0.414912,True
0.434096,2,0.234043,0.060796,0.387831,0.003467,0.422915,0.414912,True
0.434096,2,0.255319,0.060796,0.403898,0.003467,0.422915,0.414912,True
0.434096,2,0.276596,0.051039,0.46504,0.003467,0.422915,0.414912,False
0.434096,2,0.297872,0.055242,0.493157,0.003467,0.422915,0.414912,True
0.434096,2,0.319149,0.055242,0.508331,0.003467,0.422915,0.414912,True
0.434096,2,0.340426,0.071965,0.563225,0.003467,0.422915,0.414912,True
0.434096,2,0.361702,0.074336,0.587474,0.003467,0.422915,0.414912,True
0.434096,2,0.382979,0.074336,0.576317,0.003467,0.422915,0.414912,True
0.434096,2,0.404255,0.074336,0.569473,0.003467,0.422915,0.414912,True
0.434096,2,0.425532,0.073136,0.565903,0.003467,0.422915,0.414912,True
0.434096,2,0.446809,0.073136,0.557721,0.003467,0.422915,0.414912,True
0.434096,2,0.468085,0.073136,0.568134,0.003467,0.422915,0.414912,True
0.434096,2,0.489362,0.071965,0.570366,0.003467,0.422915,0.414912,True
0.434096,2,0.510638,0.074336,0.569176,0.003467,0.422915,0.414912,True
0.434096,2,0.531915,0.071965,0.563672,0.003467,0.422915,0.414912,True
0.434096,2,0.553191,0.06641,0.561589,0.003467,0.422915,0.414912,True
0.434096,2,0.574468,0.06641,0.561291,0.003467,0.422915,0.414912,True
0.434096,2,0.595745,0.06641,0.555787,0.003467,0.422915,0.414912,True
0.434096,2,0.617021,0.071965,0.559357,0.003467,0.422915,0.414912,True
0.434096,2,0.638298,0.071965,0.563374,0.003467,0.422915,0.414912,True
0.434096,2,0.659574,0.06641,0.56873,0.003467,0.422915,0.414912,True
0.434096,2,0.680851,0.06641,0.554597,0.003467,0.422915,0.414912,True
0.434096,2,0.702128,0.057043,0.5241,0.003467,0.422915,0.414912,True
0.434096,2,0.723404,0.060796,0.487206,0.003467,0.422915,0.414912,True
0.434096,2,0.744681,0.051039,0.468611,0.003467,0.422915,0.414912,False
0.434096,2,0.765957,0.055242,0.46504,0.003467,0.422915,0.414912,False
0.434096,2,0.787234,0.071965,0.490925,0.003467,0.422915,0.414912,True
0.434096,2,0.808511,0.071965,0.489884,0.003467,0.422915,0.414912,True
0.434096,2,0.829787,0.051039,0.470544,0.003467,0.422915,0.414912,False
0.434096,2,0.851064,0.049538,0.42889,0.003467,0.422915,0.414912,False
0.434096,2,0.87234,0.048037,0.391104,0.003467,0.422915,0.414912,False
0.434096,2,0.893617,0.049658,0.409699,0.003467,0.422915,0.414912,False
0.434096,2,0.914894,0.048817,0.417733,0.003467,0.422915,0.414912,False
0.434096,2,0.93617,0.051039,0.433502,0.003467,0.422915,0.414912,False
0.434096,2,0.957447,0.049538,0.428593,0.003467,0.422915,0.414912,False
0.434096,2,0.978723,0.049658,0.420411,0.003467,0.422915,0.414912,False
0.434096,2,1.0,0.049658,0.394823,0.003467,0.422915,0.414912,False
0.43414,3,0.0,0.045755,0.36626,0.003467,0.422915,0.414912,False
0.43414,3,0.021277,0.045334,0.298869,0.003467,0.422915,0.414912,False
0.43414,3,0.042553,0.044884,0.244273,0.003467,0.422915,0.414912,False
0.43414,3,0.06383,0.044134,0.205445,0.003467,0.422915,0.414912,False
0.43414,3,0.085106,0.044134,0.175543,0.003467,0.422915,0.414912,False
0.43414,3,0.106383,0.044073,0.158286,0.003467,0.422915,0.414912,False
0.43414,3,0.12766,0.044073,0.149063,0.003467,0.422915,0.414912,False
0.43414,3,0.148936,0.049658,0.154418,0.003467,0.422915,0.414912,False
0.43414,3,0.170213,0.049297,0.179411,0.003467,0.422915,0.414912,False
0.43414,3,0.191489,0.056533,0.222404,0.003467,0.422915,0.414912,False
0.43414,3,0.212766,0.071965,0.303184,0.003467,0.422915,0.414912,True
0.43414,3,0.234043,0.066831,0.394079,0.003467,0.422915,0.414912,True
0.43414,3,0.255319,0.071965,0.41565,0.003467,0.422915,0.414912,True
0.43414,3,0.276596,0.071965,0.482297,0.003467,0.422915,0.414912,True
0.43414,3,0.297872,0.061667,0.502231,0.003467,0.422915,0.414912,True
0.43414,3,0.319149,0.066831,0.519935,0.003467,0.422915,0.414912,True
0.43414,3,0.340426,0.10508,0.566052,0.003467,0.422915,0.414912,True
0.43414,3,0.361702,0.09181,0.575424,0.003467,0.422915,0.414912,True
0.43414,3,0.382979,0.09181,0.575275,0.003467,0.422915,0.414912,True
0.43414,3,0.404255,0.101747,0.569771,0.003467,0.422915,0.414912,True
0.43414,3,0.425532,0.081902,0.567539,0.003467,0.422915,0.414912,True
0.43414,3,0.446809,0.09181,0.583457,0.003467,0.422915,0.414912,True
0.43414,3,0.468085,0.087066,0.578548,0.003467,0.422915,0.414912,True
0.43414,3,0.489362,0.087066,0.583011,0.003467,0.422915,0.414912,True
0.43414,3,0.510638,0.081902,0.600417,0.003467,0.422915,0.414912,True
0.43414,3,0.531915,0.09181,0.599524,0.003467,0.422915,0.414912,True
0.43414,3,0.553191,0.098024,0.601904,0.003467,0.422915,0.414912,True
0.43414,3,0.574468,0.09181,0.610384,0.003467,0.422915,0.414912,True
0.43414,3,0.595745,0.101747,0.605921,0.003467,0.422915,0.414912,True
0.43414,3,0.617021,0.111685,0.619458,0.003467,0.422915,0.414912,True
0.43414,3,0.638298,0.101747,0.630765,0.003467,0.422915,0.414912,True
0.43414,3,0.659574,0.111685,0.631806,0.003467,0.422915,0.414912,True
0.43414,3,0.680851,0.09181,0.602797,0.003467,0.422915,0.414912,True
0.43414,3,0.702128,0.09181,0.594168,0.003467,0.422915,0.414912,True
0.43414,3,0.723404,0.099075,0.560399,0.003467,0.422915,0.414912,True
0.43414,3,0.744681,0.09181,0.531241,0.003467,0.422915,0.414912,True
0.43414,3,0.765957,0.09181,0.519042,0.003467,0.422915,0.414912,True
0.43414,3,0.787234,0.121592,0.547307,0.003467,0.422915,0.414912,True
0.43414,3,0.808511,0.101747,0.540018,0.003467,0.422915,0.414912,True
0.43414,3,0.829787,0.066831,0.511604,0.003467,0.422915,0.414912,False
0.43414,3,0.851064,0.061667,0.470991,0.003467,0.422915,0.414912,False
0.43414,3,0.87234,0.056533,0.427105,0.003467,0.422915,0.414912,False
0.43414,3,0.893617,0.061667,0.434692,0.003467,0.422915,0.414912,False
0.43414,3,0.914894,0.056533,0.436924,0.003467,0.422915,0.414912,False
0.43414,3,0.93617,0.056533,0.455817,0.003467,0.422915,0.414912,False
0.43414,3,0.957447,0.061667,0.447486,0.003467,0.422915,0.414912,False
0.43414,3,0.978723,0.056533,0.421452,0.003467,0.422915,0.414912,False
0.43414,3,1.0,0.051339,0.393633,0.003467,0.422915,0.414912,False
0.434184,4,0.0,0.049297,0.37355,0.003467,0.422915,0.414912,False
0.434184,4,0.021277,0.046205,0.303035,0.003467,0.422915,0.414912,False
0.434184,4,0.042553,0.045334,0.246504,0.003467,0.422915,0.414912,False
0.434184,4,0.06383,0.046205,0.211247,0.003467,0.422915,0.414912,False
0.434184,4,0.085106,0.046205,0.183576,0.003467,0.422915,0.414912,False
0.434184,4,0.106383,0.046205,0.165873,0.003467,0.422915,0.414912,False
0.434184,4,0.12766,0.046205,0.153228,0.003467,0.422915,0.414912,False
0.434184,4,0.148936,0.046205,0.16022,0.003467,0.422915,0.414912,False
0.434184,4,0.170213,0.055993,0.190866,0.003467,0.422915,0.414912,False
0.434184,4,0.191489,0.063258,0.22895,0.003467,0.422915,0.414912,False
0.434184,4,0.212766,0.070524,0.314192,0.003467,0.422915,0.414912,False
0.434184,4,0.234043,0.070524,0.397203,0.003467,0.422915,0.414912,False
0.434184,4,0.255319,0.070524,0.420559,0.003467,0.422915,0.414912,False
0.434184,4,0.276596,0.066891,0.479619,0.003467,0.422915,0.414912,False
0.434184,4,0.297872,0.061367,0.501785,0.003467,0.422915,0.414912,False
0.434184,4,0.319149,0.066891,0.520083,0.003467,0.422915,0.414912,False
0.434184,4,0.340426,0.070524,0.559952,0.003467,0.422915,0.414912,False
0.434184,4,0.361702,0.081932,0.579441,0.003467,0.422915,0.414912,True
0.434184,4,0.382979,0.099346,0.565457,0.003467,0.422915,0.414912,True
0.434184,4,0.404255,0.081932,0.564118,0.003467,0.422915,0.414912,True
0.434184,4,0.425532,0.081932,0.566944,0.003467,0.422915,0.414912,True
0.434184,4,0.446809,0.081932,0.57587,0.003467,0.422915,0.414912,True
0.434184,4,0.468085,0.087066,0.576614,0.003467,0.422915,0.414912,True
0.434184,4,0.489362,0.113726,0.581226,0.003467,0.422915,0.414912,True
0.434184,4,0.510638,0.081932,0.57706,0.003467,0.422915,0.414912,True
0.434184,4,0.531915,0.070524,0.57111,0.003467,0.422915,0.414912,False
0.434184,4,0.553191,0.063889,0.584647,0.003467,0.422915,0.414912,False
0.434184,4,0.574468,0.066891,0.586135,0.003467,0.422915,0.414912,False
0.434184,4,0.595745,0.070524,0.578102,0.003467,0.422915,0.414912,False
0.434184,4,0.617021,0.081932,0.588515,0.003467,0.422915,0.414912,True
0.434184,4,0.638298,0.099346,0.588367,0.003467,0.422915,0.414912,True
0.434184,4,0.659574,0.070524,0.585094,0.003467,0.422915,0.414912,False
0.434184,4,0.680851,0.070524,0.565754,0.003467,0.422915,0.414912,False
0.434184,4,0.702128,0.10505,0.557423,0.003467,0.422915,0.414912,True
0.434184,4,0.723404,0.066891,0.523802,0.003467,0.422915,0.414912,False
0.434184,4,0.744681,0.063258,0.500446,0.003467,0.422915,0.414912,False
0.434184,4,0.765957,0.063258,0.500446,0.003467,0.422915,0.414912,False
0.434184,4,0.787234,0.066891,0.515025,0.003467,0.422915,0.414912,False
0.434184,4,0.808511,0.060046,0.518596,0.003467,0.422915,0.414912,False
0.434184,4,0.829787,0.059625,0.500744,0.003467,0.422915,0.414912,False
0.434184,4,0.851064,0.059625,0.452098,0.003467,0.422915,0.414912,False
0.434184,4,0.87234,0.05254,0.40598,0.003467,0.422915,0.414912,False
0.434184,4,0.893617,0.063258,0.422196,0.003467,0.422915,0.414912,False
0.434184,4,0.914894,0.055993,0.430378,0.003467,0.422915,0.414912,False
0.434184,4,0.93617,0.055993,0.447783,0.003467,0.422915,0.414912,False
0.434184,4,0.957447,0.059625,0.438857,0.003467,0.422915,0.414912,False
0.434184,4,0.978723,0.059625,0.424427,0.003467,0.422915,0.414912,False
0.434184,4,1.0,0.059625,0.393038,0.003467,0.422915,0.414912,False
0.434229,5,0.0,0.05236,0.365963,0.003467,0.422915,0.414912,False
0.434229,5,0.021277,0.047856,0.303184,0.003467,0.422915,0.414912,False
0.434229,5,0.042553,0.048727,0.246504,0.003467,0.422915,0.414912,False
0.434229,5,0.06383,0.045334,0.2169,0.003467,0.422915,0.414912,False
0.434229,5,0.085106,0.048727,0.185659,0.003467,0.422915,0.414912,False
0.434229,5,0.106383,0.048727,0.167212,0.003467,0.422915,0.414912,False
0.434229,5,0.12766,0.05236,0.159774,0.003467,0.422915,0.414912,False
0.434229,5,0.148936,0.059625,0.15784,0.003467,0.422915,0.414912,False
0.434229,5,0.170213,0.059385,0.184023,0.003467,0.422915,0.414912,False
0.434229,5,0.191489,0.076438,0.219875,0.003467,0.422915,0.414912,True
0.434229,5,0.212766,0.090159,0.300357,0.003467,0.422915,0.414912,True
0.434229,5,0.234043,0.100396,0.389467,0.003467,0.422915,0.414912,True
0.434229,5,0.255319,0.110664,0.406575,0.003467,0.422915,0.414912,True
0.434229,5,0.276596,0.100396,0.466528,0.003467,0.422915,0.414912,True
0.434229,5,0.297872,0.090159,0.485421,0.003467,0.422915,0.414912,True
0.434229,5,0.319149,0.090159,0.487504,0.003467,0.422915,0.414912,True
0.434229,5,0.340426,0.162363,0.530794,0.003467,0.422915,0.414912,True
0.434229,5,0.361702,0.187402,0.549093,0.003467,0.422915,0.414912,True
0.434229,5,0.382979,0.135313,0.549241,0.003467,0.422915,0.414912,True
0.434229,5,0.404255,0.170049,0.534365,0.003467,0.422915,0.414912,True
0.434229,5,0.425532,0.135313,0.52172,0.003467,0.422915,0.414912,True
0.434229,5,0.446809,0.152666,0.519191,0.003467,0.422915,0.414912,True
0.434229,5,0.468085,0.125465,0.514877,0.003467,0.422915,0.414912,True
0.434229,5,0.489362,0.125465,0.510562,0.003467,0.422915,0.414912,True
0.434229,5,0.510638,0.122913,0.507885,0.003467,0.422915,0.414912,True
0.434229,5,0.531915,0.125465,0.508926,0.003467,0.422915,0.414912,True
0.434229,5,0.553191,0.125465,0.505951,0.003467,0.422915,0.414912,True
0.434229,5,0.574468,0.125465,0.489884,0.003467,0.422915,0.414912,True
0.434229,5,0.595745,0.120932,0.482892,0.003467,0.422915,0.414912,True
0.434229,5,0.617021,0.090159,0.483636,0.003467,0.422915,0.414912,True
0.434229,5,0.638298,0.069653,0.479917,0.003467,0.422915,0.414912,False
0.434229,5,0.659574,0.060046,0.482297,0.003467,0.422915,0.414912,False
0.434229,5,0.680851,0.059385,0.46385,0.003467,0.422915,0.414912,False
0.434229,5,0.702128,0.054041,0.445106,0.003467,0.422915,0.414912,False
0.434229,5,0.723404,0.049117,0.406724,0.003467,0.422915,0.414912,False
0.434229,5,0.744681,0.049117,0.397501,0.003467,0.422915,0.414912,False
0.434229,5,0.765957,0.06518,0.400922,0.003467,0.422915,0.414912,False
0.434229,5,0.787234,0.059385,0.426361,0.003467,0.422915,0.414912,False
0.434229,5,0.808511,0.059385,0.423535,0.003467,0.422915,0.414912,False
0.434229,5,0.829787,0.049538,0.404641,0.003467,0.422915,0.414912,False
0.434229,5,0.851064,0.049117,0.37712,0.003467,0.422915,0.414912,False
0.434229,5,0.87234,0.048817,0.351235,0.003467,0.422915,0.414912,False
0.434229,5,0.893617,0.059385,0.38069,0.003467,0.422915,0.414912,False
0.434229,5,0.914894,0.051039,0.40122,0.003467,0.422915,0.414912,False
0.434229,5,0.93617,0.069653,0.425915,0.003467,0.422915,0.414912,False
0.434229,5,0.957447,0.059385,0.420262,0.003467,0.422915,0.414912,False
0.434229,5,0.978723,0.059385,0.413716,0.003467,0.422915,0.414912,False
0.434229,5,1.0,0.069653,0.387533,0.003467,0.422915,0.414912,False
0.434273,6,0.0,0.051039,0.359119,0.003467,0.422915,0.414912,False
0.434273,6,0.021277,0.045334,0.286819,0.003467,0.422915,0.414912,False
0.434273,6,0.042553,0.044013,0.23252,0.003467,0.422915,0.414912,False
0.434273,6,0.06383,0.043383,0.182981,0.003467,0.422915,0.414912,False
0.434273,6,0.085106,0.041251,0.153972,0.003467,0.422915,0.414912,False
0.434273,6,0.106383,0.041492,0.129575,0.003467,0.422915,0.414912,False
0.434273,6,0.12766,0.040801,0.113954,0.003467,0.422915,0.414912,False
0.434273,6,0.148936,0.040831,0.106665,0.003467,0.422915,0.414912,False
0.434273,6,0.170213,0.040351,0.117525,0.003467,0.422915,0.414912,False
0.434273,6,0.191489,0.042032,0.129575,0.003467,0.422915,0.414912,False
0.434273,6,0.212766,0.048367,0.162005,0.003467,0.422915,0.414912,False
0.434273,6,0.234043,0.043383,0.190568,0.003467,0.422915,0.414912,False
0.434273,6,0.255319,0.046295,0.225826,0.003467,0.422915,0.414912,False
0.434273,6,0.276596,0.073136,0.280422,0.003467,0.422915,0.414912,False
0.434273,6,0.297872,0.048367,0.340821,0.003467,0.422915,0.414912,False
0.434273,6,0.319149,0.051039,0.378905,0.003467,0.422915,0.414912,False
0.434273,6,0.340426,0.060736,0.427105,0.003467,0.422915,0.414912,False
0.434273,6,0.361702,0.051039,0.44213,0.003467,0.422915,0.414912,False
0.434273,6,0.382979,0.049538,0.439899,0.003467,0.422915,0.414912,False
0.434273,6,0.404255,0.048367,0.416691,0.003467,0.422915,0.414912,False
0.434273,6,0.425532,0.048367,0.417733,0.003467,0.422915,0.414912,False
0.434273,6,0.446809,0.048367,0.401369,0.003467,0.422915,0.414912,False
0.434273,6,0.468085,0.045334,0.385897,0.003467,0.422915,0.414912,False
0.434273,6,0.489362,0.045334,0.371913,0.003467,0.422915,0.414912,False
0.434273,6,0.510638,0.045364,0.362541,0.003467,0.422915,0.414912,False
0.434273,6,0.531915,0.045334,0.351235,0.003467,0.422915,0.414912,False
0.434273,6,0.553191,0.045334,0.337995,0.003467,0.422915,0.414912,False
0.434273,6,0.574468,0.045334,0.32654,0.003467,0.422915,0.414912,False
0.434273,6,0.595745,0.045334,0.313002,0.003467,0.422915,0.414912,False
0.434273,6,0.617021,0.045334,0.312853,0.003467,0.422915,0.414912,False
0.434273,6,0.638298,0.045334,0.317763,0.003467,0.422915,0.414912,False
0.434273,6,0.659574,0.045334,0.319697,0.003467,0.422915,0.414912,False
0.434273,6,0.680851,0.045334,0.307647,0.003467,0.422915,0.414912,False
0.434273,6,0.702128,0.044134,0.321333,0.003467,0.422915,0.414912,False
0.434273,6,0.723404,0.044134,0.330259,0.003467,0.422915,0.414912,False
0.434273,6,0.744681,0.045334,0.339185,0.003467,0.422915,0.414912,False
0.434273,6,0.765957,0.045334,0.351681,0.003467,0.422915,0.414912,False
0.434273,6,0.787234,0.071364,0.362243,0.003467,0.422915,0.414912,True
0.434273,6,0.808511,0.049628,0.347813,0.003467,0.422915,0.414912,True
0.434273,6,0.829787,0.045334,0.332342,0.003467,0.422915,0.414912,False
0.434273,6,0.851064,0.045334,0.3072,0.003467,0.422915,0.414912,False
0.434273,6,0.87234,0.045334,0.285778,0.003467,0.422915,0.414912,False
0.434273,6,0.893617,0.051879,0.294853,0.003467,0.422915,0.414912,True
0.434273,6,0.914894,0.045334,0.30601,0.003467,0.422915,0.414912,False
0.434273,6,0.93617,0.045334,0.323862,0.003467,0.422915,0.414912,False
0.434273,6,0.957447,0.045334,0.307795,0.003467,0.422915,0.414912,False
0.434273,6,0.978723,0.045334,0.281464,0.003467,0.422915,0.414912,False
0.434273,6,1.0,0.044134,0.238173,0.003467,0.422915,0.414912,False
0.434317,7,0.0,0.043383,0.222404,0.003467,0.422915,0.414912,False
0.434317,7,0.021277,0.042032,0.171824,0.003467,0.422915,0.414912,False
0.434317,7,0.042553,0.043383,0.134186,0.003467,0.422915,0.414912,False
0.434317,7,0.06383,0.043383,0.110681,0.003467,0.422915,0.414912,False
0.434317,7,0.085106,0.040801,0.090301,0.003467,0.422915,0.414912,False
0.434317,7,0.106383,0.040351,0.072449,0.003467,0.422915,0.414912,False
0.434317,7,0.12766,0.040351,0.062481,0.003467,0.422915,0.414912,False
0.434317,7,0.148936,0.040831,0.060994,0.003467,0.422915,0.414912,False
0.434317,7,0.170213,0.046625,0.067093,0.003467,0.422915,0.414912,False
0.434317,7,0.191489,0.040831,0.074829,0.003467,0.422915,0.414912,False
0.434317,7,0.212766,0.046625,0.091342,0.003467,0.422915,0.414912,False
0.434317,7,0.234043,0.046655,0.10845,0.003467,0.422915,0.414912,False
0.434317,7,0.255319,0.056023,0.120797,0.003467,0.422915,0.414912,True
0.434317,7,0.276596,0.046625,0.159774,0.003467,0.422915,0.414912,False
0.434317,7,0.297872,0.06542,0.211544,0.003467,0.422915,0.414912,True
0.434317,7,0.319149,0.056023,0.259893,0.003467,0.422915,0.414912,True
0.434317,7,0.340426,0.06542,0.30482,0.003467,0.422915,0.414912,True
0.434317,7,0.361702,0.06542,0.332342,0.003467,0.422915,0.414912,True
0.434317,7,0.382979,0.045695,0.338887,0.003467,0.422915,0.414912,False
0.434317,7,0.404255,0.046625,0.336061,0.003467,0.422915,0.414912,False
0.434317,7,0.425532,0.046625,0.330259,0.003467,0.422915,0.414912,False
0.434317,7,0.446809,0.046625,0.332193,0.003467,0.422915,0.414912,False
0.434317,7,0.468085,0.056023,0.326986,0.003467,0.422915,0.414912,True
0.434317,7,0.489362,0.056023,0.322969,0.003467,0.422915,0.414912,True
0.434317,7,0.510638,0.056023,0.31568,0.003467,0.422915,0.414912,True
0.434317,7,0.531915,0.046625,0.30839,0.003467,0.422915,0.414912,False
0.434317,7,0.553191,0.06542,0.30006,0.003467,0.422915,0.414912,True
0.434317,7,0.574468,0.050859,0.295597,0.003467,0.422915,0.414912,True
0.434317,7,0.595745,0.06542,0.29396,0.003467,0.422915,0.414912,True
0.434317,7,0.617021,0.06542,0.295745,0.003467,0.422915,0.414912,True
0.434317,7,0.638298,0.06542,0.291877,0.003467,0.422915,0.414912,True
0.434317,7,0.659574,0.056023,0.293811,0.003467,0.422915,0.414912,True
0.434317,7,0.680851,0.056023,0.299613,0.003467,0.422915,0.414912,True
0.434317,7,0.702128,0.074847,0.314787,0.003467,0.422915,0.414912,True
0.434317,7,0.723404,0.046625,0.336209,0.003467,0.422915,0.414912,False
0.434317,7,0.744681,0.053351,0.354061,0.003467,0.422915,0.414912,True
0.434317,7,0.765957,0.074847,0.378608,0.003467,0.422915,0.414912,True
0.434317,7,0.787234,0.06542,0.387087,0.003467,0.422915,0.414912,True
0.434317,7,0.808511,0.046625,0.372508,0.003467,0.422915,0.414912,False
0.434317,7,0.829787,0.045334,0.358673,0.003467,0.422915,0.414912,False
0.434317,7,0.851064,0.045334,0.322969,0.003467,0.422915,0.414912,False
0.434317,7,0.87234,0.044134,0.290092,0.003467,0.422915,0.414912,False
0.434317,7,0.893617,0.045334,0.297828,0.003467,0.422915,0.414912,False
0.434317,7,0.914894,0.044134,0.30006,0.003467,0.422915,0.414912,False
0.434317,7,0.93617,0.046625,0.310176,0.003467,0.422915,0.414912,False
0.434317,7,0.957447,0.044134,0.295299,0.003467,0.422915,0.414912,False
0.434317,7,0.978723,0.044134,0.279827,0.003467,0.422915,0.414912,False
0.434317,7,1.0,0.044134,0.247099,0.003467,0.422915,0.414912,False
0.434361,1,0.0,0.044134,0.23252,0.003467,0.422915,0.414912,False
0.434361,1,0.021277,0.044134,0.191312,0.003467,0.422915,0.414912,False
0.434361,1,0.042553,0.042032,0.156947,0.003467,0.422915,0.414912,False
0.434361,1,0.06383,0.043383,0.135376,0.003467,0.422915,0.414912,False
0.434361,1,0.085106,0.040351,0.12169,0.003467,0.422915,0.414912,False
0.434361,1,0.106383,0.043383,0.11202,0.003467,0.422915,0.414912,False
0.434361,1,0.12766,0.046625,0.112615,0.003467,0.422915,0.414912,False
0.434361,1,0.148936,0.056023,0.117078,0.003467,0.422915,0.414912,True
0.434361,1,0.170213,0.043383,0.15055,0.003467,0.422915,0.414912,False
0.434361,1,0.191489,0.044644,0.186403,0.003467,0.422915,0.414912,False
0.434361,1,0.212766,0.045605,0.276703,0.003467,0.422915,0.414912,False
0.434361,1,0.234043,0.045605,0.363582,0.003467,0.422915,0.414912,False
0.434361,1,0.255319,0.059115,0.383666,0.003467,0.422915,0.414912,True
0.434361,1,0.276596,0.049538,0.445849,0.003467,0.422915,0.414912,False
0.434361,1,0.297872,0.051039,0.468462,0.003467,0.422915,0.414912,False
0.434361,1,0.319149,0.049538,0.477685,0.003467,0.422915,0.414912,False
0.434361,1,0.340426,0.071484,0.524993,0.003467,0.422915,0.414912,True
0.434361,1,0.361702,0.071484,0.539423,0.003467,0.422915,0.414912,True
0.434361,1,0.382979,0.059115,0.529158,0.003467,0.422915,0.414912,True
0.434361,1,0.404255,0.059115,0.515769,0.003467,0.422915,0.414912,True
0.434361,1,0.425532,0.049538,0.507141,0.003467,0.422915,0.414912,False
0.434361,1,0.446809,0.051039,0.503124,0.003467,0.422915,0.414912,False
0.434361,1,0.468085,0.046685,0.48676,0.003467,0.422915,0.414912,False
0.434361,1,0.489362,0.046685,0.475602,0.003467,0.422915,0.414912,False
0.434361,1,0.510638,0.045605,0.478132,0.003467,0.422915,0.414912,False
0.434361,1,0.531915,0.049538,0.489438,0.003467,0.422915,0.414912,False
0.434361,1,0.553191,0.046685,0.486016,0.003467,0.422915,0.414912,False
0.434361,1,0.574468,0.046685,0.478578,0.003467,0.422915,0.414912,False
0.434361,1,0.595745,0.046685,0.469354,0.003467,0.422915,0.414912,False
0.434361,1,0.617021,0.045605,0.471586,0.003467,0.422915,0.414912,False
0.434361,1,0.638298,0.049538,0.482743,0.003467,0.422915,0.414912,False
0.434361,1,0.659574,0.049538,0.487206,0.003467,0.422915,0.414912,False
0.434361,1,0.680851,0.046685,0.48438,0.003467,0.422915,0.414912,False
0.434361,1,0.702128,0.049538,0.473817,0.003467,0.422915,0.414912,False
0.434361,1,0.723404,0.051039,0.451354,0.003467,0.422915,0.414912,True
0.434361,1,0.744681,0.051039,0.432609,0.003467,0.422915,0.414912,True
0.434361,1,0.765957,0.075958,0.43737,0.003467,0.422915,0.414912,True
0.434361,1,0.787234,0.059115,0.444064,0.003467,0.422915,0.414912,True
0.434361,1,0.808511,0.059115,0.446296,0.003467,0.422915,0.414912,True
0.434361,1,0.829787,0.046685,0.428593,0.003467,0.422915,0.414912,False
0.434361,1,0.851064,0.046685,0.39393,0.003467,0.422915,0.414912,False
0.434361,1,0.87234,0.046685,0.358971,0.003467,0.422915,0.414912,False
0.434361,1,0.893617,0.059115,0.382327,0.003467,0.422915,0.414912,True
0.434361,1,0.914894,0.046685,0.408807,0.003467,0.422915,0.414912,False
0.434361,1,0.93617,0.059115,0.43127,0.003467,0.422915,0.414912,True
0.434361,1,0.957447,0.045605,0.433502,0.003467,0.422915,0.414912,False
0.434361,1,0.978723,0.046685,0.427254,0.003467,0.422915,0.414912,False
0.434361,1,1.0,0.045605,0.40598,0.003467,0.422915,0.414912,False
0.434406,2,0.0,0.051039,0.376525,0.003467,0.422915,0.414912,True
0.434406,2,0.021277,0.046685,0.314341,0.003467,0.422915,0.414912,False
0.434406,2,0.042553,0.046685,0.259447,0.003467,0.422915,0.414912,False
0.434406,2,0.06383,0.045334,0.215412,0.003467,0.422915,0.414912,False
0.434406,2,0.085106,0.043383,0.180452,0.003467,0.422915,0.414912,False
0.434406,2,0.106383,0.046685,0.162154,0.003467,0.422915,0.414912,False
0.434406,2,0.12766,0.043383,0.14936,0.003467,0.422915,0.414912,False
0.434406,2,0.148936,0.046685,0.146831,0.003467,0.422915,0.414912,False
0.434406,2,0.170213,0.048247,0.173312,0.003467,0.422915,0.414912,False
0.434406,2,0.191489,0.048247,0.212586,0.003467,0.422915,0.414912,False
0.434406,2,0.212766,0.053741,0.296489,0.003467,0.422915,0.414912,True
0.434406,2,0.234043,0.045334,0.386343,0.003467,0.422915,0.414912,False
0.434406,2,0.255319,0.048247,0.406278,0.003467,0.422915,0.414912,False
0.434406,2,0.276596,0.048247,0.460875,0.003467,0.422915,0.414912,False
0.434406,2,0.297872,0.045334,0.473966,0.003467,0.422915,0.414912,False
0.434406,2,0.319149,0.048037,0.480958,0.003467,0.422915,0.414912,False
0.434406,2,0.340426,0.051039,0.518596,0.003467,0.422915,0.414912,True
0.434406,2,0.361702,0.051039,0.534216,0.003467,0.422915,0.414912,True
0.434406,2,0.382979,0.055933,0.514281,0.003467,0.422915,0.414912,True
0.434406,2,0.404255,0.05209,0.509075,0.003467,0.422915,0.414912,True
0.434406,2,0.425532,0.051039,0.509372,0.003467,0.422915,0.414912,True
0.434406,2,0.446809,0.05209,0.509372,0.003467,0.422915,0.414912,True
0.434406,2,0.468085,0.049538,0.507587,0.003467,0.422915,0.414912,True
0.434406,2,0.489362,0.049538,0.505653,0.003467,0.422915,0.414912,False
0.434406,2,0.510638,0.051039,0.507587,0.003467,0.422915,0.414912,True
0.434406,2,0.531915,0.051039,0.501785,0.003467,0.422915,0.414912,True
0.434406,2,0.553191,0.051039,0.502827,0.003467,0.422915,0.414912,True
0.434406,2,0.574468,0.049538,0.489735,0.003467,0.422915,0.414912,False
0.434406,2,0.595745,0.051039,0.488545,0.003467,0.422915,0.414912,True
0.434406,2,0.617021,0.051039,0.494644,0.003467,0.422915,0.414912,True
0.434406,2,0.638298,0.051039,0.493752,0.003467,0.422915,0.414912,True
0.434406,2,0.659574,0.051039,0.49524,0.003467,0.422915,0.414912,True
0.434406,2,0.680851,0.048247,0.489586,0.003467,0.422915,0.414912,False
0.434406,2,0.702128,0.048247,0.480809,0.003467,0.422915,0.414912,False
0.434406,2,0.723404,0.048247,0.459982,0.003467,0.422915,0.414912,False
0.434406,2,0.744681,0.049538,0.457899,0.003467,0.422915,0.414912,False
0.434406,2,0.765957,0.059805,0.468164,0.003467,0.422915,0.414912,True
0.434406,2,0.787234,0.059805,0.47709,0.003467,0.422915,0.414912,True
0.434406,2,0.808511,0.055933,0.459387,0.003467,0.422915,0.414912,True
0.434406,2,0.829787,0.048247,0.433799,0.003467,0.422915,0.414912,False
0.434406,2,0.851064,0.048037,0.403154,0.003467,0.422915,0.414912,False
0.434406,2,0.87234,0.045334,0.366111,0.003467,0.422915,0.414912,False
0.434406,2,0.893617,0.048247,0.393633,0.003467,0.422915,0.414912,False
0.434406,2,0.914894,0.048037,0.408807,0.003467,0.422915,0.414912,False
0.434406,2,0.93617,0.048247,0.437816,0.003467,0.422915,0.414912,False
0.434406,2,0.957447,0.05209,0.443767,0.003467,0.422915,0.414912,True
0.434406,2,0.978723,0.048247,0.432163,0.003467,0.422915,0.414912,False
0.434406,2,1.0,0.048247,0.404641,0.003467,0.422915,0.414912,False
0.43445,3,0.0,0.045334,0.382475,0.003467,0.422915,0.414912,False
0.43445,3,0.021277,0.045334,0.314639,0.003467,0.422915,0.414912,False
0.43445,3,0.042553,0.044404,0.257066,0.003467,0.422915,0.414912,False
0.43445,3,0.06383,0.044134,0.214817,0.003467,0.422915,0.414912,False
0.43445,3,0.085106,0.048247,0.181494,0.003467,0.422915,0.414912,False
0.43445,3,0.106383,0.044404,0.166022,0.003467,0.422915,0.414912,False
0.43445,3,0.12766,0.044404,0.150104,0.003467,0.422915,0.414912,False
0.43445,3,0.148936,0.05209,0.153823,0.003467,0.422915,0.414912,True
0.43445,3,0.170213,0.042572,0.180601,0.003467,0.422915,0.414912,False
0.43445,3,0.191489,0.050288,0.218834,0.003467,0.422915,0.414912,True
0.43445,3,0.212766,0.050288,0.307647,0.003467,0.422915,0.414912,True
0.43445,3,0.234043,0.050288,0.396459,0.003467,0.422915,0.414912,True
0.43445,3,0.255319,0.050288,0.409551,0.003467,0.422915,0.414912,True
0.43445,3,0.276596,0.050288,0.469652,0.003467,0.422915,0.414912,True
0.43445,3,0.297872,0.070974,0.475156,0.003467,0.422915,0.414912,True
0.43445,3,0.319149,0.058094,0.485272,0.003467,0.422915,0.414912,True
0.43445,3,0.340426,0.070974,0.528117,0.003467,0.422915,0.414912,True
0.43445,3,0.361702,0.070974,0.547159,0.003467,0.422915,0.414912,True
0.43445,3,0.382979,0.070974,0.543291,0.003467,0.422915,0.414912,True
0.43445,3,0.404255,0.080551,0.540762,0.003467,0.422915,0.414912,True
0.43445,3,0.425532,0.070974,0.534216,0.003467,0.422915,0.414912,True
0.43445,3,0.446809,0.070974,0.522464,0.003467,0.422915,0.414912,True
0.43445,3,0.468085,0.046235,0.515918,0.003467,0.422915,0.414912,False
0.43445,3,0.489362,0.070974,0.515025,0.003467,0.422915,0.414912,True
0.43445,3,0.510638,0.070974,0.518149,0.003467,0.422915,0.414912,True
0.43445,3,0.531915,0.050288,0.517852,0.003467,0.422915,0.414912,False
0.43445,3,0.553191,0.050288,0.504017,0.003467,0.422915,0.414912,False
0.43445,3,0.574468,0.049327,0.51086,0.003467,0.422915,0.414912,False
0.43445,3,0.595745,0.064399,0.519637,0.003467,0.422915,0.414912,True
0.43445,3,0.617021,0.064399,0.522612,0.003467,0.422915,0.414912,True
0.43445,3,0.638298,0.050288,0.521273,0.003467,0.422915,0.414912,False
0.43445,3,0.659574,0.048006,0.527224,0.003467,0.422915,0.414912,False
0.43445,3,0.680851,0.049538,0.51086,0.003467,0.422915,0.414912,False
0.43445,3,0.702128,0.045605,0.491669,0.003467,0.422915,0.414912,False
0.43445,3,0.723404,0.045605,0.460577,0.003467,0.422915,0.414912,False
0.43445,3,0.744681,0.045334,0.447932,0.003467,0.422915,0.414912,False
0.43445,3,0.765957,0.050288,0.464296,0.003467,0.422915,0.414912,False
0.43445,3,0.787234,0.070974,0.477983,0.003467,0.422915,0.414912,True
0.43445,3,0.808511,0.070974,0.467272,0.003467,0.422915,0.414912,True
0.43445,3,0.829787,0.045334,0.448825,0.003467,0.422915,0.414912,False
0.43445,3,0.851064,0.045334,0.409104,0.003467,0.422915,0.414912,False
0.43445,3,0.87234,0.044134,0.372062,0.003467,0.422915,0.414912,False
0.43445,3,0.893617,0.044134,0.397947,0.003467,0.422915,0.414912,False
0.43445,3,0.914894,0.044134,0.41327,0.003467,0.422915,0.414912,False
0.43445,3,0.93617,0.044134,0.435585,0.003467,0.422915,0.414912,False
0.43445,3,0.957447,0.044134,0.436924,0.003467,0.422915,0.414912,False
0.43445,3,0.978723,0.044134,0.429485,0.003467,0.422915,0.414912,False
0.43445,3,1.0,0.045605,0.399137,0.003467,0.422915,0.414912,False
0.434494,4,0.0,0.043383,0.37474,0.003467,0.422915,0.414912,False
0.434494,4,0.021277,0.042032,0.310324,0.003467,0.422915,0.414912,False
0.434494,4,0.042553,0.043383,0.252306,0.003467,0.422915,0.414912,False
0.434494,4,0.06383,0.045605,0.21199,0.003467,0.422915,0.414912,False
0.434494,4,0.085106,0.045605,0.180899,0.003467,0.422915,0.414912,False
0.434494,4,0.106383,0.045605,0.162898,0.003467,0.422915,0.414912,False
0.434494,4,0.12766,0.045605,0.15427,0.003467,0.422915,0.414912,False
0.434494,4,0.148936,0.050288,0.153228,0.003467,0.422915,0.414912,False
0.434494,4,0.170213,0.052,0.177477,0.003467,0.422915,0.414912,False
0.434494,4,0.191489,0.055842,0.216751,0.003467,0.422915,0.414912,True
0.434494,4,0.212766,0.055842,0.293663,0.003467,0.422915,0.414912,True
0.434494,4,0.234043,0.055842,0.382178,0.003467,0.422915,0.414912,True
0.434494,4,0.255319,0.059715,0.390955,0.003467,0.422915,0.414912,True
0.434494,4,0.276596,0.048157,0.448676,0.003467,0.422915,0.414912,False
0.434494,4,0.297872,0.045334,0.468313,0.003467,0.422915,0.414912,False
0.434494,4,0.319149,0.045334,0.474264,0.003467,0.422915,0.414912,False
0.434494,4,0.340426,0.055842,0.523951,0.003467,0.422915,0.414912,True
0.434494,4,0.361702,0.055842,0.53853,0.003467,0.422915,0.414912,True
0.434494,4,0.382979,0.059715,0.533918,0.003467,0.422915,0.414912,True
0.434494,4,0.404255,0.063558,0.522166,0.003467,0.422915,0.414912,True
0.434494,4,0.425532,0.055842,0.517703,0.003467,0.422915,0.414912,True
0.434494,4,0.446809,0.055842,0.525141,0.003467,0.422915,0.414912,True
0.434494,4,0.468085,0.055842,0.528414,0.003467,0.422915,0.414912,True
0.434494,4,0.489362,0.055842,0.534067,0.003467,0.422915,0.414912,True
0.434494,4,0.510638,0.055842,0.541208,0.003467,0.422915,0.414912,True
0.434494,4,0.531915,0.059715,0.537935,0.003467,0.422915,0.414912,True
0.434494,4,0.553191,0.059715,0.533621,0.003467,0.422915,0.414912,True
0.434494,4,0.574468,0.059715,0.530051,0.003467,0.422915,0.414912,True
0.434494,4,0.595745,0.055842,0.518596,0.003467,0.422915,0.414912,True
0.434494,4,0.617021,0.055842,0.516364,0.003467,0.422915,0.414912,True
0.434494,4,0.638298,0.054672,0.516662,0.003467,0.422915,0.414912,True
0.434494,4,0.659574,0.054191,0.516215,0.003467,0.422915,0.414912,True
0.434494,4,0.680851,0.052,0.501041,0.003467,0.422915,0.414912,True
0.434494,4,0.702128,0.045334,0.487057,0.003467,0.422915,0.414912,False
0.434494,4,0.723404,0.045334,0.451056,0.003467,0.422915,0.414912,False
0.434494,4,0.744681,0.052,0.444064,0.003467,0.422915,0.414912,True
0.434494,4,0.765957,0.063558,0.454478,0.003467,0.422915,0.414912,True
0.434494,4,0.787234,0.059715,0.475751,0.003467,0.422915,0.414912,True
0.434494,4,0.808511,0.059715,0.466974,0.003467,0.422915,0.414912,True
0.434494,4,0.829787,0.048157,0.44213,0.003467,0.422915,0.414912,False
0.434494,4,0.851064,0.044704,0.406129,0.003467,0.422915,0.414912,False
0.434494,4,0.87234,0.044314,0.358078,0.003467,0.422915,0.414912,False
0.434494,4,0.893617,0.044224,0.381434,0.003467,0.422915,0.414912,False
0.434494,4,0.914894,0.044134,0.393633,0.003467,0.422915,0.414912,False
0.434494,4,0.93617,0.048667,0.418625,0.003467,0.422915,0.414912,False
0.434494,4,0.957447,0.044314,0.411931,0.003467,0.422915,0.414912,False
0.434494,4,0.978723,0.044314,0.395418,0.003467,0.422915,0.414912,False
0.434494,4,1.0,0.044314,0.368045,0.003467,0.422915,0.414912,False
0.434538,5,0.0,0.048157,0.33859,0.003467,0.422915,0.414912,False
0.434538,5,0.021277,0.043743,0.26391,0.003467,0.422915,0.414912,False
0.434538,5,0.042553,0.044314,0.20961,0.003467,0.422915,0.414912,False
0.434538,5,0.06383,0.044314,0.168105,0.003467,0.422915,0.414912,False
0.434538,5,0.085106,0.044314,0.130765,0.003467,0.422915,0.414912,False
0.434538,5,0.106383,0.040441,0.109491,0.003467,0.422915,0.414912,False
0.434538,5,0.12766,0.040441,0.095656,0.003467,0.422915,0.414912,False
0.434538,5,0.148936,0.044314,0.088962,0.003467,0.422915,0.414912,False
0.434538,5,0.170213,0.050288,0.091937,0.003467,0.422915,0.414912,False
0.434538,5,0.191489,0.050288,0.100268,0.003467,0.422915,0.414912,False
0.434538,5,0.212766,0.050288,0.120649,0.003467,0.422915,0.414912,False
0.434538,5,0.234043,0.044314,0.134037,0.003467,0.422915,0.414912,False
0.434538,5,0.255319,0.041792,0.13017,0.003467,0.422915,0.414912,False
0.434538,5,0.276596,0.040861,0.164237,0.003467,0.422915,0.414912,False
0.434538,5,0.297872,0.040861,0.205445,0.003467,0.422915,0.414912,False
0.434538,5,0.319149,0.044314,0.249331,0.003467,0.422915,0.414912,False
0.434538,5,0.340426,0.046175,0.293068,0.003467,0.422915,0.414912,False
0.434538,5,0.361702,0.047526,0.326093,0.003467,0.422915,0.414912,False
0.434538,5,0.382979,0.047526,0.320738,0.003467,0.422915,0.414912,False
0.434538,5,0.404255,0.045785,0.322969,0.003467,0.422915,0.414912,False
0.434538,5,0.425532,0.045785,0.321928,0.003467,0.422915,0.414912,False
0.434538,5,0.446809,0.045785,0.327581,0.003467,0.422915,0.414912,False
0.434538,5,0.468085,0.047526,0.329961,0.003467,0.422915,0.414912,False
0.434538,5,0.489362,0.045785,0.326837,0.003467,0.422915,0.414912,False
0.434538,5,0.510638,0.045785,0.313597,0.003467,0.422915,0.414912,False
0.434538,5,0.531915,0.045785,0.301547,0.003467,0.422915,0.414912,False
0.434538,5,0.553191,0.045605,0.294258,0.003467,0.422915,0.414912,False
0.434538,5,0.574468,0.045605,0.280571,0.003467,0.422915,0.414912,False
0.434538,5,0.595745,0.044314,0.278042,0.003467,0.422915,0.414912,False
0.434538,5,0.617021,0.045605,0.278042,0.003467,0.422915,0.414912,False
0.434538,5,0.638298,0.045605,0.275513,0.003467,0.422915,0.414912,False
0.434538,5,0.659574,0.044314,0.282654,0.003467,0.422915,0.414912,False
0.434538,5,0.680851,0.044314,0.2892,0.003467,0.422915,0.414912,False
0.434538,5,0.702128,0.041792,0.304671,0.003467,0.422915,0.414912,False
0.434538,5,0.723404,0.044314,0.307647,0.003467,0.422915,0.414912,False
0.434538,5,0.744681,0.044314,0.314639,0.003467,0.422915,0.414912,False
0.434538,5,0.765957,0.045785,0.335168,0.003467,0.422915,0.414912,False
0.434538,5,0.787234,0.045785,0.340077,0.003467,0.422915,0.414912,True
0.434538,5,0.808511,0.044314,0.320887,0.003467,0.422915,0.414912,False
0.434538,5,0.829787,0.045605,0.305564,0.003467,0.422915,0.414912,True
0.434538,5,0.851064,0.045785,0.278637,0.003467,0.422915,0.414912,True
0.434538,5,0.87234,0.045605,0.26019,0.003467,0.422915,0.414912,True
0.434538,5,0.893617,0.047526,0.286224,0.003467,0.422915,0.414912,True
0.434538,5,0.914894,0.047526,0.297977,0.003467,0.422915,0.414912,True
0.434538,5,0.93617,0.047526,0.321482,0.003467,0.422915,0.414912,True
0.434538,5,0.957447,0.047526,0.322969,0.003467,0.422915,0.414912,True
0.434538,5,0.978723,0.050288,0.321779,0.003467,0.422915,0.414912,True
0.434538,5,1.0,0.055002,0.2892,0.003467,0.422915,0.414912,True
0.434583,6,0.0,0.045785,0.272835,0.003467,0.422915,0.414912,True
0.434583,6,0.021277,0.044314,0.212139,0.003467,0.422915,0.414912,False
0.434583,6,0.042553,0.044314,0.166468,0.003467,0.422915,0.414912,False
0.434583,6,0.06383,0.044314,0.130765,0.003467,0.422915,0.414912,False
0.434583,6,0.085106,0.041792,0.100119,0.003467,0.422915,0.414912,False
0.434583,6,0.106383,0.04011,0.087325,0.003467,0.422915,0.414912,False
0.434583,6,0.12766,0.04011,0.072895,0.003467,0.422915,0.414912,False
0.434583,6,0.148936,0.040861,0.070366,0.003467,0.422915,0.414912,False
0.434583,6,0.170213,0.044314,0.080631,0.003467,0.422915,0.414912,False
0.434583,6,0.191489,0.044314,0.095359,0.003467,0.422915,0.414912,False
0.434583,6,0.212766,0.044314,0.118566,0.003467,0.422915,0.414912,False
0.434583,6,0.234043,0.044314,0.142517,0.003467,0.422915,0.414912,False
0.434583,6,0.255319,0.049117,0.166766,0.003467,0.422915,0.414912,True
0.434583,6,0.276596,0.047526,0.215561,0.003467,0.422915,0.414912,True
0.434583,6,0.297872,0.051879,0.271348,0.003467,0.422915,0.414912,True
0.434583,6,0.319149,0.051669,0.326093,0.003467,0.422915,0.414912,True
0.434583,6,0.340426,0.049297,0.368492,0.003467,0.422915,0.414912,True
0.434583,6,0.361702,0.050318,0.386195,0.003467,0.422915,0.414912,True
0.434583,6,0.382979,0.049297,0.373996,0.003467,0.422915,0.414912,True
0.434583,6,0.404255,0.048187,0.361202,0.003467,0.422915,0.414912,True
0.434583,6,0.425532,0.047526,0.352722,0.003467,0.422915,0.414912,True
0.434583,6,0.446809,0.047526,0.33859,0.003467,0.422915,0.414912,True
0.434583,6,0.468085,0.047526,0.329664,0.003467,0.422915,0.414912,True
0.434583,6,0.489362,0.045785,0.322226,0.003467,0.422915,0.414912,False
0.434583,6,0.510638,0.045785,0.310027,0.003467,0.422915,0.414912,False
0.434583,6,0.531915,0.045785,0.303035,0.003467,0.422915,0.414912,False
0.434583,6,0.553191,0.047526,0.287266,0.003467,0.422915,0.414912,True
0.434583,6,0.574468,0.045785,0.280422,0.003467,0.422915,0.414912,False
0.434583,6,0.595745,0.045785,0.278637,0.003467,0.422915,0.414912,False
0.434583,6,0.617021,0.047526,0.281315,0.003467,0.422915,0.414912,True
0.434583,6,0.638298,0.047526,0.283993,0.003467,0.422915,0.414912,True
0.434583,6,0.659574,0.047526,0.293216,0.003467,0.422915,0.414912,True
0.434583,6,0.680851,0.047526,0.297233,0.003467,0.422915,0.414912,True
0.434583,6,0.702128,0.047526,0.314639,0.003467,0.422915,0.414912,True
0.434583,6,0.723404,0.045785,0.314787,0.003467,0.422915,0.414912,False
0.434583,6,0.744681,0.047526,0.328176,0.003467,0.422915,0.414912,True
0.434583,6,0.765957,0.047526,0.349598,0.003467,0.422915,0.414912,True
0.434583,6,0.787234,0.047526,0.345284,0.003467,0.422915,0.414912,True
0.434583,6,0.808511,0.045785,0.324011,0.003467,0.422915,0.414912,False
0.434583,6,0.829787,0.047526,0.309878,0.003467,0.422915,0.414912,True
0.434583,6,0.851064,0.047526,0.281166,0.003467,0.422915,0.414912,True
0.434583,6,0.87234,0.045785,0.257959,0.003467,0.422915,0.414912,False
0.434583,6,0.893617,0.047526,0.270753,0.003467,0.422915,0.414912,True
0.434583,6,0.914894,0.045785,0.278042,0.003467,0.422915,0.414912,False
0.434583,6,0.93617,0.047526,0.291877,0.003467,0.422915,0.414912,True
0.434583,6,0.957447,0.049117,0.272538,0.003467,0.422915,0.414912,True
0.434583,6,0.978723,0.047526,0.260785,0.003467,0.422915,0.414912,True
0.434583,6,1.0,0.047526,0.232966,0.003467,0.422915,0.414912,True
0.434627,7,0.0,0.045785,0.21571,0.003467,0.422915,0.414912,False
0.434627,7,0.021277,0.045785,0.171229,0.003467,0.422915,0.414912,False
0.434627,7,0.042553,0.046716,0.118863,0.003467,0.422915,0.414912,True
0.434627,7,0.06383,0.042212,0.118863,0.003467,0.422915,0.414912,False
0.434627,7,0.085106,0.046716,0.073788,0.003467,0.422915,0.414912,True
0.434627,7,0.106383,0.042212,0.073788,0.003467,0.422915,0.414912,False
0.434627,7,0.12766,0.044314,0.061589,0.003467,0.422915,0.414912,False
0.434627,7,0.148936,0.049117,0.057126,0.003467,0.422915,0.414912,True
0.434627,7,0.170213,0.049117,0.054746,0.003467,0.422915,0.414912,True
0.434627,7,0.191489,0.051879,0.036894,0.003467,0.422915,0.414912,True
0.434627,7,0.212766,0.050859,0.054299,0.003467,0.422915,0.414912,True
0.434627,7,0.234043,0.048097,0.077953,0.003467,0.422915,0.414912,True
0.434627,7,0.255319,0.064309,0.098631,0.003467,0.422915,0.414912,True
0.434627,7,0.276596,0.061697,0.131806,0.003467,0.422915,0.414912,True
0.434627,7,0.297872,0.061967,0.166022,0.003467,0.422915,0.414912,True
0.434627,7,0.319149,0.061967,0.208123,0.003467,0.422915,0.414912,True
0.434627,7,0.340426,0.061967,0.247248,0.003467,0.422915,0.414912,True
0.434627,7,0.361702,0.053621,0.278786,0.003467,0.422915,0.414912,True
0.434627,7,0.382979,0.051549,0.310324,0.003467,0.422915,0.414912,True
0.434627,7,0.404255,0.050859,0.316275,0.003467,0.422915,0.414912,True
0.434627,7,0.425532,0.047526,0.300506,0.003467,0.422915,0.414912,False
0.434627,7,0.446809,0.045785,0.285034,0.003467,0.422915,0.414912,False
0.434627,7,0.468085,0.045785,0.282208,0.003467,0.422915,0.414912,False
0.434627,7,0.489362,0.045785,0.281761,0.003467,0.422915,0.414912,False
0.434627,7,0.510638,0.045785,0.272984,0.003467,0.422915,0.414912,False
0.434627,7,0.531915,0.045785,0.253198,0.003467,0.422915,0.414912,False
0.434627,7,0.553191,0.044314,0.232669,0.003467,0.422915,0.414912,False
0.434627,7,0.574468,0.045785,0.225826,0.003467,0.422915,0.414912,False
0.434627,7,0.595745,0.045785,0.216156,0.003467,0.422915,0.414912,False
0.434627,7,0.617021,0.044314,0.214966,0.003467,0.422915,0.414912,False
0.434627,7,0.638298,0.044314,0.212288,0.003467,0.422915,0.414912,False
0.434627,7,0.659574,0.044314,0.210205,0.003467,0.422915,0.414912,False
0.434627,7,0.680851,0.044314,0.217644,0.003467,0.422915,0.414912,False
0.434627,7,0.702128,0.044314,0.236537,0.003467,0.422915,0.414912,False
0.434627,7,0.723404,0.045785,0.231479,0.003467,0.422915,0.414912,False
0.434627,7,0.744681,0.044314,0.271199,0.003467,0.422915,0.414912,False
0.434627,7,0.765957,0.053621,0.322821,0.003467,0.422915,0.414912,True
0.434627,7,0.787234,0.048097,0.334573,0.003467,0.422915,0.414912,False
0.434627,7,0.808511,0.049297,0.309878,0.003467,0.422915,0.414912,True
0.434627,7,0.829787,0.047526,0.281464,0.003467,0.422915,0.414912,False
0.434627,7,0.851064,0.045785,0.266885,0.003467,0.422915,0.414912,False
0.434627,7,0.87234,0.047526,0.250967,0.003467,0.422915,0.414912,False
0.434627,7,0.893617,0.053621,0.228801,0.003467,0.422915,0.414912,True
0.434627,7,0.914894,0.045785,0.2108,0.003467,0.422915,0.414912,False
0.434627,7,0.93617,0.045785,0.244421,0.003467,0.422915,0.414912,False
0.434627,7,0.957447,0.048097,0.239066,0.003467,0.422915,0.414912,False
0.434627,7,0.978723,0.045785,0.250372,0.003467,0.422915,0.414912,False
0.434627,7,1.0,0.045785,0.233561,0.003467,0.422915,0.414912,False
0.434671,1,0.0,0.045785,0.210503,0.003467,0.422915,0.414912,False
0.434671,1,0.021277,0.044314,0.166468,0.003467,0.422915,0.414912,False
0.434671,1,0.042553,0.044314,0.14936,0.003467,0.422915,0.414912,False
0.434671,1,0.06383,0.044314,0.113508,0.003467,0.422915,0.414912,False
0.434671,1,0.085106,0.044314,0.083904,0.003467,0.422915,0.414912,False
0.434671,1,0.106383,0.053621,0.061886,0.003467,0.422915,0.414912,True
0.434671,1,0.12766,0.050859,0.052068,0.003467,0.422915,0.414912,True
0.434671,1,0.148936,0.053621,0.040613,0.003467,0.422915,0.414912,True
0.434671,1,0.170213,0.051129,0.036299,0.003467,0.422915,0.414912,True
0.434671,1,0.191489,0.048367,0.038976,0.003467,0.422915,0.414912,False
0.434671,1,0.212766,0.053921,0.053555,0.003467,0.422915,0.414912,True
0.434671,1,0.234043,0.048367,0.070961,0.003467,0.422915,0.414912,False
0.434671,1,0.255319,0.051129,0.094466,0.003467,0.422915,0.414912,True
0.434671,1,0.276596,0.051129,0.126748,0.003467,0.422915,0.414912,True
0.434671,1,0.297872,0.048367,0.144154,0.003467,0.422915,0.414912,False
0.434671,1,0.319149,0.053921,0.187444,0.003467,0.422915,0.414912,True
0.434671,1,0.340426,0.053921,0.234603,0.003467,0.422915,0.414912,True
0.434671,1,0.361702,0.048367,0.272389,0.003467,0.422915,0.414912,True
0.434671,1,0.382979,0.047526,0.314192,0.003467,0.422915,0.414912,False
0.434671,1,0.404255,0.048367,0.330854,0.003467,0.422915,0.414912,True
0.434671,1,0.425532,0.051129,0.335466,0.003467,0.422915,0.414912,True
0.434671,1,0.446809,0.051129,0.32163,0.003467,0.422915,0.414912,True
0.434671,1,0.468085,0.048367,0.312705,0.003467,0.422915,0.414912,True
0.434671,1,0.489362,0.051129,0.304374,0.003467,0.422915,0.414912,True
0.434671,1,0.510638,0.059475,0.299911,0.003467,0.422915,0.414912,True
0.434671,1,0.531915,0.053921,0.287117,0.003467,0.422915,0.414912,True
0.434671,1,0.553191,0.053921,0.270158,0.003467,0.422915,0.414912,True
0.434671,1,0.574468,0.045785,0.253347,0.003467,0.422915,0.414912,False
0.434671,1,0.595745,0.048367,0.253198,0.003467,0.422915,0.414912,False
0.434671,1,0.617021,0.048367,0.247099,0.003467,0.422915,0.414912,False
0.434671,1,0.638298,0.045785,0.247545,0.003467,0.422915,0.414912,False
0.434671,1,0.659574,0.045785,0.261976,0.003467,0.422915,0.414912,False
0.434671,1,0.680851,0.045785,0.268521,0.003467,0.422915,0.414912,False
0.434671,1,0.702128,0.044314,0.290687,0.003467,0.422915,0.414912,False
0.434671,1,0.723404,0.045785,0.330259,0.003467,0.422915,0.414912,False
0.434671,1,0.744681,0.053921,0.379054,0.003467,0.422915,0.414912,True
0.434671,1,0.765957,0.056683,0.411038,0.003467,0.422915,0.414912,True
0.434671,1,0.787234,0.053921,0.400327,0.003467,0.422915,0.414912,True
0.434671,1,0.808511,0.051129,0.367301,0.003467,0.422915,0.414912,True
0.434671,1,0.829787,0.053921,0.330854,0.003467,0.422915,0.414912,True
0.434671,1,0.851064,0.053921,0.314639,0.003467,0.422915,0.414912,True
0.434671,1,0.87234,0.051129,0.286076,0.003467,0.422915,0.414912,True
0.434671,1,0.893617,0.065029,0.267777,0.003467,0.422915,0.414912,True
0.434671,1,0.914894,0.053921,0.254091,0.003467,0.422915,0.414912,True
0.434671,1,0.93617,0.053921,0.282059,0.003467,0.422915,0.414912,True
0.434671,1,0.957447,0.053921,0.291134,0.003467,0.422915,0.414912,True
0.434671,1,0.978723,0.051129,0.302291,0.003467,0.422915,0.414912,True
0.434671,1,1.0,0.051129,0.298423,0.003467,0.422915,0.414912,True
0.437768,2,0.0,0.048367,0.282952,0.003467,0.422915,0.414912,False
0.437768,2,0.021277,0.047526,0.249926,0.003467,0.422915,0.414912,False
0.437768,2,0.042553,0.047526,0.235198,0.003467,0.422915,0.414912,False
0.437768,2,0.06383,0.048367,0.185213,0.003467,0.422915,0.414912,False
0.437768,2,0.085106,0.045785,0.146831,0.003467,0.422915,0.414912,False
0.437768,2,0.106383,0.044314,0.117078,0.003467,0.422915,0.414912,False
0.437768,2,0.12766,0.044314,0.095656,0.003467,0.422915,0.414912,False
0.437768,2,0.148936,0.044314,0.085986,0.003467,0.422915,0.414912,False
0.437768,2,0.170213,0.033355,0.084647,0.003467,0.422915,0.414912,False
0.437768,2,0.191489,0.03933,0.093276,0.003467,0.422915,0.414912,False
0.437768,2,0.212766,0.03933,0.126004,0.003467,0.422915,0.414912,False
0.437768,2,0.234043,0.038069,0.164386,0.003467,0.422915,0.414912,False
0.437768,2,0.255319,0.03933,0.231032,0.003467,0.422915,0.414912,False
0.437768,2,0.276596,0.03954,0.294258,0.003467,0.422915,0.414912,False
0.437768,2,0.297872,0.03963,0.30601,0.003467,0.422915,0.414912,False
0.437768,2,0.319149,0.042752,0.358673,0.003467,0.422915,0.414912,False
0.437768,2,0.340426,0.047466,0.396757,0.003467,0.422915,0.414912,False
0.437768,2,0.361702,0.05218,0.425766,0.003467,0.422915,0.414912,True
0.437768,2,0.382979,0.053681,0.459833,0.003467,0.422915,0.414912,True
0.437768,2,0.404255,0.062958,0.466528,0.003467,0.422915,0.414912,True
0.437768,2,0.425532,0.046685,0.458048,0.003467,0.422915,0.414912,False
0.437768,2,0.446809,0.047466,0.451056,0.003467,0.422915,0.414912,False
0.437768,2,0.468085,0.044134,0.443618,0.003467,0.422915,0.414912,False
0.437768,2,0.489362,0.044134,0.444213,0.003467,0.422915,0.414912,False
0.437768,2,0.510638,0.045334,0.437816,0.003467,0.422915,0.414912,False
0.437768,2,0.531915,0.045334,0.438114,0.003467,0.422915,0.414912,False
0.437768,2,0.553191,0.044134,0.438114,0.003467,0.422915,0.414912,False
0.437768,2,0.574468,0.044134,0.432163,0.003467,0.422915,0.414912,False
0.437768,2,0.595745,0.044134,0.425915,0.003467,0.422915,0.414912,False
0.437768,2,0.617021,0.044134,0.425469,0.003467,0.422915,0.414912,False
0.437768,2,0.638298,0.044134,0.425469,0.003467,0.422915,0.414912,False
0.437768,2,0.659574,0.044134,0.429634,0.003467,0.422915,0.414912,False
0.437768,2,0.680851,0.044134,0.429485,0.003467,0.422915,0.414912,False
0.437768,2,0.702128,0.044134,0.433353,0.003467,0.422915,0.414912,False
0.437768,2,0.723404,0.044134,0.433651,0.003467,0.422915,0.414912,False
0.437768,2,0.744681,0.05218,0.452246,0.003467,0.422915,0.414912,True
0.437768,2,0.765957,0.077759,0.49152,0.003467,0.422915,0.414912,True
0.437768,2,0.787234,0.068182,0.479619,0.003467,0.422915,0.414912,True
0.437768,2,0.808511,0.047466,0.439601,0.003467,0.422915,0.414912,False
0.437768,2,0.829787,0.044134,0.410295,0.003467,0.422915,0.414912,False
0.437768,2,0.851064,0.044134,0.391253,0.003467,0.422915,0.414912,False
0.437768,2,0.87234,0.044134,0.358673,0.003467,0.422915,0.414912,False
0.437768,2,0.893617,0.05218,0.332342,0.003467,0.422915,0.414912,True
0.437768,2,0.914894,0.043383,0.32163,0.003467,0.422915,0.414912,False
0.437768,2,0.93617,0.043383,0.363582,0.003467,0.422915,0.414912,False
0.437768,2,0.957447,0.043383,0.383071,0.003467,0.422915,0.414912,False
0.437768,2,0.978723,0.043383,0.397798,0.003467,0.422915,0.414912,False
0.437768,2,1.0,0.044134,0.401815,0.003467,0.422915,0.414912,False
0.437812,3,0.0,0.044134,0.390955,0.003467,0.422915,0.414912,False
0.437812,3,0.021277,0.044134,0.364326,0.003467,0.422915,0.414912,False
0.437812,3,0.042553,0.061577,0.338738,0.003467,0.422915,0.414912,True
0.437812,3,0.06383,0.056893,0.279976,0.003467,0.422915,0.414912,True
0.437812,3,0.085106,0.05218,0.224487,0.003467,0.422915,0.414912,True
0.437812,3,0.106383,0.042752,0.18194,0.003467,0.422915,0.414912,False
0.437812,3,0.12766,0.047466,0.157245,0.003467,0.422915,0.414912,True
0.437812,3,0.148936,0.047466,0.13731,0.003467,0.422915,0.414912,True
0.437812,3,0.170213,0.048427,0.13374,0.003467,0.422915,0.414912,True
0.437812,3,0.191489,0.048427,0.135079,0.003467,0.422915,0.414912,True
0.437812,3,0.212766,0.048817,0.16632,0.003467,0.422915,0.414912,True
0.437812,3,0.234043,0.048817,0.209908,0.003467,0.422915,0.414912,True
0.437812,3,0.255319,0.048427,0.287117,0.003467,0.422915,0.414912,True
0.437812,3,0.276596,0.048427,0.353466,0.003467,0.422915,0.414912,True
0.437812,3,0.297872,0.048427,0.354805,0.003467,0.422915,0.414912,True
0.437812,3,0.319149,0.048427,0.40479,0.003467,0.422915,0.414912,True
0.437812,3,0.340426,0.059535,0.438262,0.003467,0.422915,0.414912,True
0.437812,3,0.361702,0.050739,0.45909,0.003467,0.422915,0.414912,True
0.437812,3,0.382979,0.070614,0.502231,0.003467,0.422915,0.414912,True
0.437812,3,0.404255,0.07842,0.518298,0.003467,0.422915,0.414912,True
0.437812,3,0.425532,0.07842,0.509819,0.003467,0.422915,0.414912,True
0.437812,3,0.446809,0.059535,0.503422,0.003467,0.422915,0.414912,True
0.437812,3,0.468085,0.059535,0.492115,0.003467,0.422915,0.414912,True
0.437812,3,0.489362,0.059535,0.489735,0.003467,0.422915,0.414912,True
0.437812,3,0.510638,0.065089,0.479173,0.003467,0.422915,0.414912,True
0.437812,3,0.531915,0.059535,0.483338,0.003467,0.422915,0.414912,True
0.437812,3,0.553191,0.059535,0.48676,0.003467,0.422915,0.414912,True
0.437812,3,0.574468,0.065089,0.484975,0.003467,0.422915,0.414912,True
0.437812,3,0.595745,0.059535,0.483041,0.003467,0.422915,0.414912,True
0.437812,3,0.617021,0.053951,0.477536,0.003467,0.422915,0.414912,True
0.437812,3,0.638298,0.061517,0.479619,0.003467,0.422915,0.414912,True
0.437812,3,0.659574,0.059535,0.476198,0.003467,0.422915,0.414912,True
0.437812,3,0.680851,0.053951,0.479024,0.003467,0.422915,0.414912,True
0.437812,3,0.702128,0.050739,0.481404,0.003467,0.422915,0.414912,False
0.437812,3,0.723404,0.053951,0.473966,0.003467,0.422915,0.414912,True
0.437812,3,0.744681,0.070614,0.483636,0.003467,0.422915,0.414912,True
0.437812,3,0.765957,0.089198,0.513984,0.003467,0.422915,0.414912,True
0.437812,3,0.787234,0.089108,0.511901,0.003467,0.422915,0.414912,True
0.437812,3,0.808511,0.054912,0.462957,0.003467,0.422915,0.414912,False
0.437812,3,0.829787,0.054912,0.418477,0.003467,0.422915,0.414912,False
0.437812,3,0.851064,0.048427,0.398988,0.003467,0.422915,0.414912,False
0.437812,3,0.87234,0.046535,0.375335,0.003467,0.422915,0.414912,False
0.437812,3,0.893617,0.059535,0.341863,0.003467,0.422915,0.414912,True
0.437812,3,0.914894,0.043383,0.317316,0.003467,0.422915,0.414912,False
0.437812,3,0.93617,0.044134,0.366409,0.003467,0.422915,0.414912,False
0.437812,3,0.957447,0.044134,0.388575,0.003467,0.422915,0.414912,False
0.437812,3,0.978723,0.043383,0.403005,0.003467,0.422915,0.414912,False
0.437812,3,1.0,0.048817,0.40479,0.003467,0.422915,0.414912,False
0.437857,4,0.0,0.043803,0.387831,0.003467,0.422915,0.414912,False
0.437857,4,0.021277,0.044134,0.354359,0.003467,0.422915,0.414912,False
0.437857,4,0.042553,0.043383,0.324308,0.003467,0.422915,0.414912,False
0.437857,4,0.06383,0.053951,0.26867,0.003467,0.422915,0.414912,False
0.437857,4,0.085106,0.043383,0.2169,0.003467,0.422915,0.414912,False
0.437857,4,0.106383,0.043383,0.182237,0.003467,0.422915,0.414912,False
0.437857,4,0.12766,0.042843,0.147873,0.003467,0.422915,0.414912,False
0.437857,4,0.148936,0.042843,0.133889,0.003467,0.422915,0.414912,False
0.437857,4,0.170213,0.045935,0.123773,0.003467,0.422915,0.414912,False
0.437857,4,0.191489,0.045935,0.125409,0.003467,0.422915,0.414912,False
0.437857,4,0.212766,0.050859,0.147724,0.003467,0.422915,0.414912,False
0.437857,4,0.234043,0.045935,0.187444,0.003467,0.422915,0.414912,False
0.437857,4,0.255319,0.043383,0.259744,0.003467,0.422915,0.414912,False
0.437857,4,0.276596,0.051399,0.326986,0.003467,0.422915,0.414912,False
0.437857,4,0.297872,0.045935,0.329664,0.003467,0.422915,0.414912,False
0.437857,4,0.319149,0.045334,0.383963,0.003467,0.422915,0.414912,False
0.437857,4,0.340426,0.0656,0.422345,0.003467,0.422915,0.414912,True
0.437857,4,0.361702,0.050859,0.44942,0.003467,0.422915,0.414912,False
0.437857,4,0.382979,0.049448,0.497917,0.003467,0.422915,0.414912,False
0.437857,4,0.404255,0.0656,0.516215,0.003467,0.422915,0.414912,True
0.437857,4,0.425532,0.060676,0.504017,0.003467,0.422915,0.414912,True
0.437857,4,0.446809,0.055782,0.501488,0.003467,0.422915,0.414912,True
0.437857,4,0.468085,0.054041,0.500595,0.003467,0.422915,0.414912,True
0.437857,4,0.489362,0.060676,0.501934,0.003467,0.422915,0.414912,True
0.437857,4,0.510638,0.060676,0.498364,0.003467,0.422915,0.414912,True
0.437857,4,0.531915,0.05254,0.49643,0.003467,0.422915,0.414912,False
0.437857,4,0.553191,0.060676,0.502678,0.003467,0.422915,0.414912,True
0.437857,4,0.574468,0.050859,0.500149,0.003467,0.422915,0.414912,False
0.437857,4,0.595745,0.055782,0.492859,0.003467,0.422915,0.414912,True
0.437857,4,0.617021,0.055782,0.485421,0.003467,0.422915,0.414912,True
0.437857,4,0.638298,0.060676,0.481553,0.003467,0.422915,0.414912,True
0.437857,4,0.659574,0.050859,0.480809,0.003467,0.422915,0.414912,False
0.437857,4,0.680851,0.050859,0.475602,0.003467,0.422915,0.414912,False
0.437857,4,0.702128,0.045334,0.470842,0.003467,0.422915,0.414912,False
0.437857,4,0.723404,0.045935,0.465189,0.003467,0.422915,0.414912,False
0.437857,4,0.744681,0.055782,0.488248,0.003467,0.422915,0.414912,True
0.437857,4,0.765957,0.083914,0.519786,0.003467,0.422915,0.414912,True
0.437857,4,0.787234,0.070524,0.51681,0.003467,0.422915,0.414912,True
0.437857,4,0.808511,0.0656,0.478875,0.003467,0.422915,0.414912,True
0.437857,4,0.829787,0.045935,0.452098,0.003467,0.422915,0.414912,False
0.437857,4,0.851064,0.055782,0.424874,0.003467,0.422915,0.414912,True
0.437857,4,0.87234,0.048817,0.402856,0.003467,0.422915,0.414912,False
0.437857,4,0.893617,0.077429,0.3615,0.003467,0.422915,0.414912,True
0.437857,4,0.914894,0.050859,0.336061,0.003467,0.422915,0.414912,False
0.437857,4,0.93617,0.048817,0.394079,0.003467,0.422915,0.414912,False
0.437857,4,0.957447,0.045935,0.417287,0.003467,0.422915,0.414912,False
0.437857,4,0.978723,0.045935,0.425915,0.003467,0.422915,0.414912,False
0.437857,4,1.0,0.048817,0.413567,0.003467,0.422915,0.414912,False
0.437901,5,0.0,0.044134,0.397798,0.003467,0.422915,0.414912,False
0.437901,5,0.021277,0.044134,0.367748,0.003467,0.422915,0.414912,False
0.437901,5,0.042553,0.045935,0.333978,0.003467,0.422915,0.414912,False
0.437901,5,0.06383,0.042032,0.279381,0.003467,0.422915,0.414912,False
0.437901,5,0.085106,0.042032,0.230586,0.003467,0.422915,0.414912,False
0.437901,5,0.106383,0.041011,0.185957,0.003467,0.422915,0.414912,False
0.437901,5,0.12766,0.036117,0.160369,0.003467,0.422915,0.414912,False
0.437901,5,0.148936,0.036117,0.140881,0.003467,0.422915,0.414912,False
0.437901,5,0.170213,0.042032,0.13493,0.003467,0.422915,0.414912,False
0.437901,5,0.191489,0.044734,0.138352,0.003467,0.422915,0.414912,False
0.437901,5,0.212766,0.045094,0.16751,0.003467,0.422915,0.414912,False
0.437901,5,0.234043,0.046505,0.203213,0.003467,0.422915,0.414912,False
0.437901,5,0.255319,0.049027,0.276852,0.003467,0.422915,0.414912,False
0.437901,5,0.276596,0.054732,0.339185,0.003467,0.422915,0.414912,True
0.437901,5,0.297872,0.057554,0.345284,0.003467,0.422915,0.414912,True
0.437901,5,0.319149,0.05326,0.402112,0.003467,0.422915,0.414912,True
0.437901,5,0.340426,0.081062,0.44094,0.003467,0.422915,0.414912,True
0.437901,5,0.361702,0.06611,0.463404,0.003467,0.422915,0.414912,True
0.437901,5,0.382979,0.061817,0.514133,0.003467,0.422915,0.414912,True
0.437901,5,0.404255,0.081062,0.528117,0.003467,0.422915,0.414912,True
0.437901,5,0.425532,0.061817,0.523505,0.003467,0.422915,0.414912,True
0.437901,5,0.446809,0.061817,0.513984,0.003467,0.422915,0.414912,True
0.437901,5,0.468085,0.061817,0.513835,0.003467,0.422915,0.414912,True
0.437901,5,0.489362,0.061817,0.501934,0.003467,0.422915,0.414912,True
0.437901,5,0.510638,0.061817,0.501934,0.003467,0.422915,0.414912,True
0.437901,5,0.531915,0.081062,0.509075,0.003467,0.422915,0.414912,True
0.437901,5,0.553191,0.072085,0.504017,0.003467,0.422915,0.414912,True
0.437901,5,0.574468,0.056743,0.501636,0.003467,0.422915,0.414912,True
0.437901,5,0.595745,0.077609,0.492562,0.003467,0.422915,0.414912,True
0.437901,5,0.617021,0.057554,0.48795,0.003467,0.422915,0.414912,True
0.437901,5,0.638298,0.057554,0.48438,0.003467,0.422915,0.414912,True
0.437901,5,0.659574,0.061817,0.483338,0.003467,0.422915,0.414912,True
0.437901,5,0.680851,0.06611,0.473073,0.003467,0.422915,0.414912,True
0.437901,5,0.702128,0.061817,0.472627,0.003467,0.422915,0.414912,True
0.437901,5,0.723404,0.05326,0.458197,0.003467,0.422915,0.414912,False
0.437901,5,0.744681,0.06611,0.46266,0.003467,0.422915,0.414912,True
0.437901,5,0.765957,0.089678,0.48795,0.003467,0.422915,0.414912,True
0.437901,5,0.787234,0.061817,0.476793,0.003467,0.422915,0.414912,True
0.437901,5,0.808511,0.057554,0.436924,0.003467,0.422915,0.414912,True
0.437901,5,0.829787,0.05326,0.402559,0.003467,0.422915,0.414912,False
0.437901,5,0.851064,0.049027,0.363285,0.003467,0.422915,0.414912,False
0.437901,5,0.87234,0.047256,0.345135,0.003467,0.422915,0.414912,False
0.437901,5,0.893617,0.05326,0.320143,0.003467,0.422915,0.414912,False
0.437901,5,0.914894,0.046836,0.306308,0.003467,0.422915,0.414912,False
0.437901,5,0.93617,0.051849,0.36745,0.003467,0.422915,0.414912,False
0.437901,5,0.957447,0.05326,0.39393,0.003467,0.422915,0.414912,False
0.437901,5,0.978723,0.05326,0.415799,0.003467,0.422915,0.414912,False
0.437901,5,1.0,0.051849,0.406724,0.003467,0.422915,0.414912,False
0.437945,6,0.0,0.05326,0.386641,0.003467,0.422915,0.414912,False
0.437945,6,0.021277,0.057554,0.355549,0.003467,0.422915,0.414912,True
0.437945,6,0.042553,0.049027,0.319399,0.003467,0.422915,0.414912,False
0.437945,6,0.06383,0.048817,0.262868,0.003467,0.422915,0.414912,False
0.437945,6,0.085106,0.046505,0.198899,0.003467,0.422915,0.414912,False
0.437945,6,0.106383,0.046836,0.164534,0.003467,0.422915,0.414912,False
0.437945,6,0.12766,0.046806,0.134335,0.003467,0.422915,0.414912,False
0.437945,6,0.148936,0.044734,0.111276,0.003467,0.422915,0.414912,False
0.437945,6,0.170213,0.049868,0.102053,0.003467,0.422915,0.414912,False
0.437945,6,0.191489,0.054551,0.097888,0.003467,0.422915,0.414912,False
0.437945,6,0.212766,0.046806,0.10488,0.003467,0.422915,0.414912,False
0.437945,6,0.234043,0.0662,0.122136,0.003467,0.422915,0.414912,True
0.437945,6,0.255319,0.071514,0.146385,0.003467,0.422915,0.414912,True
0.437945,6,0.276596,0.049868,0.177031,0.003467,0.422915,0.414912,False
0.437945,6,0.297872,0.049868,0.222255,0.003467,0.422915,0.414912,False
0.437945,6,0.319149,0.046836,0.278935,0.003467,0.422915,0.414912,False
0.437945,6,0.340426,0.048337,0.330408,0.003467,0.422915,0.414912,False
0.437945,6,0.361702,0.048337,0.371616,0.003467,0.422915,0.414912,False
0.437945,6,0.382979,0.048337,0.408509,0.003467,0.422915,0.414912,False
0.437945,6,0.404255,0.049868,0.422196,0.003467,0.422915,0.414912,False
0.437945,6,0.425532,0.049898,0.40241,0.003467,0.422915,0.414912,False
0.437945,6,0.446809,0.049868,0.389765,0.003467,0.422915,0.414912,False
0.437945,6,0.468085,0.049868,0.375186,0.003467,0.422915,0.414912,False
0.437945,6,0.489362,0.054551,0.36626,0.003467,0.422915,0.414912,False
0.437945,6,0.510638,0.059265,0.35778,0.003467,0.422915,0.414912,True
0.437945,6,0.531915,0.054551,0.345582,0.003467,0.422915,0.414912,False
0.437945,6,0.553191,0.049868,0.336656,0.003467,0.422915,0.414912,False
0.437945,6,0.574468,0.054551,0.323862,0.003467,0.422915,0.414912,False
0.437945,6,0.595745,0.070163,0.312258,0.003467,0.422915,0.414912,True
0.437945,6,0.617021,0.054551,0.304225,0.003467,0.422915,0.414912,True
0.437945,6,0.638298,0.059265,0.298721,0.003467,0.422915,0.414912,True
0.437945,6,0.659574,0.059265,0.299018,0.003467,0.422915,0.414912,True
0.437945,6,0.680851,0.049868,0.301993,0.003467,0.422915,0.414912,False
0.437945,6,0.702128,0.048337,0.309729,0.003467,0.422915,0.414912,False
0.437945,6,0.723404,0.046836,0.310324,0.003467,0.422915,0.414912,False
0.437945,6,0.744681,0.046445,0.355846,0.003467,0.422915,0.414912,False
0.437945,6,0.765957,0.048337,0.419667,0.003467,0.422915,0.414912,False
0.437945,6,0.787234,0.048337,0.414162,0.003467,0.422915,0.414912,False
0.437945,6,0.808511,0.046836,0.379351,0.003467,0.422915,0.414912,False
0.437945,6,0.829787,0.048337,0.340821,0.003467,0.422915,0.414912,False
0.437945,6,0.851064,0.046806,0.320143,0.003467,0.422915,0.414912,False
0.437945,6,0.87234,0.048337,0.301845,0.003467,0.422915,0.414912,False
0.437945,6,0.893617,0.049868,0.275067,0.003467,0.422915,0.414912,False
0.437945,6,0.914894,0.046836,0.255579,0.003467,0.422915,0.414912,False
0.437945,6,0.93617,0.048337,0.286819,0.003467,0.422915,0.414912,False
0.437945,6,0.957447,0.044884,0.300506,0.003467,0.422915,0.414912,False
0.437945,6,0.978723,0.046445,0.311068,0.003467,0.422915,0.414912,False
0.437945,6,1.0,0.046445,0.292324,0.003467,0.422915,0.414912,False
0.437989,7,0.0,0.046445,0.261827,0.003467,0.422915,0.414912,False
0.437989,7,0.021277,0.045304,0.219131,0.003467,0.422915,0.414912,False
0.437989,7,0.042553,0.044884,0.196816,0.003467,0.422915,0.414912,False
0.437989,7,0.06383,0.045154,0.160071,0.003467,0.422915,0.414912,False
0.437989,7,0.085106,0.044434,0.124517,0.003467,0.422915,0.414912,False
0.437989,7,0.106383,0.044254,0.095805,0.003467,0.422915,0.414912,False
0.437989,7,0.12766,0.042182,0.077953,0.003467,0.422915,0.414912,False
0.437989,7,0.148936,0.042182,0.06144,0.003467,0.422915,0.414912,False
0.437989,7,0.170213,0.042182,0.055341,0.003467,0.422915,0.414912,False
0.437989,7,0.191489,0.021016,0.057275,0.003467,0.422915,0.414912,False
0.437989,7,0.212766,0.046806,0.067688,0.003467,0.422915,0.414912,False
0.437989,7,0.234043,0.046625,0.07706,0.003467,0.422915,0.414912,False
0.437989,7,0.255319,0.046625,0.08911,0.003467,0.422915,0.414912,False
0.437989,7,0.276596,0.043623,0.104136,0.003467,0.422915,0.414912,False
0.437989,7,0.297872,0.046776,0.132847,0.003467,0.422915,0.414912,False
0.437989,7,0.319149,0.046806,0.184618,0.003467,0.422915,0.414912,False
0.437989,7,0.340426,0.046625,0.226421,0.003467,0.422915,0.414912,False
0.437989,7,0.361702,0.046806,0.264653,0.003467,0.422915,0.414912,False
0.437989,7,0.382979,0.046806,0.309134,0.003467,0.422915,0.414912,False
0.437989,7,0.404255,0.046806,0.331895,0.003467,0.422915,0.414912,False
0.437989,7,0.425532,0.046625,0.333978,0.003467,0.422915,0.414912,False
0.437989,7,0.446809,0.046806,0.324308,0.003467,0.422915,0.414912,False
0.437989,7,0.468085,0.046806,0.322523,0.003467,0.422915,0.414912,False
0.437989,7,0.489362,0.046806,0.315829,0.003467,0.422915,0.414912,False
0.437989,7,0.510638,0.046625,0.311366,0.003467,0.422915,0.414912,False
0.437989,7,0.531915,0.046806,0.301993,0.003467,0.422915,0.414912,False
0.437989,7,0.553191,0.046625,0.291134,0.003467,0.422915,0.414912,False
0.437989,7,0.574468,0.046806,0.284439,0.003467,0.422915,0.414912,False
0.437989,7,0.595745,0.046836,0.272687,0.003467,0.422915,0.414912,False
0.437989,7,0.617021,0.051309,0.266885,0.003467,0.422915,0.414912,True
0.437989,7,0.638298,0.051309,0.268224,0.003467,0.422915,0.414912,True
0.437989,7,0.659574,0.051309,0.271497,0.003467,0.422915,0.414912,True
0.437989,7,0.680851,0.051309,0.272687,0.003467,0.422915,0.414912,True
0.437989,7,0.702128,0.051309,0.286224,0.003467,0.422915,0.414912,True
0.437989,7,0.723404,0.046836,0.296489,0.003467,0.422915,0.414912,True
0.437989,7,0.744681,0.060706,0.349301,0.003467,0.422915,0.414912,True
0.437989,7,0.765957,0.056023,0.425469,0.003467,0.422915,0.414912,True
0.437989,7,0.787234,0.049898,0.428295,0.003467,0.422915,0.414912,True
0.437989,7,0.808511,0.048337,0.396311,0.003467,0.422915,0.414912,True
0.437989,7,0.829787,0.048337,0.363285,0.003467,0.422915,0.414912,True
0.437989,7,0.851064,0.056023,0.341267,0.003467,0.422915,0.414912,True
0.437989,7,0.87234,0.048337,0.326242,0.003467,0.422915,0.414912,True
0.437989,7,0.893617,0.051309,0.292175,0.003467,0.422915,0.414912,True
0.437989,7,0.914894,0.046806,0.271645,0.003467,0.422915,0.414912,False
0.437989,7,0.93617,0.051309,0.301398,0.003467,0.422915,0.414912,True
0.437989,7,0.957447,0.046836,0.310027,0.003467,0.422915,0.414912,False
0.437989,7,0.978723,0.046806,0.322969,0.003467,0.422915,0.414912,False
0.437989,7,1.0,0.046806,0.298721,0.003467,0.422915,0.414912,False
0.438034,1,0.0,0.046806,0.281613,0.003467,0.422915,0.414912,False
0.438034,1,0.021277,0.046806,0.241,0.003467,0.422915,0.414912,False
0.438034,1,0.042553,0.046625,0.21809,0.003467,0.422915,0.414912,False
0.438034,1,0.06383,0.046806,0.189378,0.003467,0.422915,0.414912,False
0.438034,1,0.085106,0.046806,0.159774,0.003467,0.422915,0.414912,False
0.438034,1,0.106383,0.046806,0.136864,0.003467,0.422915,0.414912,False
0.438034,1,0.12766,0.046806,0.122285,0.003467,0.422915,0.414912,False
0.438034,1,0.148936,0.046806,0.107855,0.003467,0.422915,0.414912,False
0.438034,1,0.170213,0.047496,0.113805,0.003467,0.422915,0.414912,False
0.438034,1,0.191489,0.05263,0.122136,0.003467,0.422915,0.414912,True
0.438034,1,0.212766,0.05263,0.157542,0.003467,0.422915,0.414912,True
0.438034,1,0.234043,0.046445,0.201874,0.003467,0.422915,0.414912,False
0.438034,1,0.255319,0.044884,0.284737,0.003467,0.422915,0.414912,False
0.438034,1,0.276596,0.048337,0.360161,0.003467,0.422915,0.414912,False
0.438034,1,0.297872,0.049898,0.364029,0.003467,0.422915,0.414912,True
0.438034,1,0.319149,0.05263,0.422493,0.003467,0.422915,0.414912,True
0.438034,1,0.340426,0.0783,0.456263,0.003467,0.422915,0.414912,True
0.438034,1,0.361702,0.089678,0.472478,0.003467,0.422915,0.414912,True
0.438034,1,0.382979,0.095653,0.517852,0.003467,0.422915,0.414912,True
0.438034,1,0.404255,0.10583,0.535704,0.003467,0.422915,0.414912,True
0.438034,1,0.425532,0.095653,0.523951,0.003467,0.422915,0.414912,True
0.438034,1,0.446809,0.085475,0.509223,0.003467,0.422915,0.414912,True
0.438034,1,0.468085,0.089678,0.500298,0.003467,0.422915,0.414912,True
0.438034,1,0.489362,0.085475,0.49524,0.003467,0.422915,0.414912,True
0.438034,1,0.510638,0.085475,0.490479,0.003467,0.422915,0.414912,True
0.438034,1,0.531915,0.073136,0.487504,0.003467,0.422915,0.414912,True
0.438034,1,0.553191,0.0783,0.484975,0.003467,0.422915,0.414912,True
0.438034,1,0.574468,0.085475,0.479024,0.003467,0.422915,0.414912,True
0.438034,1,0.595745,0.073136,0.470544,0.003467,0.422915,0.414912,True
0.438034,1,0.617021,0.073136,0.462957,0.003467,0.422915,0.414912,True
0.438034,1,0.638298,0.085475,0.453734,0.003467,0.422915,0.414912,True
0.438034,1,0.659574,0.0783,0.455073,0.003467,0.422915,0.414912,True
0.438034,1,0.680851,0.073136,0.455222,0.003467,0.422915,0.414912,True
0.438034,1,0.702128,0.0783,0.469801,0.003467,0.422915,0.414912,True
0.438034,1,0.723404,0.095653,0.486462,0.003467,0.422915,0.414912,True
0.438034,1,0.744681,0.125465,0.532877,0.003467,0.422915,0.414912,True
0.438034,1,0.765957,0.125465,0.576465,0.003467,0.422915,0.414912,True
0.438034,1,0.787234,0.116008,0.558465,0.003467,0.422915,0.414912,True
0.438034,1,0.808511,0.10463,0.515025,0.003467,0.422915,0.414912,True
0.438034,1,0.829787,0.0783,0.478578,0.003467,0.422915,0.414912,True
0.438034,1,0.851064,0.073136,0.452544,0.003467,0.422915,0.414912,True
0.438034,1,0.87234,0.062898,0.431866,0.003467,0.422915,0.414912,False
0.438034,1,0.893617,0.068032,0.402112,0.003467,0.422915,0.414912,False
0.438034,1,0.914894,0.068032,0.369235,0.003467,0.422915,0.414912,False
0.438034,1,0.93617,0.05263,0.418477,0.003467,0.422915,0.414912,False
0.438034,1,0.957447,0.049898,0.432461,0.003467,0.422915,0.414912,False
0.438034,1,0.978723,0.05263,0.450461,0.003467,0.422915,0.414912,False
0.438034,1,1.0,0.05263,0.442428,0.003467,0.422915,0.414912,False
0.438078,2,0.0,0.068032,0.428741,0.003467,0.422915,0.414912,False
0.438078,2,0.021277,0.068032,0.404493,0.003467,0.422915,0.414912,False
0.438078,2,0.042553,0.068032,0.37712,0.003467,0.422915,0.414912,False
0.438078,2,0.06383,0.06518,0.325796,0.003467,0.422915,0.414912,False
0.438078,2,0.085106,0.068032,0.267331,0.003467,0.422915,0.414912,False
0.438078,2,0.106383,0.066561,0.220619,0.003467,0.422915,0.414912,False
0.438078,2,0.12766,0.062898,0.187444,0.003467,0.422915,0.414912,False
0.438078,2,0.148936,0.057764,0.158881,0.003467,0.422915,0.414912,False
0.438078,2,0.170213,0.060586,0.145641,0.003467,0.422915,0.414912,False
0.438078,2,0.191489,0.058184,0.151741,0.003467,0.422915,0.414912,False
0.438078,2,0.212766,0.05281,0.181047,0.003467,0.422915,0.414912,False
0.438078,2,0.234043,0.05281,0.229098,0.003467,0.422915,0.414912,False
0.438078,2,0.255319,0.05281,0.320143,0.003467,0.422915,0.414912,False
0.438078,2,0.276596,0.049898,0.416394,0.003467,0.422915,0.414912,False
0.438078,2,0.297872,0.068362,0.41922,0.003467,0.422915,0.414912,False
0.438078,2,0.319149,0.056713,0.464445,0.003467,0.422915,0.414912,False
0.438078,2,0.340426,0.086105,0.481256,0.003467,0.422915,0.414912,True
0.438078,2,0.361702,0.068362,0.477983,0.003467,0.422915,0.414912,False
0.438078,2,0.382979,0.072235,0.51205,0.003467,0.422915,0.414912,False
0.438078,2,0.404255,0.072235,0.526331,0.003467,0.422915,0.414912,False
0.438078,2,0.425532,0.068362,0.516215,0.003467,0.422915,0.414912,False
0.438078,2,0.446809,0.064489,0.502083,0.003467,0.422915,0.414912,False
0.438078,2,0.468085,0.060586,0.500298,0.003467,0.422915,0.414912,False
0.438078,2,0.489362,0.060586,0.481256,0.003467,0.422915,0.414912,False
0.438078,2,0.510638,0.056713,0.467718,0.003467,0.422915,0.414912,False
0.438078,2,0.531915,0.064489,0.473073,0.003467,0.422915,0.414912,False
0.438078,2,0.553191,0.064489,0.47114,0.003467,0.422915,0.414912,False
0.438078,2,0.574468,0.064489,0.474115,0.003467,0.422915,0.414912,False
0.438078,2,0.595745,0.060586,0.468759,0.003467,0.422915,0.414912,False
0.438078,2,0.617021,0.060586,0.458494,0.003467,0.422915,0.414912,False
0.438078,2,0.638298,0.051489,0.451205,0.003467,0.422915,0.414912,False
0.438078,2,0.659574,0.051609,0.45909,0.003467,0.422915,0.414912,False
0.438078,2,0.680851,0.051939,0.459238,0.003467,0.422915,0.414912,False
0.438078,2,0.702128,0.051609,0.470098,0.003467,0.422915,0.414912,False
0.438078,2,0.723404,0.056713,0.489289,0.003467,0.422915,0.414912,False
0.438078,2,0.744681,0.111385,0.533918,0.003467,0.422915,0.414912,True
0.438078,2,0.765957,0.111385,0.576465,0.003467,0.422915,0.414912,True
0.438078,2,0.787234,0.102948,0.55668,0.003467,0.422915,0.414912,True
0.438078,2,0.808511,0.086105,0.505653,0.003467,0.422915,0.414912,True
0.438078,2,0.829787,0.068362,0.47352,0.003467,0.422915,0.414912,True
0.438078,2,0.851064,0.064489,0.45299,0.003467,0.422915,0.414912,False
0.438078,2,0.87234,0.064489,0.425766,0.003467,0.422915,0.414912,False
0.438078,2,0.893617,0.064489,0.394525,0.003467,0.422915,0.414912,False
0.438078,2,0.914894,0.060586,0.371764,0.003467,0.422915,0.414912,False
0.438078,2,0.93617,0.060586,0.420113,0.003467,0.422915,0.414912,False
0.438078,2,0.957447,0.05281,0.438262,0.003467,0.422915,0.414912,False
0.438078,2,0.978723,0.05215,0.455222,0.003467,0.422915,0.414912,False
0.438078,2,1.0,0.048967,0.448676,0.003467,0.422915,0.414912,False
0.438122,3,0.0,0.05281,0.441833,0.003467,0.422915,0.414912,False
0.438122,3,0.021277,0.056713,0.418625,0.003467,0.422915,0.414912,False
0.438122,3,0.042553,0.060586,0.383666,0.003467,0.422915,0.414912,False
0.438122,3,0.06383,0.048967,0.336061,0.003467,0.422915,0.414912,False
0.438122,3,0.085106,0.046836,0.276406,0.003467,0.422915,0.414912,False
0.438122,3,0.106383,0.045304,0.234008,0.003467,0.422915,0.414912,False
0.438122,3,0.12766,0.044884,0.197858,0.003467,0.422915,0.414912,False
0.438122,3,0.148936,0.048967,0.167063,0.003467,0.422915,0.414912,False
0.438122,3,0.170213,0.050558,0.149807,0.003467,0.422915,0.414912,False
0.438122,3,0.191489,0.062748,0.155013,0.003467,0.422915,0.414912,True
0.438122,3,0.212766,0.062748,0.178072,0.003467,0.422915,0.414912,True
0.438122,3,0.234043,0.066561,0.228057,0.003467,0.422915,0.414912,True
0.438122,3,0.255319,0.073076,0.311217,0.003467,0.422915,0.414912,True
0.438122,3,0.276596,0.070494,0.410592,0.003467,0.422915,0.414912,True
0.438122,3,0.297872,0.073076,0.408509,0.003467,0.422915,0.414912,True
0.438122,3,0.319149,0.078269,0.458792,0.003467,0.422915,0.414912,True
0.438122,3,0.340426,0.081182,0.478578,0.003467,0.422915,0.414912,True
0.438122,3,0.361702,0.078269,0.47114,0.003467,0.422915,0.414912,True
0.438122,3,0.382979,0.073076,0.500298,0.003467,0.422915,0.414912,True
0.438122,3,0.404255,0.081122,0.515025,0.003467,0.422915,0.414912,True
0.438122,3,0.425532,0.078269,0.505951,0.003467,0.422915,0.414912,True
0.438122,3,0.446809,0.073076,0.489735,0.003467,0.422915,0.414912,True
0.438122,3,0.468085,0.062748,0.476049,0.003467,0.422915,0.414912,False
0.438122,3,0.489362,0.067942,0.469949,0.003467,0.422915,0.414912,True
0.438122,3,0.510638,0.062748,0.45909,0.003467,0.422915,0.414912,False
0.438122,3,0.531915,0.067942,0.454032,0.003467,0.422915,0.414912,True
0.438122,3,0.553191,0.057614,0.454924,0.003467,0.422915,0.414912,False
0.438122,3,0.574468,0.057614,0.455222,0.003467,0.422915,0.414912,False
0.438122,3,0.595745,0.057614,0.451949,0.003467,0.422915,0.414912,False
0.438122,3,0.617021,0.067942,0.442279,0.003467,0.422915,0.414912,True
0.438122,3,0.638298,0.06602,0.434841,0.003467,0.422915,0.414912,True
0.438122,3,0.659574,0.067942,0.441535,0.003467,0.422915,0.414912,True
0.438122,3,0.680851,0.078029,0.44094,0.003467,0.422915,0.414912,True
0.438122,3,0.702128,0.078269,0.448676,0.003467,0.422915,0.414912,True
0.438122,3,0.723404,0.067942,0.452098,0.003467,0.422915,0.414912,True
0.438122,3,0.744681,0.083403,0.497025,0.003467,0.422915,0.414912,True
0.438122,3,0.765957,0.126276,0.532282,0.003467,0.422915,0.414912,True
0.438122,3,0.787234,0.078269,0.519042,0.003467,0.422915,0.414912,True
0.438122,3,0.808511,0.078269,0.477834,0.003467,0.422915,0.414912,True
0.438122,3,0.829787,0.067942,0.445254,0.003467,0.422915,0.414912,True
0.438122,3,0.851064,0.078269,0.429039,0.003467,0.422915,0.414912,True
0.438122,3,0.87234,0.073076,0.416989,0.003467,0.422915,0.414912,True
0.438122,3,0.893617,0.073076,0.383517,0.003467,0.422915,0.414912,True
0.438122,3,0.914894,0.062748,0.353764,0.003467,0.422915,0.414912,False
0.438122,3,0.93617,0.073076,0.399435,0.003467,0.422915,0.414912,True
0.438122,3,0.957447,0.057614,0.426659,0.003467,0.422915,0.414912,False
0.438122,3,0.978723,0.067942,0.437519,0.003467,0.422915,0.414912,True
0.438122,3,1.0,0.067942,0.430973,0.003467,0.422915,0.414912,True
0.438166,4,0.0,0.067942,0.417435,0.003467,0.422915,0.414912,True
0.438166,4,0.021277,0.078269,0.398245,0.003467,0.422915,0.414912,True
0.438166,4,0.042553,0.076438,0.367153,0.003467,0.422915,0.414912,True
0.438166,4,0.06383,0.072775,0.313002,0.003467,0.422915,0.414912,True
0.438166,4,0.085106,0.067942,0.254835,0.003467,0.422915,0.414912,False
0.438166,4,0.106383,0.067942,0.21809,0.003467,0.422915,0.414912,False
0.438166,4,0.12766,0.067942,0.181345,0.003467,0.422915,0.414912,False
0.438166,4,0.148936,0.057614,0.158286,0.003467,0.422915,0.414912,False
0.438166,4,0.170213,0.062748,0.145195,0.003467,0.422915,0.414912,False
0.438166,4,0.191489,0.065089,0.14579,0.003467,0.422915,0.414912,False
0.438166,4,0.212766,0.059475,0.175841,0.003467,0.422915,0.414912,False
0.438166,4,0.234043,0.070494,0.217495,0.003467,0.422915,0.414912,False
0.438166,4,0.255319,0.076108,0.309432,0.003467,0.422915,0.414912,True
0.438166,4,0.276596,0.070704,0.402559,0.003467,0.422915,0.414912,False
0.438166,4,0.297872,0.081122,0.402559,0.003467,0.422915,0.414912,True
0.438166,4,0.319149,0.081962,0.44942,0.003467,0.422915,0.414912,True
0.438166,4,0.340426,0.087607,0.462362,0.003467,0.422915,0.414912,True
0.438166,4,0.361702,0.081962,0.469503,0.003467,0.422915,0.414912,True
0.438166,4,0.382979,0.093221,0.506248,0.003467,0.422915,0.414912,True
0.438166,4,0.404255,0.093221,0.520678,0.003467,0.422915,0.414912,True
0.438166,4,0.425532,0.093221,0.516662,0.003467,0.422915,0.414912,True
0.438166,4,0.446809,0.087066,0.50357,0.003467,0.422915,0.414912,True
0.438166,4,0.468085,0.081962,0.493008,0.003467,0.422915,0.414912,True
0.438166,4,0.489362,0.081962,0.491074,0.003467,0.422915,0.414912,True
0.438166,4,0.510638,0.081962,0.489438,0.003467,0.422915,0.414912,True
0.438166,4,0.531915,0.087607,0.484826,0.003467,0.422915,0.414912,True
0.438166,4,0.553191,0.087607,0.482743,0.003467,0.422915,0.414912,True
0.438166,4,0.574468,0.076348,0.483636,0.003467,0.422915,0.414912,True
0.438166,4,0.595745,0.081962,0.470991,0.003467,0.422915,0.414912,True
0.438166,4,0.617021,0.076348,0.472181,0.003467,0.422915,0.414912,True
0.438166,4,0.638298,0.076348,0.46147,0.003467,0.422915,0.414912,True
0.438166,4,0.659574,0.076348,0.464445,0.003467,0.422915,0.414912,False
0.438166,4,0.680851,0.070704,0.461172,0.003467,0.422915,0.414912,False
0.438166,4,0.702128,0.076348,0.468313,0.003467,0.422915,0.414912,False
0.438166,4,0.723404,0.076348,0.474859,0.003467,0.422915,0.414912,False
0.438166,4,0.744681,0.10508,0.526927,0.003467,0.422915,0.414912,True
0.438166,4,0.765957,0.111955,0.560994,0.003467,0.422915,0.414912,True
0.438166,4,0.787234,0.099075,0.544927,0.003467,0.422915,0.414912,True
0.438166,4,0.808511,0.081962,0.50848,0.003467,0.422915,0.414912,True
0.438166,4,0.829787,0.081962,0.48557,0.003467,0.422915,0.414912,True
0.438166,4,0.851064,0.076348,0.469206,0.003467,0.422915,0.414912,False
0.438166,4,0.87234,0.065089,0.44332,0.003467,0.422915,0.414912,False
0.438166,4,0.893617,0.053831,0.403303,0.003467,0.422915,0.414912,False
0.438166,4,0.914894,0.048877,0.369384,0.003467,0.422915,0.414912,False
0.438166,4,0.93617,0.076108,0.412526,0.003467,0.422915,0.414912,False
0.438166,4,0.957447,0.059475,0.43737,0.003467,0.422915,0.414912,False
0.438166,4,0.978723,0.059475,0.451354,0.003467,0.422915,0.414912,False
0.438166,4,1.0,0.059475,0.446891,0.003467,0.422915,0.414912,False
0.438211,5,0.0,0.076348,0.430527,0.003467,0.422915,0.414912,False
0.438211,5,0.021277,0.076108,0.403898,0.003467,0.422915,0.414912,False
0.438211,5,0.042553,0.065089,0.373698,0.003467,0.422915,0.414912,False
0.438211,5,0.06383,0.068632,0.315977,0.003467,0.422915,0.414912,False
0.438211,5,0.085106,0.053831,0.260637,0.003467,0.422915,0.414912,False
0.438211,5,0.106383,0.059475,0.220024,0.003467,0.422915,0.414912,False
0.438211,5,0.12766,0.053831,0.18551,0.003467,0.422915,0.414912,False
0.438211,5,0.148936,0.053831,0.166617,0.003467,0.422915,0.414912,False
0.438211,5,0.170213,0.043623,0.154716,0.003467,0.422915,0.414912,False
0.438211,5,0.191489,0.05278,0.153972,0.003467,0.422915,0.414912,False
0.438211,5,0.212766,0.055993,0.181047,0.003467,0.422915,0.414912,False
0.438211,5,0.234043,0.05323,0.222702,0.003467,0.422915,0.414912,False
0.438211,5,0.255319,0.062357,0.30839,0.003467,0.422915,0.414912,False
0.438211,5,0.276596,0.055993,0.388277,0.003467,0.422915,0.414912,False
0.438211,5,0.297872,0.059205,0.401666,0.003467,0.422915,0.414912,False
0.438211,5,0.319149,0.062357,0.453734,0.003467,0.422915,0.414912,False
0.438211,5,0.340426,0.083914,0.469652,0.003467,0.422915,0.414912,True
0.438211,5,0.361702,0.071965,0.476495,0.003467,0.422915,0.414912,False
0.438211,5,0.382979,0.076468,0.520381,0.003467,0.422915,0.414912,True
0.438211,5,0.404255,0.083914,0.542398,0.003467,0.422915,0.414912,True
0.438211,5,0.425532,0.087066,0.526183,0.003467,0.422915,0.414912,True
0.438211,5,0.446809,0.071965,0.510711,0.003467,0.422915,0.414912,True
0.438211,5,0.468085,0.076468,0.509223,0.003467,0.422915,0.414912,True
0.438211,5,0.489362,0.083914,0.512943,0.003467,0.422915,0.414912,True
0.438211,5,0.510638,0.091389,0.506546,0.003467,0.422915,0.414912,True
0.438211,5,0.531915,0.076468,0.50119,0.003467,0.422915,0.414912,True
0.438211,5,0.553191,0.076468,0.493752,0.003467,0.422915,0.414912,True
0.438211,5,0.574468,0.06557,0.473371,0.003467,0.422915,0.414912,False
0.438211,5,0.595745,0.06557,0.48438,0.003467,0.422915,0.414912,False
0.438211,5,0.617021,0.06557,0.472627,0.003467,0.422915,0.414912,False
0.438211,5,0.638298,0.06557,0.459238,0.003467,0.422915,0.414912,False
0.438211,5,0.659574,0.06557,0.458643,0.003467,0.422915,0.414912,False
0.438211,5,0.680851,0.062357,0.457899,0.003467,0.422915,0.414912,False
0.438211,5,0.702128,0.068782,0.459387,0.003467,0.422915,0.414912,False
0.438211,5,0.723404,0.071965,0.472776,0.003467,0.422915,0.414912,True
0.438211,5,0.744681,0.091389,0.506694,0.003467,0.422915,0.414912,True
0.438211,5,0.765957,0.098865,0.522761,0.003467,0.422915,0.414912,True
0.438211,5,0.787234,0.076468,0.495091,0.003467,0.422915,0.414912,True
0.438211,5,0.808511,0.062357,0.456263,0.003467,0.422915,0.414912,False
0.438211,5,0.829787,0.06557,0.419964,0.003467,0.422915,0.414912,False
0.438211,5,0.851064,0.055993,0.392443,0.003467,0.422915,0.414912,False
0.438211,5,0.87234,0.059205,0.372508,0.003467,0.422915,0.414912,False
0.438211,5,0.893617,0.05278,0.358078,0.003467,0.422915,0.414912,False
0.438211,5,0.914894,0.059205,0.34097,0.003467,0.422915,0.414912,False
0.438211,5,0.93617,0.062357,0.401815,0.003467,0.422915,0.414912,False
0.438211,5,0.957447,0.059205,0.43127,0.003467,0.422915,0.414912,False
0.438211,5,0.978723,0.062357,0.455965,0.003467,0.422915,0.414912,False
0.438211,5,1.0,0.055993,0.448378,0.003467,0.422915,0.414912,False
0.438255,6,0.0,0.055993,0.427998,0.003467,0.422915,0.414912,False
0.438255,6,0.021277,0.055993,0.395716,0.003467,0.422915,0.414912,False
0.438255,6,0.042553,0.059205,0.364921,0.003467,0.422915,0.414912,False
0.438255,6,0.06383,0.047466,0.304969,0.003467,0.422915,0.414912,False
0.438255,6,0.085106,0.048337,0.24457,0.003467,0.422915,0.414912,False
0.438255,6,0.106383,0.049598,0.203511,0.003467,0.422915,0.414912,False
0.438255,6,0.12766,0.05278,0.164534,0.003467,0.422915,0.414912,False
0.438255,6,0.148936,0.046836,0.141625,0.003467,0.422915,0.414912,False
0.438255,6,0.170213,0.048667,0.13136,0.003467,0.422915,0.414912,False
0.438255,6,0.191489,0.050078,0.123178,0.003467,0.422915,0.414912,False
0.438255,6,0.212766,0.053441,0.134037,0.003467,0.422915,0.414912,False
0.438255,6,0.234043,0.050078,0.146385,0.003467,0.422915,0.414912,False
0.438255,6,0.255319,0.045304,0.180006,0.003467,0.422915,0.414912,False
0.438255,6,0.276596,0.053441,0.208718,0.003467,0.422915,0.414912,False
0.438255,6,0.297872,0.053441,0.25424,0.003467,0.422915,0.414912,False
0.438255,6,0.319149,0.060166,0.313151,0.003467,0.422915,0.414912,False
0.438255,6,0.340426,0.060166,0.371169,0.003467,0.422915,0.414912,False
0.438255,6,0.361702,0.056833,0.405832,0.003467,0.422915,0.414912,False
0.438255,6,0.382979,0.063528,0.44332,0.003467,0.422915,0.414912,False
0.438255,6,0.404255,0.056833,0.455519,0.003467,0.422915,0.414912,False
0.438255,6,0.425532,0.056833,0.44332,0.003467,0.422915,0.414912,False
0.438255,6,0.446809,0.060166,0.423832,0.003467,0.422915,0.414912,False
0.438255,6,0.468085,0.060166,0.409551,0.003467,0.422915,0.414912,False
0.438255,6,0.489362,0.060166,0.401071,0.003467,0.422915,0.414912,False
0.438255,6,0.510638,0.056833,0.388129,0.003467,0.422915,0.414912,False
0.438255,6,0.531915,0.060166,0.370425,0.003467,0.422915,0.414912,False
0.438255,6,0.553191,0.056833,0.357334,0.003467,0.422915,0.414912,False
0.438255,6,0.574468,0.060166,0.346028,0.003467,0.422915,0.414912,True
0.438255,6,0.595745,0.050078,0.332937,0.003467,0.422915,0.414912,False
0.438255,6,0.617021,0.060166,0.318358,0.003467,0.422915,0.414912,True
0.438255,6,0.638298,0.053441,0.311663,0.003467,0.422915,0.414912,False
0.438255,6,0.659574,0.056833,0.313597,0.003467,0.422915,0.414912,False
0.438255,6,0.680851,0.060166,0.317911,0.003467,0.422915,0.414912,True
0.438255,6,0.702128,0.060166,0.331003,0.003467,0.422915,0.414912,True
0.438255,6,0.723404,0.053441,0.339929,0.003467,0.422915,0.414912,False
0.438255,6,0.744681,0.060166,0.406129,0.003467,0.422915,0.414912,True
0.438255,6,0.765957,0.060166,0.460131,0.003467,0.422915,0.414912,True
0.438255,6,0.787234,0.060166,0.447486,0.003467,0.422915,0.414912,True
0.438255,6,0.808511,0.053441,0.405088,0.003467,0.422915,0.414912,False
0.438255,6,0.829787,0.056833,0.365367,0.003467,0.422915,0.414912,True
0.438255,6,0.851064,0.060166,0.338738,0.003467,0.422915,0.414912,True
0.438255,6,0.87234,0.056833,0.323713,0.003467,0.422915,0.414912,True
0.438255,6,0.893617,0.056833,0.305118,0.003467,0.422915,0.414912,True
0.438255,6,0.914894,0.053441,0.283993,0.003467,0.422915,0.414912,False
0.438255,6,0.93617,0.060166,0.316424,0.003467,0.422915,0.414912,True
0.438255,6,0.957447,0.048337,0.325647,0.003467,0.422915,0.414912,False
0.438255,6,0.978723,0.053441,0.338143,0.003467,0.422915,0.414912,False
0.438255,6,1.0,0.048337,0.319994,0.003467,0.422915,0.414912,False
0.438299,7,0.0,0.050078,0.293514,0.003467,0.422915,0.414912,False
0.438299,7,0.021277,0.053441,0.250818,0.003467,0.422915,0.414912,False
0.438299,7,0.042553,0.053441,0.225082,0.003467,0.422915,0.414912,False
0.438299,7,0.06383,0.044434,0.189527,0.003467,0.422915,0.414912,False
0.438299,7,0.085106,0.046746,0.150848,0.003467,0.422915,0.414912,False
0.438299,7,0.106383,0.046836,0.124368,0.003467,0.422915,0.414912,False
0.438299,7,0.12766,0.046836,0.100863,0.003467,0.422915,0.414912,False
0.438299,7,0.148936,0.043023,0.088218,0.003467,0.422915,0.414912,False
0.438299,7,0.170213,0.043623,0.080928,0.003467,0.422915,0.414912,False
0.438299,7,0.191489,0.056803,0.078697,0.003467,0.422915,0.414912,True
0.438299,7,0.212766,0.044434,0.08197,0.003467,0.422915,0.414912,False
0.438299,7,0.234043,0.044554,0.097144,0.003467,0.422915,0.414912,False
0.438299,7,0.255319,0.056803,0.109789,0.003467,0.422915,0.414912,True
0.438299,7,0.276596,0.056803,0.127343,0.003467,0.422915,0.414912,True
0.438299,7,0.297872,0.066861,0.15055,0.003467,0.422915,0.414912,True
0.438299,7,0.319149,0.070163,0.201577,0.003467,0.422915,0.414912,True
0.438299,7,0.340426,0.063498,0.252752,0.003467,0.422915,0.414912,True
0.438299,7,0.361702,0.060136,0.299018,0.003467,0.422915,0.414912,True
0.438299,7,0.382979,0.050108,0.343499,0.003467,0.422915,0.414912,False
0.438299,7,0.404255,0.048337,0.363731,0.003467,0.422915,0.414912,False
0.438299,7,0.425532,0.050108,0.361648,0.003467,0.422915,0.414912,False
0.438299,7,0.446809,0.048667,0.348706,0.003467,0.422915,0.414912,False
0.438299,7,0.468085,0.055332,0.343053,0.003467,0.422915,0.414912,True
0.438299,7,0.489362,0.053471,0.336061,0.003467,0.422915,0.414912,False
0.438299,7,0.510638,0.060136,0.32535,0.003467,0.422915,0.414912,True
0.438299,7,0.531915,0.053471,0.310919,0.003467,0.422915,0.414912,False
0.438299,7,0.553191,0.056803,0.296935,0.003467,0.422915,0.414912,True
0.438299,7,0.574468,0.060136,0.282952,0.003467,0.422915,0.414912,True
0.438299,7,0.595745,0.056803,0.274472,0.003467,0.422915,0.414912,True
0.438299,7,0.617021,0.053471,0.270753,0.003467,0.422915,0.414912,False
0.438299,7,0.638298,0.060136,0.270604,0.003467,0.422915,0.414912,True
0.438299,7,0.659574,0.066861,0.275513,0.003467,0.422915,0.414912,True
0.438299,7,0.680851,0.063498,0.273579,0.003467,0.422915,0.414912,True
0.438299,7,0.702128,0.060136,0.29158,0.003467,0.422915,0.414912,True
0.438299,7,0.723404,0.056803,0.308242,0.003467,0.422915,0.414912,True
0.438299,7,0.744681,0.063498,0.384558,0.003467,0.422915,0.414912,True
0.438299,7,0.765957,0.060136,0.450015,0.003467,0.422915,0.414912,True
0.438299,7,0.787234,0.053471,0.445998,0.003467,0.422915,0.414912,False
0.438299,7,0.808511,0.050108,0.408212,0.003467,0.422915,0.414912,False
0.438299,7,0.829787,0.053471,0.376822,0.003467,0.422915,0.414912,False
0.438299,7,0.851064,0.056803,0.352722,0.003467,0.422915,0.414912,True
0.438299,7,0.87234,0.053471,0.34454,0.003467,0.422915,0.414912,False
0.438299,7,0.893617,0.053471,0.312705,0.003467,0.422915,0.414912,False
0.438299,7,0.914894,0.060136,0.283249,0.003467,0.422915,0.414912,True
0.438299,7,0.93617,0.056803,0.305266,0.003467,0.422915,0.414912,True
0.438299,7,0.957447,0.048337,0.318804,0.003467,0.422915,0.414912,False
0.438299,7,0.978723,0.048787,0.327284,0.003467,0.422915,0.414912,False
0.438299,7,1.0,0.050108,0.309432,0.003467,0.422915,0.414912,False
0.438343,1,0.0,0.060136,0.293365,0.003467,0.422915,0.414912,True
0.438343,1,0.021277,0.060136,0.252901,0.003467,0.422915,0.414912,True
0.438343,1,0.042553,0.060136,0.238322,0.003467,0.422915,0.414912,True
0.438343,1,0.06383,0.060136,0.206932,0.003467,0.422915,0.414912,True
0.438343,1,0.085106,0.060136,0.174502,0.003467,0.422915,0.414912,True
0.438343,1,0.106383,0.056803,0.150997,0.003467,0.422915,0.414912,True
0.438343,1,0.12766,0.056803,0.139096,0.003467,0.422915,0.414912,True
0.438343,1,0.148936,0.060136,0.125409,0.003467,0.422915,0.414912,True
0.438343,1,0.170213,0.06539,0.123178,0.003467,0.422915,0.414912,True
0.438343,1,0.191489,0.06518,0.132104,0.003467,0.422915,0.414912,True
0.438343,1,0.212766,0.05281,0.1687,0.003467,0.422915,0.414912,False
0.438343,1,0.234043,0.061187,0.214817,0.003467,0.422915,0.414912,True
0.438343,1,0.255319,0.051099,0.30363,0.003467,0.422915,0.414912,False
0.438343,1,0.276596,0.061187,0.396311,0.003467,0.422915,0.414912,True
0.438343,1,0.297872,0.069593,0.399732,0.003467,0.422915,0.414912,True
0.438343,1,0.319149,0.06539,0.450015,0.003467,0.422915,0.414912,True
0.438343,1,0.340426,0.088027,0.469949,0.003467,0.422915,0.414912,True
0.438343,1,0.361702,0.084574,0.480958,0.003467,0.422915,0.414912,True
0.438343,1,0.382979,0.096884,0.5241,0.003467,0.422915,0.414912,True
0.438343,1,0.404255,0.093071,0.546712,0.003467,0.422915,0.414912,True
0.438343,1,0.425532,0.088027,0.537191,0.003467,0.422915,0.414912,True
0.438343,1,0.446809,0.096884,0.530794,0.003467,0.422915,0.414912,True
0.438343,1,0.468085,0.088027,0.518149,0.003467,0.422915,0.414912,True
0.438343,1,0.489362,0.088027,0.519191,0.003467,0.422915,0.414912,True
0.438343,1,0.510638,0.082142,0.516662,0.003467,0.422915,0.414912,True
0.438343,1,0.531915,0.088027,0.512496,0.003467,0.422915,0.414912,True
0.438343,1,0.553191,0.088027,0.516513,0.003467,0.422915,0.414912,True
0.438343,1,0.574468,0.077969,0.511157,0.003467,0.422915,0.414912,True
0.438343,1,0.595745,0.077969,0.509223,0.003467,0.422915,0.414912,True
0.438343,1,0.617021,0.077969,0.503422,0.003467,0.422915,0.414912,True
0.438343,1,0.638298,0.082142,0.49881,0.003467,0.422915,0.414912,True
0.438343,1,0.659574,0.077969,0.494793,0.003467,0.422915,0.414912,True
0.438343,1,0.680851,0.088027,0.505356,0.003467,0.422915,0.414912,True
0.438343,1,0.702128,0.082142,0.508033,0.003467,0.422915,0.414912,True
0.438343,1,0.723404,0.088027,0.507885,0.003467,0.422915,0.414912,True
0.438343,1,0.744681,0.138105,0.548497,0.003467,0.422915,0.414912,True
0.438343,1,0.765957,0.138435,0.571556,0.003467,0.422915,0.414912,True
0.438343,1,0.787234,0.096884,0.545522,0.003467,0.422915,0.414912,True
0.438343,1,0.808511,0.082142,0.502529,0.003467,0.422915,0.414912,True
0.438343,1,0.829787,0.069593,0.463404,0.003467,0.422915,0.414912,False
0.438343,1,0.851064,0.06539,0.448527,0.003467,0.422915,0.414912,False
0.438343,1,0.87234,0.069593,0.430824,0.003467,0.422915,0.414912,False
0.438343,1,0.893617,0.061187,0.396459,0.003467,0.422915,0.414912,False
0.438343,1,0.914894,0.049898,0.3615,0.003467,0.422915,0.414912,False
0.438343,1,0.93617,0.057013,0.413865,0.003467,0.422915,0.414912,False
0.438343,1,0.957447,0.05281,0.439453,0.003467,0.422915,0.414912,False
0.438343,1,0.978723,0.057013,0.453436,0.003467,0.422915,0.414912,False
0.438343,1,1.0,0.05206,0.443023,0.003467,0.422915,0.414912,False
0.438388,2,0.0,0.06539,0.430378,0.003467,0.422915,0.414912,False
0.438388,2,0.021277,0.069593,0.402112,0.003467,0.422915,0.414912,False
0.438388,2,0.042553,0.077969,0.370723,0.003467,0.422915,0.414912,True
0.438388,2,0.06383,0.069593,0.318209,0.003467,0.422915,0.414912,False
0.438388,2,0.085106,0.06539,0.259744,0.003467,0.422915,0.414912,False
0.438388,2,0.106383,0.06539,0.221363,0.003467,0.422915,0.414912,False
0.438388,2,0.12766,0.062748,0.191758,0.003467,0.422915,0.414912,False
0.438388,2,0.148936,0.061187,0.165724,0.003467,0.422915,0.414912,False
0.438388,2,0.170213,0.053561,0.158286,0.003467,0.422915,0.414912,False
0.438388,2,0.191489,0.053561,0.164237,0.003467,0.422915,0.414912,False
0.438388,2,0.212766,0.053561,0.190271,0.003467,0.422915,0.414912,False
0.438388,2,0.234043,0.056293,0.237281,0.003467,0.422915,0.414912,False
0.438388,2,0.255319,0.059025,0.340077,0.003467,0.422915,0.414912,False
0.438388,2,0.276596,0.061727,0.415055,0.003467,0.422915,0.414912,False
0.438388,2,0.297872,0.059025,0.421154,0.003467,0.422915,0.414912,False
0.438388,2,0.319149,0.059025,0.473222,0.003467,0.422915,0.414912,False
0.438388,2,0.340426,0.056323,0.495537,0.003467,0.422915,0.414912,False
0.438388,2,0.361702,0.061727,0.49762,0.003467,0.422915,0.414912,False
0.438388,2,0.382979,0.070974,0.534811,0.003467,0.422915,0.414912,False
0.438388,2,0.404255,0.091419,0.551324,0.003467,0.422915,0.414912,True
0.438388,2,0.425532,0.064459,0.547605,0.003467,0.422915,0.414912,False
0.438388,2,0.446809,0.061727,0.531836,0.003467,0.422915,0.414912,False
0.438388,2,0.468085,0.059025,0.518447,0.003467,0.422915,0.414912,False
0.438388,2,0.489362,0.061727,0.513984,0.003467,0.422915,0.414912,False
0.438388,2,0.510638,0.064459,0.505058,0.003467,0.422915,0.414912,False
0.438388,2,0.531915,0.064459,0.500298,0.003467,0.422915,0.414912,False
0.438388,2,0.553191,0.061727,0.497917,0.003467,0.422915,0.414912,False
0.438388,2,0.574468,0.061727,0.492413,0.003467,0.422915,0.414912,False
0.438388,2,0.595745,0.056113,0.493306,0.003467,0.422915,0.414912,False
0.438388,2,0.617021,0.056113,0.480809,0.003467,0.422915,0.414912,False
0.438388,2,0.638298,0.056113,0.473222,0.003467,0.422915,0.414912,False
0.438388,2,0.659574,0.056113,0.47828,0.003467,0.422915,0.414912,False
0.438388,2,0.680851,0.056293,0.477388,0.003467,0.422915,0.414912,False
0.438388,2,0.702128,0.053561,0.487355,0.003467,0.422915,0.414912,False
0.438388,2,0.723404,0.061727,0.493901,0.003467,0.422915,0.414912,False
0.438388,2,0.744681,0.098235,0.547754,0.003467,0.422915,0.414912,True
0.438388,2,0.765957,0.087066,0.565457,0.003467,0.422915,0.414912,True
0.438388,2,0.787234,0.061727,0.537638,0.003467,0.422915,0.414912,False
0.438388,2,0.808511,0.056113,0.498959,0.003467,0.422915,0.414912,False
0.438388,2,0.829787,0.053561,0.45909,0.003467,0.422915,0.414912,False
0.438388,2,0.851064,0.053561,0.434543,0.003467,0.422915,0.414912,False
0.438388,2,0.87234,0.051609,0.409551,0.003467,0.422915,0.414912,False
0.438388,2,0.893617,0.050829,0.385302,0.003467,0.422915,0.414912,False
0.438388,2,0.914894,0.050829,0.368045,0.003467,0.422915,0.414912,False
0.438388,2,0.93617,0.056113,0.421154,0.003467,0.422915,0.414912,False
0.438388,2,0.957447,0.051609,0.445254,0.003467,0.422915,0.414912,False
0.438388,2,0.978723,0.056113,0.454032,0.003467,0.422915,0.414912,False
0.438388,2,1.0,0.056113,0.449271,0.003467,0.422915,0.414912,False
0.438432,3,0.0,0.061727,0.433353,0.003467,0.422915,0.414912,True
0.438432,3,0.021277,0.064459,0.410146,0.003467,0.422915,0.414912,True
0.438432,3,0.042553,0.067191,0.372806,0.003467,0.422915,0.414912,True
0.438432,3,0.06383,0.059025,0.320589,0.003467,0.422915,0.414912,False
0.438432,3,0.085106,0.059025,0.262719,0.003467,0.422915,0.414912,False
0.438432,3,0.106383,0.059025,0.219875,0.003467,0.422915,0.414912,False
0.438432,3,0.12766,0.056293,0.184915,0.003467,0.422915,0.414912,False
0.438432,3,0.148936,0.050829,0.161262,0.003467,0.422915,0.414912,False
0.438432,3,0.170213,0.05218,0.158881,0.003467,0.422915,0.414912,False
0.438432,3,0.191489,0.05218,0.158881,0.003467,0.422915,0.414912,False
0.438432,3,0.212766,0.055212,0.188932,0.003467,0.422915,0.414912,False
0.438432,3,0.234043,0.055212,0.229694,0.003467,0.422915,0.414912,False
0.438432,3,0.255319,0.058274,0.317168,0.003467,0.422915,0.414912,False
0.438432,3,0.276596,0.061247,0.400774,0.003467,0.422915,0.414912,True
0.438432,3,0.297872,0.061247,0.40717,0.003467,0.422915,0.414912,True
0.438432,3,0.319149,0.061247,0.45537,0.003467,0.422915,0.414912,True
0.438432,3,0.340426,0.061247,0.473371,0.003467,0.422915,0.414912,True
0.438432,3,0.361702,0.061247,0.475305,0.003467,0.422915,0.414912,True
0.438432,3,0.382979,0.074547,0.513389,0.003467,0.422915,0.414912,True
0.438432,3,0.404255,0.074547,0.523356,0.003467,0.422915,0.414912,True
0.438432,3,0.425532,0.061247,0.515025,0.003467,0.422915,0.414912,True
0.438432,3,0.446809,0.058244,0.50476,0.003467,0.422915,0.414912,False
0.438432,3,0.468085,0.064279,0.485421,0.003467,0.422915,0.414912,True
0.438432,3,0.489362,0.057974,0.490181,0.003467,0.422915,0.414912,False
0.438432,3,0.510638,0.059505,0.485123,0.003467,0.422915,0.414912,False
0.438432,3,0.531915,0.064279,0.480809,0.003467,0.422915,0.414912,True
0.438432,3,0.553191,0.061247,0.481404,0.003467,0.422915,0.414912,True
0.438432,3,0.574468,0.061247,0.484231,0.003467,0.422915,0.414912,True
0.438432,3,0.595745,0.064279,0.503124,0.003467,0.422915,0.414912,True
0.438432,3,0.617021,0.067311,0.493306,0.003467,0.422915,0.414912,True
0.438432,3,0.638298,0.061247,0.483487,0.003467,0.422915,0.414912,True
0.438432,3,0.659574,0.061247,0.47828,0.003467,0.422915,0.414912,True
0.438432,3,0.680851,0.061247,0.476049,0.003467,0.422915,0.414912,True
0.438432,3,0.702128,0.061247,0.476941,0.003467,0.422915,0.414912,True
0.438432,3,0.723404,0.06572,0.480363,0.003467,0.422915,0.414912,True
0.438432,3,0.744681,0.087066,0.526629,0.003467,0.422915,0.414912,True
0.438432,3,0.765957,0.089018,0.550431,0.003467,0.422915,0.414912,True
0.438432,3,0.787234,0.067311,0.524844,0.003467,0.422915,0.414912,True
0.438432,3,0.808511,0.061247,0.483487,0.003467,0.422915,0.414912,True
0.438432,3,0.829787,0.058244,0.449717,0.003467,0.422915,0.414912,False
0.438432,3,0.851064,0.058244,0.428146,0.003467,0.422915,0.414912,False
0.438432,3,0.87234,0.05305,0.408509,0.003467,0.422915,0.414912,False
0.438432,3,0.893617,0.05305,0.395567,0.003467,0.422915,0.414912,False
0.438432,3,0.914894,0.05218,0.368789,0.003467,0.422915,0.414912,False
0.438432,3,0.93617,0.058244,0.416394,0.003467,0.422915,0.414912,False
0.438432,3,0.957447,0.05305,0.433651,0.003467,0.422915,0.414912,False
0.438432,3,0.978723,0.05305,0.44213,0.003467,0.422915,0.414912,False
0.438432,3,1.0,0.055212,0.438411,0.003467,0.422915,0.414912,False
0.438476,4,0.0,0.061247,0.423683,0.003467,0.422915,0.414912,True
0.438476,4,0.021277,0.061247,0.396757,0.003467,0.422915,0.414912,True
0.438476,4,0.042553,0.067311,0.365665,0.003467,0.422915,0.414912,True
0.438476,4,0.06383,0.058244,0.312556,0.003467,0.422915,0.414912,False
0.438476,4,0.085106,0.058244,0.260785,0.003467,0.422915,0.414912,False
0.438476,4,0.106383,0.058244,0.222255,0.003467,0.422915,0.414912,False
0.438476,4,0.12766,0.055212,0.188932,0.003467,0.422915,0.414912,False
0.438476,4,0.148936,0.058244,0.16751,0.003467,0.422915,0.414912,False
0.438476,4,0.170213,0.049207,0.159476,0.003467,0.422915,0.414912,False
0.438476,4,0.191489,0.049207,0.162005,0.003467,0.422915,0.414912,False
0.438476,4,0.212766,0.053951,0.192056,0.003467,0.422915,0.414912,False
0.438476,4,0.234043,0.053951,0.234603,0.003467,0.422915,0.414912,False
0.438476,4,0.255319,0.056323,0.322821,0.003467,0.422915,0.414912,False
0.438476,4,0.276596,0.057974,0.406427,0.003467,0.422915,0.414912,False
0.438476,4,0.297872,0.057974,0.414162,0.003467,0.422915,0.414912,False
0.438476,4,0.319149,0.058725,0.46266,0.003467,0.422915,0.414912,False
0.438476,4,0.340426,0.057974,0.481553,0.003467,0.422915,0.414912,False
0.438476,4,0.361702,0.058725,0.487652,0.003467,0.422915,0.414912,False
0.438476,4,0.382979,0.06584,0.529307,0.003467,0.422915,0.414912,True
0.438476,4,0.404255,0.06584,0.546712,0.003467,0.422915,0.414912,True
0.438476,4,0.425532,0.061066,0.544927,0.003467,0.422915,0.414912,True
0.438476,4,0.446809,0.058725,0.536299,0.003467,0.422915,0.414912,False
0.438476,4,0.468085,0.061066,0.526034,0.003467,0.422915,0.414912,True
0.438476,4,0.489362,0.063468,0.532728,0.003467,0.422915,0.414912,True
0.438476,4,0.510638,0.06584,0.523059,0.003467,0.422915,0.414912,True
0.438476,4,0.531915,0.061066,0.512645,0.003467,0.422915,0.414912,True
0.438476,4,0.553191,0.063468,0.523654,0.003467,0.422915,0.414912,True
0.438476,4,0.574468,0.06584,0.521868,0.003467,0.422915,0.414912,True
0.438476,4,0.595745,0.063468,0.517406,0.003467,0.422915,0.414912,True
0.438476,4,0.617021,0.061066,0.512199,0.003467,0.422915,0.414912,True
0.438476,4,0.638298,0.058725,0.505504,0.003467,0.422915,0.414912,False
0.438476,4,0.659574,0.063468,0.511604,0.003467,0.422915,0.414912,True
0.438476,4,0.680851,0.06584,0.506843,0.003467,0.422915,0.414912,True
0.438476,4,0.702128,0.06584,0.506992,0.003467,0.422915,0.414912,True
0.438476,4,0.723404,0.06584,0.505653,0.003467,0.422915,0.414912,True
0.438476,4,0.744681,0.088147,0.556531,0.003467,0.422915,0.414912,True
0.438476,4,0.765957,0.088147,0.58197,0.003467,0.422915,0.414912,True
0.438476,4,0.787234,0.075477,0.554448,0.003467,0.422915,0.414912,True
0.438476,4,0.808511,0.061066,0.513538,0.003467,0.422915,0.414912,True
0.438476,4,0.829787,0.061066,0.488396,0.003467,0.422915,0.414912,True
0.438476,4,0.851064,0.057974,0.46147,0.003467,0.422915,0.414912,False
0.438476,4,0.87234,0.057974,0.432461,0.003467,0.422915,0.414912,False
0.438476,4,0.893617,0.053951,0.385897,0.003467,0.422915,0.414912,False
0.438476,4,0.914894,0.05305,0.358524,0.003467,0.422915,0.414912,False
0.438476,4,0.93617,0.053951,0.409402,0.003467,0.422915,0.414912,False
0.438476,4,0.957447,0.05305,0.433651,0.003467,0.422915,0.414912,False
0.438476,4,0.978723,0.05305,0.444213,0.003467,0.422915,0.414912,False
0.438476,4,1.0,0.057974,0.436775,0.003467,0.422915,0.414912,False
0.43852,5,0.0,0.056323,0.419072,0.003467,0.422915,0.414912,False
0.43852,5,0.021277,0.056323,0.383368,0.003467,0.422915,0.414912,False
0.43852,5,0.042553,0.061066,0.354359,0.003467,0.422915,0.414912,True
0.43852,5,0.06383,0.051759,0.304671,0.003467,0.422915,0.414912,False
0.43852,5,0.085106,0.056323,0.24457,0.003467,0.422915,0.414912,False
0.43852,5,0.106383,0.056323,0.208123,0.003467,0.422915,0.414912,False
0.43852,5,0.12766,0.053951,0.172121,0.003467,0.422915,0.414912,False
0.43852,5,0.148936,0.051549,0.151145,0.003467,0.422915,0.414912,False
0.43852,5,0.170213,0.048337,0.140881,0.003467,0.422915,0.414912,False
0.43852,5,0.191489,0.050258,0.144154,0.003467,0.422915,0.414912,False
0.43852,5,0.212766,0.050198,0.174948,0.003467,0.422915,0.414912,False
0.43852,5,0.234043,0.050198,0.217644,0.003467,0.422915,0.414912,False
0.43852,5,0.255319,0.05236,0.304969,0.003467,0.422915,0.414912,False
0.43852,5,0.276596,0.05305,0.393187,0.003467,0.422915,0.414912,False
0.43852,5,0.297872,0.054461,0.393335,0.003467,0.422915,0.414912,False
0.43852,5,0.319149,0.056563,0.443469,0.003467,0.422915,0.414912,False
0.43852,5,0.340426,0.057974,0.460726,0.003467,0.422915,0.414912,False
0.43852,5,0.361702,0.058665,0.46742,0.003467,0.422915,0.414912,False
0.43852,5,0.382979,0.062838,0.515918,0.003467,0.422915,0.414912,True
0.43852,5,0.404255,0.089498,0.536001,0.003467,0.422915,0.414912,True
0.43852,5,0.425532,0.06578,0.529307,0.003467,0.422915,0.414912,True
0.43852,5,0.446809,0.057974,0.519339,0.003467,0.422915,0.414912,False
0.43852,5,0.468085,0.057974,0.512794,0.003467,0.422915,0.414912,False
0.43852,5,0.489362,0.056563,0.515323,0.003467,0.422915,0.414912,False
0.43852,5,0.510638,0.057974,0.509967,0.003467,0.422915,0.414912,False
0.43852,5,0.531915,0.057974,0.500595,0.003467,0.422915,0.414912,False
0.43852,5,0.553191,0.057974,0.496281,0.003467,0.422915,0.414912,False
0.43852,5,0.574468,0.056563,0.498661,0.003467,0.422915,0.414912,False
0.43852,5,0.595745,0.054461,0.478132,0.003467,0.422915,0.414912,False
0.43852,5,0.617021,0.05305,0.472925,0.003467,0.422915,0.414912,False
0.43852,5,0.638298,0.05305,0.465338,0.003467,0.422915,0.414912,False
0.43852,5,0.659574,0.05305,0.46385,0.003467,0.422915,0.414912,False
0.43852,5,0.680851,0.05305,0.460875,0.003467,0.422915,0.414912,False
0.43852,5,0.702128,0.05236,0.464594,0.003467,0.422915,0.414912,False
0.43852,5,0.723404,0.05305,0.468015,0.003467,0.422915,0.414912,False
0.43852,5,0.744681,0.10508,0.514133,0.003467,0.422915,0.414912,True
0.43852,5,0.765957,0.104449,0.520976,0.003467,0.422915,0.414912,True
0.43852,5,0.787234,0.071694,0.493454,0.003467,0.422915,0.414912,True
0.43852,5,0.808511,0.051759,0.449122,0.003467,0.422915,0.414912,False
0.43852,5,0.829787,0.05305,0.422642,0.003467,0.422915,0.414912,False
0.43852,5,0.851064,0.051849,0.411485,0.003467,0.422915,0.414912,False
0.43852,5,0.87234,0.051759,0.391699,0.003467,0.422915,0.414912,False
0.43852,5,0.893617,0.05236,0.364326,0.003467,0.422915,0.414912,False
0.43852,5,0.914894,0.051759,0.344838,0.003467,0.422915,0.414912,False
0.43852,5,0.93617,0.056563,0.405385,0.003467,0.422915,0.414912,False
0.43852,5,0.957447,0.05236,0.434246,0.003467,0.422915,0.414912,False
0.43852,5,0.978723,0.05305,0.453288,0.003467,0.422915,0.414912,False
0.43852,5,1.0,0.056563,0.443023,0.003467,0.422915,0.414912,False
0.438565,6,0.0,0.058665,0.418179,0.003467,0.422915,0.414912,True
0.438565,6,0.021277,0.060736,0.395864,0.003467,0.422915,0.414912,True
0.438565,6,0.042553,0.056563,0.357632,0.003467,0.422915,0.414912,False
0.438565,6,0.06383,0.054461,0.299464,0.003467,0.422915,0.414912,False
0.438565,6,0.085106,0.05236,0.24219,0.003467,0.422915,0.414912,False
0.438565,6,0.106383,0.051759,0.199048,0.003467,0.422915,0.414912,False
0.438565,6,0.12766,0.048337,0.162749,0.003467,0.422915,0.414912,False
0.438565,6,0.148936,0.05236,0.144005,0.003467,0.422915,0.414912,False
0.438565,6,0.170213,0.051099,0.129575,0.003467,0.422915,0.414912,False
0.438565,6,0.191489,0.053381,0.121541,0.003467,0.422915,0.414912,False
0.438565,6,0.212766,0.051099,0.131657,0.003467,0.422915,0.414912,False
0.438565,6,0.234043,0.053381,0.142666,0.003467,0.422915,0.414912,False
0.438565,6,0.255319,0.055632,0.178072,0.003467,0.422915,0.414912,False
0.438565,6,0.276596,0.053381,0.205594,0.003467,0.422915,0.414912,False
0.438565,6,0.297872,0.053381,0.249182,0.003467,0.422915,0.414912,False
0.438565,6,0.319149,0.051759,0.313746,0.003467,0.422915,0.414912,False
0.438565,6,0.340426,0.05305,0.367004,0.003467,0.422915,0.414912,False
0.438565,6,0.361702,0.053381,0.402261,0.003467,0.422915,0.414912,False
0.438565,6,0.382979,0.053381,0.441238,0.003467,0.422915,0.414912,False
0.438565,6,0.404255,0.053381,0.452544,0.003467,0.422915,0.414912,False
0.438565,6,0.425532,0.05305,0.439899,0.003467,0.422915,0.414912,False
0.438565,6,0.446809,0.053381,0.422493,0.003467,0.422915,0.414912,False
0.438565,6,0.468085,0.05305,0.408509,0.003467,0.422915,0.414912,False
0.438565,6,0.489362,0.05305,0.396013,0.003467,0.422915,0.414912,False
0.438565,6,0.510638,0.05305,0.376822,0.003467,0.422915,0.414912,False
0.438565,6,0.531915,0.051759,0.368492,0.003467,0.422915,0.414912,False
0.438565,6,0.553191,0.053381,0.353764,0.003467,0.422915,0.414912,False
0.438565,6,0.574468,0.051759,0.336358,0.003467,0.422915,0.414912,False
0.438565,6,0.595745,0.055632,0.322969,0.003467,0.422915,0.414912,False
0.438565,6,0.617021,0.053381,0.313448,0.003467,0.422915,0.414912,False
0.438565,6,0.638298,0.055632,0.30363,0.003467,0.422915,0.414912,False
0.438565,6,0.659574,0.055632,0.305266,0.003467,0.422915,0.414912,False
0.438565,6,0.680851,0.055632,0.308688,0.003467,0.422915,0.414912,False
0.438565,6,0.702128,0.053381,0.329366,0.003467,0.422915,0.414912,False
0.438565,6,0.723404,0.05305,0.35183,0.003467,0.422915,0.414912,False
0.438565,6,0.744681,0.057614,0.42889,0.003467,0.422915,0.414912,True
0.438565,6,0.765957,0.055632,0.473222,0.003467,0.422915,0.414912,True
0.438565,6,0.787234,0.053381,0.447783,0.003467,0.422915,0.414912,False
0.438565,6,0.808511,0.053381,0.40241,0.003467,0.422915,0.414912,False
0.438565,6,0.829787,0.055632,0.367004,0.003467,0.422915,0.414912,True
0.438565,6,0.851064,0.053381,0.33978,0.003467,0.422915,0.414912,False
0.438565,6,0.87234,0.053381,0.325052,0.003467,0.422915,0.414912,False
0.438565,6,0.893617,0.051759,0.304225,0.003467,0.422915,0.414912,False
0.438565,6,0.914894,0.057884,0.28801,0.003467,0.422915,0.414912,True
0.438565,6,0.93617,0.05305,0.319845,0.003467,0.422915,0.414912,False
0.438565,6,0.957447,0.051759,0.332937,0.003467,0.422915,0.414912,False
0.438565,6,0.978723,0.053381,0.340524,0.003467,0.422915,0.414912,False
0.438565,6,1.0,0.051759,0.324903,0.003467,0.422915,0.414912,False
0.438609,7,0.0,0.051759,0.298869,0.003467,0.422915,0.414912,False
0.438609,7,0.021277,0.051759,0.255281,0.003467,0.422915,0.414912,False
0.438609,7,0.042553,0.051099,0.225974,0.003467,0.422915,0.414912,False
0.438609,7,0.06383,0.048877,0.185659,0.003467,0.422915,0.414912,False
0.438609,7,0.085106,0.048337,0.151443,0.003467,0.422915,0.414912,False
0.438609,7,0.106383,0.051099,0.121839,0.003467,0.422915,0.414912,False
0.438609,7,0.12766,0.051099,0.102648,0.003467,0.422915,0.414912,False
0.438609,7,0.148936,0.048877,0.087176,0.003467,0.422915,0.414912,False
0.438609,7,0.170213,0.046776,0.078697,0.003467,0.422915,0.414912,False
0.438609,7,0.191489,0.045485,0.073788,0.003467,0.422915,0.414912,False
0.438609,7,0.212766,0.046776,0.083309,0.003467,0.422915,0.414912,False
0.438609,7,0.234043,0.048337,0.08554,0.003467,0.422915,0.414912,False
0.438609,7,0.255319,0.046836,0.102648,0.003467,0.422915,0.414912,False
0.438609,7,0.276596,0.048037,0.122285,0.003467,0.422915,0.414912,False
0.438609,7,0.297872,0.048877,0.153972,0.003467,0.422915,0.414912,False
0.438609,7,0.319149,0.051099,0.209015,0.003467,0.422915,0.414912,False
0.438609,7,0.340426,0.053381,0.258852,0.003467,0.422915,0.414912,True
0.438609,7,0.361702,0.051759,0.300506,0.003467,0.422915,0.414912,False
0.438609,7,0.382979,0.05305,0.347218,0.003467,0.422915,0.414912,True
0.438609,7,0.404255,0.051759,0.367153,0.003467,0.422915,0.414912,False
0.438609,7,0.425532,0.05305,0.360309,0.003467,0.422915,0.414912,True
0.438609,7,0.446809,0.051759,0.348408,0.003467,0.422915,0.414912,False
0.438609,7,0.468085,0.051759,0.342606,0.003467,0.422915,0.414912,False
0.438609,7,0.489362,0.051759,0.332044,0.003467,0.422915,0.414912,False
0.438609,7,0.510638,0.050198,0.324606,0.003467,0.422915,0.414912,False
0.438609,7,0.531915,0.050198,0.314341,0.003467,0.422915,0.414912,False
0.438609,7,0.553191,0.050198,0.296787,0.003467,0.422915,0.414912,False
0.438609,7,0.574468,0.050198,0.280422,0.003467,0.422915,0.414912,False
0.438609,7,0.595745,0.050198,0.27105,0.003467,0.422915,0.414912,False
0.438609,7,0.617021,0.050198,0.263017,0.003467,0.422915,0.414912,False
0.438609,7,0.638298,0.051099,0.259,0.003467,0.422915,0.414912,False
0.438609,7,0.659574,0.050198,0.261083,0.003467,0.422915,0.414912,False
0.438609,7,0.680851,0.051099,0.269711,0.003467,0.422915,0.414912,False
0.438609,7,0.702128,0.051759,0.287414,0.003467,0.422915,0.414912,True
0.438609,7,0.723404,0.055632,0.321035,0.003467,0.422915,0.414912,True
0.438609,7,0.744681,0.064639,0.408509,0.003467,0.422915,0.414912,True
0.438609,7,0.765957,0.057884,0.450015,0.003467,0.422915,0.414912,True
0.438609,7,0.787234,0.05305,0.430675,0.003467,0.422915,0.414912,True
0.438609,7,0.808511,0.051759,0.397501,0.003467,0.422915,0.414912,True
0.438609,7,0.829787,0.05305,0.373252,0.003467,0.422915,0.414912,True
0.438609,7,0.851064,0.053381,0.353169,0.003467,0.422915,0.414912,True
0.438609,7,0.87234,0.05305,0.336209,0.003467,0.422915,0.414912,True
0.438609,7,0.893617,0.053381,0.306903,0.003467,0.422915,0.414912,True
0.438609,7,0.914894,0.051099,0.279084,0.003467,0.422915,0.414912,False
0.438609,7,0.93617,0.051759,0.297977,0.003467,0.422915,0.414912,True
0.438609,7,0.957447,0.050198,0.309283,0.003467,0.422915,0.414912,False
0.438609,7,0.978723,0.050198,0.318655,0.003467,0.422915,0.414912,False
0.438609,7,1.0,0.050198,0.303779,0.003467,0.422915,0.414912,False
0.438653,1,0.0,0.050198,0.286671,0.003467,0.422915,0.414912,False
0.438653,1,0.021277,0.050198,0.249479,0.003467,0.422915,0.414912,False
0.438653,1,0.042553,0.048337,0.228057,0.003467,0.422915,0.414912,False
0.438653,1,0.06383,0.048037,0.19875,0.003467,0.422915,0.414912,False
0.438653,1,0.085106,0.045485,0.165129,0.003467,0.422915,0.414912,False
0.438653,1,0.106383,0.045485,0.140583,0.003467,0.422915,0.414912,False
0.438653,1,0.12766,0.045485,0.126004,0.003467,0.422915,0.414912,False
0.438653,1,0.148936,0.045485,0.11321,0.003467,0.422915,0.414912,False
0.438653,1,0.170213,0.045485,0.10964,0.003467,0.422915,0.414912,False
0.438653,1,0.191489,0.046776,0.125558,0.003467,0.422915,0.414912,False
0.438653,1,0.212766,0.048337,0.156501,0.003467,0.422915,0.414912,False
0.438653,1,0.234043,0.046776,0.203065,0.003467,0.422915,0.414912,False
0.438653,1,0.255319,0.050198,0.29634,0.003467,0.422915,0.414912,False
0.438653,1,0.276596,0.051759,0.386343,0.003467,0.422915,0.414912,True
0.438653,1,0.297872,0.05305,0.38069,0.003467,0.422915,0.414912,True
0.438653,1,0.319149,0.05305,0.435138,0.003467,0.422915,0.414912,True
0.438653,1,0.340426,0.053381,0.460131,0.003467,0.422915,0.414912,True
0.438653,1,0.361702,0.057884,0.468164,0.003467,0.422915,0.414912,True
0.438653,1,0.382979,0.073946,0.513389,0.003467,0.422915,0.414912,True
0.438653,1,0.404255,0.09238,0.53377,0.003467,0.422915,0.414912,True
0.438653,1,0.425532,0.091209,0.529902,0.003467,0.422915,0.414912,True
0.438653,1,0.446809,0.080071,0.522761,0.003467,0.422915,0.414912,True
0.438653,1,0.468085,0.064639,0.519191,0.003467,0.422915,0.414912,True
0.438653,1,0.489362,0.062387,0.506397,0.003467,0.422915,0.414912,True
0.438653,1,0.510638,0.062387,0.512348,0.003467,0.422915,0.414912,True
0.438653,1,0.531915,0.057884,0.510414,0.003467,0.422915,0.414912,True
0.438653,1,0.553191,0.057974,0.511009,0.003467,0.422915,0.414912,True
0.438653,1,0.574468,0.057974,0.506992,0.003467,0.422915,0.414912,True
0.438653,1,0.595745,0.057884,0.505058,0.003467,0.422915,0.414912,True
0.438653,1,0.617021,0.057884,0.5,0.003467,0.422915,0.414912,True
0.438653,1,0.638298,0.053381,0.488545,0.003467,0.422915,0.414912,False
0.438653,1,0.659574,0.057974,0.494793,0.003467,0.422915,0.414912,True
0.438653,1,0.680851,0.057884,0.495537,0.003467,0.422915,0.414912,True
0.438653,1,0.702128,0.053381,0.50119,0.003467,0.422915,0.414912,False
0.438653,1,0.723404,0.055632,0.524398,0.003467,0.422915,0.414912,False
0.438653,1,0.744681,0.121713,0.580184,0.003467,0.422915,0.414912,True
0.438653,1,0.765957,0.119491,0.587028,0.003467,0.422915,0.414912,True
0.438653,1,0.787234,0.093071,0.548795,0.003467,0.422915,0.414912,True
0.438653,1,0.808511,0.080071,0.500298,0.003467,0.422915,0.414912,True
0.438653,1,0.829787,0.060106,0.45909,0.003467,0.422915,0.414912,True
0.438653,1,0.851064,0.060106,0.439155,0.003467,0.422915,0.414912,True
0.438653,1,0.87234,0.056113,0.416096,0.003467,0.422915,0.414912,False
0.438653,1,0.893617,0.053381,0.384856,0.003467,0.422915,0.414912,False
0.438653,1,0.914894,0.05266,0.350788,0.003467,0.422915,0.414912,False
0.438653,1,0.93617,0.053381,0.405683,0.003467,0.422915,0.414912,False
0.438653,1,0.957447,0.050198,0.426361,0.003467,0.422915,0.414912,False
0.438653,1,0.978723,0.051099,0.43975,0.003467,0.422915,0.414912,False
0.438653,1,1.0,0.050198,0.435733,0.003467,0.422915,0.414912,False
0.438697,2,0.0,0.053381,0.425171,0.003467,0.422915,0.414912,False
0.438697,2,0.021277,0.055632,0.400774,0.003467,0.422915,0.414912,False
0.438697,2,0.042553,0.051759,0.368938,0.003467,0.422915,0.414912,False
0.438697,2,0.06383,0.050198,0.318953,0.003467,0.422915,0.414912,False
0.438697,2,0.085106,0.051099,0.259298,0.003467,0.422915,0.414912,False
0.438697,2,0.106383,0.048877,0.220619,0.003467,0.422915,0.414912,False
0.438697,2,0.12766,0.048037,0.180899,0.003467,0.422915,0.414912,False
0.438697,2,0.148936,0.045485,0.1626,0.003467,0.422915,0.414912,False
0.438697,2,0.170213,0.046836,0.150402,0.003467,0.422915,0.414912,False
0.438697,2,0.191489,0.046836,0.150848,0.003467,0.422915,0.414912,False
0.438697,2,0.212766,0.046836,0.179857,0.003467,0.422915,0.414912,False
0.438697,2,0.234043,0.048337,0.226569,0.003467,0.422915,0.414912,False
0.438697,2,0.255319,0.050588,0.3072,0.003467,0.422915,0.414912,False
0.438697,2,0.276596,0.050198,0.392591,0.003467,0.422915,0.414912,False
0.438697,2,0.297872,0.051759,0.386195,0.003467,0.422915,0.414912,False
0.438697,2,0.319149,0.051759,0.449271,0.003467,0.422915,0.414912,False
0.438697,2,0.340426,0.05305,0.459238,0.003467,0.422915,0.414912,False
0.438697,2,0.361702,0.0532,0.460726,0.003467,0.422915,0.414912,False
0.438697,2,0.382979,0.073646,0.506248,0.003467,0.422915,0.414912,True
0.438697,2,0.404255,0.060946,0.528117,0.003467,0.422915,0.414912,True
0.438697,2,0.425532,0.058394,0.52172,0.003467,0.422915,0.414912,False
0.438697,2,0.446809,0.05305,0.514133,0.003467,0.422915,0.414912,False
0.438697,2,0.468085,0.0532,0.516364,0.003467,0.422915,0.414912,False
0.438697,2,0.489362,0.060946,0.518149,0.003467,0.422915,0.414912,True
0.438697,2,0.510638,0.058394,0.513538,0.003467,0.422915,0.414912,True
0.438697,2,0.531915,0.058394,0.508628,0.003467,0.422915,0.414912,True
0.438697,2,0.553191,0.055782,0.512199,0.003467,0.422915,0.414912,False
0.438697,2,0.574468,0.058394,0.498959,0.003467,0.422915,0.414912,True
0.438697,2,0.595745,0.0532,0.50238,0.003467,0.422915,0.414912,False
0.438697,2,0.617021,0.05305,0.492115,0.003467,0.422915,0.414912,False
0.438697,2,0.638298,0.051759,0.4759,0.003467,0.422915,0.414912,False
0.438697,2,0.659574,0.05305,0.499702,0.003467,0.422915,0.414912,False
0.438697,2,0.680851,0.05305,0.502975,0.003467,0.422915,0.414912,False
0.438697,2,0.702128,0.05305,0.515918,0.003467,0.422915,0.414912,False
0.438697,2,0.723404,0.058394,0.534365,0.003467,0.422915,0.414912,True
0.438697,2,0.744681,0.119491,0.584945,0.003467,0.422915,0.414912,True
0.438697,2,0.765957,0.111174,0.586433,0.003467,0.422915,0.414912,True
0.438697,2,0.787234,0.087066,0.553109,0.003467,0.422915,0.414912,True
0.438697,2,0.808511,0.055782,0.508628,0.003467,0.422915,0.414912,False
0.438697,2,0.829787,0.055782,0.467718,0.003467,0.422915,0.414912,False
0.438697,2,0.851064,0.055782,0.44704,0.003467,0.422915,0.414912,False
0.438697,2,0.87234,0.051759,0.422642,0.003467,0.422915,0.414912,False
0.438697,2,0.893617,0.0532,0.386195,0.003467,0.422915,0.414912,False
0.438697,2,0.914894,0.050198,0.360904,0.003467,0.422915,0.414912,False
0.438697,2,0.93617,0.051759,0.423535,0.003467,0.422915,0.414912,False
0.438697,2,0.957447,0.050198,0.441684,0.003467,0.422915,0.414912,False
0.438697,2,0.978723,0.050588,0.448378,0.003467,0.422915,0.414912,False
0.438697,2,1.0,0.050588,0.445254,0.003467,0.422915,0.414912,False
0.438742,3,0.0,0.055782,0.432758,0.003467,0.422915,0.414912,False
0.438742,3,0.021277,0.050588,0.408212,0.003467,0.422915,0.414912,False
0.438742,3,0.042553,0.055782,0.374293,0.003467,0.422915,0.414912,False
0.438742,3,0.06383,0.058394,0.319101,0.003467,0.422915,0.414912,True
0.438742,3,0.085106,0.048037,0.261232,0.003467,0.422915,0.414912,False
0.438742,3,0.106383,0.048037,0.220619,0.003467,0.422915,0.414912,False
0.438742,3,0.12766,0.046836,0.182832,0.003467,0.422915,0.414912,False
0.438742,3,0.148936,0.046836,0.164386,0.003467,0.422915,0.414912,False
0.438742,3,0.170213,0.05248,0.157542,0.003467,0.422915,0.414912,False
0.438742,3,0.191489,0.054191,0.155162,0.003467,0.422915,0.414912,False
0.438742,3,0.212766,0.048817,0.180006,0.003467,0.422915,0.414912,False
0.438742,3,0.234043,0.048817,0.224338,0.003467,0.422915,0.414912,False
0.438742,3,0.255319,0.050198,0.311068,0.003467,0.422915,0.414912,False
0.438742,3,0.276596,0.051759,0.39274,0.003467,0.422915,0.414912,False
0.438742,3,0.297872,0.05248,0.396013,0.003467,0.422915,0.414912,False
0.438742,3,0.319149,0.05305,0.440196,0.003467,0.422915,0.414912,False
0.438742,3,0.340426,0.055512,0.457899,0.003467,0.422915,0.414912,False
0.438742,3,0.361702,0.057974,0.482297,0.003467,0.422915,0.414912,True
0.438742,3,0.382979,0.067611,0.527968,0.003467,0.422915,0.414912,True
0.438742,3,0.404255,0.061547,0.540464,0.003467,0.422915,0.414912,True
0.438742,3,0.425532,0.055512,0.534662,0.003467,0.422915,0.414912,False
0.438742,3,0.446809,0.055512,0.527075,0.003467,0.422915,0.414912,False
0.438742,3,0.468085,0.055512,0.520976,0.003467,0.422915,0.414912,False
0.438742,3,0.489362,0.058544,0.523951,0.003467,0.422915,0.414912,True
0.438742,3,0.510638,0.058544,0.521273,0.003467,0.422915,0.414912,True
0.438742,3,0.531915,0.058544,0.519786,0.003467,0.422915,0.414912,True
0.438742,3,0.553191,0.060496,0.521273,0.003467,0.422915,0.414912,True
0.438742,3,0.574468,0.058544,0.519935,0.003467,0.422915,0.414912,True
0.438742,3,0.595745,0.064579,0.516959,0.003467,0.422915,0.414912,True
0.438742,3,0.617021,0.057614,0.509372,0.003467,0.422915,0.414912,True
0.438742,3,0.638298,0.061547,0.500595,0.003467,0.422915,0.414912,True
0.438742,3,0.659574,0.061547,0.505653,0.003467,0.422915,0.414912,True
0.438742,3,0.680851,0.064579,0.50848,0.003467,0.422915,0.414912,True
0.438742,3,0.702128,0.064579,0.514133,0.003467,0.422915,0.414912,True
0.438742,3,0.723404,0.064579,0.529902,0.003467,0.422915,0.414912,True
0.438742,3,0.744681,0.11874,0.576614,0.003467,0.422915,0.414912,True
0.438742,3,0.765957,0.096073,0.580631,0.003467,0.422915,0.414912,True
0.438742,3,0.787234,0.074847,0.549688,0.003467,0.422915,0.414912,True
0.438742,3,0.808511,0.058544,0.499702,0.003467,0.422915,0.414912,True
0.438742,3,0.829787,0.057614,0.466082,0.003467,0.422915,0.414912,False
0.438742,3,0.851064,0.055512,0.444064,0.003467,0.422915,0.414912,False
0.438742,3,0.87234,0.058544,0.419518,0.003467,0.422915,0.414912,True
0.438742,3,0.893617,0.055512,0.383368,0.003467,0.422915,0.414912,False
0.438742,3,0.914894,0.05248,0.350491,0.003467,0.422915,0.414912,False
0.438742,3,0.93617,0.05248,0.401815,0.003467,0.422915,0.414912,False
0.438742,3,0.957447,0.050198,0.430824,0.003467,0.422915,0.414912,False
0.438742,3,0.978723,0.051759,0.436775,0.003467,0.422915,0.414912,False
0.438742,3,1.0,0.055512,0.430973,0.003467,0.422915,0.414912,False
0.438786,4,0.0,0.064579,0.420411,0.003467,0.422915,0.414912,True
0.438786,4,0.021277,0.055512,0.388426,0.003467,0.422915,0.414912,False
0.438786,4,0.042553,0.05248,0.35778,0.003467,0.422915,0.414912,False
0.438786,4,0.06383,0.050198,0.304076,0.003467,0.422915,0.414912,False
0.438786,4,0.085106,0.05248,0.246355,0.003467,0.422915,0.414912,False
0.438786,4,0.106383,0.054191,0.210354,0.003467,0.422915,0.414912,False
0.438786,4,0.12766,0.05248,0.175394,0.003467,0.422915,0.414912,False
0.438786,4,0.148936,0.05248,0.150699,0.003467,0.422915,0.414912,False
0.438786,4,0.170213,0.048337,0.143707,0.003467,0.422915,0.414912,False
0.438786,4,0.191489,0.05239,0.145195,0.003467,0.422915,0.414912,False
0.438786,4,0.212766,0.05239,0.171973,0.003467,0.422915,0.414912,False
0.438786,4,0.234043,0.049898,0.219131,0.003467,0.422915,0.414912,False
0.438786,4,0.255319,0.053321,0.303927,0.003467,0.422915,0.414912,False
0.438786,4,0.276596,0.053321,0.392294,0.003467,0.422915,0.414912,False
0.438786,4,0.297872,0.053321,0.396311,0.003467,0.422915,0.414912,False
0.438786,4,0.319149,0.053321,0.436924,0.003467,0.422915,0.414912,False
0.438786,4,0.340426,0.057314,0.466974,0.003467,0.422915,0.414912,False
0.438786,4,0.361702,0.067131,0.480512,0.003467,0.422915,0.414912,True
0.438786,4,0.382979,0.070854,0.522315,0.003467,0.422915,0.414912,True
0.438786,4,0.404255,0.081872,0.536299,0.003467,0.422915,0.414912,True
0.438786,4,0.425532,0.072055,0.525736,0.003467,0.422915,0.414912,True
0.438786,4,0.446809,0.057314,0.513538,0.003467,0.422915,0.414912,False
0.438786,4,0.468085,0.062207,0.527373,0.003467,0.422915,0.414912,True
0.438786,4,0.489362,0.067131,0.528117,0.003467,0.422915,0.414912,True
0.438786,4,0.510638,0.067131,0.526927,0.003467,0.422915,0.414912,True
0.438786,4,0.531915,0.070854,0.520827,0.003467,0.422915,0.414912,True
0.438786,4,0.553191,0.067131,0.518596,0.003467,0.422915,0.414912,True
0.438786,4,0.574468,0.062207,0.506694,0.003467,0.422915,0.414912,True
0.438786,4,0.595745,0.057974,0.500595,0.003467,0.422915,0.414912,False
0.438786,4,0.617021,0.062207,0.496876,0.003467,0.422915,0.414912,True
0.438786,4,0.638298,0.058364,0.483636,0.003467,0.422915,0.414912,False
0.438786,4,0.659574,0.057974,0.477834,0.003467,0.422915,0.414912,False
0.438786,4,0.680851,0.058364,0.477239,0.003467,0.422915,0.414912,False
0.438786,4,0.702128,0.057314,0.490628,0.003467,0.422915,0.414912,False
0.438786,4,0.723404,0.067131,0.504017,0.003467,0.422915,0.414912,True
0.438786,4,0.744681,0.093671,0.548646,0.003467,0.422915,0.414912,True
0.438786,4,0.765957,0.072055,0.545968,0.003467,0.422915,0.414912,True
0.438786,4,0.787234,0.062207,0.518744,0.003467,0.422915,0.414912,True
0.438786,4,0.808511,0.062207,0.486462,0.003467,0.422915,0.414912,True
0.438786,4,0.829787,0.062207,0.454032,0.003467,0.422915,0.414912,True
0.438786,4,0.851064,0.057314,0.429932,0.003467,0.422915,0.414912,False
0.438786,4,0.87234,0.054612,0.406873,0.003467,0.422915,0.414912,False
0.438786,4,0.893617,0.053321,0.365367,0.003467,0.422915,0.414912,False
0.438786,4,0.914894,0.051759,0.325945,0.003467,0.422915,0.414912,False
0.438786,4,0.93617,0.053321,0.384261,0.003467,0.422915,0.414912,False
0.438786,4,0.957447,0.05239,0.414758,0.003467,0.422915,0.414912,False
0.438786,4,0.978723,0.053321,0.429932,0.003467,0.422915,0.414912,False
0.438786,4,1.0,0.053321,0.417287,0.003467,0.422915,0.414912,False
0.43883,5,0.0,0.062207,0.394228,0.003467,0.422915,0.414912,True
0.43883,5,0.021277,0.067131,0.363136,0.003467,0.422915,0.414912,True
0.43883,5,0.042553,0.062207,0.326986,0.003467,0.422915,0.414912,True
0.43883,5,0.06383,0.057314,0.270902,0.003467,0.422915,0.414912,False
0.43883,5,0.085106,0.05239,0.212586,0.003467,0.422915,0.414912,False
0.43883,5,0.106383,0.05239,0.175394,0.003467,0.422915,0.414912,False
0.43883,5,0.12766,0.048337,0.145195,0.003467,0.422915,0.414912,False
0.43883,5,0.148936,0.048337,0.117673,0.003467,0.422915,0.414912,False
0.43883,5,0.170213,0.047046,0.107409,0.003467,0.422915,0.414912,False
0.43883,5,0.191489,0.047046,0.105623,0.003467,0.422915,0.414912,False
0.43883,5,0.212766,0.047046,0.105921,0.003467,0.422915,0.414912,False
0.43883,5,0.234043,0.047886,0.113508,0.003467,0.422915,0.414912,False
0.43883,5,0.255319,0.06596,0.139839,0.003467,0.422915,0.414912,True
0.43883,5,0.276596,0.056443,0.155311,0.003467,0.422915,0.414912,False
0.43883,5,0.297872,0.053891,0.160071,0.003467,0.422915,0.414912,False
0.43883,5,0.319149,0.048337,0.205296,0.003467,0.422915,0.414912,False
0.43883,5,0.340426,0.048037,0.252901,0.003467,0.422915,0.414912,False
0.43883,5,0.361702,0.048037,0.286671,0.003467,0.422915,0.414912,False
0.43883,5,0.382979,0.049898,0.33859,0.003467,0.422915,0.414912,False
0.43883,5,0.404255,0.049898,0.357632,0.003467,0.422915,0.414912,False
0.43883,5,0.425532,0.049898,0.355103,0.003467,0.422915,0.414912,False
0.43883,5,0.446809,0.049898,0.345284,0.003467,0.422915,0.414912,False
0.43883,5,0.468085,0.049898,0.342755,0.003467,0.422915,0.414912,False
0.43883,5,0.489362,0.051759,0.336656,0.003467,0.422915,0.414912,False
0.43883,5,0.510638,0.051759,0.329366,0.003467,0.422915,0.414912,False
0.43883,5,0.531915,0.053891,0.321333,0.003467,0.422915,0.414912,False
0.43883,5,0.553191,0.053891,0.301696,0.003467,0.422915,0.414912,False
0.43883,5,0.574468,0.057944,0.290092,0.003467,0.422915,0.414912,True
0.43883,5,0.595745,0.057944,0.275216,0.003467,0.422915,0.414912,True
0.43883,5,0.617021,0.049898,0.264356,0.003467,0.422915,0.414912,False
0.43883,5,0.638298,0.049898,0.263612,0.003467,0.422915,0.414912,False
0.43883,5,0.659574,0.053891,0.272984,0.003467,0.422915,0.414912,False
0.43883,5,0.680851,0.053891,0.283844,0.003467,0.422915,0.414912,False
0.43883,5,0.702128,0.049898,0.313597,0.003467,0.422915,0.414912,False
0.43883,5,0.723404,0.051759,0.352127,0.003467,0.422915,0.414912,False
0.43883,5,0.744681,0.059956,0.421749,0.003467,0.422915,0.414912,True
0.43883,5,0.765957,0.053321,0.43737,0.003467,0.422915,0.414912,False
0.43883,5,0.787234,0.051759,0.416543,0.003467,0.422915,0.414912,False
0.43883,5,0.808511,0.049898,0.370128,0.003467,0.422915,0.414912,False
0.43883,5,0.829787,0.049898,0.350193,0.003467,0.422915,0.414912,False
0.43883,5,0.851064,0.049898,0.326986,0.003467,0.422915,0.414912,False
0.43883,5,0.87234,0.048337,0.309134,0.003467,0.422915,0.414912,False
0.43883,5,0.893617,0.048337,0.28801,0.003467,0.422915,0.414912,False
0.43883,5,0.914894,0.048337,0.269414,0.003467,0.422915,0.414912,False
0.43883,5,0.93617,0.051759,0.313895,0.003467,0.422915,0.414912,False
0.43883,5,0.957447,0.049898,0.33249,0.003467,0.422915,0.414912,False
0.43883,5,0.978723,0.051759,0.349598,0.003467,0.422915,0.414912,False
0.43883,5,1.0,0.049898,0.342458,0.003467,0.422915,0.414912,False
0.438874,6,0.0,0.048337,0.328474,0.003467,0.422915,0.414912,False
0.438874,6,0.021277,0.048337,0.296638,0.003467,0.422915,0.414912,False
0.438874,6,0.042553,0.047886,0.267331,0.003467,0.422915,0.414912,False
0.438874,6,0.06383,0.047046,0.221214,0.003467,0.422915,0.414912,False
0.438874,6,0.085106,0.047046,0.173312,0.003467,0.422915,0.414912,False
0.438874,6,0.106383,0.047046,0.137757,0.003467,0.422915,0.414912,False
0.438874,6,0.12766,0.045605,0.10607,0.003467,0.422915,0.414912,False
0.438874,6,0.148936,0.045605,0.083457,0.003467,0.422915,0.414912,False
0.438874,6,0.170213,0.045605,0.072597,0.003467,0.422915,0.414912,False
0.438874,6,0.191489,0.047796,0.072151,0.003467,0.422915,0.414912,False
0.438874,6,0.212766,0.053831,0.077209,0.003467,0.422915,0.414912,True
0.438874,6,0.234043,0.066771,0.091342,0.003467,0.422915,0.414912,True
0.438874,6,0.255319,0.06551,0.11812,0.003467,0.422915,0.414912,True
0.438874,6,0.276596,0.048037,0.149658,0.003467,0.422915,0.414912,False
0.438874,6,0.297872,0.047796,0.193395,0.003467,0.422915,0.414912,False
0.438874,6,0.319149,0.048337,0.253942,0.003467,0.422915,0.414912,False
0.438874,6,0.340426,0.049898,0.319994,0.003467,0.422915,0.414912,False
0.438874,6,0.361702,0.049898,0.354061,0.003467,0.422915,0.414912,False
0.438874,6,0.382979,0.049898,0.391401,0.003467,0.422915,0.414912,False
0.438874,6,0.404255,0.049898,0.399435,0.003467,0.422915,0.414912,False
0.438874,6,0.425532,0.049898,0.380244,0.003467,0.422915,0.414912,False
0.438874,6,0.446809,0.048337,0.362987,0.003467,0.422915,0.414912,False
0.438874,6,0.468085,0.049898,0.348706,0.003467,0.422915,0.414912,False
0.438874,6,0.489362,0.048337,0.32892,0.003467,0.422915,0.414912,False
0.438874,6,0.510638,0.048337,0.319845,0.003467,0.422915,0.414912,False
0.438874,6,0.531915,0.048037,0.304671,0.003467,0.422915,0.414912,False
0.438874,6,0.553191,0.047796,0.30125,0.003467,0.422915,0.414912,False
0.438874,6,0.574468,0.048337,0.287266,0.003467,0.422915,0.414912,False
0.438874,6,0.595745,0.048337,0.282803,0.003467,0.422915,0.414912,False
0.438874,6,0.617021,0.048337,0.267629,0.003467,0.422915,0.414912,False
0.438874,6,0.638298,0.048337,0.267034,0.003467,0.422915,0.414912,False
0.438874,6,0.659574,0.049898,0.274026,0.003467,0.422915,0.414912,False
0.438874,6,0.680851,0.049898,0.281464,0.003467,0.422915,0.414912,False
0.438874,6,0.702128,0.051759,0.301845,0.003467,0.422915,0.414912,True
0.438874,6,0.723404,0.053831,0.331598,0.003467,0.422915,0.414912,True
0.438874,6,0.744681,0.058575,0.424874,0.003467,0.422915,0.414912,True
0.438874,6,0.765957,0.053321,0.453585,0.003467,0.422915,0.414912,True
0.438874,6,0.787234,0.051759,0.425915,0.003467,0.422915,0.414912,True
0.438874,6,0.808511,0.051759,0.381285,0.003467,0.422915,0.414912,True
0.438874,6,0.829787,0.051759,0.350342,0.003467,0.422915,0.414912,True
0.438874,6,0.851064,0.053831,0.324308,0.003467,0.422915,0.414912,True
0.438874,6,0.87234,0.051759,0.306159,0.003467,0.422915,0.414912,True
0.438874,6,0.893617,0.053831,0.288753,0.003467,0.422915,0.414912,True
0.438874,6,0.914894,0.049898,0.268968,0.003467,0.422915,0.414912,False
0.438874,6,0.93617,0.051759,0.300357,0.003467,0.422915,0.414912,True
0.438874,6,0.957447,0.049898,0.308242,0.003467,0.422915,0.414912,False
0.438874,6,0.978723,0.049898,0.322374,0.003467,0.422915,0.414912,False
0.438874,6,1.0,0.049898,0.299167,0.003467,0.422915,0.414912,False
0.438919,7,0.0,0.049898,0.276852,0.003467,0.422915,0.414912,False
0.438919,7,0.021277,0.049898,0.230586,0.003467,0.422915,0.414912,False
0.438919,7,0.042553,0.048037,0.204701,0.003467,0.422915,0.414912,False
0.438919,7,0.06383,0.048037,0.166915,0.003467,0.422915,0.414912,False
0.438919,7,0.085106,0.047796,0.126599,0.003467,0.422915,0.414912,False
0.438919,7,0.106383,0.047046,0.101607,0.003467,0.422915,0.414912,False
0.438919,7,0.12766,0.045605,0.081077,0.003467,0.422915,0.414912,False
0.438919,7,0.148936,0.045605,0.066052,0.003467,0.422915,0.414912,False
0.438919,7,0.170213,0.045304,0.054597,0.003467,0.422915,0.414912,False
0.438919,7,0.191489,0.045304,0.050729,0.003467,0.422915,0.414912,False
0.438919,7,0.212766,0.045605,0.054746,0.003467,0.422915,0.414912,False
0.438919,7,0.234043,0.045605,0.06382,0.003467,0.422915,0.414912,False
0.438919,7,0.255319,0.045605,0.081821,0.003467,0.422915,0.414912,False
0.438919,7,0.276596,0.045605,0.100268,0.003467,0.422915,0.414912,False
0.438919,7,0.297872,0.047046,0.117078,0.003467,0.422915,0.414912,False
0.438919,7,0.319149,0.047046,0.176287,0.003467,0.422915,0.414912,False
0.438919,7,0.340426,0.047046,0.225826,0.003467,0.422915,0.414912,False
0.438919,7,0.361702,0.047046,0.268819,0.003467,0.422915,0.414912,False
0.438919,7,0.382979,0.048337,0.312705,0.003467,0.422915,0.414912,False
0.438919,7,0.404255,0.048337,0.328771,0.003467,0.422915,0.414912,False
0.438919,7,0.425532,0.048187,0.328622,0.003467,0.422915,0.414912,False
0.438919,7,0.446809,0.048337,0.319101,0.003467,0.422915,0.414912,False
0.438919,7,0.468085,0.048187,0.309729,0.003467,0.422915,0.414912,False
0.438919,7,0.489362,0.048337,0.307349,0.003467,0.422915,0.414912,False
0.438919,7,0.510638,0.048187,0.296935,0.003467,0.422915,0.414912,False
0.438919,7,0.531915,0.048187,0.281464,0.003467,0.422915,0.414912,False
0.438919,7,0.553191,0.048037,0.268819,0.003467,0.422915,0.414912,False
0.438919,7,0.574468,0.047046,0.257066,0.003467,0.422915,0.414912,False
0.438919,7,0.595745,0.048037,0.250223,0.003467,0.422915,0.414912,False
0.438919,7,0.617021,0.047046,0.237876,0.003467,0.422915,0.414912,False
0.438919,7,0.638298,0.048037,0.234752,0.003467,0.422915,0.414912,False
0.438919,7,0.659574,0.048187,0.236983,0.003467,0.422915,0.414912,False
0.438919,7,0.680851,0.048037,0.242636,0.003467,0.422915,0.414912,False
0.438919,7,0.702128,0.048337,0.267331,0.003467,0.422915,0.414912,False
0.438919,7,0.723404,0.051759,0.306903,0.003467,0.422915,0.414912,True
0.438919,7,0.744681,0.06614,0.406724,0.003467,0.422915,0.414912,True
0.438919,7,0.765957,0.053321,0.441386,0.003467,0.422915,0.414912,True
0.438919,7,0.787234,0.051759,0.421452,0.003467,0.422915,0.414912,True
0.438919,7,0.808511,0.051759,0.383071,0.003467,0.422915,0.414912,True
0.438919,7,0.829787,0.051759,0.360458,0.003467,0.422915,0.414912,True
0.438919,7,0.851064,0.051759,0.342904,0.003467,0.422915,0.414912,True
0.438919,7,0.87234,0.051759,0.329813,0.003467,0.422915,0.414912,True
0.438919,7,0.893617,0.051759,0.296787,0.003467,0.422915,0.414912,True
0.438919,7,0.914894,0.048337,0.270455,0.003467,0.422915,0.414912,False
0.438919,7,0.93617,0.049898,0.293514,0.003467,0.422915,0.414912,True
0.438919,7,0.957447,0.048337,0.300952,0.003467,0.422915,0.414912,False
0.438919,7,0.978723,0.049898,0.314341,0.003467,0.422915,0.414912,True
0.438919,7,1.0,0.048337,0.287712,0.003467,0.422915,0.414912,False
0.438963,1,0.0,0.048337,0.27224,0.003467,0.422915,0.414912,False
0.438963,1,0.021277,0.048337,0.239363,0.003467,0.422915,0.414912,False
0.438963,1,0.042553,0.048337,0.217346,0.003467,0.422915,0.414912,False
0.438963,1,0.06383,0.048037,0.175989,0.003467,0.422915,0.414912,False
0.438963,1,0.085106,0.047046,0.149658,0.003467,0.422915,0.414912,False
0.438963,1,0.106383,0.047046,0.129872,0.003467,0.422915,0.414912,False
0.438963,1,0.12766,0.047046,0.112615,0.003467,0.422915,0.414912,False
0.438963,1,0.148936,0.047046,0.102053,0.003467,0.422915,0.414912,False
0.438963,1,0.170213,0.048037,0.100268,0.003467,0.422915,0.414912,False
0.438963,1,0.191489,0.053621,0.106962,0.003467,0.422915,0.414912,True
0.438963,1,0.212766,0.047046,0.136715,0.003467,0.422915,0.414912,False
0.438963,1,0.234043,0.048037,0.186552,0.003467,0.422915,0.414912,False
0.438963,1,0.255319,0.049898,0.279827,0.003467,0.422915,0.414912,True
0.438963,1,0.276596,0.051759,0.36626,0.003467,0.422915,0.414912,True
0.438963,1,0.297872,0.051759,0.368194,0.003467,0.422915,0.414912,True
0.438963,1,0.319149,0.053321,0.426807,0.003467,0.422915,0.414912,True
0.438963,1,0.340426,0.057974,0.442725,0.003467,0.422915,0.414912,True
0.438963,1,0.361702,0.064309,0.447337,0.003467,0.422915,0.414912,True
0.438963,1,0.382979,0.074967,0.487206,0.003467,0.422915,0.414912,True
0.438963,1,0.404255,0.069653,0.500298,0.003467,0.422915,0.414912,True
0.438963,1,0.425532,0.074967,0.490628,0.003467,0.422915,0.414912,True
0.438963,1,0.446809,0.064309,0.482743,0.003467,0.422915,0.414912,True
0.438963,1,0.468085,0.064309,0.483338,0.003467,0.422915,0.414912,True
0.438963,1,0.489362,0.064309,0.478132,0.003467,0.422915,0.414912,True
0.438963,1,0.510638,0.057974,0.472181,0.003467,0.422915,0.414912,True
0.438963,1,0.531915,0.057974,0.45909,0.003467,0.422915,0.414912,True
0.438963,1,0.553191,0.054612,0.459982,0.003467,0.422915,0.414912,True
0.438963,1,0.574468,0.057974,0.457453,0.003467,0.422915,0.414912,True
0.438963,1,0.595745,0.054612,0.452098,0.003467,0.422915,0.414912,True
0.438963,1,0.617021,0.054612,0.451056,0.003467,0.422915,0.414912,True
0.438963,1,0.638298,0.057974,0.446742,0.003467,0.422915,0.414912,True
0.438963,1,0.659574,0.058725,0.450461,0.003467,0.422915,0.414912,True
0.438963,1,0.680851,0.064309,0.453734,0.003467,0.422915,0.414912,True
0.438963,1,0.702128,0.054612,0.465189,0.003467,0.422915,0.414912,True
0.438963,1,0.723404,0.074967,0.487355,0.003467,0.422915,0.414912,True
0.438963,1,0.744681,0.080281,0.559357,0.003467,0.422915,0.414912,True
0.438963,1,0.765957,0.080281,0.556977,0.003467,0.422915,0.414912,True
0.438963,1,0.787234,0.069653,0.518298,0.003467,0.422915,0.414912,True
0.438963,1,0.808511,0.058965,0.472181,0.003467,0.422915,0.414912,True
0.438963,1,0.829787,0.054612,0.43618,0.003467,0.422915,0.414912,False
0.438963,1,0.851064,0.054612,0.410295,0.003467,0.422915,0.414912,False
0.438963,1,0.87234,0.053321,0.392443,0.003467,0.422915,0.414912,False
0.438963,1,0.893617,0.053591,0.351979,0.003467,0.422915,0.414912,False
0.438963,1,0.914894,0.051759,0.336061,0.003467,0.422915,0.414912,False
0.438963,1,0.93617,0.053621,0.387236,0.003467,0.422915,0.414912,False
0.438963,1,0.957447,0.049898,0.407617,0.003467,0.422915,0.414912,False
0.438963,1,0.978723,0.051759,0.426212,0.003467,0.422915,0.414912,False
0.438963,1,1.0,0.051759,0.421898,0.003467,0.422915,0.414912,False
0.439007,2,0.0,0.054612,0.415501,0.003467,0.422915,0.414912,False
0.439007,2,0.021277,0.058725,0.390955,0.003467,0.422915,0.414912,True
0.439007,2,0.042553,0.058725,0.365516,0.003467,0.422915,0.414912,True
0.439007,2,0.06383,0.053621,0.310771,0.003467,0.422915,0.414912,False
0.439007,2,0.085106,0.053621,0.256769,0.003467,0.422915,0.414912,False
0.439007,2,0.106383,0.048037,0.221958,0.003467,0.422915,0.414912,False
0.439007,2,0.12766,0.058725,0.184469,0.003467,0.422915,0.414912,True
0.439007,2,0.148936,0.053621,0.16022,0.003467,0.422915,0.414912,False
0.439007,2,0.170213,0.046655,0.145939,0.003467,0.422915,0.414912,False
0.439007,2,0.191489,0.046836,0.146236,0.003467,0.422915,0.414912,False
0.439007,2,0.212766,0.047766,0.176733,0.003467,0.422915,0.414912,False
0.439007,2,0.234043,0.047766,0.222702,0.003467,0.422915,0.414912,False
0.439007,2,0.255319,0.051759,0.311514,0.003467,0.422915,0.414912,False
0.439007,2,0.276596,0.053321,0.399732,0.003467,0.422915,0.414912,False
0.439007,2,0.297872,0.053321,0.398245,0.003467,0.422915,0.414912,False
0.439007,2,0.319149,0.053321,0.444511,0.003467,0.422915,0.414912,False
0.439007,2,0.340426,0.057974,0.467569,0.003467,0.422915,0.414912,False
0.439007,2,0.361702,0.057974,0.473669,0.003467,0.422915,0.414912,False
0.439007,2,0.382979,0.058815,0.512943,0.003467,0.422915,0.414912,True
0.439007,2,0.404255,0.064309,0.527819,0.003467,0.422915,0.414912,True
0.439007,2,0.425532,0.057974,0.52291,0.003467,0.422915,0.414912,True
0.439007,2,0.446809,0.054612,0.502231,0.003467,0.422915,0.414912,False
0.439007,2,0.468085,0.053321,0.50238,0.003467,0.422915,0.414912,False
0.439007,2,0.489362,0.054612,0.50238,0.003467,0.422915,0.414912,False
0.439007,2,0.510638,0.054612,0.502231,0.003467,0.422915,0.414912,False
0.439007,2,0.531915,0.057974,0.49881,0.003467,0.422915,0.414912,True
0.439007,2,0.553191,0.053321,0.50119,0.003467,0.422915,0.414912,False
0.439007,2,0.574468,0.053321,0.498959,0.003467,0.422915,0.414912,False
0.439007,2,0.595745,0.053321,0.497025,0.003467,0.422915,0.414912,False
0.439007,2,0.617021,0.053321,0.492115,0.003467,0.422915,0.414912,False
0.439007,2,0.638298,0.053321,0.481702,0.003467,0.422915,0.414912,False
0.439007,2,0.659574,0.053321,0.480363,0.003467,0.422915,0.414912,False
0.439007,2,0.680851,0.053321,0.483933,0.003467,0.422915,0.414912,False
0.439007,2,0.702128,0.053321,0.498512,0.003467,0.422915,0.414912,False
0.439007,2,0.723404,0.054612,0.525736,0.003467,0.422915,0.414912,False
0.439007,2,0.744681,0.080851,0.585242,0.003467,0.422915,0.414912,True
0.439007,2,0.765957,0.110034,0.578846,0.003467,0.422915,0.414912,True
0.439007,2,0.787234,0.088597,0.546712,0.003467,0.422915,0.414912,True
0.439007,2,0.808511,0.054612,0.502231,0.003467,0.422915,0.414912,False
0.439007,2,0.829787,0.054612,0.45909,0.003467,0.422915,0.414912,False
0.439007,2,0.851064,0.054612,0.437072,0.003467,0.422915,0.414912,False
0.439007,2,0.87234,0.053321,0.41089,0.003467,0.422915,0.414912,False
0.439007,2,0.893617,0.053321,0.375186,0.003467,0.422915,0.414912,False
0.439007,2,0.914894,0.053321,0.349598,0.003467,0.422915,0.414912,False
0.439007,2,0.93617,0.053291,0.403303,0.003467,0.422915,0.414912,False
0.439007,2,0.957447,0.051759,0.430229,0.003467,0.422915,0.414912,False
0.439007,2,0.978723,0.053291,0.43737,0.003467,0.422915,0.414912,False
0.439007,2,1.0,0.053321,0.43856,0.003467,0.422915,0.414912,False
0.439051,3,0.0,0.053291,0.424427,0.003467,0.422915,0.414912,False
0.439051,3,0.021277,0.053321,0.403749,0.003467,0.422915,0.414912,False
0.439051,3,0.042553,0.053321,0.375483,0.003467,0.422915,0.414912,False
0.439051,3,0.06383,0.053291,0.323416,0.003467,0.422915,0.414912,False
0.439051,3,0.085106,0.047766,0.265546,0.003467,0.422915,0.414912,False
0.439051,3,0.106383,0.048037,0.22404,0.003467,0.422915,0.414912,False
0.439051,3,0.12766,0.047766,0.185213,0.003467,0.422915,0.414912,False
0.439051,3,0.148936,0.047766,0.163642,0.003467,0.422915,0.414912,False
0.439051,3,0.170213,0.047046,0.151592,0.003467,0.422915,0.414912,False
0.439051,3,0.191489,0.044824,0.156501,0.003467,0.422915,0.414912,False
0.439051,3,0.212766,0.041642,0.184171,0.003467,0.422915,0.414912,False
0.439051,3,0.234043,0.046836,0.229991,0.003467,0.422915,0.414912,False
0.439051,3,0.255319,0.053321,0.322672,0.003467,0.422915,0.414912,False
0.439051,3,0.276596,0.053321,0.411336,0.003467,0.422915,0.414912,False
0.439051,3,0.297872,0.053321,0.407022,0.003467,0.422915,0.414912,False
0.439051,3,0.319149,0.053321,0.460428,0.003467,0.422915,0.414912,False
0.439051,3,0.340426,0.054612,0.472478,0.003467,0.422915,0.414912,False
0.439051,3,0.361702,0.059595,0.470247,0.003467,0.422915,0.414912,True
0.439051,3,0.382979,0.061727,0.512943,0.003467,0.422915,0.414912,True
0.439051,3,0.404255,0.061727,0.524398,0.003467,0.422915,0.414912,True
0.439051,3,0.425532,0.054612,0.51324,0.003467,0.422915,0.414912,False
0.439051,3,0.446809,0.053321,0.506099,0.003467,0.422915,0.414912,False
0.439051,3,0.468085,0.054612,0.504612,0.003467,0.422915,0.414912,False
0.439051,3,0.489362,0.054612,0.504612,0.003467,0.422915,0.414912,False
0.439051,3,0.510638,0.055062,0.504612,0.003467,0.422915,0.414912,False
0.439051,3,0.531915,0.054612,0.498661,0.003467,0.422915,0.414912,False
0.439051,3,0.553191,0.055062,0.503719,0.003467,0.422915,0.414912,False
0.439051,3,0.574468,0.055062,0.503719,0.003467,0.422915,0.414912,False
0.439051,3,0.595745,0.055062,0.49643,0.003467,0.422915,0.414912,False
0.439051,3,0.617021,0.054612,0.488694,0.003467,0.422915,0.414912,False
0.439051,3,0.638298,0.054071,0.479173,0.003467,0.422915,0.414912,False
0.439051,3,0.659574,0.054401,0.47471,0.003467,0.422915,0.414912,False
0.439051,3,0.680851,0.054612,0.4759,0.003467,0.422915,0.414912,False
0.439051,3,0.702128,0.054071,0.486016,0.003467,0.422915,0.414912,False
0.439051,3,0.723404,0.055452,0.511306,0.003467,0.422915,0.414912,False
0.439051,3,0.744681,0.09169,0.573936,0.003467,0.422915,0.414912,True
0.439051,3,0.765957,0.085445,0.569473,0.003467,0.422915,0.414912,True
0.439051,3,0.787234,0.068452,0.53496,0.003467,0.422915,0.414912,True
0.439051,3,0.808511,0.054642,0.485421,0.003467,0.422915,0.414912,False
0.439051,3,0.829787,0.054912,0.467718,0.003467,0.422915,0.414912,False
0.439051,3,0.851064,0.054792,0.453883,0.003467,0.422915,0.414912,False
0.439051,3,0.87234,0.054852,0.429039,0.003467,0.422915,0.414912,False
0.439051,3,0.893617,0.053681,0.395418,0.003467,0.422915,0.414912,False
0.439051,3,0.914894,0.051489,0.365516,0.003467,0.422915,0.414912,False
0.439051,3,0.93617,0.05314,0.418179,0.003467,0.422915,0.414912,False
0.439051,3,0.957447,0.051099,0.439601,0.003467,0.422915,0.414912,False
0.439051,3,0.978723,0.050288,0.4518,0.003467,0.422915,0.414912,False
0.439051,3,1.0,0.05326,0.448825,0.003467,0.422915,0.414912,False
0.442193,4,0.0,0.0532,0.439155,0.003467,0.422915,0.414912,False
0.442193,4,0.021277,0.053771,0.418923,0.003467,0.422915,0.414912,False
0.442193,4,0.042553,0.05284,0.384558,0.003467,0.422915,0.414912,False
0.442193,4,0.06383,0.051159,0.33011,0.003467,0.422915,0.414912,False
0.442193,4,0.085106,0.051459,0.273877,0.003467,0.422915,0.414912,False
0.442193,4,0.106383,0.053951,0.228355,0.003467,0.422915,0.414912,False
0.442193,4,0.12766,0.047466,0.190271,0.003467,0.422915,0.414912,False
0.442193,4,0.148936,0.047076,0.170634,0.003467,0.422915,0.414912,False
0.442193,4,0.170213,0.048217,0.161113,0.003467,0.422915,0.414912,False
0.442193,4,0.191489,0.047076,0.165427,0.003467,0.422915,0.414912,False
0.442193,4,0.212766,0.047076,0.191312,0.003467,0.422915,0.414912,False
0.442193,4,0.234043,0.047856,0.234454,0.003467,0.422915,0.414912,False
0.442193,4,0.255319,0.05215,0.326986,0.003467,0.422915,0.414912,False
0.442193,4,0.276596,0.054521,0.414162,0.003467,0.422915,0.414912,False
0.442193,4,0.297872,0.055662,0.419072,0.003467,0.422915,0.414912,True
0.442193,4,0.319149,0.076138,0.474115,0.003467,0.422915,0.414912,True
0.442193,4,0.340426,0.074967,0.493454,0.003467,0.422915,0.414912,True
0.442193,4,0.361702,0.072595,0.499405,0.003467,0.422915,0.414912,True
0.442193,4,0.382979,0.091269,0.538381,0.003467,0.422915,0.414912,True
0.442193,4,0.404255,0.10499,0.551473,0.003467,0.422915,0.414912,True
0.442193,4,0.425532,0.109884,0.54939,0.003467,0.422915,0.414912,True
0.442193,4,0.446809,0.10583,0.537043,0.003467,0.422915,0.414912,True
0.442193,4,0.468085,0.09253,0.529753,0.003467,0.422915,0.414912,True
0.442193,4,0.489362,0.099646,0.528414,0.003467,0.422915,0.414912,True
0.442193,4,0.510638,0.096433,0.529456,0.003467,0.422915,0.414912,True
0.442193,4,0.531915,0.093671,0.525736,0.003467,0.422915,0.414912,True
0.442193,4,0.553191,0.085475,0.524249,0.003467,0.422915,0.414912,True
0.442193,4,0.574468,0.083133,0.521422,0.003467,0.422915,0.414912,True
0.442193,4,0.595745,0.086616,0.520083,0.003467,0.422915,0.414912,True
0.442193,4,0.617021,0.093671,0.513389,0.003467,0.422915,0.414912,True
0.442193,4,0.638298,0.109103,0.505802,0.003467,0.422915,0.414912,True
0.442193,4,0.659574,0.127507,0.509521,0.003467,0.422915,0.414912,True
0.442193,4,0.680851,0.135763,0.51205,0.003467,0.422915,0.414912,True
0.442193,4,0.702128,0.147832,0.519042,0.003467,0.422915,0.414912,True
0.442193,4,0.723404,0.177435,0.540018,0.003467,0.422915,0.414912,True
0.442193,4,0.744681,0.25027,0.612467,0.003467,0.422915,0.414912,True
0.442193,4,0.765957,0.212411,0.609045,0.003467,0.422915,0.414912,True
0.442193,4,0.787234,0.188543,0.577655,0.003467,0.422915,0.414912,True
0.442193,4,0.808511,0.165816,0.53734,0.003467,0.422915,0.414912,True
0.442193,4,0.829787,0.137474,0.504463,0.003467,0.422915,0.414912,True
0.442193,4,0.851064,0.110874,0.488248,0.003467,0.422915,0.414912,True
0.442193,4,0.87234,0.096854,0.466528,0.003467,0.422915,0.414912,True
0.442193,4,0.893617,0.086676,0.422642,0.003467,0.422915,0.414912,False
0.442193,4,0.914894,0.07848,0.390806,0.003467,0.422915,0.414912,False
0.442193,4,0.93617,0.067972,0.432014,0.003467,0.422915,0.414912,False
0.442193,4,0.957447,0.062267,0.458346,0.003467,0.422915,0.414912,False
0.442193,4,0.978723,0.058725,0.469206,0.003467,0.422915,0.414912,False
0.442193,4,1.0,0.055422,0.460428,0.003467,0.422915,0.414912,False
0.442237,5,0.0,0.059325,0.446742,0.003467,0.422915,0.414912,False
0.442237,5,0.021277,0.054852,0.423386,0.003467,0.422915,0.414912,False
0.442237,5,0.042553,0.049388,0.388426,0.003467,0.422915,0.414912,False
0.442237,5,0.06383,0.047076,0.332937,0.003467,0.422915,0.414912,False
0.442237,5,0.085106,0.043893,0.274472,0.003467,0.422915,0.414912,False
0.442237,5,0.106383,0.031974,0.228503,0.003467,0.422915,0.414912,False
0.442237,5,0.12766,0.038309,0.195478,0.003467,0.422915,0.414912,False
0.442237,5,0.148936,0.028492,0.172865,0.003467,0.422915,0.414912,False
0.442237,5,0.170213,0.035037,0.163642,0.003467,0.422915,0.414912,False
0.442237,5,0.191489,0.037949,0.16751,0.003467,0.422915,0.414912,False
0.442237,5,0.212766,0.043503,0.190568,0.003467,0.422915,0.414912,False
0.442237,5,0.234043,0.049297,0.235793,0.003467,0.422915,0.414912,False
0.442237,5,0.255319,0.053291,0.320887,0.003467,0.422915,0.414912,False
0.442237,5,0.276596,0.110694,0.408807,0.003467,0.422915,0.414912,True
0.442237,5,0.297872,0.056653,0.416543,0.003467,0.422915,0.414912,False
0.442237,5,0.319149,0.072175,0.474412,0.003467,0.422915,0.414912,False
0.442237,5,0.340426,0.076048,0.495983,0.003467,0.422915,0.414912,False
0.442237,5,0.361702,0.073076,0.502678,0.003467,0.422915,0.414912,False
0.442237,5,0.382979,0.07896,0.542993,0.003467,0.422915,0.414912,False
0.442237,5,0.404255,0.086736,0.556531,0.003467,0.422915,0.414912,False
0.442237,5,0.425532,0.079921,0.546861,0.003467,0.422915,0.414912,False
0.442237,5,0.446809,0.075297,0.53972,0.003467,0.422915,0.414912,False
0.442237,5,0.468085,0.126816,0.534067,0.003467,0.422915,0.414912,True
0.442237,5,0.489362,0.057614,0.53496,0.003467,0.422915,0.414912,False
0.442237,5,0.510638,0.064429,0.529307,0.003467,0.422915,0.414912,False
0.442237,5,0.531915,0.067341,0.525588,0.003467,0.422915,0.414912,False
0.442237,5,0.553191,0.067341,0.518001,0.003467,0.422915,0.414912,False
0.442237,5,0.574468,0.064429,0.512348,0.003467,0.422915,0.414912,False
0.442237,5,0.595745,0.061517,0.506843,0.003467,0.422915,0.414912,False
0.442237,5,0.617021,0.058575,0.496132,0.003467,0.422915,0.414912,False
0.442237,5,0.638298,0.055272,0.483338,0.003467,0.422915,0.414912,False
0.442237,5,0.659574,0.056593,0.488099,0.003467,0.422915,0.414912,False
0.442237,5,0.680851,0.054401,0.490628,0.003467,0.422915,0.414912,False
0.442237,5,0.702128,0.057914,0.502975,0.003467,0.422915,0.414912,False
0.442237,5,0.723404,0.076048,0.533472,0.003467,0.422915,0.414912,False
0.442237,5,0.744681,0.11853,0.573341,0.003467,0.422915,0.414912,True
0.442237,5,0.765957,0.093821,0.551622,0.003467,0.422915,0.414912,True
0.442237,5,0.787234,0.082833,0.522315,0.003467,0.422915,0.414912,True
0.442237,5,0.808511,0.059295,0.4759,0.003467,0.422915,0.414912,False
0.442237,5,0.829787,0.054612,0.449866,0.003467,0.422915,0.414912,False
0.442237,5,0.851064,0.055182,0.423237,0.003467,0.422915,0.414912,False
0.442237,5,0.87234,0.055302,0.400625,0.003467,0.422915,0.414912,False
0.442237,5,0.893617,0.055422,0.375186,0.003467,0.422915,0.414912,False
0.442237,5,0.914894,0.05263,0.348706,0.003467,0.422915,0.414912,False
0.442237,5,0.93617,0.055632,0.406724,0.003467,0.422915,0.414912,False
0.442237,5,0.957447,0.053771,0.435882,0.003467,0.422915,0.414912,False
0.442237,5,0.978723,0.053711,0.455668,0.003467,0.422915,0.414912,False
0.442237,5,1.0,0.054341,0.447635,0.003467,0.422915,0.414912,False
0.442281,6,0.0,0.054672,0.430824,0.003467,0.422915,0.414912,False
0.442281,6,0.021277,0.05317,0.407319,0.003467,0.422915,0.414912,False
0.442281,6,0.042553,0.053381,0.36983,0.003467,0.422915,0.414912,False
0.442281,6,0.06383,0.0529,0.309729,0.003467,0.422915,0.414912,False
0.442281,6,0.085106,0.05314,0.244273,0.003467,0.422915,0.414912,False
0.442281,6,0.106383,0.048337,0.204403,0.003467,0.422915,0.414912,False
0.442281,6,0.12766,0.048006,0.164832,0.003467,0.422915,0.414912,False
0.442281,6,0.148936,0.047016,0.137905,0.003467,0.422915,0.414912,False
0.442281,6,0.170213,0.051819,0.128384,0.003467,0.422915,0.414912,False
0.442281,6,0.191489,0.05278,0.121839,0.003467,0.422915,0.414912,False
0.442281,6,0.212766,0.047076,0.127789,0.003467,0.422915,0.414912,False
0.442281,6,0.234043,0.046986,0.141029,0.003467,0.422915,0.414912,False
0.442281,6,0.255319,0.048487,0.176882,0.003467,0.422915,0.414912,False
0.442281,6,0.276596,0.047346,0.206635,0.003467,0.422915,0.414912,False
0.442281,6,0.297872,0.049928,0.250521,0.003467,0.422915,0.414912,False
0.442281,6,0.319149,0.05281,0.324308,0.003467,0.422915,0.414912,False
0.442281,6,0.340426,0.053801,0.382327,0.003467,0.422915,0.414912,False
0.442281,6,0.361702,0.054191,0.422493,0.003467,0.422915,0.414912,False
0.442281,6,0.382979,0.055722,0.459685,0.003467,0.422915,0.414912,False
0.442281,6,0.404255,0.054191,0.46028,0.003467,0.422915,0.414912,False
0.442281,6,0.425532,0.054401,0.452693,0.003467,0.422915,0.414912,False
0.442281,6,0.446809,0.055422,0.433204,0.003467,0.422915,0.414912,False
0.442281,6,0.468085,0.055272,0.41684,0.003467,0.422915,0.414912,False
0.442281,6,0.489362,0.054221,0.408807,0.003467,0.422915,0.414912,False
0.442281,6,0.510638,0.055963,0.396311,0.003467,0.422915,0.414912,False
0.442281,6,0.531915,0.057704,0.38679,0.003467,0.422915,0.414912,True
0.442281,6,0.553191,0.061517,0.368789,0.003467,0.422915,0.414912,True
0.442281,6,0.574468,0.059565,0.359566,0.003467,0.422915,0.414912,True
0.442281,6,0.595745,0.064429,0.343201,0.003467,0.422915,0.414912,True
0.442281,6,0.617021,0.054702,0.333532,0.003467,0.422915,0.414912,False
0.442281,6,0.638298,0.0523,0.329961,0.003467,0.422915,0.414912,False
0.442281,6,0.659574,0.051789,0.335466,0.003467,0.422915,0.414912,False
0.442281,6,0.680851,0.05272,0.34097,0.003467,0.422915,0.414912,False
0.442281,6,0.702128,0.055512,0.368343,0.003467,0.422915,0.414912,False
0.442281,6,0.723404,0.055933,0.40717,0.003467,0.422915,0.414912,False
0.442281,6,0.744681,0.057584,0.487206,0.003467,0.422915,0.414912,True
0.442281,6,0.765957,0.064429,0.495388,0.003467,0.422915,0.414912,True
0.442281,6,0.787234,0.063738,0.464296,0.003467,0.422915,0.414912,True
0.442281,6,0.808511,0.055722,0.418923,0.003467,0.422915,0.414912,True
0.442281,6,0.829787,0.053951,0.382773,0.003467,0.422915,0.414912,False
0.442281,6,0.851064,0.05317,0.360607,0.003467,0.422915,0.414912,False
0.442281,6,0.87234,0.053681,0.341714,0.003467,0.422915,0.414912,False
0.442281,6,0.893617,0.051339,0.318209,0.003467,0.422915,0.414912,False
0.442281,6,0.914894,0.051339,0.298126,0.003467,0.422915,0.414912,False
0.442281,6,0.93617,0.054642,0.323713,0.003467,0.422915,0.414912,True
0.442281,6,0.957447,0.05308,0.332342,0.003467,0.422915,0.414912,False
0.442281,6,0.978723,0.059565,0.340524,0.003467,0.422915,0.414912,True
0.442281,6,1.0,0.05317,0.322374,0.003467,0.422915,0.414912,False
0.442326,7,0.0,0.046325,0.298274,0.003467,0.422915,0.414912,False
0.442326,7,0.021277,0.045485,0.253794,0.003467,0.422915,0.414912,False
0.442326,7,0.042553,0.047316,0.231032,0.003467,0.422915,0.414912,False
0.442326,7,0.06383,0.036658,0.18313,0.003467,0.422915,0.414912,False
0.442326,7,0.085106,0.041882,0.148319,0.003467,0.422915,0.414912,False
0.442326,7,0.106383,0.033776,0.119905,0.003467,0.422915,0.414912,False
0.442326,7,0.12766,0.043473,0.098185,0.003467,0.422915,0.414912,False
0.442326,7,0.148936,0.05326,0.083309,0.003467,0.422915,0.414912,True
0.442326,7,0.170213,0.055032,0.071407,0.003467,0.422915,0.414912,True
0.442326,7,0.191489,0.058725,0.07111,0.003467,0.422915,0.414912,True
0.442326,7,0.212766,0.042182,0.079143,0.003467,0.422915,0.414912,False
0.442326,7,0.234043,0.030413,0.088069,0.003467,0.422915,0.414912,False
0.442326,7,0.255319,0.027891,0.078994,0.003467,0.422915,0.414912,False
0.442326,7,0.276596,0.03915,0.116632,0.003467,0.422915,0.414912,False
0.442326,7,0.297872,0.03993,0.136715,0.003467,0.422915,0.414912,False
0.442326,7,0.319149,0.050318,0.189973,0.003467,0.422915,0.414912,False
0.442326,7,0.340426,0.05263,0.24695,0.003467,0.422915,0.414912,True
0.442326,7,0.361702,0.067341,0.298126,0.003467,0.422915,0.414912,True
0.442326,7,0.382979,0.05257,0.344987,0.003467,0.422915,0.414912,True
0.442326,7,0.404255,0.053321,0.364475,0.003467,0.422915,0.414912,True
0.442326,7,0.425532,0.054642,0.358673,0.003467,0.422915,0.414912,True
0.442326,7,0.446809,0.054431,0.350788,0.003467,0.422915,0.414912,True
0.442326,7,0.468085,0.057614,0.349747,0.003467,0.422915,0.414912,True
0.442326,7,0.489362,0.056563,0.344689,0.003467,0.422915,0.414912,True
0.442326,7,0.510638,0.059745,0.340821,0.003467,0.422915,0.414912,True
0.442326,7,0.531915,0.059745,0.330408,0.003467,0.422915,0.414912,True
0.442326,7,0.553191,0.062147,0.316572,0.003467,0.422915,0.414912,True
0.442326,7,0.574468,0.061217,0.30125,0.003467,0.422915,0.414912,True
0.442326,7,0.595745,0.061997,0.293514,0.003467,0.422915,0.414912,True
0.442326,7,0.617021,0.059475,0.285481,0.003467,0.422915,0.414912,True
0.442326,7,0.638298,0.051339,0.281761,0.003467,0.422915,0.414912,False
0.442326,7,0.659574,0.053321,0.286224,0.003467,0.422915,0.414912,True
0.442326,7,0.680851,0.051219,0.290985,0.003467,0.422915,0.414912,False
0.442326,7,0.702128,0.05257,0.316572,0.003467,0.422915,0.414912,True
0.442326,7,0.723404,0.054852,0.373252,0.003467,0.422915,0.414912,True
0.442326,7,0.744681,0.077939,0.45909,0.003467,0.422915,0.414912,True
0.442326,7,0.765957,0.081422,0.477983,0.003467,0.422915,0.414912,True
0.442326,7,0.787234,0.069863,0.453139,0.003467,0.422915,0.414912,True
0.442326,7,0.808511,0.057314,0.413716,0.003467,0.422915,0.414912,True
0.442326,7,0.829787,0.053321,0.383814,0.003467,0.422915,0.414912,True
0.442326,7,0.851064,0.05311,0.363582,0.003467,0.422915,0.414912,True
0.442326,7,0.87234,0.05242,0.347813,0.003467,0.422915,0.414912,False
0.442326,7,0.893617,0.050648,0.318655,0.003467,0.422915,0.414912,False
0.442326,7,0.914894,0.049508,0.28191,0.003467,0.422915,0.414912,False
0.442326,7,0.93617,0.051039,0.308688,0.003467,0.422915,0.414912,False
0.442326,7,0.957447,0.051039,0.319994,0.003467,0.422915,0.414912,False
0.442326,7,0.978723,0.058064,0.337548,0.003467,0.422915,0.414912,True
0.442326,7,1.0,0.054221,0.315234,0.003467,0.422915,0.414912,True
0.442326,1,0.0,0.046325,0.298274,0.003232,0.296737,0.500526,False
0.442326,1,0.021277,0.045485,0.253794,0.003145,0.268255,0.500526,False
0.442326,1,0.042553,0.047316,0.231032,0.00291,0.306577,0.500526,False
0.442326,1,0.06383,0.036658,0.18313,0.002956,0.271621,0.500526,False
0.442326,1,0.085106,0.041882,0.148319,0.002659,0.219834,0.500526,False
0.442326,1,0.106383,0.033776,0.119905,0.002418,0.16753,0.500526,False
0.442326,1,0.12766,0.043473,0.098185,0.002198,0.12869,0.500526,False
0.442326,1,0.148936,0.05326,0.083309,0.002034,0.0826,0.500526,True
0.442326,1,0.170213,0.055032,0.071407,0.002034,0.058001,0.500526,True
0.442326,1,0.191489,0.058725,0.07111,0.0,0.042465,0.500526,True
0.442326,1,0.212766,0.042182,0.079143,0.0,0.032626,0.500526,False
0.442326,1,0.234043,0.030413,0.088069,0.0,0.030554,0.500526,False
0.442326,1,0.255319,0.027891,0.078994,0.0,0.028742,0.500526,False
0.442326,1,0.276596,0.03915,0.116632,0.0,0.03884,0.500526,False
0.442326,1,0.297872,0.03993,0.136715,0.000974,0.044019,0.500526,False
0.442326,1,0.319149,0.050318,0.189973,0.001346,0.055671,0.500526,False
0.442326,1,0.340426,0.05263,0.24695,0.00189,0.090109,0.500526,False
0.442326,1,0.361702,0.053381,0.298126,0.001959,0.125583,0.500526,True
0.442326,1,0.382979,0.05257,0.344987,0.002152,0.146038,0.500526,True
0.442326,1,0.404255,0.053321,0.364475,0.002239,0.171155,0.500526,True
0.442326,1,0.425532,0.054642,0.358673,0.002717,0.188503,0.500526,True
0.442326,1,0.446809,0.054431,0.350788,0.002862,0.199896,0.500526,True
0.442326,1,0.468085,0.057614,0.349747,0.002468,0.200414,0.500526,True
0.442326,1,0.489362,0.056563,0.344689,0.002341,0.212843,0.500526,True
0.442326,1,0.510638,0.059745,0.340821,0.003108,0.227343,0.500526,True
0.442326,1,0.531915,0.059745,0.330408,0.004146,0.234593,0.500526,True
0.442326,1,0.553191,0.062147,0.316572,0.003839,0.236147,0.500526,True
0.442326,1,0.574468,0.061217,0.30125,0.003797,0.226049,0.500526,True
0.442326,1,0.595745,0.061997,0.293514,0.003475,0.211031,0.500526,True
0.442326,1,0.617021,0.059475,0.285481,0.003648,0.205852,0.500526,True
0.442326,1,0.638298,0.051339,0.281761,0.003168,0.207405,0.500526,False
0.442326,1,0.659574,0.053321,0.286224,0.00317,0.211548,0.500526,True
0.442326,1,0.680851,0.051219,0.290985,0.003024,0.232781,0.500526,False
0.442326,1,0.702128,0.05257,0.316572,0.00354,0.278871,0.500526,True
0.442326,1,0.723404,0.054852,0.373252,0.004022,0.318488,0.500526,True
0.442326,1,0.744681,0.077939,0.45909,0.005517,0.372864,0.500526,True
0.442326,1,0.765957,0.081422,0.477983,0.005621,0.391248,0.500526,True
0.442326,1,0.787234,0.069863,0.453139,0.004686,0.37623,0.500526,True
0.442326,1,0.808511,0.057314,0.413716,0.003889,0.350078,0.500526,True
0.442326,1,0.829787,0.053321,0.383814,0.003621,0.330399,0.500526,True
0.442326,1,0.851064,0.05311,0.363582,0.003614,0.31305,0.500526,True
0.442326,1,0.87234,0.05242,0.347813,0.003577,0.300363,0.500526,True
0.442326,1,0.893617,0.050648,0.318655,0.003438,0.267996,0.500526,False
0.442326,1,0.914894,0.049508,0.28191,0.00333,0.249094,0.500526,False
0.442326,1,0.93617,0.051039,0.308688,0.003463,0.249871,0.500526,False
0.442326,1,0.957447,0.051039,0.319994,0.00343,0.252201,0.500526,False
0.442326,1,0.978723,0.058064,0.337548,0.003932,0.331176,0.500526,True
0.442326,1,1.0,0.054221,0.315234,0.003741,0.328068,0.500526,True
0.44237,2,0.0,0.048997,0.294704,0.003382,0.296737,0.500526,False
0.44237,2,0.021277,0.047166,0.250223,0.003178,0.269032,0.500526,False
0.44237,2,0.042553,0.054251,0.23609,0.00365,0.32289,0.500526,True
0.44237,2,0.06383,0.047826,0.201726,0.003243,0.296737,0.500526,False
0.44237,2,0.085106,0.039,0.164981,0.00273,0.254272,0.500526,False
0.44237,2,0.106383,0.03963,0.135823,0.002721,0.216209,0.500526,False
0.44237,2,0.12766,0.034556,0.117227,0.002283,0.178405,0.500526,False
0.44237,2,0.148936,0.030924,0.104136,0.002036,0.146038,0.500526,False
0.44237,2,0.170213,0.037889,0.107557,0.002501,0.126618,0.500526,False
0.44237,2,0.191489,0.03891,0.116781,0.002599,0.120145,0.500526,False
0.44237,2,0.212766,0.041732,0.146385,0.002931,0.139306,0.500526,False
0.44237,2,0.234043,0.042392,0.189527,0.003012,0.16986,0.500526,False
0.44237,2,0.255319,0.045485,0.288753,0.003029,0.245469,0.500526,False
0.44237,2,0.276596,0.050078,0.375632,0.003502,0.330917,0.500526,False
0.44237,2,0.297872,0.050889,0.383071,0.003828,0.382185,0.500526,False
0.44237,2,0.319149,0.062027,0.442874,0.004333,0.448472,0.500526,True
0.44237,2,0.340426,0.074036,0.470544,0.005793,0.478509,0.500526,True
0.44237,2,0.361702,0.077339,0.479917,0.005517,0.484464,0.500526,True
0.44237,2,0.382979,0.077609,0.523654,0.005735,0.485759,0.500526,True
0.44237,2,0.404255,0.07845,0.55296,0.007171,0.490161,0.500526,True
0.44237,2,0.425532,0.060496,0.54463,0.005328,0.479026,0.500526,True
0.44237,2,0.446809,0.061847,0.535852,0.00478,0.477732,0.500526,True
0.44237,2,0.468085,0.061757,0.531538,0.004242,0.471776,0.500526,True
0.44237,2,0.489362,0.071995,0.537489,0.005079,0.477214,0.500526,True
0.44237,2,0.510638,0.074997,0.526629,0.005395,0.462714,0.500526,True
0.44237,2,0.531915,0.064579,0.516067,0.004404,0.451838,0.500526,True
0.44237,2,0.553191,0.075657,0.516215,0.005228,0.467892,0.500526,True
0.44237,2,0.574468,0.084394,0.511901,0.006637,0.455463,0.500526,True
0.44237,2,0.595745,0.09175,0.501785,0.006575,0.442776,0.500526,True
0.44237,2,0.617021,0.081902,0.491074,0.005719,0.443294,0.500526,True
0.44237,2,0.638298,0.080701,0.483785,0.005895,0.437338,0.500526,True
0.44237,2,0.659574,0.06635,0.494347,0.004632,0.424909,0.500526,True
0.44237,2,0.680851,0.066801,0.51086,0.004749,0.431901,0.500526,True
0.44237,2,0.702128,0.077399,0.538828,0.005451,0.448731,0.500526,True
0.44237,2,0.723404,0.107061,0.573044,0.007786,0.491196,0.500526,True
0.44237,2,0.744681,0.122823,0.618268,0.008484,0.566805,0.500526,True
0.44237,2,0.765957,0.124715,0.593871,0.008992,0.585707,0.500526,True
0.44237,2,0.787234,0.123964,0.555192,0.009906,0.544795,0.500526,True
0.44237,2,0.808511,0.10559,0.506843,0.007906,0.499482,0.500526,True
0.44237,2,0.829787,0.074397,0.467123,0.00521,0.470999,0.500526,True
0.44237,2,0.851064,0.077459,0.445403,0.005378,0.444847,0.500526,True
0.44237,2,0.87234,0.089318,0.427998,0.006466,0.428017,0.500526,True
0.44237,2,0.893617,0.075657,0.382475,0.005528,0.3884,0.500526,True
0.44237,2,0.914894,0.06548,0.357334,0.00479,0.352667,0.500526,False
0.44237,2,0.93617,0.064879,0.414609,0.00467,0.340497,0.500526,False
0.44237,2,0.957447,0.063558,0.438709,0.004564,0.33247,0.500526,False
0.44237,2,0.978723,0.074397,0.452395,0.005415,0.412222,0.500526,True
0.44237,2,1.0,0.077309,0.44332,0.005484,0.409632,0.500526,True
0.442414,3,0.0,0.075327,0.433056,0.005291,0.375712,0.500526,True
0.442414,3,0.021277,0.06536,0.406873,0.004794,0.340497,0.500526,False
0.442414,3,0.042553,0.067101,0.37593,0.004863,0.389953,0.500526,False
0.442414,3,0.06383,0.062147,0.324011,0.004335,0.357846,0.500526,False
0.442414,3,0.085106,0.0529,0.265992,0.004105,0.320818,0.500526,False
0.442414,3,0.106383,0.046445,0.218387,0.00322,0.273175,0.500526,False
0.442414,3,0.12766,0.045154,0.183576,0.003066,0.234852,0.500526,False
0.442414,3,0.148936,0.043473,0.159923,0.002973,0.197048,0.500526,False
0.442414,3,0.170213,0.041702,0.149212,0.002885,0.172708,0.500526,False
0.442414,3,0.191489,0.042122,0.147724,0.002879,0.163387,0.500526,False
0.442414,3,0.212766,0.043323,0.17956,0.002939,0.171414,0.500526,False
0.442414,3,0.234043,0.045725,0.218685,0.003105,0.207147,0.500526,False
0.442414,3,0.255319,0.049117,0.307647,0.003698,0.275764,0.500526,False
0.442414,3,0.276596,0.055392,0.399583,0.004491,0.359917,0.500526,False
0.442414,3,0.297872,0.059625,0.407766,0.004786,0.405748,0.500526,False
0.442414,3,0.319149,0.077519,0.456561,0.005928,0.476696,0.500526,True
0.442414,3,0.340426,0.087156,0.475602,0.006845,0.498446,0.500526,True
0.442414,3,0.361702,0.084514,0.480661,0.00646,0.499482,0.500526,True
0.442414,3,0.382979,0.09199,0.523654,0.006338,0.497152,0.500526,True
0.442414,3,0.404255,0.099225,0.542249,0.006799,0.492232,0.500526,True
0.442414,3,0.425532,0.088567,0.53377,0.00628,0.5,0.500526,True
0.442414,3,0.446809,0.076588,0.513835,0.005289,0.498705,0.500526,True
0.442414,3,0.468085,0.084844,0.517852,0.006286,0.496893,0.500526,True
0.442414,3,0.489362,0.084514,0.520678,0.006365,0.498187,0.500526,True
0.442414,3,0.510638,0.075507,0.518744,0.005187,0.503366,0.500526,True
0.442414,3,0.531915,0.075507,0.511604,0.00538,0.520456,0.500526,True
0.442414,3,0.553191,0.074847,0.505207,0.005334,0.524599,0.500526,True
0.442414,3,0.574468,0.075207,0.515918,0.005303,0.538063,0.500526,True
0.442414,3,0.595745,0.082593,0.513538,0.005617,0.538322,0.500526,True
0.442414,3,0.617021,0.075087,0.506992,0.005357,0.531849,0.500526,True
0.442414,3,0.638298,0.075507,0.49881,0.005301,0.518643,0.500526,True
0.442414,3,0.659574,0.075567,0.494793,0.005253,0.532367,0.500526,True
0.442414,3,0.680851,0.086196,0.497769,0.006007,0.559555,0.500526,True
0.442414,3,0.702128,0.123274,0.510414,0.009306,0.579492,0.500526,True
0.442414,3,0.723404,0.108292,0.544927,0.007426,0.624288,0.500526,True
0.442414,3,0.744681,0.124745,0.597441,0.011284,0.652771,0.500526,True
0.442414,3,0.765957,0.127447,0.579441,0.011496,0.634386,0.500526,True
0.442414,3,0.787234,0.112796,0.540167,0.007545,0.581046,0.500526,True
0.442414,3,0.808511,0.094452,0.496132,0.006354,0.523304,0.500526,True
0.442414,3,0.829787,0.073976,0.459982,0.005031,0.496634,0.500526,False
0.442414,3,0.851064,0.081962,0.43975,0.005588,0.47825,0.500526,True
0.442414,3,0.87234,0.068212,0.413419,0.004647,0.432418,0.500526,False
0.442414,3,0.893617,0.059505,0.377715,0.004078,0.396945,0.500526,False
0.442414,3,0.914894,0.060886,0.358375,0.004182,0.378301,0.500526,False
0.442414,3,0.93617,0.059265,0.415799,0.004073,0.326774,0.500526,False
0.442414,3,0.957447,0.055602,0.436924,0.003828,0.368203,0.500526,False
0.442414,3,0.978723,0.069383,0.446593,0.004821,0.419731,0.500526,False
0.442414,3,1.0,0.061307,0.438709,0.004458,0.420249,0.500526,False
0.442458,4,0.0,0.06551,0.423237,0.00473,0.383998,0.500526,False
0.442458,4,0.021277,0.058154,0.404641,0.004013,0.354738,0.500526,False
0.442458,4,0.042553,0.057314,0.37355,0.003976,0.400829,0.500526,False
0.442458,4,0.06383,0.054011,0.309878,0.003745,0.372605,0.500526,False
0.442458,4,0.085106,0.047196,0.250818,0.003226,0.321595,0.500526,False
0.442458,4,0.106383,0.045605,0.209164,0.003087,0.268255,0.500526,False
0.442458,4,0.12766,0.043773,0.177626,0.002946,0.2232,0.500526,False
0.442458,4,0.148936,0.040771,0.152038,0.002734,0.196789,0.500526,False
0.442458,4,0.170213,0.043473,0.144302,0.002919,0.176334,0.500526,False
0.442458,4,0.191489,0.042692,0.138947,0.002831,0.165199,0.500526,False
0.442458,4,0.212766,0.044704,0.16632,0.003006,0.181771,0.500526,False
0.442458,4,0.234043,0.045304,0.206189,0.003043,0.212843,0.500526,False
0.442458,4,0.255319,0.047346,0.302291,0.003182,0.285603,0.500526,False
0.442458,4,0.276596,0.050408,0.387682,0.003425,0.368721,0.500526,False
0.442458,4,0.297872,0.049598,0.38798,0.003417,0.409632,0.500526,False
0.442458,4,0.319149,0.055542,0.444511,0.00388,0.477732,0.500526,False
0.442458,4,0.340426,0.059115,0.464445,0.00415,0.512688,0.500526,False
0.442458,4,0.361702,0.05269,0.466528,0.003691,0.508027,0.500526,False
0.442458,4,0.382979,0.058124,0.510711,0.004036,0.509322,0.500526,False
0.442458,4,0.404255,0.058605,0.531985,0.004096,0.503107,0.500526,False
0.442458,4,0.425532,0.058725,0.524398,0.004103,0.511393,0.500526,False
0.442458,4,0.446809,0.057254,0.517703,0.004011,0.507509,0.500526,False
0.442458,4,0.468085,0.077579,0.513835,0.005461,0.508027,0.500526,True
0.442458,4,0.489362,0.058785,0.517852,0.004173,0.511134,0.500526,False
0.442458,4,0.510638,0.06533,0.516364,0.004707,0.509063,0.500526,False
0.442458,4,0.531915,0.06581,0.510711,0.004663,0.511652,0.500526,False
0.442458,4,0.553191,0.064759,0.507438,0.004591,0.541429,0.500526,False
0.442458,4,0.574468,0.072295,0.502529,0.005106,0.548162,0.500526,True
0.442458,4,0.595745,0.070163,0.500298,0.004946,0.543501,0.500526,True
0.442458,4,0.617021,0.075207,0.484677,0.005388,0.533661,0.500526,True
0.442458,4,0.638298,0.068032,0.477983,0.004796,0.511393,0.500526,True
0.442458,4,0.659574,0.070043,0.49033,0.004938,0.508286,0.500526,True
0.442458,4,0.680851,0.075838,0.509521,0.00532,0.505438,0.500526,True
0.442458,4,0.702128,0.069233,0.539869,0.004842,0.515277,0.500526,True
0.442458,4,0.723404,0.079681,0.570812,0.00555,0.560849,0.500526,True
0.442458,4,0.744681,0.1442,0.604731,0.009823,0.641378,0.500526,True
0.442458,4,0.765957,0.142578,0.581672,0.009709,0.648628,0.500526,True
0.442458,4,0.787234,0.124475,0.545076,0.008496,0.618074,0.500526,True
0.442458,4,0.808511,0.082323,0.500744,0.005665,0.571466,0.500526,True
0.442458,4,0.829787,0.078209,0.467123,0.005434,0.542983,0.500526,True
0.442458,4,0.851064,0.071304,0.448378,0.004987,0.508545,0.500526,True
0.442458,4,0.87234,0.067731,0.427254,0.004753,0.477473,0.500526,True
0.442458,4,0.893617,0.062417,0.387533,0.004385,0.436044,0.500526,False
0.442458,4,0.914894,0.055422,0.35064,0.003889,0.403418,0.500526,False
0.442458,4,0.93617,0.053351,0.411782,0.003756,0.390989,0.500526,False
0.442458,4,0.957447,0.05326,0.430973,0.003749,0.373382,0.500526,False
0.442458,4,0.978723,0.064909,0.452246,0.004599,0.458312,0.500526,True
0.442458,4,1.0,0.064759,0.450164,0.004607,0.457535,0.500526,False
0.442503,5,0.0,0.064579,0.432758,0.004728,0.426204,0.500526,False
0.442503,5,0.021277,0.055392,0.411038,0.003901,0.396168,0.500526,False
0.442503,5,0.042553,0.055092,0.379649,0.003891,0.437338,0.500526,False
0.442503,5,0.06383,0.054131,0.322523,0.003799,0.413516,0.500526,False
0.442503,5,0.085106,0.050468,0.260488,0.003484,0.370792,0.500526,False
0.442503,5,0.106383,0.047406,0.210057,0.003209,0.319524,0.500526,False
0.442503,5,0.12766,0.044764,0.173758,0.002989,0.282496,0.500526,False
0.442503,5,0.148936,0.042452,0.155906,0.002806,0.24521,0.500526,False
0.442503,5,0.170213,0.034556,0.142963,0.002275,0.226567,0.500526,False
0.442503,5,0.191489,0.030954,0.141625,0.002029,0.211031,0.500526,False
0.442503,5,0.212766,0.037348,0.17227,0.002447,0.2232,0.500526,False
0.442503,5,0.234043,0.045094,0.220768,0.002956,0.252201,0.500526,False
0.442503,5,0.255319,0.048427,0.315531,0.003216,0.326774,0.500526,False
0.442503,5,0.276596,0.051009,0.419518,0.003452,0.409891,0.500526,False
0.442503,5,0.297872,0.049958,0.434395,0.003411,0.459606,0.500526,False
0.442503,5,0.319149,0.070043,0.501488,0.004813,0.538063,0.500526,True
0.442503,5,0.340426,0.085685,0.510711,0.00586,0.580528,0.500526,True
0.442503,5,0.361702,0.078209,0.512348,0.005336,0.574573,0.500526,True
0.442503,5,0.382979,0.07914,0.544481,0.005399,0.592957,0.500526,True
0.442503,5,0.404255,0.080972,0.550134,0.005496,0.585966,0.500526,True
0.442503,5,0.425532,0.077969,0.535704,0.005299,0.572501,0.500526,True
0.442503,5,0.446809,0.068812,0.527224,0.004703,0.564474,0.500526,True
0.442503,5,0.468085,0.069893,0.512943,0.004784,0.555153,0.500526,True
0.442503,5,0.489362,0.069022,0.506099,0.00474,0.54376,0.500526,True
0.442503,5,0.510638,0.079801,0.494198,0.005363,0.524599,0.500526,True
0.442503,5,0.531915,0.068572,0.489586,0.004715,0.513465,0.500526,True
0.442503,5,0.553191,0.071424,0.487652,0.004915,0.556706,0.500526,True
0.442503,5,0.574468,0.076618,0.48438,0.005293,0.56784,0.500526,True
0.442503,5,0.595745,0.077069,0.466528,0.00532,0.570689,0.500526,True
0.442503,5,0.617021,0.07833,0.465784,0.005409,0.57043,0.500526,True
0.442503,5,0.638298,0.085355,0.469206,0.005823,0.566805,0.500526,True
0.442503,5,0.659574,0.085145,0.474561,0.005814,0.56551,0.500526,True
0.442503,5,0.680851,0.077159,0.486611,0.005285,0.575867,0.500526,True
0.442503,5,0.702128,0.071304,0.506843,0.004913,0.568358,0.500526,True
0.442503,5,0.723404,0.090729,0.553853,0.006219,0.622734,0.500526,True
0.442503,5,0.744681,0.135583,0.63493,0.009462,0.66753,0.500526,True
0.442503,5,0.765957,0.128678,0.630913,0.010966,0.661574,0.500526,True
0.442503,5,0.787234,0.114177,0.613359,0.00759,0.627913,0.500526,True
0.442503,5,0.808511,0.104179,0.584796,0.006923,0.586743,0.500526,True
0.442503,5,0.829787,0.101777,0.560845,0.006803,0.555153,0.500526,True
0.442503,5,0.851064,0.088117,0.537489,0.005922,0.520456,0.500526,True
0.442503,5,0.87234,0.088387,0.511455,0.005924,0.497929,0.500526,True
0.442503,5,0.893617,0.07872,0.470396,0.00526,0.45391,0.500526,True
0.442503,5,0.914894,0.071514,0.428146,0.004828,0.426204,0.500526,True
0.442503,5,0.93617,0.0662,0.475602,0.00451,0.414034,0.500526,False
0.442503,5,0.957447,0.064159,0.488694,0.004389,0.403159,0.500526,False
0.442503,5,0.978723,0.066561,0.499851,0.004612,0.480839,0.500526,False
0.442503,5,1.0,0.069713,0.491223,0.004832,0.469705,0.500526,False
0.442547,6,0.0,0.067822,0.475602,0.004761,0.440963,0.500526,False
0.442547,6,0.021277,0.064189,0.454775,0.004408,0.40782,0.500526,False
0.442547,6,0.042553,0.067551,0.41803,0.004666,0.461678,0.500526,False
0.442547,6,0.06383,0.066801,0.367004,0.004597,0.439927,0.500526,False
0.442547,6,0.085106,0.054221,0.305861,0.003698,0.390471,0.500526,False
0.442547,6,0.106383,0.049838,0.261232,0.003361,0.344381,0.500526,False
0.442547,6,0.12766,0.046956,0.218834,0.003139,0.292853,0.500526,False
0.442547,6,0.148936,0.046115,0.193097,0.003064,0.266701,0.500526,False
0.442547,6,0.170213,0.045034,0.172419,0.002991,0.241326,0.500526,False
0.442547,6,0.191489,0.044404,0.178518,0.002939,0.220352,0.500526,False
0.442547,6,0.212766,0.046025,0.202916,0.003058,0.242879,0.500526,False
0.442547,6,0.234043,0.045815,0.243975,0.00306,0.268773,0.500526,False
0.442547,6,0.255319,0.048877,0.343053,0.003284,0.341533,0.500526,False
0.442547,6,0.276596,0.0523,0.449569,0.003552,0.422838,0.500526,False
0.442547,6,0.297872,0.058124,0.469354,0.003997,0.468151,0.500526,False
0.442547,6,0.319149,0.086165,0.533175,0.005899,0.548162,0.500526,True
0.442547,6,0.340426,0.1052,0.555936,0.007123,0.5826,0.500526,True
0.442547,6,0.361702,0.087727,0.560399,0.005935,0.575608,0.500526,True
0.442547,6,0.382979,0.087637,0.594317,0.005831,0.585707,0.500526,True
0.442547,6,0.404255,0.089678,0.610533,0.006041,0.564733,0.500526,True
0.442547,6,0.425532,0.075537,0.59283,0.005091,0.517349,0.500526,True
0.442547,6,0.446809,0.075477,0.569771,0.005152,0.560073,0.500526,True
0.442547,6,0.468085,0.074427,0.552663,0.005102,0.55593,0.500526,False
0.442547,6,0.489362,0.069113,0.535852,0.004778,0.55334,0.500526,False
0.442547,6,0.510638,0.070704,0.53258,0.004882,0.547644,0.500526,False
0.442547,6,0.531915,0.07905,0.523207,0.005438,0.540394,0.500526,True
0.442547,6,0.553191,0.0656,0.517852,0.004572,0.55334,0.500526,False
0.442547,6,0.574468,0.059625,0.510414,0.004182,0.550751,0.500526,False
0.442547,6,0.595745,0.069743,0.503422,0.004855,0.53651,0.500526,False
0.442547,6,0.617021,0.074877,0.48914,0.005193,0.527706,0.500526,True
0.442547,6,0.638298,0.072265,0.479768,0.004952,0.513723,0.500526,False
0.442547,6,0.659574,0.064969,0.498661,0.004449,0.494045,0.500526,False
0.442547,6,0.680851,0.053951,0.509967,0.003691,0.478509,0.500526,False
0.442547,6,0.702128,0.070884,0.552365,0.004738,0.494562,0.500526,False
0.442547,6,0.723404,0.093971,0.599821,0.006506,0.547903,0.500526,True
0.442547,6,0.744681,0.132701,0.670931,0.008656,0.621958,0.500526,True
0.442547,6,0.765957,0.145551,0.67346,0.009424,0.622734,0.500526,True
0.442547,6,0.787234,0.114477,0.648319,0.00741,0.595546,0.500526,True
0.442547,6,0.808511,0.098205,0.606516,0.006427,0.548162,0.500526,True
0.442547,6,0.829787,0.090609,0.58435,0.005941,0.526929,0.500526,True
0.442547,6,0.851064,0.076618,0.556828,0.005044,0.496116,0.500526,True
0.442547,6,0.87234,0.084814,0.524546,0.005577,0.476955,0.500526,True
0.442547,6,0.893617,0.084424,0.48795,0.005567,0.439927,0.500526,True
0.442547,6,0.914894,0.06563,0.456263,0.004383,0.404454,0.500526,False
0.442547,6,0.93617,0.073015,0.506397,0.004861,0.397462,0.500526,True
0.442547,6,0.957447,0.071694,0.527968,0.00479,0.394614,0.500526,False
0.442547,6,0.978723,0.087066,0.536596,0.005858,0.49508,0.500526,True
0.442547,6,1.0,0.086316,0.517703,0.0057,0.481875,0.500526,True
0.442591,7,0.0,0.076138,0.491967,0.005268,0.453133,0.500526,True
0.442591,7,0.021277,0.071154,0.470842,0.004782,0.414552,0.500526,False
0.442591,7,0.042553,0.077249,0.437965,0.00521,0.460901,0.500526,True
0.442591,7,0.06383,0.068722,0.380542,0.004624,0.431642,0.500526,False
0.442591,7,0.085106,0.057824,0.318506,0.003862,0.376748,0.500526,False
0.442591,7,0.106383,0.047226,0.263612,0.003108,0.328327,0.500526,False
0.442591,7,0.12766,0.044824,0.214222,0.002927,0.290005,0.500526,False
0.442591,7,0.148936,0.043473,0.180006,0.00284,0.25479,0.500526,False
0.442591,7,0.170213,0.048157,0.155906,0.003139,0.22087,0.500526,False
0.442591,7,0.191489,0.045184,0.146534,0.002948,0.19912,0.500526,False
0.442591,7,0.212766,0.046445,0.153823,0.003031,0.18928,0.500526,False
0.442591,7,0.234043,0.046415,0.165278,0.003039,0.194977,0.500526,False
0.442591,7,0.255319,0.045815,0.20247,0.003012,0.210513,0.500526,False
0.442591,7,0.276596,0.046475,0.239661,0.003076,0.232522,0.500526,False
0.442591,7,0.297872,0.045845,0.295299,0.003008,0.225272,0.500526,False
0.442591,7,0.319149,0.053741,0.383963,0.003521,0.267219,0.500526,False
0.442591,7,0.340426,0.059986,0.469801,0.004046,0.317452,0.500526,False
0.442591,7,0.361702,0.061667,0.520381,0.004221,0.352926,0.500526,False
0.442591,7,0.382979,0.085595,0.567986,0.005845,0.380373,0.500526,True
0.442591,7,0.404255,0.094572,0.579589,0.006415,0.386328,0.500526,True
0.442591,7,0.425532,0.092951,0.562184,0.006284,0.379078,0.500526,True
0.442591,7,0.446809,0.088567,0.539572,0.006005,0.365873,0.500526,True
0.442591,7,0.468085,0.093401,0.519042,0.006309,0.35448,0.500526,True
0.442591,7,0.489362,0.090189,0.504017,0.006076,0.347229,0.500526,True
0.442591,7,0.510638,0.081662,0.480363,0.005509,0.33014,0.500526,True
0.442591,7,0.531915,0.079711,0.46742,0.005374,0.329881,0.500526,True
0.442591,7,0.553191,0.081362,0.453436,0.005498,0.331434,0.500526,True
0.442591,7,0.574468,0.080341,0.437667,0.005405,0.3203,0.500526,True
0.442591,7,0.595745,0.07863,0.4277,0.00527,0.307872,0.500526,True
0.442591,7,0.617021,0.07872,0.416543,0.005287,0.29855,0.500526,True
0.442591,7,0.638298,0.077459,0.414014,0.005206,0.276023,0.500526,True
0.442591,7,0.659574,0.077759,0.433651,0.00522,0.274987,0.500526,True
0.442591,7,0.680851,0.080131,0.46385,0.005355,0.275505,0.500526,True
0.442591,7,0.702128,0.094152,0.514133,0.006259,0.306577,0.500526,True
0.442591,7,0.723404,0.099075,0.573639,0.006622,0.359917,0.500526,True
0.442591,7,0.744681,0.124114,0.647873,0.008297,0.451579,0.500526,True
0.442591,7,0.765957,0.147022,0.65903,0.009863,0.483687,0.500526,True
0.442591,7,0.787234,0.123634,0.633889,0.008471,0.455205,0.500526,True
0.442591,7,0.808511,0.108142,0.58911,0.007337,0.416624,0.500526,True
0.442591,7,0.829787,0.10532,0.551026,0.007129,0.387623,0.500526,True
0.442591,7,0.851064,0.10484,0.525439,0.00705,0.365096,0.500526,True
0.442591,7,0.87234,0.104149,0.498959,0.006946,0.346194,0.500526,True
0.442591,7,0.893617,0.097844,0.464445,0.006518,0.321077,0.500526,True
0.442591,7,0.914894,0.085565,0.434097,0.005715,0.308389,0.500526,True
0.442591,7,0.93617,0.077789,0.447635,0.005201,0.308648,0.500526,False
0.442591,7,0.957447,0.069293,0.439304,0.004668,0.320041,0.500526,False
0.442591,7,0.978723,0.09145,0.430973,0.006217,0.396168,0.500526,True
0.442591,7,1.0,0.088177,0.39393,0.006009,0.393837,0.500526,True
0.442635,1,0.0,0.082082,0.361202,0.005604,0.372605,0.420175,True
0.442635,1,0.021277,0.060706,0.319101,0.004152,0.341015,0.422368,False
0.442635,1,0.042553,0.070133,0.286819,0.004819,0.377525,0.356579,False
0.442635,1,0.06383,0.06572,0.241,0.004483,0.353962,0.45,False
0.442635,1,0.085106,0.048547,0.195031,0.003274,0.306836,0.546053,False
0.442635,1,0.106383,0.045905,0.166766,0.00306,0.263335,0.64693,False
0.442635,1,0.12766,0.044854,0.137905,0.002952,0.220352,0.721491,False
0.442635,1,0.148936,0.037258,0.113954,0.002428,0.186173,0.754386,False
0.442635,1,0.170213,0.040411,0.105772,0.002322,0.158726,0.765789,False
0.442635,1,0.191489,0.041672,0.097739,0.002358,0.133092,0.765789,False
0.442635,1,0.212766,0.044013,0.10845,0.002867,0.115225,0.765789,False
0.442635,1,0.234043,0.041492,0.113359,0.0027,0.116779,0.765789,False
0.442635,1,0.255319,0.043773,0.132252,0.002848,0.107716,0.765789,False
0.442635,1,0.276596,0.046535,0.159476,0.003051,0.116261,0.714474,False
0.442635,1,0.297872,0.046685,0.200238,0.003068,0.098395,0.714474,False
0.442635,1,0.319149,0.048367,0.270455,0.002966,0.110306,0.714474,False
0.442635,1,0.340426,0.054341,0.346028,0.003209,0.153806,0.727193,False
0.442635,1,0.361702,0.063258,0.415353,0.004188,0.182289,0.700877,False
0.442635,1,0.382979,0.070283,0.48319,0.004682,0.20145,0.707456,False
0.442635,1,0.404255,0.089798,0.517108,0.005791,0.219575,0.701316,True
0.442635,1,0.425532,0.089468,0.512943,0.005617,0.227602,0.682895,True
0.442635,1,0.446809,0.101597,0.502231,0.006599,0.225531,0.716667,True
0.442635,1,0.468085,0.095473,0.490925,0.006103,0.227084,0.699123,True
0.442635,1,0.489362,0.084094,0.469801,0.005484,0.230451,0.678947,True
0.442635,1,0.510638,0.074607,0.446445,0.00496,0.223977,0.639474,False
0.442635,1,0.531915,0.058544,0.41684,0.003909,0.215432,0.662281,False
0.442635,1,0.553191,0.055092,0.384707,0.003344,0.211289,0.613596,False
0.442635,1,0.574468,0.058995,0.360161,0.003398,0.194977,0.569737,False
0.442635,1,0.595745,0.048727,0.34335,0.002605,0.184619,0.591667,False
0.442635,1,0.617021,0.05221,0.339929,0.003091,0.17478,0.591667,False
0.442635,1,0.638298,0.057824,0.346325,0.003533,0.168048,0.569737,False
0.442635,1,0.659574,0.049418,0.357037,0.003328,0.17478,0.655263,False
0.442635,1,0.680851,0.048847,0.371764,0.003243,0.184878,0.672368,False
0.442635,1,0.702128,0.051549,0.420857,0.003436,0.210772,0.646491,False
0.442635,1,0.723404,0.060526,0.480661,0.004121,0.263853,0.507018,False
0.442635,1,0.744681,0.09154,0.554448,0.006244,0.346194,0.440789,True
0.442635,1,0.765957,0.097424,0.573341,0.006649,0.385034,0.405263,True
0.442635,1,0.787234,0.09247,0.55787,0.006367,0.374935,0.408333,True
0.442635,1,0.808511,0.089108,0.534662,0.006157,0.35914,0.426316,True
0.442635,1,0.829787,0.086976,0.506546,0.005978,0.348524,0.442105,True
0.442635,1,0.851064,0.073976,0.488248,0.005098,0.327809,0.434211,True
0.442635,1,0.87234,0.075838,0.474561,0.00522,0.316934,0.466667,True
0.442635,1,0.893617,0.056713,0.42889,0.003874,0.295443,0.519298,False
0.442635,1,0.914894,0.046535,0.381137,0.00312,0.287675,0.670614,False
0.442635,1,0.93617,0.05317,0.395716,0.003554,0.282237,0.582018,False
0.442635,1,0.957447,0.05254,0.390658,0.003515,0.284568,0.597368,False
0.442635,1,0.978723,0.058995,0.390062,0.003986,0.360953,0.492544,False
0.442635,1,1.0,0.049418,0.350045,0.003353,0.350337,0.534649,False
0.44268,2,0.0,0.051129,0.333829,0.003448,0.338426,0.556579,False
0.44268,2,0.021277,0.047616,0.295894,0.003193,0.316416,0.588596,False
0.44268,2,0.042553,0.051849,0.274323,0.003488,0.35914,0.537281,False
0.44268,2,0.06383,0.050258,0.242041,0.003361,0.33972,0.614912,False
0.44268,2,0.085106,0.046535,0.206337,0.003066,0.307095,0.701754,False
0.44268,2,0.106383,0.044854,0.177477,0.0029,0.272139,0.765789,False
0.44268,2,0.12766,0.044073,0.156501,0.002534,0.238995,0.765789,False
0.44268,2,0.148936,0.043983,0.139393,0.002846,0.209736,0.765789,False
0.44268,2,0.170213,0.046145,0.140881,0.003012,0.181771,0.721053,False
0.44268,2,0.191489,0.047316,0.145939,0.003108,0.166235,0.708772,False
0.44268,2,0.212766,0.044164,0.182386,0.002908,0.175298,0.673684,False
0.44268,2,0.234043,0.044944,0.231479,0.002993,0.206629,0.597807,False
0.44268,2,0.255319,0.046806,0.337548,0.003155,0.2768,0.495614,False
0.44268,2,0.276596,0.048427,0.448676,0.003353,0.360953,0.366228,False
0.44268,2,0.297872,0.049057,0.468462,0.003438,0.409114,0.304825,False
0.44268,2,0.319149,0.053831,0.533323,0.003812,0.500518,0.336404,False
0.44268,2,0.340426,0.0783,0.552514,0.005393,0.539876,0.433333,True
0.44268,2,0.361702,0.080521,0.557275,0.005486,0.559555,0.362281,True
0.44268,2,0.382979,0.080611,0.595954,0.005496,0.56784,0.405702,True
0.44268,2,0.404255,0.081722,0.599226,0.00553,0.565769,0.386842,True
0.44268,2,0.425532,0.082983,0.5723,0.005642,0.556447,0.365351,True
0.44268,2,0.446809,0.081332,0.56025,0.005538,0.550751,0.376754,True
0.44268,2,0.468085,0.089138,0.561291,0.006047,0.546349,0.403947,True
0.44268,2,0.489362,0.087276,0.546712,0.005931,0.550751,0.394298,True
0.44268,2,0.510638,0.0792,0.543886,0.005401,0.540911,0.344298,True
0.44268,2,0.531915,0.072865,0.532282,0.005,0.537027,0.303509,True
0.44268,2,0.553191,0.074036,0.52172,0.005104,0.560849,0.275877,True
0.44268,2,0.574468,0.080461,0.519488,0.005555,0.566805,0.279825,True
0.44268,2,0.595745,0.077099,0.51205,0.005312,0.554376,0.287281,True
0.44268,2,0.617021,0.071694,0.502975,0.004946,0.553081,0.290351,True
0.44268,2,0.638298,0.062387,0.496578,0.004302,0.538063,0.311842,False
0.44268,2,0.659574,0.067551,0.509521,0.004643,0.533402,0.350439,True
0.44268,2,0.680851,0.095202,0.535852,0.006554,0.524081,0.263158,True
0.44268,2,0.702128,0.093701,0.573341,0.006439,0.539358,0.291667,True
0.44268,2,0.723404,0.132401,0.642368,0.008997,0.585966,0.368421,True
0.44268,2,0.744681,0.193347,0.7169,0.01285,0.656914,0.348684,True
0.44268,2,0.765957,0.212682,0.716453,0.014161,0.648887,0.394298,True
0.44268,2,0.787234,0.156239,0.687295,0.010476,0.603314,0.38114,True
0.44268,2,0.808511,0.14534,0.645344,0.009796,0.551528,0.416667,True
0.44268,2,0.829787,0.138255,0.610533,0.009323,0.516572,0.417544,True
0.44268,2,0.851064,0.11832,0.576763,0.008004,0.491714,0.382018,True
0.44268,2,0.87234,0.106971,0.558018,0.00726,0.465303,0.409649,True
0.44268,2,0.893617,0.10463,0.519637,0.007108,0.433195,0.455702,True
0.44268,2,0.914894,0.090128,0.476198,0.006082,0.391248,0.512281,True
0.44268,2,0.93617,0.085715,0.513389,0.00576,0.37131,0.584211,True
0.44268,2,0.957447,0.075928,0.51562,0.005106,0.358105,0.524123,False
0.44268,2,0.978723,0.083704,0.521273,0.005877,0.448731,0.427632,True
0.44268,2,1.0,0.081692,0.507141,0.005613,0.447178,0.445614,True
0.442724,3,0.0,0.087607,0.495686,0.005978,0.415588,0.52193,True
0.442724,3,0.021277,0.069653,0.474561,0.004728,0.385034,0.518421,False
0.442724,3,0.042553,0.074517,0.447783,0.005083,0.430088,0.457018,False
0.442724,3,0.06383,0.062207,0.397501,0.004233,0.407302,0.496053,False
0.442724,3,0.085106,0.048937,0.334871,0.003305,0.36898,0.570614,False
0.442724,3,0.106383,0.045695,0.289497,0.003054,0.321077,0.664474,False
0.442724,3,0.12766,0.045124,0.244868,0.002979,0.282755,0.687719,False
0.442724,3,0.148936,0.043983,0.211247,0.002889,0.246245,0.716667,False
0.442724,3,0.170213,0.045394,0.19637,0.00296,0.232781,0.764474,False
0.442724,3,0.191489,0.045605,0.194734,0.002769,0.216468,0.765789,False
0.442724,3,0.212766,0.041852,0.221511,0.002703,0.217245,0.759649,False
0.442724,3,0.234043,0.044584,0.270306,0.002921,0.243656,0.719737,False
0.442724,3,0.255319,0.046625,0.373996,0.003105,0.309684,0.614912,False
0.442724,3,0.276596,0.049628,0.477983,0.003378,0.387105,0.518421,False
0.442724,3,0.297872,0.048427,0.491967,0.00333,0.441481,0.44386,False
0.442724,3,0.319149,0.068122,0.558465,0.004753,0.511652,0.34693,False
0.442724,3,0.340426,0.093341,0.563969,0.006415,0.546608,0.347368,True
0.442724,3,0.361702,0.058364,0.558465,0.004009,0.55101,0.303509,False
0.442724,3,0.382979,0.070614,0.586879,0.004857,0.561108,0.323246,False
0.442724,3,0.404255,0.099255,0.594615,0.006757,0.567323,0.382895,True
0.442724,3,0.425532,0.069593,0.580482,0.004755,0.561367,0.35307,False
0.442724,3,0.446809,0.07896,0.556382,0.005415,0.555412,0.376754,False
0.442724,3,0.468085,0.056743,0.541506,0.003901,0.553599,0.396053,False
0.442724,3,0.489362,0.060046,0.52886,0.004136,0.54117,0.403509,False
0.442724,3,0.510638,0.059055,0.523505,0.004071,0.522009,0.382018,False
0.442724,3,0.531915,0.055812,0.507587,0.003866,0.526152,0.332895,False
0.442724,3,0.553191,0.056203,0.494198,0.003905,0.544537,0.302193,False
0.442724,3,0.574468,0.057163,0.490925,0.003976,0.554635,0.306579,False
0.442724,3,0.595745,0.059956,0.493603,0.004169,0.54376,0.323684,False
0.442724,3,0.617021,0.056203,0.481851,0.003907,0.530813,0.335088,False
0.442724,3,0.638298,0.055602,0.474412,0.003857,0.516572,0.351754,False
0.442724,3,0.659574,0.057944,0.481404,0.00399,0.517866,0.365351,False
0.442724,3,0.680851,0.056593,0.496132,0.003909,0.526929,0.347368,False
0.442724,3,0.702128,0.062207,0.528563,0.004285,0.545054,0.415351,False
0.442724,3,0.723404,0.093791,0.608152,0.006296,0.5971,0.521053,True
0.442724,3,0.744681,0.13147,0.696668,0.008656,0.660021,0.544298,True
0.442724,3,0.765957,0.156719,0.702916,0.010193,0.65044,0.597807,True
0.442724,3,0.787234,0.132701,0.677031,0.008677,0.601502,0.526316,True
0.442724,3,0.808511,0.133662,0.638947,0.008805,0.558519,0.505702,True
0.442724,3,0.829787,0.111655,0.60726,0.007428,0.526411,0.482895,True
0.442724,3,0.851064,0.095082,0.590301,0.006361,0.496116,0.539474,True
0.442724,3,0.87234,0.109493,0.56873,0.007277,0.468151,0.575439,True
0.442724,3,0.893617,0.090579,0.527968,0.006009,0.436044,0.589035,True
0.442724,3,0.914894,0.077369,0.486611,0.005154,0.408597,0.577632,True
0.442724,3,0.93617,0.063048,0.526778,0.004221,0.381926,0.614912,False
0.442724,3,0.957447,0.051969,0.5241,0.003511,0.368462,0.512719,False
0.442724,3,0.978723,0.066951,0.524993,0.004693,0.457794,0.439474,False
0.442724,3,1.0,0.070373,0.518596,0.004555,0.452356,0.467105,False
0.442768,4,0.0,0.077189,0.500149,0.00521,0.424909,0.514474,True
0.442768,4,0.021277,0.074427,0.476941,0.005039,0.396168,0.506579,True
0.442768,4,0.042553,0.0792,0.450907,0.005397,0.441222,0.443421,True
0.442768,4,0.06383,0.080641,0.404195,0.005482,0.420766,0.481579,True
0.442768,4,0.085106,0.056473,0.343796,0.003814,0.37623,0.565351,False
0.442768,4,0.106383,0.046265,0.297679,0.003091,0.331952,0.676754,False
0.442768,4,0.12766,0.044554,0.248735,0.002929,0.287934,0.754825,False
0.442768,4,0.148936,0.043953,0.218685,0.002765,0.258674,0.765789,False
0.442768,4,0.170213,0.043683,0.200982,0.002657,0.229674,0.765789,False
0.442768,4,0.191489,0.043653,0.202172,0.002806,0.220352,0.765789,False
0.442768,4,0.212766,0.043683,0.227611,0.002852,0.223459,0.765789,False
0.442768,4,0.234043,0.043593,0.275662,0.002827,0.255049,0.758772,False
0.442768,4,0.255319,0.046205,0.385748,0.003064,0.328327,0.647807,False
0.442768,4,0.276596,0.05296,0.499554,0.003596,0.407043,0.565789,False
0.442768,4,0.297872,0.054401,0.517257,0.003675,0.448213,0.499123,False
0.442768,4,0.319149,0.07908,0.588069,0.005422,0.51217,0.475439,True
0.442768,4,0.340426,0.090279,0.591491,0.006126,0.548938,0.432018,True
0.442768,4,0.361702,0.071034,0.58435,0.004913,0.553599,0.359211,False
0.442768,4,0.382979,0.079741,0.603392,0.005476,0.557742,0.395175,True
0.442768,4,0.404255,0.081512,0.603094,0.005521,0.55593,0.400877,True
0.442768,4,0.425532,0.074637,0.581672,0.005098,0.552046,0.410965,True
0.442768,4,0.446809,0.074276,0.557423,0.005075,0.546608,0.386842,True
0.442768,4,0.468085,0.061487,0.540018,0.004238,0.540135,0.348246,False
0.442768,4,0.489362,0.061457,0.52648,0.004236,0.537286,0.500526,False
0.442768,4,0.510638,0.063378,0.499405,0.004254,0.515795,0.385965,False
0.442768,4,0.531915,0.061547,0.494942,0.004202,0.513982,0.410526,False
0.442768,4,0.553191,0.062057,0.490033,0.004252,0.542724,0.370175,False
0.442768,4,0.574468,0.083824,0.480512,0.00576,0.542465,0.392982,True
0.442768,4,0.595745,0.06542,0.465189,0.004506,0.52434,0.379386,False
0.442768,4,0.617021,0.05296,0.456709,0.003675,0.513982,0.365789,False
0.442768,4,0.638298,0.051489,0.457899,0.003581,0.495598,0.397368,False
0.442768,4,0.659574,0.05326,0.469801,0.003706,0.501295,0.383333,False
0.442768,4,0.680851,0.05287,0.486016,0.003681,0.502071,0.378509,False
0.442768,4,0.702128,0.057704,0.538084,0.004028,0.527706,0.425,False
0.442768,4,0.723404,0.077099,0.611871,0.005332,0.578457,0.39693,True
0.442768,4,0.744681,0.101807,0.690866,0.006776,0.653806,0.483772,True
0.442768,4,0.765957,0.097514,0.682684,0.006504,0.635681,0.457018,True
0.442768,4,0.787234,0.093641,0.661113,0.006294,0.590627,0.452632,True
0.442768,4,0.808511,0.072685,0.626302,0.004958,0.538322,0.415351,True
0.442768,4,0.829787,0.073106,0.593425,0.005012,0.517607,0.365351,True
0.442768,4,0.851064,0.070494,0.5723,0.004836,0.486794,0.436842,True
0.442768,4,0.87234,0.081962,0.540018,0.005573,0.461419,0.494298,True
0.442768,4,0.893617,0.058605,0.491669,0.003978,0.416882,0.496491,False
0.442768,4,0.914894,0.054401,0.454775,0.003689,0.381668,0.562281,False
0.442768,4,0.93617,0.05281,0.491223,0.003573,0.355256,0.610526,False
0.442768,4,0.957447,0.048787,0.490033,0.003301,0.349819,0.566667,False
0.442768,4,0.978723,0.051009,0.492115,0.003492,0.435267,0.464474,False
0.442768,4,1.0,0.048937,0.481256,0.003328,0.430088,0.519737,False
0.442812,5,0.0,0.047856,0.467569,0.003245,0.4029,0.548246,False
0.442812,5,0.021277,0.046776,0.450461,0.003157,0.384775,0.598684,False
0.442812,5,0.042553,0.047736,0.422642,0.003226,0.423874,0.55614,False
0.442812,5,0.06383,0.046746,0.371764,0.003143,0.396686,0.622368,False
0.442812,5,0.085106,0.045455,0.30839,0.003014,0.351113,0.671053,False
0.442812,5,0.106383,0.043683,0.261083,0.002879,0.307354,0.714474,False
0.442812,5,0.12766,0.042632,0.221958,0.002792,0.265148,0.721491,False
0.442812,5,0.148936,0.035247,0.187147,0.002308,0.229674,0.711842,False
0.442812,5,0.170213,0.032064,0.172121,0.002088,0.207923,0.74693,False
0.442812,5,0.191489,0.032094,0.175097,0.002106,0.203263,0.738596,False
0.442812,5,0.212766,0.035877,0.203362,0.002376,0.215691,0.685526,False
0.442812,5,0.234043,0.040171,0.253794,0.002678,0.243138,0.667544,False
0.442812,5,0.255319,0.045755,0.354805,0.003043,0.319524,0.607895,False
0.442812,5,0.276596,0.048217,0.462511,0.003259,0.394873,0.517105,False
0.442812,5,0.297872,0.05272,0.473817,0.003612,0.447695,0.432456,False
0.442812,5,0.319149,0.061217,0.542844,0.00426,0.516313,0.398684,True
0.442812,5,0.340426,0.068842,0.551622,0.004771,0.551787,0.341667,True
0.442812,5,0.361702,0.068092,0.539572,0.00474,0.550751,0.335088,True
0.442812,5,0.382979,0.063618,0.567986,0.004395,0.555153,0.268421,True
0.442812,5,0.404255,0.063798,0.569771,0.004393,0.542206,0.330702,True
0.442812,5,0.425532,0.063408,0.549836,0.004395,0.532367,0.371491,True
0.442812,5,0.446809,0.054161,0.520678,0.003783,0.523822,0.359649,False
0.442812,5,0.468085,0.055062,0.507438,0.003816,0.516831,0.343421,False
0.442812,5,0.489362,0.051279,0.498364,0.003558,0.513723,0.331579,False
0.442812,5,0.510638,0.068212,0.489438,0.004815,0.505179,0.500526,True
0.442812,5,0.531915,0.05218,0.476941,0.0036,0.49767,0.334211,False
0.442812,5,0.553191,0.05251,0.47233,0.003685,0.515536,0.289035,False
0.442812,5,0.574468,0.053741,0.467272,0.003776,0.516313,0.298246,False
0.442812,5,0.595745,0.05272,0.461321,0.003687,0.506991,0.328947,False
0.442812,5,0.617021,0.050829,0.451205,0.003546,0.495598,0.356579,False
0.442812,5,0.638298,0.050528,0.440196,0.003504,0.47566,0.364035,False
0.442812,5,0.659574,0.051369,0.44942,0.003558,0.471258,0.378509,False
0.442812,5,0.680851,0.051699,0.470098,0.003579,0.464267,0.360526,False
0.442812,5,0.702128,0.054341,0.510116,0.003764,0.486277,0.398684,False
0.442812,5,0.723404,0.059986,0.576465,0.004107,0.527447,0.436404,True
0.442812,5,0.744681,0.09184,0.6446,0.006145,0.619109,0.414912,True
0.442812,5,0.765957,0.090639,0.644302,0.006124,0.627913,0.384211,True
0.442812,5,0.787234,0.070494,0.625855,0.004817,0.590627,0.36886,True
0.442812,5,0.808511,0.056293,0.595954,0.003876,0.547903,0.298684,True
0.442812,5,0.829787,0.077279,0.571259,0.005339,0.529001,0.316667,True
0.442812,5,0.851064,0.054491,0.551919,0.003801,0.503107,0.277632,False
0.442812,5,0.87234,0.057133,0.529902,0.003984,0.484464,0.284211,True
0.442812,5,0.893617,0.053891,0.491669,0.003749,0.435267,0.315789,False
0.442812,5,0.914894,0.05203,0.447337,0.003612,0.409632,0.349123,False
0.442812,5,0.93617,0.055002,0.49762,0.00382,0.388141,0.445614,True
0.442812,5,0.957447,0.053651,0.509521,0.003702,0.379078,0.4,False
0.442812,5,0.978723,0.062598,0.509372,0.004422,0.465562,0.315789,True
0.442812,5,1.0,0.055572,0.496132,0.003864,0.451579,0.357456,True
0.442857,6,0.0,0.070704,0.475751,0.00483,0.42724,0.423246,True
0.442857,6,0.021277,0.068452,0.456561,0.004659,0.40057,0.460526,True
0.442857,6,0.042553,0.062868,0.424576,0.004404,0.447437,0.366228,True
0.442857,6,0.06383,0.059175,0.371616,0.00404,0.421284,0.438158,True
0.442857,6,0.085106,0.046926,0.305861,0.00317,0.372605,0.56886,False
0.442857,6,0.106383,0.046716,0.264653,0.003099,0.333506,0.635088,False
0.442857,6,0.12766,0.042272,0.221958,0.002777,0.291041,0.725,False
0.442857,6,0.148936,0.040981,0.190717,0.002678,0.259969,0.699561,False
0.442857,6,0.170213,0.041281,0.178072,0.002694,0.238477,0.709211,False
0.442857,6,0.191489,0.03966,0.179262,0.002603,0.223459,0.725877,False
0.442857,6,0.212766,0.041942,0.205147,0.002696,0.24029,0.750439,False
0.442857,6,0.234043,0.042572,0.25305,0.002784,0.26696,0.716667,False
0.442857,6,0.255319,0.044764,0.346772,0.00295,0.34697,0.612281,False
0.442857,6,0.276596,0.05203,0.459238,0.003481,0.42724,0.503509,False
0.442857,6,0.297872,0.048367,0.459387,0.003284,0.470999,0.462719,False
0.442857,6,0.319149,0.058905,0.545373,0.004024,0.535474,0.455263,True
0.442857,6,0.340426,0.112225,0.573639,0.007607,0.571207,0.417105,True
0.442857,6,0.361702,0.094872,0.565457,0.00656,0.569912,0.452632,True
0.442857,6,0.382979,0.07959,0.604731,0.005366,0.579234,0.471053,True
0.442857,6,0.404255,0.085595,0.617376,0.005727,0.567582,0.523684,True
0.442857,6,0.425532,0.07956,0.603392,0.005341,0.552305,0.51886,True
0.442857,6,0.446809,0.078179,0.591937,0.005212,0.539099,0.525877,True
0.442857,6,0.468085,0.068842,0.577209,0.004626,0.531072,0.511404,True
0.442857,6,0.489362,0.058184,0.567242,0.003922,0.522786,0.551316,False
0.442857,6,0.510638,0.0529,0.558465,0.003558,0.506732,0.561842,False
0.442857,6,0.531915,0.054612,0.546712,0.003681,0.503107,0.562281,False
0.442857,6,0.553191,0.054461,0.541654,0.003687,0.511652,0.522807,False
0.442857,6,0.574468,0.059415,0.533472,0.004034,0.509322,0.473246,False
0.442857,6,0.595745,0.055993,0.524993,0.003799,0.500518,0.477632,False
0.442857,6,0.617021,0.057374,0.516959,0.003889,0.490937,0.509211,False
0.442857,6,0.638298,0.058695,0.51681,0.003899,0.479803,0.457895,False
0.442857,6,0.659574,0.068902,0.541654,0.00468,0.46608,0.505263,True
0.442857,6,0.680851,0.083373,0.566349,0.005604,0.476696,0.513158,True
0.442857,6,0.702128,0.091299,0.60607,0.006134,0.498446,0.503509,True
0.442857,6,0.723404,0.07857,0.653675,0.005291,0.542206,0.461404,True
0.442857,6,0.744681,0.095382,0.690122,0.006429,0.601761,0.424123,True
0.442857,6,0.765957,0.072025,0.666022,0.004859,0.591403,0.442105,True
0.442857,6,0.787234,0.068542,0.636269,0.004622,0.553599,0.447368,True
0.442857,6,0.808511,0.068932,0.59402,0.004587,0.519161,0.447807,True
0.442857,6,0.829787,0.063468,0.570812,0.004333,0.494303,0.394298,True
0.442857,6,0.851064,0.061877,0.557572,0.004256,0.460901,0.35614,False
0.442857,6,0.87234,0.063498,0.531241,0.004362,0.443811,0.370614,True
0.442857,6,0.893617,0.055152,0.496876,0.003799,0.400829,0.423684,False
0.442857,6,0.914894,0.05212,0.458048,0.003554,0.36898,0.460526,False
0.442857,6,0.93617,0.054491,0.506546,0.00372,0.355774,0.513596,False
0.442857,6,0.957447,0.054371,0.528265,0.003716,0.356033,0.461842,False
0.442857,6,0.978723,0.067461,0.539274,0.004643,0.457535,0.4,True
0.442857,6,1.0,0.074006,0.522612,0.005054,0.444847,0.42807,True
0.442901,7,0.0,0.071364,0.498959,0.004828,0.408338,0.496491,True
0.442901,7,0.021277,0.059475,0.469354,0.004038,0.370016,0.457018,False
0.442901,7,0.042553,0.063408,0.431717,0.004327,0.409373,0.4,True
0.442901,7,0.06383,0.054371,0.369235,0.003706,0.370792,0.442105,False
0.442901,7,0.085106,0.046565,0.302589,0.003149,0.324443,0.53114,False
0.442901,7,0.106383,0.043563,0.257513,0.002906,0.274469,0.619298,False
0.442901,7,0.12766,0.042002,0.211395,0.002771,0.24029,0.702193,False
0.442901,7,0.148936,0.040741,0.173312,0.002676,0.208182,0.645614,False
0.442901,7,0.170213,0.043593,0.156055,0.002856,0.177628,0.744737,False
0.442901,7,0.191489,0.042182,0.147873,0.002746,0.169342,0.762719,False
0.442901,7,0.212766,0.037709,0.148319,0.002397,0.15769,0.765789,False
0.442901,7,0.234043,0.040531,0.167063,0.002626,0.164682,0.72193,False
0.442901,7,0.255319,0.041552,0.193246,0.002723,0.186432,0.717982,False
0.442901,7,0.276596,0.041462,0.229098,0.002738,0.203521,0.672368,False
0.442901,7,0.297872,0.044494,0.26748,0.002935,0.208959,0.669737,False
0.442901,7,0.319149,0.045635,0.340077,0.003041,0.243915,0.611404,False
0.442901,7,0.340426,0.046836,0.408509,0.003145,0.291559,0.552632,False
0.442901,7,0.361702,0.051369,0.46028,0.003492,0.322372,0.470614,False
0.442901,7,0.382979,0.054912,0.507141,0.003774,0.345158,0.447368,False
0.442901,7,0.404255,0.056863,0.528265,0.003911,0.349819,0.440351,False
0.442901,7,0.425532,0.059415,0.514877,0.004086,0.345676,0.442105,True
0.442901,7,0.446809,0.060646,0.490033,0.004152,0.336354,0.439474,True
0.442901,7,0.468085,0.059505,0.469652,0.004065,0.333247,0.462281,True
0.442901,7,0.489362,0.054642,0.451949,0.003739,0.328586,0.480702,False
0.442901,7,0.510638,0.050138,0.432907,0.00339,0.280684,0.502193,False
0.442901,7,0.531915,0.054311,0.418923,0.003685,0.306577,0.510965,False
0.442901,7,0.553191,0.053381,0.400179,0.003619,0.307613,0.497807,False
0.442901,7,0.574468,0.046475,0.377864,0.003145,0.297514,0.532895,False
0.442901,7,0.595745,0.046325,0.366855,0.003116,0.285862,0.564474,False
0.442901,7,0.617021,0.046025,0.346325,0.003074,0.271621,0.601754,False
0.442901,7,0.638298,0.046175,0.344094,0.003066,0.251942,0.632018,False
0.442901,7,0.659574,0.046115,0.349598,0.003062,0.252201,0.644298,False
0.442901,7,0.680851,0.046085,0.358971,0.003064,0.25479,0.610965,False
0.442901,7,0.702128,0.046415,0.396459,0.00311,0.285085,0.553509,False
0.442901,7,0.723404,0.05326,0.466082,0.003641,0.360435,0.380263,False
0.442901,7,0.744681,0.061787,0.54582,0.004321,0.44407,0.378947,True
0.442901,7,0.765957,0.061787,0.543886,0.004308,0.458571,0.404825,True
0.442901,7,0.787234,0.060706,0.507885,0.004244,0.423097,0.389912,True
0.442901,7,0.808511,0.058064,0.467569,0.004003,0.388141,0.402632,True
0.442901,7,0.829787,0.053681,0.431419,0.003685,0.356033,0.455702,True
0.442901,7,0.851064,0.050258,0.404939,0.003434,0.33739,0.488596,False
0.442901,7,0.87234,0.046926,0.386492,0.003191,0.31305,0.471491,False
0.442901,7,0.893617,0.046115,0.360607,0.003122,0.296737,0.499561,False
0.442901,7,0.914894,0.046055,0.342755,0.003108,0.28405,0.537281,False
0.442901,7,0.93617,0.046505,0.371616,0.003128,0.289228,0.553947,False
0.442901,7,0.957447,0.046475,0.380839,0.003132,0.296737,0.510965,False
0.442901,7,0.978723,0.05323,0.385451,0.003637,0.377525,0.406579,True
0.442901,7,1.0,0.05206,0.362095,0.003569,0.373123,0.423246,True
0.442945,1,0.0,0.051459,0.34335,0.003506,0.353444,0.452632,True
0.442945,1,0.021277,0.046595,0.299018,0.003139,0.320818,0.487719,False
0.442945,1,0.042553,0.048607,0.269265,0.003286,0.359917,0.410088,False
0.442945,1,0.06383,0.048217,0.229247,0.003257,0.32755,0.475439,False
0.442945,1,0.085106,0.045004,0.184766,0.003012,0.278094,0.549123,False
0.442945,1,0.106383,0.041972,0.156352,0.002777,0.230192,0.612281,False
0.442945,1,0.12766,0.041642,0.129575,0.00273,0.196012,0.695614,False
0.442945,1,0.148936,0.036147,0.108599,0.002372,0.163646,0.663158,False
0.442945,1,0.170213,0.040861,0.099226,0.00268,0.125324,0.682456,False
0.442945,1,0.191489,0.033385,0.090003,0.002196,0.103832,0.686842,False
0.442945,1,0.212766,0.034076,0.098185,0.002239,0.098136,0.686404,False
0.442945,1,0.234043,0.036238,0.100565,0.00237,0.087778,0.750877,False
0.442945,1,0.255319,0.041612,0.11931,0.002661,0.100984,0.761842,False
0.442945,1,0.276596,0.042963,0.141922,0.002698,0.103573,0.765789,False
0.442945,1,0.297872,0.042032,0.167956,0.00237,0.081564,0.746053,False
0.442945,1,0.319149,0.041401,0.224933,0.002553,0.100725,0.760526,False
0.442945,1,0.340426,0.044344,0.290092,0.002833,0.140083,0.746491,False
0.442945,1,0.361702,0.044374,0.342309,0.002885,0.169601,0.736842,False
0.442945,1,0.382979,0.046025,0.406129,0.00302,0.201968,0.708772,False
0.442945,1,0.404255,0.045965,0.426212,0.003035,0.21362,0.679825,False
0.442945,1,0.425532,0.046115,0.423088,0.003047,0.222165,0.657456,False
0.442945,1,0.446809,0.046205,0.413865,0.003056,0.230192,0.636404,False
0.442945,1,0.468085,0.045815,0.401369,0.003035,0.22579,0.651754,False
0.442945,1,0.489362,0.045935,0.391996,0.003041,0.224236,0.641228,False
0.442945,1,0.510638,0.046175,0.378161,0.003062,0.236924,0.592982,False
0.442945,1,0.531915,0.045995,0.361797,0.003058,0.244433,0.623684,False
0.442945,1,0.553191,0.046115,0.34335,0.00306,0.246245,0.607018,False
0.442945,1,0.574468,0.045755,0.325498,0.003033,0.232522,0.628509,False
0.442945,1,0.595745,0.045665,0.314787,0.003027,0.232004,0.630263,False
0.442945,1,0.617021,0.045635,0.313895,0.003012,0.224495,0.647368,False
0.442945,1,0.638298,0.045665,0.314341,0.003012,0.222424,0.65614,False
0.442945,1,0.659574,0.045635,0.324903,0.00301,0.223718,0.665789,False
0.442945,1,0.680851,0.046055,0.35778,0.003031,0.231745,0.682018,False
0.442945,1,0.702128,0.047016,0.421154,0.003118,0.251683,0.637281,True
0.442945,1,0.723404,0.054702,0.489586,0.003673,0.328327,0.527193,True
0.442945,1,0.744681,0.063738,0.556977,0.004325,0.40523,0.389912,True
0.442945,1,0.765957,0.063738,0.562035,0.004283,0.431642,0.34693,True
0.442945,1,0.787234,0.063738,0.537786,0.004298,0.410409,0.427632,True
0.442945,1,0.808511,0.058935,0.503719,0.004082,0.386587,0.410965,True
0.442945,1,0.829787,0.057193,0.476793,0.003895,0.371828,0.455263,True
0.442945,1,0.851064,0.05326,0.457602,0.003621,0.351631,0.489035,True
0.442945,1,0.87234,0.051369,0.439899,0.003486,0.336354,0.47807,True
0.442945,1,0.893617,0.05308,0.409402,0.003592,0.317193,0.495614,True
0.442945,1,0.914894,0.050769,0.371467,0.003411,0.288711,0.542544,True
0.442945,1,0.93617,0.054882,0.396311,0.003683,0.297514,0.562281,True
0.442945,1,0.957447,0.053741,0.397947,0.003604,0.298291,0.532895,True
0.442945,1,0.978723,0.062778,0.402112,0.004198,0.372087,0.433772,True
0.442945,1,1.0,0.057043,0.36745,0.003909,0.360694,0.497807,True
0.442989,2,0.0,0.056293,0.343499,0.003725,0.33506,0.502193,True
0.442989,2,0.021277,0.046595,0.299464,0.003189,0.303211,0.509211,False
0.442989,2,0.042553,0.05233,0.279679,0.003446,0.352667,0.419737,True
0.442989,2,0.06383,0.045965,0.240107,0.003095,0.329622,0.521053,False
0.442989,2,0.085106,0.045455,0.210503,0.003027,0.292595,0.573684,False
0.442989,2,0.106383,0.043383,0.183279,0.002879,0.250129,0.655263,False
0.442989,2,0.12766,0.042332,0.158137,0.002769,0.222165,0.700877,False
0.442989,2,0.148936,0.03999,0.142666,0.002594,0.185914,0.707018,False
0.442989,2,0.170213,0.032725,0.143112,0.002135,0.171673,0.689474,False
0.442989,2,0.191489,0.029963,0.14579,0.001965,0.156396,0.678947,False
0.442989,2,0.212766,0.035367,0.177626,0.00231,0.165976,0.701754,False
0.442989,2,0.234043,0.03951,0.227165,0.002588,0.199637,0.677193,False
0.442989,2,0.255319,0.044704,0.323118,0.002946,0.276541,0.615351,False
0.442989,2,0.276596,0.048397,0.426956,0.003241,0.357587,0.560088,True
0.442989,2,0.297872,0.038519,0.447635,0.002393,0.396168,0.55,False
0.442989,2,0.319149,0.060856,0.523505,0.003988,0.468669,0.533772,True
0.442989,2,0.340426,0.050438,0.548051,0.003359,0.506214,0.512719,True
0.442989,2,0.361702,0.082743,0.556531,0.005544,0.508804,0.451316,True
0.442989,2,0.382979,0.101207,0.605475,0.006801,0.521491,0.538158,True
0.442989,2,0.404255,0.058665,0.623475,0.003938,0.516572,0.522368,True
0.442989,2,0.425532,0.077819,0.61321,0.005208,0.507509,0.560965,True
0.442989,2,0.446809,0.061997,0.602648,0.004155,0.498964,0.556579,True
0.442989,2,0.468085,0.064729,0.594912,0.004333,0.488348,0.587719,True
0.442989,2,0.489362,0.062628,0.589854,0.004194,0.484723,0.570175,True
0.442989,2,0.510638,0.055752,0.582416,0.003733,0.472035,0.564912,True
0.442989,2,0.531915,0.057193,0.575722,0.003833,0.469705,0.573246,True
0.442989,2,0.553191,0.06611,0.57111,0.004437,0.494821,0.54386,True
0.442989,2,0.574468,0.069653,0.567986,0.00468,0.49275,0.558772,True
0.442989,2,0.595745,0.058214,0.555489,0.003909,0.471776,0.575,True
0.442989,2,0.617021,0.054642,0.539572,0.003681,0.476437,0.521491,True
0.442989,2,0.638298,0.05299,0.529456,0.003575,0.46349,0.537719,False
0.442989,2,0.659574,0.051699,0.534365,0.003473,0.457276,0.580263,False
0.442989,2,0.680851,0.055872,0.564862,0.003752,0.464008,0.595614,True
0.442989,2,0.702128,0.058424,0.606516,0.003891,0.492491,0.613158,True
0.442989,2,0.723404,0.077639,0.687593,0.004958,0.557742,0.599123,True
0.442989,2,0.744681,0.143839,0.748587,0.009283,0.632315,0.640351,True
0.442989,2,0.765957,0.108472,0.735793,0.00716,0.616779,0.592544,True
0.442989,2,0.787234,0.119251,0.699197,0.008012,0.571207,0.540789,True
0.442989,2,0.808511,0.068152,0.657245,0.004514,0.529518,0.480263,True
0.442989,2,0.829787,0.075537,0.625409,0.005008,0.497152,0.478509,True
0.442989,2,0.851064,0.079621,0.601755,0.005274,0.465044,0.539474,True
0.442989,2,0.87234,0.077309,0.577209,0.005116,0.44174,0.559649,True
0.442989,2,0.893617,0.055272,0.535852,0.003693,0.401346,0.560526,False
0.442989,2,0.914894,0.051399,0.48319,0.003411,0.371828,0.565789,False
0.442989,2,0.93617,0.050588,0.526034,0.003398,0.362248,0.589035,False
0.442989,2,0.957447,0.053471,0.525439,0.003207,0.356292,0.588158,False
0.442989,2,0.978723,0.05269,0.517257,0.003625,0.437856,0.462281,False
0.442989,2,1.0,0.051579,0.50357,0.003513,0.424909,0.494298,False
0.443033,3,0.0,0.061787,0.48557,0.004167,0.396427,0.546053,True
0.443033,3,0.021277,0.051249,0.468462,0.003446,0.36406,0.567105,False
0.443033,3,0.042553,0.060436,0.440345,0.004073,0.4174,0.470175,False
0.443033,3,0.06383,0.049207,0.38798,0.003322,0.382703,0.527632,False
0.443033,3,0.085106,0.044884,0.329217,0.003004,0.336613,0.607895,False
0.443033,3,0.106383,0.043353,0.283398,0.002875,0.292853,0.699123,False
0.443033,3,0.12766,0.041341,0.234752,0.002705,0.255567,0.743421,False
0.443033,3,0.148936,0.041251,0.205891,0.002671,0.223977,0.758333,False
0.443033,3,0.170213,0.042242,0.192651,0.002619,0.205334,0.743421,False
0.443033,3,0.191489,0.034286,0.193395,0.002223,0.191093,0.763158,False
0.443033,3,0.212766,0.03906,0.220024,0.002464,0.200673,0.757456,False
0.443033,3,0.234043,0.041582,0.265695,0.002692,0.232263,0.74693,False
0.443033,3,0.255319,0.043803,0.367301,0.002862,0.305282,0.732895,False
0.443033,3,0.276596,0.046445,0.4759,0.003099,0.389436,0.592105,False
0.443033,3,0.297872,0.049057,0.48795,0.003301,0.445883,0.505702,False
0.443033,3,0.319149,0.047916,0.559506,0.003238,0.51217,0.481579,False
0.443033,3,0.340426,0.057434,0.571705,0.003745,0.553858,0.42193,False
0.443033,3,0.361702,0.067822,0.567242,0.004603,0.554376,0.400877,True
0.443033,3,0.382979,0.085925,0.597739,0.005683,0.564992,0.467544,True
0.443033,3,0.404255,0.059595,0.60235,0.004038,0.555153,0.415351,False
0.443033,3,0.425532,0.072085,0.590598,0.004938,0.54609,0.467105,True
0.443033,3,0.446809,0.066831,0.569325,0.004557,0.542206,0.403509,True
0.443033,3,0.468085,0.061066,0.554448,0.004254,0.538063,0.371053,True
0.443033,3,0.489362,0.055542,0.54091,0.00381,0.534179,0.375439,False
0.443033,3,0.510638,0.051729,0.527373,0.003548,0.520197,0.402193,False
0.443033,3,0.531915,0.05239,0.516513,0.003562,0.519679,0.397807,False
0.443033,3,0.553191,0.058965,0.512645,0.00403,0.537286,0.363596,False
0.443033,3,0.574468,0.075267,0.512645,0.005147,0.545831,0.356579,True
0.443033,3,0.595745,0.057854,0.509819,0.003965,0.532885,0.410965,False
0.443033,3,0.617021,0.054491,0.498512,0.003729,0.522786,0.382018,False
0.443033,3,0.638298,0.05287,0.49762,0.003616,0.506473,0.403947,False
0.443033,3,0.659574,0.051789,0.506843,0.003525,0.475919,0.433772,False
0.443033,3,0.680851,0.068062,0.533621,0.004632,0.516572,0.490789,True
0.443033,3,0.702128,0.070764,0.579887,0.004798,0.540135,0.528509,True
0.443033,3,0.723404,0.083764,0.659625,0.005629,0.602796,0.457456,True
0.443033,3,0.744681,0.095623,0.718239,0.00641,0.665717,0.448246,True
0.443033,3,0.765957,0.09184,0.705445,0.006344,0.654065,0.442982,True
0.443033,3,0.787234,0.075417,0.674502,0.005085,0.603055,0.45614,True
0.443033,3,0.808511,0.058514,0.634781,0.00397,0.560849,0.387719,False
0.443033,3,0.829787,0.059835,0.602053,0.004078,0.535474,0.413596,True
0.443033,3,0.851064,0.053441,0.578399,0.003641,0.503107,0.419298,False
0.443033,3,0.87234,0.069683,0.559209,0.004732,0.479026,0.459649,True
0.443033,3,0.893617,0.05212,0.515918,0.003558,0.436561,0.488158,False
0.443033,3,0.914894,0.053471,0.472776,0.003614,0.404972,0.530263,False
0.443033,3,0.93617,0.053711,0.515918,0.003619,0.39073,0.580263,False
0.443033,3,0.957447,0.048127,0.516513,0.003247,0.375971,0.565351,False
0.443033,3,0.978723,0.053501,0.520678,0.003635,0.456758,0.436404,False
0.443033,3,1.0,0.055302,0.51562,0.003787,0.444847,0.483333,False
0.443078,4,0.0,0.068962,0.498661,0.004639,0.416882,0.589474,True
0.443078,4,0.021277,0.058394,0.475751,0.003916,0.401088,0.541228,True
0.443078,4,0.042553,0.062087,0.449122,0.004194,0.452615,0.453509,True
0.443078,4,0.06383,0.049267,0.389914,0.003324,0.420249,0.50614,False
0.443078,4,0.085106,0.044914,0.334722,0.003006,0.372087,0.596491,False
0.443078,4,0.106383,0.042873,0.285629,0.002823,0.325997,0.675877,False
0.443078,4,0.12766,0.042002,0.241744,0.002734,0.28638,0.726754,False
0.443078,4,0.148936,0.040771,0.210503,0.002642,0.25246,0.727193,False
0.443078,4,0.170213,0.036538,0.188188,0.002374,0.217763,0.732018,False
0.443078,4,0.191489,0.033926,0.186105,0.00221,0.209218,0.720175,False
0.443078,4,0.212766,0.037228,0.126599,0.002397,0.216209,0.702632,False
0.443078,4,0.234043,0.040711,0.261827,0.002663,0.249871,0.713158,False
0.443078,4,0.255319,0.043173,0.356739,0.002835,0.326256,0.624561,False
0.443078,4,0.276596,0.045334,0.46742,0.003041,0.412222,0.575439,False
0.443078,4,0.297872,0.047826,0.494198,0.003226,0.46608,0.508333,False
0.443078,4,0.319149,0.048697,0.56992,0.003319,0.533402,0.445614,False
0.443078,4,0.340426,0.053381,0.569473,0.003583,0.562144,0.429386,False
0.443078,4,0.361702,0.061667,0.568134,0.004194,0.571983,0.380263,True
0.443078,4,0.382979,0.093941,0.601309,0.006342,0.58726,0.45307,True
0.443078,4,0.404255,0.083373,0.606962,0.00559,0.581564,0.50614,True
0.443078,4,0.425532,0.064399,0.588664,0.004337,0.576385,0.409211,True
0.443078,4,0.446809,0.054131,0.563374,0.003677,0.569912,0.384649,False
0.443078,4,0.468085,0.054251,0.543588,0.00372,0.562403,0.371491,False
0.443078,4,0.489362,0.051039,0.534514,0.003463,0.55334,0.426754,False
0.443078,4,0.510638,0.049207,0.523356,0.003288,0.539617,0.452193,False
0.443078,4,0.531915,0.048427,0.511009,0.003261,0.535474,0.42807,False
0.443078,4,0.553191,0.049358,0.510116,0.003336,0.557224,0.389474,False
0.443078,4,0.574468,0.071064,0.503273,0.004838,0.562144,0.383333,True
0.443078,4,0.595745,0.063048,0.483636,0.004312,0.561367,0.392105,True
0.443078,4,0.617021,0.051189,0.488545,0.003492,0.552822,0.39693,False
0.443078,4,0.638298,0.050829,0.480661,0.003461,0.540394,0.416228,False
0.443078,4,0.659574,0.051129,0.494793,0.003479,0.546349,0.409649,False
0.443078,4,0.680851,0.066591,0.5241,0.00451,0.555671,0.465351,True
0.443078,4,0.702128,0.093431,0.567539,0.006307,0.583118,0.467982,True
0.443078,4,0.723404,0.074487,0.63731,0.005008,0.628949,0.512719,True
0.443078,4,0.744681,0.083794,0.692353,0.0056,0.673485,0.471491,True
0.443078,4,0.765957,0.072055,0.676882,0.00483,0.651735,0.470614,True
0.443078,4,0.787234,0.06587,0.644154,0.004418,0.598395,0.460965,True
0.443078,4,0.808511,0.050258,0.603689,0.00339,0.547126,0.469298,False
0.443078,4,0.829787,0.05323,0.570217,0.003581,0.51709,0.494737,False
0.443078,4,0.851064,0.050288,0.546415,0.003392,0.489643,0.501316,False
0.443078,4,0.87234,0.056833,0.518298,0.003822,0.460642,0.521053,True
0.443078,4,0.893617,0.049778,0.474561,0.003357,0.439151,0.564035,False
0.443078,4,0.914894,0.048847,0.442428,0.003268,0.410668,0.592982,False
0.443078,4,0.93617,0.048006,0.485867,0.003211,0.394873,0.604825,False
0.443078,4,0.957447,0.046355,0.494644,0.003118,0.389953,0.544298,False
0.443078,4,0.978723,0.050078,0.499256,0.003407,0.458312,0.476754,False
0.443078,4,1.0,0.050829,0.485421,0.003465,0.457276,0.491228,False
0.443122,5,0.0,0.054131,0.47114,0.003666,0.420508,0.523684,False
0.443122,5,0.021277,0.047226,0.448527,0.003182,0.38581,0.552193,False
0.443122,5,0.042553,0.049418,0.422642,0.00334,0.429829,0.478509,False
0.443122,5,0.06383,0.046445,0.368045,0.003135,0.399793,0.479825,False
0.443122,5,0.085106,0.044974,0.310473,0.003045,0.345158,0.471053,False
0.443122,5,0.106383,0.043413,0.267034,0.002931,0.297773,0.561842,False
0.443122,5,0.12766,0.041822,0.217792,0.002781,0.248576,0.635965,False
0.443122,5,0.148936,0.040531,0.188783,0.002655,0.227343,0.692544,False
0.443122,5,0.170213,0.036418,0.175245,0.002385,0.203004,0.707018,False
0.443122,5,0.191489,0.036358,0.17346,0.002381,0.195495,0.692982,False
0.443122,5,0.212766,0.03918,0.20366,0.002557,0.208182,0.735526,False
0.443122,5,0.234043,0.041792,0.250074,0.002721,0.238995,0.715789,False
0.443122,5,0.255319,0.042752,0.350491,0.002813,0.311497,0.64386,False
0.443122,5,0.276596,0.044584,0.457007,0.002995,0.392284,0.545175,False
0.443122,5,0.297872,0.050288,0.475751,0.003425,0.454169,0.487281,False
0.443122,5,0.319149,0.059175,0.536001,0.004026,0.53392,0.540351,True
0.443122,5,0.340426,0.069743,0.549093,0.004674,0.567582,0.466667,True
0.443122,5,0.361702,0.06518,0.541208,0.004593,0.571207,0.380263,True
0.443122,5,0.382979,0.060796,0.56873,0.004165,0.576903,0.420175,True
0.443122,5,0.404255,0.049898,0.570217,0.003444,0.570948,0.35,False
0.443122,5,0.425532,0.056983,0.548051,0.004073,0.572501,0.352632,True
0.443122,5,0.446809,0.053411,0.530051,0.00399,0.564215,0.349123,False
0.443122,5,0.468085,0.054431,0.516959,0.003772,0.564733,0.321053,True
0.443122,5,0.489362,0.055993,0.509075,0.003837,0.562144,0.359211,True
0.443122,5,0.510638,0.063198,0.498066,0.004306,0.543242,0.380263,True
0.443122,5,0.531915,0.053291,0.489735,0.004022,0.539617,0.361842,False
0.443122,5,0.553191,0.050859,0.486462,0.003936,0.55334,0.390351,False
0.443122,5,0.574468,0.045124,0.482297,0.003835,0.555671,0.390351,False
0.443122,5,0.595745,0.049327,0.477239,0.003932,0.546867,0.390351,False
0.443122,5,0.617021,0.046385,0.473371,0.003677,0.537027,0.387719,False
0.443122,5,0.638298,0.048817,0.469503,0.003353,0.519679,0.364474,False
0.443122,5,0.659574,0.048877,0.483338,0.003353,0.517607,0.419737,False
0.443122,5,0.680851,0.057223,0.509967,0.003899,0.522786,0.482018,True
0.443122,5,0.702128,0.055422,0.553407,0.003812,0.54609,0.487719,True
0.443122,5,0.723404,0.073856,0.618715,0.005046,0.600466,0.452632,True
0.443122,5,0.744681,0.103278,0.674502,0.006963,0.654324,0.419298,True
0.443122,5,0.765957,0.084034,0.666171,0.005656,0.641119,0.414912,True
0.443122,5,0.787234,0.072775,0.638203,0.004894,0.5971,0.454825,True
0.443122,5,0.808511,0.070464,0.604136,0.004744,0.55101,0.459211,True
0.443122,5,0.829787,0.060646,0.577655,0.004105,0.52667,0.495614,True
0.443122,5,0.851064,0.056173,0.559209,0.00382,0.505697,0.485088,True
0.443122,5,0.87234,0.06605,0.533472,0.004449,0.479803,0.522807,True
0.443122,5,0.893617,0.049177,0.484975,0.003315,0.434749,0.485965,False
0.443122,5,0.914894,0.044524,0.444362,0.003006,0.398498,0.564912,False
0.443122,5,0.93617,0.044134,0.483933,0.002968,0.388918,0.586842,False
0.443122,5,0.957447,0.044584,0.497769,0.003008,0.373641,0.551754,False
0.443122,5,0.978723,0.046055,0.509372,0.003143,0.454428,0.484211,False
0.443122,5,1.0,0.055362,0.500744,0.003882,0.459606,0.519298,True
0.443166,6,0.0,0.053801,0.485719,0.00365,0.420508,0.593421,True
0.443166,6,0.021277,0.044824,0.461321,0.003006,0.379596,0.600439,False
0.443166,6,0.042553,0.044974,0.427403,0.003029,0.429052,0.501316,False
0.443166,6,0.06383,0.043713,0.375186,0.002923,0.396945,0.573246,False
0.443166,6,0.085106,0.041912,0.314192,0.002788,0.350596,0.622368,False
0.443166,6,0.106383,0.040621,0.270604,0.002667,0.300621,0.650439,False
0.443166,6,0.12766,0.038189,0.224636,0.002511,0.257121,0.651316,False
0.443166,6,0.148936,0.031464,0.193395,0.002075,0.218281,0.666228,False
0.443166,6,0.170213,0.030713,0.183576,0.002013,0.201968,0.699561,False
0.443166,6,0.191489,0.030383,0.181494,0.001967,0.194977,0.727632,False
0.443166,6,0.212766,0.034796,0.211247,0.002318,0.212584,0.753947,False
0.443166,6,0.234043,0.038159,0.253645,0.002457,0.234852,0.759649,False
0.443166,6,0.255319,0.042752,0.349896,0.002779,0.311497,0.691228,False
0.443166,6,0.276596,0.043773,0.456561,0.002889,0.390989,0.62807,False
0.443166,6,0.297872,0.044043,0.475602,0.002929,0.446401,0.510526,False
0.443166,6,0.319149,0.054551,0.549836,0.003741,0.522527,0.52193,True
0.443166,6,0.340426,0.069623,0.564415,0.004659,0.554635,0.476754,True
0.443166,6,0.361702,0.053891,0.561886,0.003552,0.559037,0.405702,True
0.443166,6,0.382979,0.106851,0.592681,0.006973,0.57276,0.50307,True
0.443166,6,0.404255,0.073196,0.603243,0.004992,0.565251,0.498246,True
0.443166,6,0.425532,0.054341,0.587623,0.00382,0.552046,0.479386,True
0.443166,6,0.446809,0.05272,0.5723,0.0036,0.544795,0.452193,False
0.443166,6,0.468085,0.05278,0.558018,0.00361,0.542724,0.44386,False
0.443166,6,0.489362,0.047856,0.557275,0.003278,0.534697,0.477632,False
0.443166,6,0.510638,0.045094,0.543291,0.003085,0.52667,0.458772,False
0.443166,6,0.531915,0.045425,0.531538,0.00311,0.525634,0.415351,False
0.443166,6,0.553191,0.045064,0.522761,0.003087,0.531331,0.444737,False
0.443166,6,0.574468,0.044554,0.521273,0.003056,0.527706,0.424561,False
0.443166,6,0.595745,0.046055,0.509819,0.003139,0.508804,0.454386,False
0.443166,6,0.617021,0.047976,0.505951,0.003255,0.503884,0.489912,False
0.443166,6,0.638298,0.044884,0.498959,0.003049,0.477473,0.466228,False
0.443166,6,0.659574,0.045364,0.515025,0.003078,0.472035,0.539035,False
0.443166,6,0.680851,0.044914,0.537489,0.003049,0.472294,0.532018,False
0.443166,6,0.702128,0.050108,0.571407,0.003392,0.486018,0.60307,False
0.443166,6,0.723404,0.05242,0.635823,0.003552,0.536769,0.536404,True
0.443166,6,0.744681,0.077669,0.672568,0.005195,0.603832,0.527193,True
0.443166,6,0.765957,0.061577,0.65546,0.004121,0.597618,0.461842,True
0.443166,6,0.787234,0.06545,0.623921,0.00441,0.557742,0.492982,True
0.443166,6,0.808511,0.050648,0.585242,0.003436,0.523304,0.482456,True
0.443166,6,0.829787,0.051939,0.552812,0.003515,0.489125,0.502193,True
0.443166,6,0.851064,0.05272,0.521273,0.003556,0.461678,0.488596,True
0.443166,6,0.87234,0.051639,0.50476,0.003469,0.448731,0.525,True
0.443166,6,0.893617,0.045064,0.470991,0.003037,0.408856,0.519298,False
0.443166,6,0.914894,0.044224,0.435733,0.002983,0.375712,0.54693,False
0.443166,6,0.93617,0.044524,0.490479,0.002997,0.369498,0.587719,False
0.443166,6,0.957447,0.044914,0.515472,0.003029,0.369757,0.555263,False
0.443166,6,0.978723,0.051639,0.51443,0.003523,0.464267,0.461842,True
0.443166,6,1.0,0.053531,0.503422,0.00381,0.455722,0.489474,True
0.44321,7,0.0,0.045004,0.482743,0.003054,0.424133,0.513158,False
0.44321,7,0.021277,0.044434,0.456709,0.002993,0.392025,0.585526,False
0.44321,7,0.042553,0.047106,0.420559,0.003174,0.433713,0.485088,False
0.44321,7,0.06383,0.043773,0.359268,0.002962,0.396427,0.56886,False
0.44321,7,0.085106,0.042632,0.296638,0.002829,0.348006,0.629386,False
0.44321,7,0.106383,0.041642,0.253496,0.002734,0.299845,0.660526,False
0.44321,7,0.12766,0.040561,0.204255,0.002665,0.250388,0.660526,False
0.44321,7,0.148936,0.036208,0.170039,0.002381,0.209218,0.652632,False
0.44321,7,0.170213,0.035697,0.146236,0.002354,0.185396,0.662719,False
0.44321,7,0.191489,0.031914,0.13493,0.002108,0.167271,0.633333,False
0.44321,7,0.212766,0.031974,0.144749,0.002108,0.163387,0.672807,False
0.44321,7,0.234043,0.031824,0.161113,0.002092,0.168824,0.696053,False
0.44321,7,0.255319,0.03933,0.196221,0.002582,0.192646,0.718421,False
0.44321,7,0.276596,0.040801,0.238173,0.002655,0.212584,0.72807,False
0.44321,7,0.297872,0.041672,0.277298,0.002717,0.214138,0.728509,False
0.44321,7,0.319149,0.042752,0.36507,0.002808,0.248576,0.661404,False
0.44321,7,0.340426,0.044013,0.434841,0.002923,0.292336,0.604386,False
0.44321,7,0.361702,0.046295,0.477239,0.003118,0.331952,0.547807,False
0.44321,7,0.382979,0.047856,0.514579,0.003261,0.356033,0.501316,False
0.44321,7,0.404255,0.049147,0.520381,0.00328,0.364319,0.487719,True
0.44321,7,0.425532,0.045064,0.5,0.003083,0.365096,0.503947,False
0.44321,7,0.446809,0.045034,0.472032,0.003068,0.356033,0.499561,False
0.44321,7,0.468085,0.044854,0.448081,0.003047,0.344899,0.510088,False
0.44321,7,0.489362,0.044644,0.429485,0.00302,0.337131,0.521491,False
0.44321,7,0.510638,0.045064,0.418477,0.003043,0.323408,0.517982,False
0.44321,7,0.531915,0.044884,0.409997,0.003031,0.320559,0.529825,False
0.44321,7,0.553191,0.044914,0.394972,0.003033,0.323925,0.532456,False
0.44321,7,0.574468,0.044734,0.378161,0.003016,0.31797,0.54693,False
0.44321,7,0.595745,0.044314,0.353466,0.002968,0.302693,0.564912,False
0.44321,7,0.617021,0.044164,0.343201,0.002939,0.295961,0.60614,False
0.44321,7,0.638298,0.044104,0.344689,0.002927,0.279648,0.623684,False
0.44321,7,0.659574,0.044073,0.354954,0.002929,0.28405,0.602193,False
0.44321,7,0.680851,0.043863,0.36983,0.002923,0.292336,0.576316,False
0.44321,7,0.702128,0.047916,0.423386,0.00323,0.334801,0.52807,True
0.44321,7,0.723404,0.055212,0.512199,0.00387,0.395391,0.432456,True
0.44321,7,0.744681,0.070734,0.568581,0.004865,0.46841,0.361404,True
0.44321,7,0.765957,0.071875,0.587176,0.004861,0.464785,0.337281,True
0.44321,7,0.787234,0.070734,0.564415,0.004751,0.44174,0.343421,True
0.44321,7,0.808511,0.070013,0.513835,0.004742,0.406525,0.411842,True
0.44321,7,0.829787,0.070013,0.480512,0.00474,0.37623,0.439035,True
0.44321,7,0.851064,0.057043,0.446593,0.003608,0.358881,0.456579,True
0.44321,7,0.87234,0.045094,0.430675,0.003083,0.341792,0.474561,False
0.44321,7,0.893617,0.044974,0.4036,0.003054,0.320818,0.480702,False
0.44321,7,0.914894,0.044674,0.375037,0.003037,0.3058,0.513596,False
0.44321,7,0.93617,0.044854,0.40479,0.003022,0.305023,0.516228,False
0.44321,7,0.957447,0.044764,0.408361,0.003006,0.311497,0.494298,False
0.44321,7,0.978723,0.048757,0.415799,0.003351,0.389177,0.349123,True
0.44321,7,1.0,0.044134,0.395716,0.003049,0.399275,0.373246,False
0.443255,1,0.0,0.044524,0.366409,0.003047,0.380632,0.396491,False
0.443255,1,0.021277,0.046055,0.31687,0.003132,0.348524,0.464035,False
0.443255,1,0.042553,0.046776,0.286224,0.003322,0.39332,0.358333,True
0.443255,1,0.06383,0.049748,0.241148,0.003511,0.362506,0.445614,True
0.443255,1,0.085106,0.042843,0.197858,0.003054,0.316157,0.496491,False
0.443255,1,0.106383,0.041431,0.16632,0.002771,0.267996,0.533772,False
0.443255,1,0.12766,0.040501,0.138054,0.002707,0.230192,0.562281,False
0.443255,1,0.148936,0.037619,0.114549,0.00248,0.187727,0.580702,False
0.443255,1,0.170213,0.032425,0.103689,0.002092,0.157172,0.667982,False
0.443255,1,0.191489,0.031734,0.099524,0.002092,0.137235,0.677632,False
0.443255,1,0.212766,0.030984,0.104433,0.002013,0.118591,0.696491,False
0.443255,1,0.234043,0.031704,0.116334,0.002092,0.116261,0.741228,False
0.443255,1,0.255319,0.032425,0.141625,0.002102,0.123511,0.765789,False
0.443255,1,0.276596,0.032965,0.157394,0.002092,0.128172,0.761404,False
0.443255,1,0.297872,0.040471,0.193692,0.00188,0.106939,0.765789,False
0.443255,1,0.319149,0.042092,0.268075,0.002177,0.120145,0.765789,False
0.443255,1,0.340426,0.040771,0.33249,0.002503,0.163905,0.765789,False
0.443255,1,0.361702,0.042632,0.375781,0.002738,0.202486,0.755263,False
0.443255,1,0.382979,0.043473,0.423683,0.002823,0.221906,0.753509,False
0.443255,1,0.404255,0.043413,0.43856,0.002823,0.236924,0.74693,False
0.443255,1,0.425532,0.043353,0.428593,0.002827,0.239772,0.715789,False
0.443255,1,0.446809,0.043263,0.409699,0.002829,0.23537,0.737281,False
0.443255,1,0.468085,0.043263,0.380542,0.002813,0.233299,0.730702,False
0.443255,1,0.489362,0.043473,0.363434,0.002821,0.227084,0.74693,False
0.443255,1,0.510638,0.043353,0.350193,0.003004,0.227084,0.414912,False
0.443255,1,0.531915,0.040711,0.329961,0.002725,0.216209,0.715351,False
0.443255,1,0.553191,0.042542,0.31568,0.002773,0.220611,0.717105,False
0.443255,1,0.574468,0.042722,0.297233,0.002391,0.196012,0.70307,False
0.443255,1,0.595745,0.042512,0.284588,0.002767,0.181512,0.730702,False
0.443255,1,0.617021,0.042302,0.278786,0.002744,0.174003,0.745614,False
0.443255,1,0.638298,0.038579,0.273282,0.002513,0.175298,0.704825,False
0.443255,1,0.659574,0.03972,0.286373,0.002557,0.182289,0.714912,False
0.443255,1,0.680851,0.040381,0.307349,0.002646,0.1942,0.721491,False
0.443255,1,0.702128,0.042032,0.362392,0.002767,0.236924,0.647807,False
0.443255,1,0.723404,0.043323,0.467272,0.002908,0.323925,0.497807,False
0.443255,1,0.744681,0.066981,0.571259,0.004597,0.412481,0.393421,True
0.443255,1,0.765957,0.070013,0.586879,0.004803,0.428276,0.365789,True
0.443255,1,0.787234,0.070013,0.570961,0.004717,0.411704,0.400439,True
0.443255,1,0.808511,0.070013,0.537638,0.004711,0.384775,0.42807,True
0.443255,1,0.829787,0.070013,0.516662,0.004734,0.368203,0.464912,True
0.443255,1,0.851064,0.070013,0.503868,0.004757,0.355256,0.464912,True
0.443255,1,0.87234,0.058845,0.488694,0.003992,0.341274,0.500877,True
0.443255,1,0.893617,0.044164,0.450312,0.002997,0.314863,0.538596,False
0.443255,1,0.914894,0.044194,0.411336,0.002981,0.299845,0.553509,False
0.443255,1,0.93617,0.044554,0.422493,0.002995,0.292595,0.569737,False
0.443255,1,0.957447,0.043983,0.415055,0.002956,0.294407,0.550877,False
0.443255,1,0.978723,0.044554,0.413567,0.003029,0.358364,0.426754,False
0.443255,1,1.0,0.044344,0.386641,0.00302,0.352926,0.464035,False
0.443299,2,0.0,0.044614,0.365814,0.00302,0.331952,0.487719,False
0.443299,2,0.021277,0.044164,0.330408,0.002983,0.320818,0.507456,False
0.443299,2,0.042553,0.05308,0.302291,0.003589,0.367426,0.445614,True
0.443299,2,0.06383,0.056443,0.266439,0.003806,0.339979,0.482456,True
0.443299,2,0.085106,0.043743,0.233561,0.002991,0.292595,0.549561,False
0.443299,2,0.106383,0.041972,0.203362,0.002798,0.25971,0.623246,False
0.443299,2,0.12766,0.041071,0.173609,0.002734,0.215173,0.628947,False
0.443299,2,0.148936,0.040141,0.155608,0.002638,0.187727,0.622368,False
0.443299,2,0.170213,0.033626,0.151443,0.002192,0.168048,0.7,False
0.443299,2,0.191489,0.032004,0.163939,0.002092,0.165458,0.73114,False
0.443299,2,0.212766,0.036087,0.199494,0.002345,0.18203,0.717105,False
0.443299,2,0.234043,0.040681,0.253942,0.002644,0.209218,0.702193,False
0.443299,2,0.255319,0.043443,0.366855,0.002865,0.285085,0.595175,False
0.443299,2,0.276596,0.044374,0.478578,0.002991,0.365096,0.494737,False
0.443299,2,0.297872,0.050979,0.509521,0.003506,0.435267,0.410526,True
0.443299,2,0.319149,0.075748,0.583011,0.005201,0.515277,0.441228,True
0.443299,2,0.340426,0.090279,0.595359,0.006105,0.572501,0.413596,True
0.443299,2,0.361702,0.074577,0.590003,0.005073,0.578457,0.363596,True
0.443299,2,0.382979,0.074186,0.623029,0.005025,0.598654,0.359211,True
0.443299,2,0.404255,0.076738,0.63136,0.005264,0.602538,0.360965,True
0.443299,2,0.425532,0.085355,0.604582,0.005862,0.605127,0.384649,True
0.443299,2,0.446809,0.071454,0.567986,0.004921,0.605645,0.354825,True
0.443299,2,0.468085,0.071514,0.555341,0.004921,0.602279,0.407018,True
0.443299,2,0.489362,0.061307,0.545373,0.004204,0.589073,0.405263,True
0.443299,2,0.510638,0.062297,0.528712,0.004298,0.590886,0.402632,True
0.443299,2,0.531915,0.044644,0.515323,0.00306,0.571466,0.404825,False
0.443299,2,0.553191,0.046055,0.510562,0.003164,0.589073,0.370175,False
0.443299,2,0.574468,0.044494,0.502529,0.003056,0.582859,0.386404,False
0.443299,2,0.595745,0.044434,0.498661,0.003051,0.563439,0.376316,False
0.443299,2,0.617021,0.044404,0.494942,0.003049,0.544537,0.396491,False
0.443299,2,0.638298,0.044554,0.493752,0.003051,0.529001,0.420614,False
0.443299,2,0.659574,0.05317,0.514281,0.003531,0.529259,0.481579,False
0.443299,2,0.680851,0.067882,0.547159,0.004607,0.552305,0.504825,True
0.443299,2,0.702128,0.084304,0.594615,0.005654,0.595028,0.509649,True
0.443299,2,0.723404,0.084484,0.663642,0.005646,0.637752,0.466667,True
0.443299,2,0.744681,0.064909,0.708569,0.004339,0.678923,0.465789,True
0.443299,2,0.765957,0.070434,0.687891,0.00469,0.65303,0.460965,True
0.443299,2,0.787234,0.055902,0.65546,0.003756,0.599689,0.435965,False
0.443299,2,0.808511,0.060226,0.606665,0.004069,0.560849,0.439474,True
0.443299,2,0.829787,0.048787,0.56992,0.003317,0.529259,0.465789,False
0.443299,2,0.851064,0.044944,0.548944,0.003049,0.496634,0.494737,False
0.443299,2,0.87234,0.046025,0.519637,0.003103,0.476696,0.513596,False
0.443299,2,0.893617,0.043653,0.474264,0.002933,0.441481,0.589035,False
0.443299,2,0.914894,0.042662,0.428295,0.002835,0.4174,0.630702,False
0.443299,2,0.93617,0.043953,0.475454,0.002908,0.392543,0.662281,False
0.443299,2,0.957447,0.043863,0.484975,0.002898,0.375712,0.675877,False
0.443299,2,0.978723,0.044314,0.495835,0.002975,0.459089,0.507018,False
0.443299,2,1.0,0.044374,0.479024,0.002991,0.44666,0.57807,False
0.443343,3,0.0,0.043803,0.466825,0.002919,0.430865,0.634211,False
0.443343,3,0.021277,0.043653,0.445106,0.002877,0.402382,0.678947,False
0.443343,3,0.042553,0.043653,0.414162,0.002889,0.447178,0.617105,False
0.443343,3,0.06383,0.042843,0.364177,0.002815,0.421284,0.660088,False
0.443343,3,0.085106,0.041101,0.30363,0.002671,0.372864,0.716667,False
0.443343,3,0.106383,0.038699,0.259149,0.002486,0.321336,0.755263,False
0.443343,3,0.12766,0.033205,0.21571,0.002142,0.275505,0.75614,False
0.443343,3,0.148936,0.031524,0.184469,0.002034,0.250906,0.750439,False
0.443343,3,0.170213,0.030413,0.166617,0.001793,0.229933,0.765789,False
0.443343,3,0.191489,0.029663,0.170187,0.001759,0.225272,0.765789,False
0.443343,3,0.212766,0.029813,0.19875,0.001801,0.235111,0.765789,False
0.443343,3,0.234043,0.034676,0.248438,0.001855,0.268514,0.765789,False
0.443343,3,0.255319,0.03942,0.347962,0.002567,0.347488,0.678509,False
0.443343,3,0.276596,0.041011,0.452098,0.002719,0.434749,0.569737,False
0.443343,3,0.297872,0.041522,0.460131,0.002798,0.481875,0.54386,False
0.443343,3,0.319149,0.043803,0.527819,0.002985,0.552563,0.428947,False
0.443343,3,0.340426,0.044134,0.536745,0.003033,0.588814,0.383772,False
0.443343,3,0.361702,0.045905,0.526778,0.003145,0.58985,0.382895,False
0.443343,3,0.382979,0.050468,0.561291,0.003446,0.590368,0.375439,True
0.443343,3,0.404255,0.082563,0.569622,0.005235,0.586225,0.472368,True
0.443343,3,0.425532,0.053891,0.545968,0.003664,0.571724,0.423246,True
0.443343,3,0.446809,0.044404,0.531389,0.003029,0.553599,0.421053,False
0.443343,3,0.468085,0.043503,0.522017,0.002968,0.555153,0.393421,False
0.443343,3,0.489362,0.044464,0.516959,0.003043,0.552046,0.421053,False
0.443343,3,0.510638,0.043593,0.506843,0.002983,0.532108,0.405263,False
0.443343,3,0.531915,0.042963,0.503868,0.002943,0.525634,0.413158,False
0.443343,3,0.553191,0.043083,0.506099,0.00295,0.53884,0.412281,False
0.443343,3,0.574468,0.042662,0.499107,0.002925,0.54376,0.389912,False
0.443343,3,0.595745,0.041642,0.486314,0.002943,0.530295,0.420614,False
0.443343,3,0.617021,0.041492,0.486016,0.002879,0.522786,0.452632,False
0.443343,3,0.638298,0.040981,0.477685,0.002773,0.507509,0.489474,False
0.443343,3,0.659574,0.041221,0.487206,0.002779,0.502071,0.489035,False
0.443343,3,0.680851,0.043293,0.505951,0.002927,0.510875,0.498684,False
0.443343,3,0.702128,0.063588,0.54091,0.004042,0.533402,0.581579,True
0.443343,3,0.723404,0.068662,0.613508,0.004639,0.596064,0.478947,True
0.443343,3,0.744681,0.095232,0.671229,0.006385,0.666235,0.457456,True
0.443343,3,0.765957,0.075627,0.651294,0.00505,0.658726,0.464035,True
0.443343,3,0.787234,0.074817,0.614847,0.004963,0.611341,0.509649,True
0.443343,3,0.808511,0.076228,0.577953,0.005041,0.56059,0.555702,True
0.443343,3,0.829787,0.073886,0.541654,0.004882,0.531331,0.555263,True
0.443343,3,0.851064,0.068122,0.511157,0.00453,0.510098,0.555702,True
0.443343,3,0.87234,0.050859,0.488396,0.003411,0.482134,0.526754,True
0.443343,3,0.893617,0.040831,0.449569,0.002725,0.447954,0.600439,False
0.443343,3,0.914894,0.03996,0.413865,0.002644,0.424909,0.651754,False
0.443343,3,0.93617,0.040561,0.468908,0.002671,0.394614,0.700877,False
0.443343,3,0.957447,0.040471,0.482446,0.002667,0.379337,0.705702,False
0.443343,3,0.978723,0.042212,0.489438,0.002815,0.455205,0.548246,False
0.443343,3,1.0,0.042272,0.482148,0.00284,0.450285,0.604386,False
0.443387,4,0.0,0.041522,0.466677,0.002765,0.428276,0.628509,False
0.443387,4,0.021277,0.040501,0.444511,0.002673,0.398239,0.675439,False
0.443387,4,0.042553,0.041702,0.413865,0.002769,0.444588,0.600877,False
0.443387,4,0.06383,0.0399,0.363285,0.00263,0.415847,0.649561,False
0.443387,4,0.085106,0.03903,0.304522,0.002549,0.370274,0.707018,False
0.443387,4,0.106383,0.036898,0.257959,0.002202,0.328586,0.765789,False
0.443387,4,0.12766,0.033716,0.215115,0.001666,0.280684,0.765789,False
0.443387,4,0.148936,0.033806,0.181642,0.001701,0.246245,0.765789,False
0.443387,4,0.170213,0.029783,0.167063,0.001624,0.224495,0.765789,False
0.443387,4,0.191489,0.029933,0.163939,0.001583,0.21362,0.765789,False
0.443387,4,0.212766,0.034046,0.192056,0.001685,0.227084,0.765789,False
0.443387,4,0.234043,0.034856,0.244719,0.001917,0.257897,0.765789,False
0.443387,4,0.255319,0.037048,0.341714,0.002285,0.337908,0.764474,False
0.443387,4,0.276596,0.042302,0.45061,0.002781,0.423874,0.654386,False
0.443387,4,0.297872,0.042122,0.463404,0.0028,0.473848,0.590351,False
0.443387,4,0.319149,0.046806,0.523207,0.003166,0.539358,0.482018,False
0.443387,4,0.340426,0.047406,0.539423,0.003241,0.566805,0.446053,False
0.443387,4,0.361702,0.043953,0.523951,0.003,0.55826,0.451316,False
0.443387,4,0.382979,0.080942,0.550283,0.005336,0.562144,0.473684,True
0.443387,4,0.404255,0.063018,0.559357,0.004229,0.553858,0.475,True
0.443387,4,0.425532,0.051609,0.549241,0.0035,0.545054,0.43114,True
0.443387,4,0.446809,0.044944,0.52648,0.003066,0.536769,0.450439,False
0.443387,4,0.468085,0.045004,0.515472,0.003066,0.542724,0.444737,False
0.443387,4,0.489362,0.049087,0.506248,0.003336,0.53651,0.464474,True
0.443387,4,0.510638,0.044734,0.501934,0.003039,0.523563,0.480702,False
0.443387,4,0.531915,0.044644,0.489586,0.003029,0.51709,0.463158,False
0.443387,4,0.553191,0.044644,0.488545,0.003037,0.530813,0.447368,False
0.443387,4,0.574468,0.044584,0.482892,0.003029,0.531331,0.447368,False
0.443387,4,0.595745,0.044134,0.472925,0.002997,0.523563,0.465789,False
0.443387,4,0.617021,0.043893,0.478578,0.002966,0.510357,0.507018,False
0.443387,4,0.638298,0.043893,0.468611,0.002954,0.505438,0.526754,False
0.443387,4,0.659574,0.044043,0.476049,0.002954,0.500518,0.545175,False
0.443387,4,0.680851,0.044073,0.489586,0.00296,0.501295,0.534211,False
0.443387,4,0.702128,0.047526,0.521571,0.00313,0.533661,0.505702,False
0.443387,4,0.723404,0.058755,0.593573,0.004001,0.603055,0.461404,True
0.443387,4,0.744681,0.07857,0.652336,0.005289,0.653288,0.442982,True
0.443387,4,0.765957,0.098415,0.641922,0.006506,0.6261,0.475439,True
0.443387,4,0.787234,0.077219,0.612467,0.005039,0.580269,0.49693,True
0.443387,4,0.808511,0.050348,0.576465,0.003496,0.544537,0.50307,True
0.443387,4,0.829787,0.046355,0.547456,0.003137,0.516831,0.521053,False
0.443387,4,0.851064,0.044884,0.522464,0.003022,0.495857,0.545614,False
0.443387,4,0.87234,0.044464,0.493306,0.002975,0.465303,0.587719,False
0.443387,4,0.893617,0.043893,0.456412,0.002921,0.437856,0.598684,False
0.443387,4,0.914894,0.042843,0.420559,0.002833,0.406266,0.640789,False
0.443387,4,0.93617,0.043563,0.47352,0.002883,0.392802,0.679386,False
0.443387,4,0.957447,0.043443,0.487057,0.002869,0.382185,0.662719,False
0.443387,4,0.978723,0.044224,0.493901,0.002975,0.462973,0.557895,False
0.443387,4,1.0,0.044464,0.489289,0.002987,0.453133,0.57193,False
0.443432,5,0.0,0.043893,0.470991,0.002946,0.428534,0.604386,False
0.443432,5,0.021277,0.043803,0.454032,0.00291,0.401346,0.642544,False
0.443432,5,0.042553,0.044194,0.427403,0.002935,0.445365,0.578947,False
0.443432,5,0.06383,0.042632,0.369979,0.002829,0.413516,0.613158,False
0.443432,5,0.085106,0.041131,0.308242,0.002717,0.362248,0.747807,False
0.443432,5,0.106383,0.040711,0.261827,0.002634,0.32755,0.754386,False
0.443432,5,0.12766,0.036598,0.216305,0.002264,0.285603,0.765789,False
0.443432,5,0.148936,0.032335,0.192056,0.001934,0.250129,0.765789,False
0.443432,5,0.170213,0.032275,0.176138,0.001982,0.22579,0.764035,False
0.443432,5,0.191489,0.031104,0.173907,0.001755,0.216209,0.765789,False
0.443432,5,0.212766,0.034286,0.19994,0.002162,0.235111,0.75,False
0.443432,5,0.234043,0.03933,0.248884,0.002576,0.267737,0.735965,False
0.443432,5,0.255319,0.040951,0.343499,0.002719,0.347229,0.603947,False
0.443432,5,0.276596,0.042722,0.452246,0.002902,0.42957,0.5,False
0.443432,5,0.297872,0.042783,0.46147,0.002954,0.485241,0.480263,False
0.443432,5,0.319149,0.051249,0.528117,0.00381,0.565769,0.382895,True
0.443432,5,0.340426,0.058514,0.540762,0.004445,0.611082,0.340351,True
0.443432,5,0.361702,0.059235,0.525885,0.004273,0.620145,0.309211,True
0.443432,5,0.382979,0.084604,0.551473,0.006003,0.630502,0.361842,True
0.443432,5,0.404255,0.081212,0.566201,0.005661,0.629726,0.363596,True
0.443432,5,0.425532,0.073526,0.552217,0.005185,0.622993,0.380702,True
0.443432,5,0.446809,0.071274,0.53496,0.004902,0.61885,0.420175,True
0.443432,5,0.468085,0.06581,0.52053,0.004518,0.616779,0.369298,True
0.443432,5,0.489362,0.070644,0.515918,0.004886,0.629984,0.360088,True
0.443432,5,0.510638,0.070464,0.505802,0.004832,0.638788,0.375439,True
0.443432,5,0.531915,0.061667,0.497025,0.004244,0.627395,0.35307,True
0.443432,5,0.553191,0.073916,0.498215,0.005397,0.656655,0.336842,True
0.443432,5,0.574468,0.067311,0.490033,0.004929,0.662869,0.340789,True
0.443432,5,0.595745,0.061667,0.483636,0.004526,0.649922,0.350439,True
0.443432,5,0.617021,0.056173,0.47114,0.003984,0.629984,0.35307,True
0.443432,5,0.638298,0.061667,0.46385,0.004071,0.624288,0.345175,True
0.443432,5,0.659574,0.05227,0.476346,0.003367,0.619886,0.337719,False
0.443432,5,0.680851,0.050348,0.490628,0.003282,0.597359,0.361842,False
0.443432,5,0.702128,0.057704,0.527522,0.003862,0.611082,0.383772,True
0.443432,5,0.723404,0.066621,0.592681,0.004551,0.661315,0.352193,True
0.443432,5,0.744681,0.089798,0.650402,0.006275,0.728897,0.346053,True
0.443432,5,0.765957,0.084694,0.641029,0.005914,0.720093,0.294737,True
0.443432,5,0.787234,0.086706,0.617376,0.005991,0.6797,0.372807,True
0.443432,5,0.808511,0.083073,0.581523,0.00582,0.641895,0.395175,True
0.443432,5,0.829787,0.071755,0.560845,0.004784,0.603314,0.403509,True
0.443432,5,0.851064,0.068782,0.536745,0.004863,0.566028,0.439474,True
0.443432,5,0.87234,0.083073,0.512496,0.005521,0.54376,0.459211,True
0.443432,5,0.893617,0.05212,0.471288,0.00361,0.498705,0.485088,False
0.443432,5,0.914894,0.043023,0.433353,0.002873,0.467633,0.540351,False
0.443432,5,0.93617,0.043593,0.491074,0.002919,0.450803,0.560965,False
0.443432,5,0.957447,0.043473,0.506397,0.00291,0.44174,0.590351,False
0.443432,5,0.978723,0.048487,0.51086,0.003014,0.513465,0.475,False
0.443432,5,1.0,0.047166,0.499702,0.00322,0.503366,0.487719,False
0.443476,6,0.0,0.044314,0.487057,0.003002,0.491714,0.509649,False
0.443476,6,0.021277,0.046836,0.462065,0.003182,0.458571,0.451316,False
0.443476,6,0.042553,0.055812,0.43618,0.00441,0.496893,0.394737,False
0.443476,6,0.06383,0.047316,0.387385,0.003714,0.468669,0.460088,False
0.443476,6,0.085106,0.042392,0.326986,0.002879,0.422838,0.532456,False
0.443476,6,0.106383,0.041341,0.276108,0.002717,0.378042,0.690789,False
0.443476,6,0.12766,0.040321,0.229545,0.002615,0.340497,0.742982,False
0.443476,6,0.148936,0.040201,0.19875,0.002493,0.303211,0.730702,False
0.443476,6,0.170213,0.033385,0.186105,0.001917,0.276541,0.765789,False
0.443476,6,0.191489,0.033535,0.184766,0.00182,0.266442,0.765789,False
0.443476,6,0.212766,0.036057,0.214222,0.001996,0.2768,0.757895,False
0.443476,6,0.234043,0.038369,0.257215,0.002441,0.307095,0.707456,False
0.443476,6,0.255319,0.040681,0.358078,0.002653,0.384257,0.636404,False
0.443476,6,0.276596,0.043353,0.473222,0.002964,0.464267,0.460965,False
0.443476,6,0.297872,0.0529,0.488545,0.003648,0.508545,0.420614,False
0.443476,6,0.319149,0.088657,0.550283,0.006076,0.583894,0.431579,True
0.443476,6,0.340426,0.104179,0.563969,0.007042,0.630502,0.365351,True
0.443476,6,0.361702,0.090969,0.559357,0.006477,0.632833,0.358333,True
0.443476,6,0.382979,0.093671,0.584201,0.006433,0.636717,0.372368,True
0.443476,6,0.404255,0.090759,0.595805,0.006203,0.62377,0.433772,True
0.443476,6,0.425532,0.077849,0.576763,0.005403,0.617038,0.396053,True
0.443476,6,0.446809,0.075417,0.555936,0.005172,0.60668,0.353947,True
0.443476,6,0.468085,0.077219,0.540167,0.005318,0.590886,0.375877,True
0.443476,6,0.489362,0.068152,0.527373,0.004701,0.58001,0.368421,True
0.443476,6,0.510638,0.057884,0.517108,0.004019,0.565769,0.399561,False
0.443476,6,0.531915,0.064369,0.503719,0.004433,0.559037,0.370175,True
0.443476,6,0.553191,0.071965,0.497322,0.004963,0.578716,0.359649,True
0.443476,6,0.574468,0.06626,0.488099,0.004823,0.570171,0.364474,True
0.443476,6,0.595745,0.047136,0.481107,0.003251,0.552822,0.335965,False
0.443476,6,0.617021,0.044404,0.469354,0.003068,0.54376,0.35614,False
0.443476,6,0.638298,0.043653,0.463404,0.003002,0.527965,0.377193,False
0.443476,6,0.659574,0.043353,0.474115,0.002975,0.519679,0.394737,False
0.443476,6,0.680851,0.043713,0.498066,0.003002,0.511393,0.408333,False
0.443476,6,0.702128,0.05284,0.550431,0.00365,0.532885,0.428947,False
0.443476,6,0.723404,0.084004,0.627194,0.005837,0.599171,0.507456,True
0.443476,6,0.744681,0.130539,0.688039,0.008652,0.661574,0.538596,True
0.443476,6,0.765957,0.111745,0.676436,0.00737,0.646297,0.512719,True
0.443476,6,0.787234,0.102918,0.654418,0.006832,0.613931,0.525877,True
0.443476,6,0.808511,0.078179,0.627046,0.00528,0.574314,0.429825,True
0.443476,6,0.829787,0.073826,0.598631,0.00505,0.538581,0.471491,True
0.443476,6,0.851064,0.062207,0.575722,0.00424,0.506991,0.478509,True
0.443476,6,0.87234,0.06545,0.558316,0.004522,0.491196,0.511842,True
0.443476,6,0.893617,0.077789,0.519786,0.005224,0.453392,0.564912,True
0.443476,6,0.914894,0.074036,0.485719,0.004956,0.424133,0.525877,True
0.443476,6,0.93617,0.059565,0.543439,0.004044,0.414811,0.595614,False
0.443476,6,0.957447,0.043983,0.564415,0.002923,0.410927,0.573246,False
0.443476,6,0.978723,0.045485,0.567986,0.003085,0.509322,0.439912,False
0.443476,6,1.0,0.042722,0.546712,0.002846,0.496116,0.520614,False
0.44352,7,0.0,0.03903,0.517554,0.002555,0.470741,0.597807,False
0.44352,7,0.021277,0.038399,0.491967,0.002464,0.44174,0.621491,False
0.44352,7,0.042553,0.037168,0.452693,0.002374,0.48291,0.605263,False
0.44352,7,0.06383,0.027021,0.392145,0.001726,0.443035,0.628509,False
0.44352,7,0.085106,0.02576,0.329961,0.001676,0.396945,0.568421,False
0.44352,7,0.106383,0.021706,0.284439,0.0014,0.338944,0.581579,False
0.44352,7,0.12766,0.011499,0.240553,0.00074,0.295702,0.537719,False
0.44352,7,0.148936,0.001861,0.20247,0.000118,0.251424,0.515789,False
0.44352,7,0.170213,0.004804,0.177774,0.000314,0.227602,0.562719,False
0.44352,7,0.191489,0.0,0.167956,0.0,0.205075,0.57807,False
0.44352,7,0.212766,0.0,0.170336,0.0,0.189539,0.594737,False
0.44352,7,0.234043,0.007686,0.192949,0.000505,0.189021,0.560526,False
0.44352,7,0.255319,0.020235,0.230586,0.001298,0.217763,0.709649,False
0.44352,7,0.276596,0.042873,0.275513,0.001726,0.250906,0.765789,False
0.44352,7,0.297872,0.042542,0.329069,0.001641,0.24754,0.765789,False
0.44352,7,0.319149,0.044494,0.432163,0.002597,0.285603,0.765789,False
0.44352,7,0.340426,0.090549,0.516513,0.005831,0.347747,0.62807,True
0.44352,7,0.361702,0.09154,0.573193,0.006055,0.388141,0.586842,True
0.44352,7,0.382979,0.087366,0.610533,0.005841,0.422579,0.567105,True
0.44352,7,0.404255,0.082413,0.609342,0.005507,0.433713,0.577632,True
0.44352,7,0.425532,0.073916,0.580333,0.004979,0.427499,0.570614,True
0.44352,7,0.446809,0.063829,0.548646,0.004302,0.412998,0.568421,True
0.44352,7,0.468085,0.047916,0.51562,0.003245,0.396427,0.527193,False
0.44352,7,0.489362,0.045154,0.492264,0.003051,0.381409,0.569737,False
0.44352,7,0.510638,0.046535,0.470396,0.003139,0.36406,0.575,False
0.44352,7,0.531915,0.045274,0.451056,0.003047,0.354997,0.564035,False
0.44352,7,0.553191,0.045455,0.441535,0.003062,0.364837,0.564912,False
0.44352,7,0.574468,0.045394,0.422196,0.003047,0.359917,0.591228,False
0.44352,7,0.595745,0.044704,0.411485,0.00297,0.344381,0.635965,False
0.44352,7,0.617021,0.044224,0.403303,0.002931,0.343863,0.643421,False
0.44352,7,0.638298,0.044344,0.406575,0.002941,0.343345,0.653947,False
0.44352,7,0.659574,0.049027,0.423088,0.002931,0.346453,0.640789,False
0.44352,7,0.680851,0.044254,0.44823,0.002931,0.347488,0.65,False
0.44352,7,0.702128,0.055842,0.520678,0.003745,0.38581,0.580702,True
0.44352,7,0.723404,0.086436,0.610235,0.005764,0.457535,0.623246,True
0.44352,7,0.744681,0.114597,0.685957,0.007472,0.52175,0.579825,True
0.44352,7,0.765957,0.119821,0.696965,0.0079,0.521233,0.582456,True
0.44352,7,0.787234,0.112736,0.670336,0.007453,0.490937,0.577632,True
0.44352,7,0.808511,0.093791,0.630765,0.006277,0.452615,0.578947,True
0.44352,7,0.829787,0.071094,0.58435,0.004923,0.422061,0.599123,True
0.44352,7,0.851064,0.059956,0.556531,0.004036,0.39565,0.602193,True
0.44352,7,0.87234,0.061066,0.539572,0.00381,0.379078,0.674123,True
0.44352,7,0.893617,0.089348,0.509819,0.00582,0.354738,0.705702,True
0.44352,7,0.914894,0.07872,0.466379,0.005125,0.340497,0.730702,True
0.44352,7,0.93617,0.055062,0.485719,0.003565,0.340756,0.704825,True
0.44352,7,0.957447,0.043803,0.479619,0.002833,0.353185,0.684211,False
0.44352,7,0.978723,0.055692,0.486314,0.003612,0.433454,0.583772,True
0.44352,7,1.0,0.038459,0.446593,0.002486,0.42465,0.670175,False
0.446617,1,0.0,0.033535,0.408956,0.002146,0.40782,0.682456,False
0.446617,1,0.021277,0.028101,0.351086,0.001793,0.383739,0.691667,False
0.446617,1,0.042553,0.042062,0.315829,0.002684,0.431124,0.652193,False
0.446617,1,0.06383,0.036027,0.279232,0.002289,0.408079,0.670614,False
0.446617,1,0.085106,0.029122,0.232223,0.001849,0.361212,0.730702,False
0.446617,1,0.106383,0.02612,0.201428,0.001658,0.309943,0.733772,False
0.446617,1,0.12766,0.022127,0.16989,0.001375,0.263853,0.667982,False
0.446617,1,0.148936,0.019755,0.147129,0.001236,0.218022,0.59693,False
0.446617,1,0.170213,0.016122,0.130318,0.001016,0.181253,0.584649,False
0.446617,1,0.191489,0.017263,0.127641,0.001128,0.160798,0.607456,False
0.446617,1,0.212766,0.019875,0.130616,0.001296,0.148887,0.611842,False
0.446617,1,0.234043,0.022127,0.145344,0.001423,0.141636,0.685088,False
0.446617,1,0.255319,0.023388,0.176138,0.001388,0.148628,0.763158,False
0.446617,1,0.276596,0.017894,0.203808,0.001016,0.146815,0.760088,False
0.446617,1,0.297872,0.029482,0.235198,0.000976,0.129984,0.765789,False
0.446617,1,0.319149,0.041462,0.310622,0.001491,0.149922,0.765789,False
0.446617,1,0.340426,0.042632,0.391699,0.001876,0.200673,0.765789,False
0.446617,1,0.361702,0.043923,0.459833,0.002788,0.253496,0.760088,False
0.446617,1,0.382979,0.044073,0.508182,0.002854,0.277576,0.742544,False
0.446617,1,0.404255,0.044524,0.533175,0.002931,0.292853,0.704825,False
0.446617,1,0.425532,0.045004,0.526778,0.002977,0.298032,0.683333,False
0.446617,1,0.446809,0.044434,0.508033,0.002933,0.29363,0.693421,False
0.446617,1,0.468085,0.043773,0.479322,0.002862,0.280166,0.736842,False
0.446617,1,0.489362,0.043353,0.46147,0.00284,0.277576,0.726316,False
0.446617,1,0.510638,0.043473,0.436031,0.00284,0.269291,0.749561,False
0.446617,1,0.531915,0.042903,0.41208,0.002788,0.264112,0.753947,False
0.446617,1,0.553191,0.042752,0.390658,0.002784,0.273433,0.748246,False
0.446617,1,0.574468,0.042632,0.373698,0.002744,0.263335,0.765789,False
0.446617,1,0.595745,0.042662,0.361351,0.002549,0.242361,0.765789,False
0.446617,1,0.617021,0.041341,0.339482,0.002416,0.240549,0.765789,False
0.446617,1,0.638298,0.042062,0.363136,0.002177,0.239513,0.765789,False
0.446617,1,0.659574,0.042692,0.390211,0.002574,0.248576,0.765789,False
0.446617,1,0.680851,0.042873,0.433204,0.002524,0.249871,0.765789,False
0.446617,1,0.702128,0.044434,0.496132,0.002921,0.298032,0.677193,False
0.446617,1,0.723404,0.060376,0.58911,0.004273,0.394614,0.546491,True
0.446617,1,0.744681,0.099015,0.665576,0.006764,0.491455,0.560526,True
0.446617,1,0.765957,0.113636,0.682535,0.007588,0.504661,0.535088,True
0.446617,1,0.787234,0.095863,0.661113,0.006593,0.481357,0.540351,True
0.446617,1,0.808511,0.077099,0.640732,0.005253,0.465303,0.533333,True
0.446617,1,0.829787,0.074066,0.60964,0.005019,0.440963,0.546491,True
0.446617,1,0.851064,0.068632,0.595507,0.004688,0.426463,0.538596,True
0.446617,1,0.87234,0.053801,0.572151,0.003666,0.413257,0.526316,True
0.446617,1,0.893617,0.053651,0.536745,0.003461,0.384257,0.542105,True
0.446617,1,0.914894,0.044134,0.476793,0.003002,0.362248,0.598246,False
0.446617,1,0.93617,0.040651,0.483041,0.002692,0.34697,0.622807,False
0.446617,1,0.957447,0.04005,0.47114,0.002626,0.345158,0.651754,False
0.446617,1,0.978723,0.041071,0.457751,0.002703,0.414552,0.561842,False
0.446617,1,1.0,0.037138,0.425022,0.002447,0.416882,0.602193,False
0.446662,2,0.0,0.035817,0.395567,0.002318,0.398239,0.609211,False
0.446662,2,0.021277,0.033445,0.355995,0.002156,0.385552,0.647368,False
0.446662,2,0.042553,0.035817,0.333085,0.002354,0.440445,0.557018,False
0.446662,2,0.06383,0.034616,0.296935,0.002281,0.412481,0.617105,False
0.446662,2,0.085106,0.029272,0.260785,0.001884,0.379078,0.628509,False
0.446662,2,0.106383,0.021586,0.232074,0.001413,0.322113,0.60307,False
0.446662,2,0.12766,0.019605,0.205742,0.001267,0.280166,0.544298,False
0.446662,2,0.148936,0.014741,0.191461,0.00097,0.252719,0.539912,False
0.446662,2,0.170213,0.018734,0.188486,0.00123,0.232781,0.603947,False
0.446662,2,0.191489,0.018824,0.196221,0.00123,0.220352,0.596491,False
0.446662,2,0.212766,0.020416,0.229842,0.001319,0.232263,0.727632,False
0.446662,2,0.234043,0.0269,0.288456,0.001639,0.279389,0.765789,False
0.446662,2,0.255319,0.048097,0.400327,0.002715,0.358105,0.748246,True
0.446662,2,0.276596,0.048757,0.52767,0.003076,0.447954,0.643421,True
0.446662,2,0.297872,0.043323,0.57111,0.002829,0.503625,0.50614,False
0.446662,2,0.319149,0.107932,0.659179,0.007083,0.585189,0.509649,True
0.446662,2,0.340426,0.107542,0.684915,0.007248,0.631797,0.469298,True
0.446662,2,0.361702,0.104149,0.673014,0.007179,0.640601,0.441228,True
0.446662,2,0.382979,0.105981,0.700238,0.006963,0.660539,0.47193,True
0.446662,2,0.404255,0.136274,0.70604,0.009227,0.649404,0.399123,True
0.446662,2,0.425532,0.109433,0.683428,0.00747,0.64552,0.302632,True
0.446662,2,0.446809,0.09241,0.654716,0.006442,0.629984,0.335088,True
0.446662,2,0.468085,0.101327,0.628682,0.007169,0.624029,0.257895,True
0.446662,2,0.489362,0.085775,0.601458,0.006292,0.618332,0.304386,True
0.446662,2,0.510638,0.070013,0.586433,0.004906,0.598395,0.269298,True
0.446662,2,0.531915,0.058935,0.577655,0.00415,0.600466,0.255702,True
0.446662,2,0.553191,0.061787,0.561589,0.004431,0.633351,0.222807,True
0.446662,2,0.574468,0.069773,0.558614,0.004948,0.63594,0.226754,True
0.446662,2,0.595745,0.059565,0.545671,0.004389,0.626359,0.22807,True
0.446662,2,0.617021,0.048037,0.528265,0.003411,0.6116,0.233772,False
0.446662,2,0.638298,0.051069,0.517554,0.003619,0.599171,0.245175,False
0.446662,2,0.659574,0.062598,0.53615,0.004412,0.59218,0.292544,True
0.446662,2,0.680851,0.05251,0.562184,0.003698,0.591662,0.305263,False
0.446662,2,0.702128,0.075537,0.620202,0.005231,0.614966,0.379386,True
0.446662,2,0.723404,0.098715,0.716453,0.00666,0.69653,0.504386,True
0.446662,2,0.744681,0.183409,0.785034,0.012154,0.757639,0.517105,True
0.446662,2,0.765957,0.175273,0.785629,0.011498,0.73796,0.632895,True
0.446662,2,0.787234,0.136123,0.763463,0.008882,0.685914,0.636404,True
0.446662,2,0.808511,0.111295,0.728503,0.007314,0.636717,0.586404,True
0.446662,2,0.829787,0.095082,0.690717,0.00628,0.601502,0.561404,True
0.446662,2,0.851064,0.074577,0.671973,0.004967,0.571983,0.58114,True
0.446662,2,0.87234,0.045755,0.64698,0.003056,0.544795,0.554386,False
0.446662,2,0.893617,0.03921,0.593871,0.00258,0.507509,0.632018,False
0.446662,2,0.914894,0.036388,0.534514,0.002339,0.47333,0.700439,False
0.446662,2,0.93617,0.03897,0.57349,0.002046,0.441481,0.765789,False
0.446662,2,0.957447,0.038549,0.568283,0.001784,0.42232,0.765789,False
0.446662,2,0.978723,0.041642,0.560547,0.002632,0.506473,0.640351,False
0.446662,2,1.0,0.038759,0.547754,0.002457,0.500518,0.692544,False
0.446706,3,0.0,0.038429,0.525588,0.002457,0.476955,0.729386,False
0.446706,3,0.021277,0.03921,0.505356,0.002248,0.454687,0.757456,False
0.446706,3,0.042553,0.040441,0.481256,0.002551,0.50492,0.662281,False
0.446706,3,0.06383,0.034256,0.432758,0.002148,0.493527,0.708333,False
0.446706,3,0.085106,0.028281,0.377566,0.00182,0.450803,0.765789,False
0.446706,3,0.106383,0.028281,0.333829,0.001531,0.404972,0.765789,False
0.446706,3,0.12766,0.022757,0.2831,0.001325,0.351631,0.742982,False
0.446706,3,0.148936,0.018494,0.250669,0.001178,0.309425,0.67193,False
0.446706,3,0.170213,0.01372,0.23014,0.000885,0.281719,0.619737,False
0.446706,3,0.191489,0.01294,0.22776,0.000837,0.261523,0.647807,False
0.446706,3,0.212766,0.017413,0.259149,0.001045,0.270844,0.765789,False
0.446706,3,0.234043,0.022367,0.305415,0.000976,0.308907,0.765789,False
0.446706,3,0.255319,0.040771,0.422345,0.001824,0.400829,0.749561,False
0.446706,3,0.276596,0.043083,0.543737,0.002711,0.500777,0.713158,False
0.446706,3,0.297872,0.043263,0.568432,0.002769,0.556447,0.575877,False
0.446706,3,0.319149,0.130719,0.653675,0.008594,0.638011,0.511842,True
0.446706,3,0.340426,0.11805,0.68194,0.007898,0.682548,0.49693,True
0.446706,3,0.361702,0.097784,0.678965,0.00671,0.676334,0.491667,True
0.446706,3,0.382979,0.093371,0.704255,0.00624,0.683066,0.476754,True
0.446706,3,0.404255,0.101147,0.712139,0.005646,0.665976,0.517982,True
0.446706,3,0.425532,0.084184,0.687891,0.005702,0.644485,0.426754,True
0.446706,3,0.446809,0.057434,0.654716,0.003947,0.627395,0.389035,False
0.446706,3,0.468085,0.072235,0.652187,0.004956,0.618332,0.439912,True
0.446706,3,0.489362,0.073136,0.644005,0.005017,0.605904,0.427632,True
0.446706,3,0.510638,0.066591,0.623921,0.004566,0.58001,0.44386,True
0.446706,3,0.531915,0.069022,0.614996,0.004749,0.575608,0.442105,True
0.446706,3,0.553191,0.063348,0.603987,0.004377,0.593734,0.362281,False
0.446706,3,0.574468,0.094182,0.590301,0.006606,0.588814,0.252632,True
0.446706,3,0.595745,0.07947,0.570812,0.005557,0.569135,0.296053,True
0.446706,3,0.617021,0.066831,0.560101,0.004678,0.548938,0.298684,True
0.446706,3,0.638298,0.072475,0.551324,0.005056,0.534179,0.336842,True
0.446706,3,0.659574,0.068542,0.556084,0.004761,0.530036,0.355702,True
0.446706,3,0.680851,0.069743,0.573044,0.00484,0.528483,0.375439,True
0.446706,3,0.702128,0.085565,0.627343,0.005706,0.557483,0.483333,True
0.446706,3,0.723404,0.111805,0.739215,0.00743,0.63102,0.603509,True
0.446706,3,0.744681,0.339318,0.819548,0.022173,0.712843,0.60307,True
0.446706,3,0.765957,0.317221,0.822226,0.0205,0.70637,0.597807,True
0.446706,3,0.787234,0.142008,0.787414,0.009319,0.658985,0.585088,True
0.446706,3,0.808511,0.123454,0.758405,0.008159,0.617815,0.509211,True
0.446706,3,0.829787,0.126606,0.726272,0.00855,0.584671,0.541228,True
0.446706,3,0.851064,0.120331,0.706189,0.008012,0.554894,0.580263,True
0.446706,3,0.87234,0.095202,0.670783,0.006363,0.522009,0.528509,True
0.446706,3,0.893617,0.069893,0.623921,0.004701,0.486277,0.586842,False
0.446706,3,0.914894,0.044104,0.580482,0.002962,0.458053,0.543421,False
0.446706,3,0.93617,0.047346,0.60488,0.003149,0.435008,0.56886,False
0.446706,3,0.957447,0.043623,0.589705,0.002883,0.411704,0.607895,False
0.446706,3,0.978723,0.043833,0.569176,0.002865,0.488607,0.526754,False
0.446706,3,1.0,0.043623,0.554597,0.002852,0.483428,0.54693,False
0.44675,4,0.0,0.043653,0.538381,0.00285,0.454946,0.539474,False
0.44675,4,0.021277,0.043623,0.517406,0.002844,0.427758,0.580702,False
0.44675,4,0.042553,0.043533,0.492264,0.002846,0.47566,0.534211,False
0.44675,4,0.06383,0.040831,0.445849,0.002661,0.447178,0.580702,False
0.44675,4,0.085106,0.03951,0.380988,0.002565,0.407043,0.585965,False
0.44675,4,0.106383,0.036147,0.335317,0.002339,0.360953,0.654386,False
0.44675,4,0.12766,0.025489,0.281018,0.001639,0.305282,0.759649,False
0.44675,4,0.148936,0.024409,0.246653,0.001564,0.275505,0.739912,False
0.44675,4,0.170213,0.022217,0.22404,0.001429,0.251942,0.736842,False
0.44675,4,0.191489,0.016272,0.2169,0.001049,0.236924,0.741228,False
0.44675,4,0.212766,0.023208,0.247694,0.001427,0.247281,0.765789,False
0.44675,4,0.234043,0.030893,0.302886,0.001631,0.279389,0.765789,False
0.44675,4,0.255319,0.03993,0.405534,0.002453,0.360694,0.707018,False
0.44675,4,0.276596,0.042032,0.533621,0.002707,0.447954,0.608333,False
0.44675,4,0.297872,0.042813,0.56873,0.002838,0.5,0.435526,False
0.44675,4,0.319149,0.130359,0.655608,0.00872,0.570171,0.503947,True
0.44675,4,0.340426,0.121863,0.678072,0.008243,0.613154,0.475877,True
0.44675,4,0.361702,0.09205,0.663493,0.006277,0.609529,0.408333,True
0.44675,4,0.382979,0.097964,0.68194,0.006676,0.600466,0.400877,True
0.44675,4,0.404255,0.085565,0.682981,0.005862,0.591144,0.413596,True
0.44675,4,0.425532,0.064429,0.654121,0.004449,0.58001,0.393421,False
0.44675,4,0.446809,0.043833,0.620202,0.003018,0.569912,0.50307,False
0.44675,4,0.468085,0.043653,0.59878,0.003002,0.576126,0.42193,False
0.44675,4,0.489362,0.044584,0.580333,0.003078,0.561885,0.457895,False
0.44675,4,0.510638,0.043653,0.561291,0.003008,0.545054,0.483333,False
0.44675,4,0.531915,0.043653,0.539274,0.002997,0.538322,0.479825,False
0.44675,4,0.553191,0.043653,0.529307,0.003,0.552563,0.447807,False
0.44675,4,0.574468,0.043653,0.524695,0.003006,0.556706,0.458772,False
0.44675,4,0.595745,0.043653,0.513538,0.002997,0.539617,0.476316,False
0.44675,4,0.617021,0.043653,0.500446,0.002991,0.524599,0.505263,False
0.44675,4,0.638298,0.055993,0.497025,0.002987,0.498187,0.549123,False
0.44675,4,0.659574,0.043653,0.505504,0.002968,0.494562,0.535088,False
0.44675,4,0.680851,0.043653,0.519786,0.002983,0.502071,0.510088,False
0.44675,4,0.702128,0.051849,0.580928,0.003569,0.519679,0.549123,False
0.44675,4,0.723404,0.068212,0.679411,0.004614,0.589073,0.512281,False
0.44675,4,0.744681,0.09181,0.748735,0.006145,0.662869,0.484649,True
0.44675,4,0.765957,0.088297,0.752455,0.005914,0.650958,0.553947,True
0.44675,4,0.787234,0.086676,0.726569,0.005827,0.605904,0.572368,True
0.44675,4,0.808511,0.05224,0.697709,0.003538,0.569912,0.492982,False
0.44675,4,0.829787,0.051729,0.669592,0.003515,0.545831,0.498246,False
0.44675,4,0.851064,0.048277,0.64936,0.003292,0.518902,0.567982,False
0.44675,4,0.87234,0.043263,0.620054,0.002906,0.489125,0.627193,False
0.44675,4,0.893617,0.042632,0.5723,0.0028,0.456758,0.711404,False
0.44675,4,0.914894,0.03951,0.522166,0.002532,0.425168,0.765789,False
0.44675,4,0.93617,0.040291,0.561886,0.00145,0.406525,0.765789,False
0.44675,4,0.957447,0.034586,0.557126,0.001425,0.383998,0.765789,False
0.44675,4,0.978723,0.040801,0.555192,0.002574,0.474366,0.717982,False
0.44675,4,1.0,0.03963,0.540762,0.002312,0.466857,0.765789,False
0.446794,5,0.0,0.037318,0.522315,0.001768,0.431642,0.765789,False
0.446794,5,0.021277,0.038309,0.513984,0.001666,0.400052,0.765789,False
0.446794,5,0.042553,0.036208,0.485123,0.002231,0.45391,0.765789,False
0.446794,5,0.06383,0.032094,0.432014,0.001778,0.432418,0.765789,False
0.446794,5,0.085106,0.02639,0.375037,0.001367,0.375971,0.764035,False
0.446794,5,0.106383,0.024799,0.327432,0.000953,0.325738,0.765789,False
0.446794,5,0.12766,0.01294,0.278191,0.000723,0.274728,0.658772,False
0.446794,5,0.148936,0.011679,0.243677,0.000754,0.233817,0.616667,False
0.446794,5,0.170213,0.000901,0.225826,5.8e-05,0.207664,0.547807,False
0.446794,5,0.191489,0.0,0.222404,5.8e-05,0.189798,0.557456,False
0.446794,5,0.212766,0.011559,0.254984,0.000754,0.201191,0.625,False
0.446794,5,0.234043,0.014051,0.30363,0.000906,0.24029,0.753947,False
0.446794,5,0.255319,0.029933,0.411931,0.001182,0.319006,0.765789,False
0.446794,5,0.276596,0.041011,0.530051,0.002133,0.409632,0.765789,False
0.446794,5,0.297872,0.036508,0.566052,0.002395,0.465821,0.65614,False
0.446794,5,0.319149,0.043653,0.640286,0.002896,0.530813,0.517105,False
0.446794,5,0.340426,0.095022,0.658286,0.006311,0.567582,0.568421,True
0.446794,5,0.361702,0.075898,0.644154,0.005135,0.568099,0.477193,True
0.446794,5,0.382979,0.064969,0.663791,0.004462,0.571724,0.457018,True
0.446794,5,0.404255,0.059055,0.662898,0.004096,0.558001,0.421491,True
0.446794,5,0.425532,0.055993,0.635525,0.003887,0.553599,0.393421,True
0.446794,5,0.446809,0.043863,0.598185,0.003035,0.550233,0.430263,True
0.446794,5,0.468085,0.044884,0.568581,0.003101,0.544019,0.434649,True
0.446794,5,0.489362,0.043743,0.545225,0.003012,0.537027,0.456579,False
0.446794,5,0.510638,0.043653,0.528563,0.003,0.52175,0.489035,False
0.446794,5,0.531915,0.043653,0.510711,0.002991,0.517866,0.478947,False
0.446794,5,0.553191,0.043653,0.493008,0.002997,0.535733,0.47193,False
0.446794,5,0.574468,0.043653,0.490628,0.002995,0.528483,0.479386,False
0.446794,5,0.595745,0.043653,0.484677,0.002991,0.525893,0.47807,False
0.446794,5,0.617021,0.043653,0.478875,0.002989,0.511911,0.50614,False
0.446794,5,0.638298,0.043653,0.470991,0.002985,0.502848,0.530702,False
0.446794,5,0.659574,0.044854,0.497917,0.003062,0.49275,0.515351,True
0.446794,5,0.680851,0.054491,0.520976,0.003687,0.490161,0.522807,True
0.446794,5,0.702128,0.047766,0.560399,0.003268,0.504661,0.517105,True
0.446794,5,0.723404,0.073796,0.647873,0.005044,0.57043,0.482456,True
0.446794,5,0.744681,0.120842,0.713924,0.008037,0.632574,0.600439,True
0.446794,5,0.765957,0.103128,0.710354,0.006828,0.619627,0.557895,True
0.446794,5,0.787234,0.073346,0.690866,0.004882,0.571466,0.547368,True
0.446794,5,0.808511,0.071304,0.665129,0.004825,0.536251,0.54386,True
0.446794,5,0.829787,0.058995,0.642963,0.004055,0.510098,0.501316,True
0.446794,5,0.851064,0.044464,0.6205,0.003054,0.484464,0.575877,False
0.446794,5,0.87234,0.044194,0.596697,0.003014,0.465821,0.591228,False
0.446794,5,0.893617,0.043953,0.552217,0.002977,0.425686,0.621491,False
0.446794,5,0.914894,0.041642,0.505356,0.0028,0.398757,0.659211,False
0.446794,5,0.93617,0.041582,0.542398,0.002723,0.388659,0.732456,False
0.446794,5,0.957447,0.041011,0.554746,0.002632,0.383221,0.759211,False
0.446794,5,0.978723,0.042783,0.551026,0.002763,0.468669,0.631579,False
0.446794,5,1.0,0.03981,0.538976,0.002553,0.456499,0.70307,False
0.446839,6,0.0,0.040201,0.521422,0.001273,0.415329,0.736404,False
0.446839,6,0.021277,0.032965,0.501488,0.001633,0.372605,0.765789,False
0.446839,6,0.042553,0.037048,0.472181,0.002275,0.418954,0.765789,False
0.446839,6,0.06383,0.030924,0.411633,0.001768,0.396168,0.765789,False
0.446839,6,0.085106,0.02606,0.356739,0.001595,0.34697,0.750877,False
0.446839,6,0.106383,0.020235,0.312853,0.000976,0.294148,0.762281,False
0.446839,6,0.12766,0.01291,0.264058,0.000825,0.241326,0.617544,False
0.446839,6,0.148936,0.006725,0.228801,0.000436,0.19912,0.565351,False
0.446839,6,0.170213,0.004503,0.214371,0.000295,0.174262,0.575439,False
0.446839,6,0.191489,0.0,0.213032,0.0,0.154842,0.561404,False
0.446839,6,0.212766,0.008707,0.241297,0.000567,0.17245,0.595175,False
0.446839,6,0.234043,0.014351,0.288307,0.000929,0.203004,0.623246,False
0.446839,6,0.255319,0.029422,0.391848,0.001643,0.286639,0.765789,False
0.446839,6,0.276596,0.036658,0.498661,0.002356,0.376748,0.714035,False
0.446839,6,0.297872,0.02681,0.522166,0.001791,0.426204,0.56886,False
0.446839,6,0.319149,0.042092,0.587623,0.002833,0.497411,0.527632,False
0.446839,6,0.340426,0.043983,0.611425,0.002991,0.524081,0.496491,False
0.446839,6,0.361702,0.044224,0.603838,0.003054,0.523304,0.460088,True
0.446839,6,0.382979,0.043653,0.632401,0.003041,0.531331,0.474561,True
0.446839,6,0.404255,0.043653,0.63493,0.003024,0.527447,0.567982,True
0.446839,6,0.425532,0.043653,0.608599,0.003,0.522527,0.582895,True
0.446839,6,0.446809,0.043653,0.583755,0.002989,0.519161,0.596053,True
0.446839,6,0.468085,0.043653,0.570663,0.002993,0.518125,0.548246,True
0.446839,6,0.489362,0.043653,0.56025,0.002993,0.510616,0.538596,True
0.446839,6,0.510638,0.043653,0.551622,0.003012,0.497929,0.492544,True
0.446839,6,0.531915,0.043653,0.539572,0.003008,0.494562,0.487719,True
0.446839,6,0.553191,0.043653,0.534662,0.003006,0.508286,0.45614,True
0.446839,6,0.574468,0.043653,0.520678,0.003008,0.505697,0.471491,True
0.446839,6,0.595745,0.043473,0.511455,0.003012,0.498446,0.452193,True
0.446839,6,0.617021,0.043653,0.504017,0.003006,0.502589,0.480263,True
0.446839,6,0.638298,0.043233,0.499554,0.002989,0.476178,0.524123,True
0.446839,6,0.659574,0.043653,0.51443,0.002987,0.467374,0.537719,True
0.446839,6,0.680851,0.043653,0.542993,0.003,0.473071,0.505263,True
0.446839,6,0.702128,0.043623,0.585094,0.003018,0.500259,0.45,True
0.446839,6,0.723404,0.043623,0.628979,0.003049,0.56318,0.326316,True
0.446839,6,0.744681,0.045124,0.663047,0.003195,0.612895,0.305702,True
0.446839,6,0.765957,0.043953,0.633145,0.003101,0.596323,0.325439,True
0.446839,6,0.787234,0.043653,0.598036,0.003043,0.556965,0.425,True
0.446839,6,0.808511,0.043653,0.558316,0.003016,0.523822,0.462719,True
0.446839,6,0.829787,0.043653,0.526629,0.002995,0.495339,0.515351,True
0.446839,6,0.851064,0.043653,0.501785,0.00297,0.464267,0.549561,True
0.446839,6,0.87234,0.043623,0.481851,0.002956,0.451579,0.568421,True
0.446839,6,0.893617,0.043443,0.469801,0.002927,0.415329,0.642982,True
0.446839,6,0.914894,0.038789,0.442874,0.002597,0.387623,0.658333,True
0.446839,6,0.93617,0.040501,0.494793,0.002655,0.379596,0.682895,True
0.446839,6,0.957447,0.0396,0.522017,0.002586,0.383221,0.727193,True
0.446839,6,0.978723,0.042542,0.533323,0.002765,0.483946,0.574123,True
0.446839,6,1.0,0.03927,0.519339,0.002538,0.470741,0.653947,True
0.446883,7,0.0,0.036868,0.498661,0.002362,0.453133,0.642105,True
0.446883,7,0.021277,0.030323,0.475454,0.001926,0.414293,0.745175,False
0.446883,7,0.042553,0.031764,0.443767,0.002005,0.460901,0.707456,False
0.446883,7,0.06383,0.024258,0.388724,0.001529,0.427499,0.69386,False
0.446883,7,0.085106,0.024078,0.328622,0.001429,0.380114,0.735526,False
0.446883,7,0.106383,0.014711,0.279976,0.000931,0.320818,0.700877,False
0.446883,7,0.12766,0.011649,0.230735,0.000744,0.272657,0.618421,False
0.446883,7,0.148936,0.002732,0.202172,0.000177,0.230968,0.566667,False
0.446883,7,0.170213,0.0,0.171378,0.0,0.197048,0.578509,False
0.446883,7,0.191489,0.0,0.168253,0.0,0.179959,0.553947,False
0.446883,7,0.212766,0.0,0.169444,0.0,0.171414,0.557895,False
0.446883,7,0.234043,0.008977,0.183874,0.000586,0.171673,0.599123,False
0.446883,7,0.255319,0.023868,0.2169,0.001342,0.194459,0.765789,False
0.446883,7,0.276596,0.028582,0.254537,0.000976,0.224236,0.765789,False
0.446883,7,0.297872,0.032275,0.292175,0.000976,0.222683,0.765789,False
0.446883,7,0.319149,0.03939,0.365814,0.002048,0.25738,0.765789,True
0.446883,7,0.340426,0.043203,0.437221,0.002833,0.313827,0.707456,True
0.446883,7,0.361702,0.043653,0.484975,0.002921,0.358881,0.628947,True
0.446883,7,0.382979,0.043653,0.521125,0.002966,0.37856,0.598246,True
0.446883,7,0.404255,0.043653,0.528712,0.002977,0.389953,0.6,True
0.446883,7,0.425532,0.043653,0.511455,0.002975,0.390989,0.59386,True
0.446883,7,0.446809,0.043653,0.477983,0.002968,0.389436,0.592544,True
0.446883,7,0.468085,0.043653,0.452246,0.00296,0.384775,0.622368,True
0.446883,7,0.489362,0.043503,0.426956,0.002941,0.377784,0.639474,True
0.446883,7,0.510638,0.043113,0.410443,0.002902,0.364837,0.642544,True
0.446883,7,0.531915,0.043203,0.395269,0.002902,0.357328,0.657456,True
0.446883,7,0.553191,0.042602,0.376079,0.002858,0.373123,0.63114,True
0.446883,7,0.574468,0.041822,0.356293,0.0028,0.364319,0.661404,True
0.446883,7,0.595745,0.041431,0.34097,0.002769,0.355774,0.667544,True
0.446883,7,0.617021,0.040291,0.328176,0.002686,0.338167,0.70307,True
0.446883,7,0.638298,0.040171,0.329515,0.002671,0.332729,0.70614,True
0.446883,7,0.659574,0.041371,0.343648,0.002744,0.329622,0.738596,True
0.446883,7,0.680851,0.040891,0.362838,0.002713,0.329881,0.701316,True
0.446883,7,0.702128,0.043323,0.428295,0.002862,0.364578,0.597807,True
0.446883,7,0.723404,0.043653,0.520083,0.002985,0.436561,0.491667,True
0.446883,7,0.744681,0.057584,0.609789,0.003999,0.501813,0.420614,True
0.446883,7,0.765957,0.056563,0.605772,0.003932,0.496634,0.461404,True
0.446883,7,0.787234,0.043653,0.587771,0.00302,0.468151,0.492544,True
0.446883,7,0.808511,0.043653,0.545671,0.002993,0.431642,0.572368,True
0.446883,7,0.829787,0.043653,0.511901,0.002964,0.406007,0.590351,True
0.446883,7,0.851064,0.043653,0.487801,0.002958,0.380373,0.55,True
0.446883,7,0.87234,0.043743,0.4759,0.002956,0.369498,0.580263,True
0.446883,7,0.893617,0.043743,0.457899,0.002939,0.349819,0.621053,True
0.446883,7,0.914894,0.042452,0.434841,0.002821,0.333506,0.673684,True
0.446883,7,0.93617,0.049628,0.45299,0.002771,0.336613,0.72807,True
0.446883,7,0.957447,0.042993,0.454627,0.002771,0.343863,0.706579,True
0.446883,7,0.978723,0.038009,0.443023,0.002466,0.414293,0.581579,True
0.446883,7,1.0,0.025309,0.414162,0.001651,0.408079,0.535088,False
0.446927,1,0.0,0.014861,0.390955,0.000976,0.382185,0.47807,False
0.446927,1,0.021277,0.002102,0.347664,0.000139,0.350337,0.332895,False
0.446927,1,0.042553,0.01315,0.309283,0.00086,0.398239,0.466667,False
0.446927,1,0.06383,0.011709,0.267926,0.000754,0.371828,0.521053,False
0.446927,1,0.085106,0.009547,0.228801,0.000754,0.317193,0.491228,False
0.446927,1,0.106383,0.006095,0.195478,0.000397,0.263594,0.476316,False
0.446927,1,0.12766,0.007896,0.174055,0.000513,0.227084,0.465789,False
0.446927,1,0.148936,0.000901,0.149658,0.000118,0.178405,0.461404,False
0.446927,1,0.170213,0.0,0.136715,0.0,0.163646,0.505702,False
0.446927,1,0.191489,0.0,0.133145,0.0,0.12869,0.555702,False
0.446927,1,0.212766,0.0,0.138947,0.0,0.105645,0.585088,False
0.446927,1,0.234043,0.0,0.14698,0.0,0.098912,0.558772,False
0.446927,1,0.255319,0.017143,0.170187,0.001113,0.109529,0.764035,False
0.446927,1,0.276596,0.036448,0.195775,0.000839,0.125842,0.765789,True
0.446927,1,0.297872,0.041071,0.225379,0.000862,0.112895,0.765789,True
0.446927,1,0.319149,0.042843,0.297233,0.000976,0.107716,0.765789,True
0.446927,1,0.340426,0.042813,0.373401,0.00166,0.168824,0.765789,True
0.446927,1,0.361702,0.043653,0.426956,0.002096,0.212584,0.765789,True
0.446927,1,0.382979,0.043653,0.472478,0.00259,0.22579,0.765789,True
0.446927,1,0.404255,0.043653,0.488248,0.002586,0.258674,0.765789,True
0.446927,1,0.425532,0.043653,0.474561,0.002594,0.268514,0.765789,True
0.446927,1,0.446809,0.043473,0.447932,0.002705,0.270067,0.756579,True
0.446927,1,0.468085,0.0526,0.425766,0.001425,0.259451,0.590351,True
0.446927,1,0.489362,0.043653,0.402708,0.000976,0.253237,0.590351,True
0.446927,1,0.510638,0.043653,0.380095,0.000976,0.257121,0.590351,True
0.446927,1,0.531915,0.043293,0.353615,0.000976,0.259969,0.590351,True
0.446927,1,0.553191,0.042422,0.329366,0.00108,0.262817,0.590351,True
0.446927,1,0.574468,0.041582,0.310622,0.001288,0.254531,0.590351,True
0.446927,1,0.595745,0.041371,0.292324,0.000976,0.24754,0.590351,True
0.446927,1,0.617021,0.041492,0.284588,0.000976,0.243397,0.590351,True
0.446927,1,0.638298,0.041792,0.290092,0.000976,0.246245,0.590351,True
0.446927,1,0.659574,0.041852,0.300803,0.000976,0.241067,0.590351,True
0.446927,1,0.680851,0.041341,0.334722,0.00156,0.238995,0.660965,True
0.446927,1,0.702128,0.041972,0.402112,0.002804,0.284568,0.692105,True
0.446927,1,0.723404,0.043623,0.50848,0.002952,0.370016,0.511404,True
0.446927,1,0.744681,0.057344,0.598036,0.003961,0.443035,0.479386,True
0.446927,1,0.765957,0.051039,0.607855,0.003535,0.447954,0.526316,True
0.446927,1,0.787234,0.044254,0.589557,0.003051,0.427499,0.544737,True
0.446927,1,0.808511,0.043653,0.565903,0.002981,0.397462,0.610088,True
0.446927,1,0.829787,0.043653,0.541654,0.002958,0.383998,0.642544,True
0.446927,1,0.851064,0.043653,0.534216,0.002946,0.364319,0.667544,True
0.446927,1,0.87234,0.043653,0.512794,0.002927,0.340497,0.706579,True
0.446927,1,0.893617,0.043653,0.48676,0.002906,0.319265,0.748684,True
0.446927,1,0.914894,0.042032,0.451056,0.002177,0.304764,0.765789,True
0.446927,1,0.93617,0.043053,0.479917,0.001705,0.309684,0.765789,True
0.446927,1,0.957447,0.041972,0.473966,0.001392,0.306059,0.765789,True
0.446927,1,0.978723,0.037318,0.459685,0.002453,0.382185,0.713158,True
0.446927,1,1.0,0.032154,0.420708,0.001963,0.382444,0.765789,False
0.446971,2,0.0,0.027801,0.39036,0.001475,0.369757,0.765789,False
0.446971,2,0.021277,0.033596,0.338292,0.001722,0.336354,0.765789,True
0.446971,2,0.042553,0.032124,0.310324,0.002029,0.387882,0.705263,False
0.446971,2,0.06383,0.0257,0.267926,0.001631,0.357069,0.704386,False
0.446971,2,0.085106,0.019965,0.235942,0.001269,0.316416,0.700439,False
0.446971,2,0.106383,0.016302,0.208866,0.000976,0.268773,0.746053,False
0.446971,2,0.12766,0.011799,0.184766,0.000754,0.226825,0.659649,False
0.446971,2,0.148936,0.005194,0.162452,0.000337,0.181771,0.644737,False
0.446971,2,0.170213,0.002912,0.147575,5.8e-05,0.157431,0.62807,False
0.446971,2,0.191489,0.004143,0.150253,0.00027,0.141119,0.634211,False
0.446971,2,0.212766,0.004143,0.156204,0.00027,0.127395,0.652193,False
0.446971,2,0.234043,0.011048,0.175394,0.000717,0.132574,0.672368,False
0.446971,2,0.255319,0.01318,0.209908,0.00085,0.149146,0.751754,False
0.446971,2,0.276596,0.086045,0.238024,0.000883,0.15769,0.765789,True
0.446971,2,0.297872,0.036808,0.264207,0.000908,0.133351,0.765789,False
0.446971,2,0.319149,0.043293,0.33859,0.00108,0.149663,0.765789,True
0.446971,2,0.340426,0.043653,0.411931,0.001602,0.202745,0.765789,True
0.446971,2,0.361702,0.043653,0.470693,0.002437,0.239513,0.740789,True
0.446971,2,0.382979,0.043623,0.518893,0.002948,0.267219,0.673246,True
0.446971,2,0.404255,0.044013,0.546415,0.002989,0.283532,0.646053,True
0.446971,2,0.425532,0.043863,0.536447,0.002987,0.296737,0.640351,True
0.446971,2,0.446809,0.043653,0.505802,0.00296,0.2913,0.678947,True
0.446971,2,0.468085,0.043653,0.467272,0.002943,0.2913,0.679825,True
0.446971,2,0.489362,0.043623,0.433353,0.002933,0.284568,0.713596,True
0.446971,2,0.510638,0.043563,0.415353,0.002923,0.276023,0.729386,True
0.446971,2,0.531915,0.042182,0.387533,0.002821,0.270067,0.710526,True
0.446971,2,0.553191,0.041972,0.36626,0.002802,0.277317,0.708772,True
0.446971,2,0.574468,0.041612,0.343201,0.002775,0.273951,0.709649,True
0.446971,2,0.595745,0.041401,0.325796,0.002757,0.270067,0.735526,True
0.446971,2,0.617021,0.041341,0.319845,0.00275,0.272398,0.714474,True
0.446971,2,0.638298,0.041401,0.323416,0.002754,0.267996,0.730263,True
0.446971,2,0.659574,0.041792,0.33978,0.002784,0.279648,0.717105,True
0.446971,2,0.680851,0.042212,0.380393,0.002846,0.301139,0.654825,True
0.446971,2,0.702128,0.043653,0.464148,0.002968,0.346194,0.533772,True
0.446971,2,0.723404,0.06533,0.612615,0.00453,0.424133,0.494737,True
0.446971,2,0.744681,0.125015,0.704552,0.008477,0.47566,0.512719,True
0.446971,2,0.765957,0.123694,0.710949,0.008373,0.468151,0.47193,True
0.446971,2,0.787234,0.094182,0.689081,0.006437,0.43449,0.469737,True
0.446971,2,0.808511,0.076768,0.667807,0.005307,0.405748,0.478509,True
0.446971,2,0.829787,0.069923,0.638947,0.004855,0.392025,0.472807,True
0.446971,2,0.851064,0.073796,0.626153,0.005085,0.374676,0.558333,True
0.446971,2,0.87234,0.066981,0.597888,0.004578,0.352667,0.585526,True
0.446971,2,0.893617,0.051699,0.562333,0.003535,0.326256,0.585088,True
0.446971,2,0.914894,0.042903,0.502678,0.002887,0.302693,0.692544,False
0.446971,2,0.93617,0.043263,0.51324,0.002869,0.290782,0.748246,False
0.446971,2,0.957447,0.041642,0.493752,0.002538,0.288193,0.765789,False
0.446971,2,0.978723,0.042482,0.485421,0.002624,0.372864,0.639035,False
0.446971,2,1.0,0.032725,0.458048,0.001961,0.37131,0.742105,False
0.447016,3,0.0,0.031134,0.444213,0.001797,0.364837,0.765789,False
0.447016,3,0.021277,0.029152,0.420113,0.000976,0.339202,0.765789,False
0.447016,3,0.042553,0.032214,0.399732,0.001832,0.402123,0.762719,False
0.447016,3,0.06383,0.027351,0.36388,0.001111,0.381409,0.702193,False
0.447016,3,0.085106,0.027411,0.315531,0.000837,0.336095,0.658333,False
0.447016,3,0.106383,0.01327,0.280125,0.000839,0.29622,0.701316,False
0.447016,3,0.12766,0.012369,0.24695,0.000787,0.257121,0.597368,False
0.447016,3,0.148936,0.001831,0.216305,0.000118,0.221647,0.638158,False
0.447016,3,0.170213,0.0,0.20723,0.0,0.188762,0.700439,False
0.447016,3,0.191489,0.0,0.211395,0.0,0.187468,0.716667,False
0.447016,3,0.212766,0.004744,0.245314,0.000314,0.194977,0.711404,False
0.447016,3,0.234043,0.029302,0.299613,0.001059,0.228897,0.765789,False
0.447016,3,0.255319,0.094302,0.419667,0.001003,0.306318,0.589474,True
0.447016,3,0.276596,0.033055,0.551473,0.0022,0.406525,0.561404,False
0.447016,3,0.297872,0.044464,0.587176,0.002908,0.461678,0.498246,False
0.447016,3,0.319149,0.120752,0.674055,0.008014,0.547126,0.460526,True
0.447016,3,0.340426,0.099496,0.700982,0.007054,0.599948,0.365789,True
0.447016,3,0.361702,0.062838,0.687891,0.004466,0.605386,0.335526,True
0.447016,3,0.382979,0.071664,0.712883,0.005085,0.627395,0.294737,True
0.447016,3,0.404255,0.075808,0.709015,0.005278,0.615743,0.341228,True
0.447016,3,0.425532,0.061277,0.677328,0.004256,0.600466,0.329825,True
0.447016,3,0.446809,0.065089,0.639988,0.004551,0.595028,0.322807,True
0.447016,3,0.468085,0.069173,0.611425,0.00485,0.58985,0.325,True
0.447016,3,0.489362,0.069653,0.596697,0.004879,0.586225,0.321491,True
0.447016,3,0.510638,0.057404,0.579738,0.004026,0.575091,0.269737,True
0.447016,3,0.531915,0.048547,0.560845,0.0036,0.569912,0.246053,False
0.447016,3,0.553191,0.062538,0.557126,0.004612,0.597877,0.212281,True
0.447016,3,0.574468,0.060616,0.538381,0.004256,0.593734,0.220614,True
0.447016,3,0.595745,0.054972,0.526629,0.004238,0.588037,0.234649,True
0.447016,3,0.617021,0.044043,0.511901,0.003081,0.576126,0.249123,False
0.447016,3,0.638298,0.043743,0.501934,0.003056,0.56551,0.26886,False
0.447016,3,0.659574,0.053831,0.522612,0.003766,0.558001,0.257018,True
0.447016,3,0.680851,0.061126,0.554894,0.004304,0.562921,0.266667,True
0.447016,3,0.702128,0.067431,0.622434,0.004805,0.594252,0.255702,True
0.447016,3,0.723404,0.102498,0.733561,0.007156,0.669083,0.284211,True
0.447016,3,0.744681,0.177015,0.812853,0.012139,0.733299,0.337281,True
0.447016,3,0.765957,0.156809,0.810473,0.010727,0.708182,0.360965,True
0.447016,3,0.787234,0.114297,0.789943,0.007889,0.656655,0.368421,True
0.447016,3,0.808511,0.071424,0.757661,0.004981,0.608752,0.339474,True
0.447016,3,0.829787,0.093191,0.728801,0.006502,0.578716,0.38114,True
0.447016,3,0.851064,0.067101,0.706932,0.004682,0.54376,0.429386,True
0.447016,3,0.87234,0.077579,0.68075,0.005368,0.513982,0.41886,True
0.447016,3,0.893617,0.070734,0.627938,0.004879,0.476178,0.437719,True
0.447016,3,0.914894,0.043113,0.570217,0.002958,0.443294,0.522368,False
0.447016,3,0.93617,0.043023,0.600417,0.002898,0.41999,0.578509,False
0.447016,3,0.957447,0.042722,0.586135,0.002842,0.401346,0.60307,False
0.447016,3,0.978723,0.042662,0.570068,0.002817,0.48783,0.475439,False
0.447016,3,1.0,0.041972,0.554746,0.002752,0.479026,0.566228,False
0.44706,4,0.0,0.042602,0.541506,0.002765,0.463749,0.582456,False
0.44706,4,0.021277,0.041401,0.52291,0.002678,0.435008,0.627193,False
0.44706,4,0.042553,0.062357,0.504165,0.004036,0.486535,0.564912,True
0.44706,4,0.06383,0.055722,0.45537,0.003606,0.464008,0.626754,False
0.44706,4,0.085106,0.035217,0.394823,0.002277,0.418436,0.707895,False
0.44706,4,0.106383,0.030143,0.350788,0.001911,0.376489,0.759211,False
0.44706,4,0.12766,0.016933,0.303481,0.001188,0.326256,0.764912,False
0.44706,4,0.148936,0.018794,0.267926,0.000976,0.281978,0.765789,False
0.44706,4,0.170213,0.02591,0.247992,0.000976,0.257121,0.765789,False
0.44706,4,0.191489,0.023388,0.242487,0.000885,0.241326,0.765789,False
0.44706,4,0.212766,0.02693,0.273728,0.000976,0.248317,0.765789,False
0.44706,4,0.234043,0.030413,0.33011,0.000976,0.275764,0.765789,False
0.44706,4,0.255319,0.037498,0.451205,0.002297,0.364837,0.690351,False
0.44706,4,0.276596,0.042242,0.573936,0.002763,0.443553,0.537281,False
0.44706,4,0.297872,0.043653,0.60607,0.002906,0.500777,0.414912,False
0.44706,4,0.319149,0.086346,0.69042,0.005866,0.589332,0.374123,True
0.44706,4,0.340426,0.124745,0.711693,0.008486,0.63594,0.419737,True
0.44706,4,0.361702,0.124685,0.707825,0.008519,0.643449,0.342544,True
0.44706,4,0.382979,0.103068,0.735347,0.007127,0.662351,0.328947,True
0.44706,4,0.404255,0.103759,0.736537,0.007125,0.660021,0.332456,True
0.44706,4,0.425532,0.099496,0.709461,0.006859,0.65303,0.396491,True
0.44706,4,0.446809,0.073976,0.675394,0.005127,0.641378,0.373246,True
0.44706,4,0.468085,0.063348,0.647278,0.004422,0.639306,0.342982,False
0.44706,4,0.489362,0.062838,0.635823,0.004427,0.63594,0.280263,False
0.44706,4,0.510638,0.043893,0.621244,0.003087,0.615225,0.326316,False
0.44706,4,0.531915,0.049297,0.60964,0.003463,0.602796,0.30614,False
0.44706,4,0.553191,0.065059,0.597441,0.004589,0.640083,0.254386,True
0.44706,4,0.574468,0.063889,0.579887,0.00446,0.625842,0.287281,True
0.44706,4,0.595745,0.061096,0.558762,0.004263,0.610564,0.337281,False
0.44706,4,0.617021,0.043653,0.530943,0.003033,0.592698,0.369298,False
0.44706,4,0.638298,0.043653,0.540315,0.003031,0.573537,0.401754,False
0.44706,4,0.659574,0.046595,0.554002,0.003153,0.573537,0.407456,False
0.44706,4,0.680851,0.059145,0.586433,0.004117,0.583635,0.371053,False
0.44706,4,0.702128,0.063408,0.655311,0.004454,0.606939,0.419298,False
0.44706,4,0.723404,0.086706,0.766439,0.006034,0.67245,0.422807,True
0.44706,4,0.744681,0.076498,0.836209,0.00526,0.726567,0.438596,True
0.44706,4,0.765957,0.07905,0.842458,0.005438,0.700673,0.431579,True
0.44706,4,0.787234,0.050138,0.810176,0.003461,0.647592,0.382018,False
0.44706,4,0.808511,0.064249,0.777298,0.004233,0.603314,0.439035,True
0.44706,4,0.829787,0.05299,0.747099,0.003691,0.566546,0.438596,False
0.44706,4,0.851064,0.046806,0.71809,0.003257,0.541429,0.481579,False
0.44706,4,0.87234,0.043653,0.688634,0.003076,0.512688,0.537719,False
0.44706,4,0.893617,0.048247,0.63731,0.003288,0.474107,0.600439,False
0.44706,4,0.914894,0.042873,0.583309,0.002883,0.45391,0.652632,False
0.44706,4,0.93617,0.041822,0.613657,0.002759,0.435526,0.715351,False
0.44706,4,0.957447,0.038699,0.604284,0.002511,0.413516,0.748246,False
0.44706,4,0.978723,0.041642,0.595061,0.002694,0.498187,0.662281,False
0.44706,4,1.0,0.038249,0.575275,0.002459,0.477991,0.715351,False
0.447104,5,0.0,0.037228,0.560845,0.001816,0.450544,0.765789,False
0.447104,5,0.021277,0.041642,0.548646,0.001518,0.423615,0.765789,False
0.447104,5,0.042553,0.040771,0.514728,0.00241,0.474107,0.734211,False
0.447104,5,0.06383,0.040141,0.470693,0.002013,0.445883,0.765789,False
0.447104,5,0.085106,0.038789,0.411187,0.001184,0.401864,0.765789,False
0.447104,5,0.106383,0.035817,0.362095,0.000976,0.347488,0.765789,False
0.447104,5,0.12766,0.029512,0.313151,0.000837,0.299327,0.765789,False
0.447104,5,0.148936,0.024679,0.281018,0.000835,0.259451,0.764912,False
0.447104,5,0.170213,0.01309,0.259298,0.000837,0.236147,0.742982,False
0.447104,5,0.191489,0.011799,0.258852,0.000756,0.215173,0.744737,False
0.447104,5,0.212766,0.01342,0.289646,0.00086,0.22579,0.756579,False
0.447104,5,0.234043,0.023208,0.342458,0.000908,0.25738,0.765789,False
0.447104,5,0.255319,0.036718,0.46028,0.001298,0.343345,0.765789,False
0.447104,5,0.276596,0.041612,0.581821,0.002678,0.429311,0.732456,False
0.447104,5,0.297872,0.042572,0.615739,0.002788,0.498446,0.610965,False
0.447104,5,0.319149,0.056983,0.700833,0.003824,0.56784,0.464474,True
0.447104,5,0.340426,0.093701,0.714371,0.006392,0.615743,0.432456,True
0.447104,5,0.361702,0.073286,0.696965,0.005033,0.616261,0.445614,True
0.447104,5,0.382979,0.085625,0.710354,0.005889,0.631538,0.432018,True
0.447104,5,0.404255,0.044344,0.713478,0.003076,0.617815,0.389474,False
0.447104,5,0.425532,0.076138,0.67837,0.005247,0.613413,0.402632,True
0.447104,5,0.446809,0.053621,0.651889,0.003731,0.609011,0.35307,True
0.447104,5,0.468085,0.055092,0.626302,0.003847,0.60202,0.355702,True
0.447104,5,0.489362,0.043413,0.606813,0.003022,0.598136,0.370175,False
0.447104,5,0.510638,0.043533,0.589259,0.003029,0.588296,0.410088,False
0.447104,5,0.531915,0.043023,0.569176,0.002981,0.582082,0.399561,False
0.447104,5,0.553191,0.054702,0.567391,0.003808,0.607457,0.358772,True
0.447104,5,0.574468,0.043353,0.556382,0.003016,0.602538,0.34693,False
0.447104,5,0.595745,0.043023,0.542547,0.002991,0.5971,0.361842,False
0.447104,5,0.617021,0.050558,0.529604,0.003527,0.582341,0.301316,True
0.447104,5,0.638298,0.043893,0.526629,0.003062,0.568358,0.342982,False
0.447104,5,0.659574,0.055542,0.545671,0.003872,0.559555,0.396491,True
0.447104,5,0.680851,0.046295,0.587176,0.00323,0.563956,0.428509,False
0.447104,5,0.702128,0.070734,0.6626,0.004954,0.595287,0.485526,True
0.447104,5,0.723404,0.075808,0.747099,0.005278,0.654065,0.409211,True
0.447104,5,0.744681,0.088147,0.812109,0.006109,0.69653,0.412281,True
0.447104,5,0.765957,0.083253,0.809134,0.005781,0.670119,0.452632,True
0.447104,5,0.787234,0.064999,0.785034,0.004549,0.63102,0.429386,True
0.447104,5,0.808511,0.048457,0.758108,0.0034,0.593475,0.419737,True
0.447104,5,0.829787,0.05305,0.733264,0.003727,0.555671,0.462719,True
0.447104,5,0.851064,0.060376,0.707676,0.004242,0.524858,0.484211,True
0.447104,5,0.87234,0.060346,0.672865,0.004215,0.499223,0.506579,True
0.447104,5,0.893617,0.053651,0.619756,0.003712,0.463231,0.520175,True
0.447104,5,0.914894,0.042062,0.565903,0.002862,0.434749,0.629386,False
0.447104,5,0.93617,0.042482,0.59759,0.002817,0.425168,0.657895,False
0.447104,5,0.957447,0.042032,0.595507,0.002767,0.414552,0.671491,False
0.447104,5,0.978723,0.042813,0.57706,0.002802,0.498446,0.541667,False
0.447104,5,1.0,0.041011,0.560101,0.002669,0.479544,0.663596,False
0.447148,6,0.0,0.030623,0.540018,0.001951,0.441222,0.732018,False
0.447148,6,0.021277,0.03909,0.519786,0.002347,0.411445,0.765789,False
0.447148,6,0.042553,0.03945,0.492711,0.002495,0.45624,0.7,False
0.447148,6,0.06383,0.034856,0.44823,0.002281,0.424392,0.747368,False
0.447148,6,0.085106,0.031014,0.382922,0.001477,0.381926,0.765789,False
0.447148,6,0.106383,0.028312,0.340375,0.001496,0.316934,0.765789,False
0.447148,6,0.12766,0.018044,0.29039,0.000906,0.281719,0.673246,False
0.447148,6,0.148936,0.01252,0.254686,0.000804,0.240031,0.635526,False
0.447148,6,0.170213,0.011529,0.22895,0.000746,0.210772,0.614912,False
0.447148,6,0.191489,0.010448,0.227908,0.000677,0.201191,0.639474,False
0.447148,6,0.212766,0.01279,0.253347,0.000827,0.209995,0.684649,False
0.447148,6,0.234043,0.01339,0.305564,0.00086,0.243656,0.66886,False
0.447148,6,0.255319,0.034046,0.406575,0.00166,0.325738,0.764912,False
0.447148,6,0.276596,0.042422,0.525736,0.002713,0.41274,0.70307,False
0.447148,6,0.297872,0.042332,0.564267,0.002754,0.479026,0.532018,False
0.447148,6,0.319149,0.059385,0.6446,0.003959,0.563698,0.388158,True
0.447148,6,0.340426,0.067161,0.686552,0.004603,0.599689,0.379825,True
0.447148,6,0.361702,0.074306,0.683576,0.005172,0.599948,0.389474,True
0.447148,6,0.382979,0.079711,0.72166,0.005636,0.599948,0.407895,True
0.447148,6,0.404255,0.077729,0.72776,0.005434,0.589591,0.424561,True
0.447148,6,0.425532,0.067431,0.705296,0.004734,0.591144,0.414035,True
0.447148,6,0.446809,0.066471,0.679857,0.00467,0.585966,0.40614,True
0.447148,6,0.468085,0.048937,0.656501,0.00344,0.58001,0.372807,True
0.447148,6,0.489362,0.061727,0.647873,0.004346,0.576385,0.342982,True
0.447148,6,0.510638,0.057944,0.630616,0.004067,0.569653,0.375877,True
0.447148,6,0.531915,0.065059,0.609491,0.004557,0.578716,0.388158,True
0.447148,6,0.553191,0.06536,0.596995,0.004566,0.620404,0.312281,True
0.447148,6,0.574468,0.064849,0.578251,0.004526,0.621699,0.315789,True
0.447148,6,0.595745,0.069022,0.575275,0.004813,0.62869,0.353947,True
0.447148,6,0.617021,0.06551,0.558018,0.004564,0.627654,0.308333,True
0.447148,6,0.638298,0.06536,0.556531,0.004545,0.626877,0.360965,True
0.447148,6,0.659574,0.067011,0.568581,0.004655,0.612895,0.407018,True
0.447148,6,0.680851,0.049658,0.596846,0.00345,0.599948,0.405702,False
0.447148,6,0.702128,0.048547,0.657245,0.003413,0.616779,0.416228,False
0.447148,6,0.723404,0.057404,0.71928,0.004082,0.664423,0.284649,True
0.447148,6,0.744681,0.07875,0.760637,0.005758,0.693941,0.329386,True
0.447148,6,0.765957,0.073166,0.742487,0.005231,0.664164,0.316228,True
0.447148,6,0.787234,0.048037,0.711098,0.003438,0.630243,0.264035,False
0.447148,6,0.808511,0.043413,0.669146,0.003087,0.583635,0.315351,False
0.447148,6,0.829787,0.044104,0.632252,0.003112,0.560331,0.357456,False
0.447148,6,0.851064,0.045545,0.606962,0.003201,0.525117,0.36886,False
0.447148,6,0.87234,0.046175,0.579441,0.003226,0.502848,0.404386,False
0.447148,6,0.893617,0.043533,0.543142,0.00302,0.46349,0.489035,False
0.447148,6,0.914894,0.042032,0.501636,0.002869,0.430606,0.567544,False
0.447148,6,0.93617,0.042572,0.555787,0.00284,0.423356,0.60307,False
0.447148,6,0.957447,0.042272,0.570217,0.002794,0.408079,0.648684,False
0.447148,6,0.978723,0.042452,0.569473,0.002788,0.497929,0.50307,False
0.447148,6,1.0,0.041792,0.551622,0.002736,0.496893,0.589035,False
0.447193,7,0.0,0.035907,0.530348,0.002312,0.482651,0.59693,False
0.447193,7,0.021277,0.038369,0.492859,0.002559,0.446919,0.652632,False
0.447193,7,0.042553,0.03984,0.459982,0.002557,0.488607,0.582456,False
0.447193,7,0.06383,0.038189,0.406129,0.002455,0.459865,0.613158,False
0.447193,7,0.085106,0.033566,0.345284,0.00215,0.408597,0.703509,False
0.447193,7,0.106383,0.036628,0.298274,0.002277,0.359917,0.762281,False
0.447193,7,0.12766,0.024949,0.253794,0.001433,0.308907,0.751754,False
0.447193,7,0.148936,0.017143,0.207081,0.001101,0.263853,0.597368,False
0.447193,7,0.170213,0.014741,0.185659,0.000976,0.235888,0.648684,False
0.447193,7,0.191489,0.01291,0.172121,0.000837,0.213879,0.621053,False
0.447193,7,0.212766,0.01285,0.178072,0.000835,0.211548,0.596491,False
0.447193,7,0.234043,0.014051,0.191461,0.000906,0.21362,0.718421,False
0.447193,7,0.255319,0.041942,0.226569,0.001377,0.245728,0.765789,False
0.447193,7,0.276596,0.058334,0.265695,0.001558,0.270844,0.765789,True
0.447193,7,0.297872,0.036598,0.310176,0.001697,0.26696,0.765789,False
0.447193,7,0.319149,0.042662,0.406427,0.002748,0.299586,0.746053,False
0.447193,7,0.340426,0.042752,0.484975,0.002844,0.358364,0.638596,False
0.447193,7,0.361702,0.044164,0.543886,0.003006,0.403936,0.57807,False
0.447193,7,0.382979,0.045875,0.583457,0.003176,0.437597,0.522807,False
0.447193,7,0.404255,0.045244,0.587474,0.003139,0.442517,0.557895,False
0.447193,7,0.425532,0.044013,0.565308,0.003047,0.437338,0.542544,False
0.447193,7,0.446809,0.043023,0.53258,0.002958,0.418177,0.582895,False
0.447193,7,0.468085,0.046325,0.504017,0.003164,0.406007,0.586404,True
0.447193,7,0.489362,0.042873,0.476644,0.002921,0.391766,0.621053,False
0.447193,7,0.510638,0.042752,0.445254,0.002892,0.382444,0.630702,False
0.447193,7,0.531915,0.042752,0.42651,0.002887,0.379078,0.630263,False
0.447193,7,0.553191,0.042752,0.40717,0.002887,0.398757,0.590351,False
0.447193,7,0.574468,0.042752,0.38798,0.002887,0.397204,0.603947,False
0.447193,7,0.595745,0.03969,0.372062,0.002885,0.392284,0.618421,False
0.447193,7,0.617021,0.045875,0.361797,0.002862,0.389177,0.62193,True
0.447193,7,0.638298,0.042752,0.364029,0.002881,0.394614,0.600439,True
0.447193,7,0.659574,0.042752,0.383071,0.002887,0.403677,0.586842,True
0.447193,7,0.680851,0.042752,0.414014,0.002894,0.403418,0.577193,True
0.447193,7,0.702128,0.042752,0.492413,0.002923,0.439151,0.479825,True
0.447193,7,0.723404,0.043533,0.600268,0.003039,0.504402,0.397807,True
0.447193,7,0.744681,0.058304,0.689824,0.004144,0.55101,0.382018,True
0.447193,7,0.765957,0.059385,0.714668,0.004209,0.53884,0.401754,True
0.447193,7,0.787234,0.046295,0.683279,0.003278,0.504143,0.461842,True
0.447193,7,0.808511,0.043533,0.643261,0.003051,0.464267,0.517544,True
0.447193,7,0.829787,0.043083,0.605177,0.002987,0.437338,0.565351,True
0.447193,7,0.851064,0.044374,0.577358,0.003056,0.411704,0.593421,True
0.447193,7,0.87234,0.041852,0.559952,0.002854,0.391507,0.673684,True
0.447193,7,0.893617,0.041942,0.524546,0.002763,0.367167,0.742982,True
0.447193,7,0.914894,0.041431,0.487504,0.00168,0.34956,0.765789,True
0.447193,7,0.93617,0.037438,0.508777,0.001298,0.350854,0.765789,False
0.447193,7,0.957447,0.036568,0.502678,0.001467,0.362248,0.765789,False
0.447193,7,0.978723,0.041011,0.500595,0.002588,0.448213,0.678947,True
0.447193,7,1.0,0.037168,0.46385,0.002364,0.447695,0.707895,False
0.447237,1,0.0,0.041972,0.43008,0.002676,0.431124,0.716228,True
0.447237,1,0.021277,0.042482,0.381285,0.002738,0.408338,0.718421,True
0.447237,1,0.042553,0.054551,0.337995,0.003606,0.452615,0.565351,True
0.447237,1,0.06383,0.035817,0.299762,0.002351,0.424392,0.697368,False
0.447237,1,0.085106,0.028011,0.250967,0.001691,0.375712,0.763596,False
0.447237,1,0.106383,0.008707,0.22166,0.000559,0.321077,0.631579,False
0.447237,1,0.12766,0.01294,0.19399,0.000837,0.266183,0.562719,False
0.447237,1,0.148936,0.013901,0.170931,0.000881,0.230451,0.625,False
0.447237,1,0.170213,0.012459,0.150848,0.000818,0.19653,0.5,False
0.447237,1,0.191489,0.010898,0.149807,0.000715,0.169083,0.555263,False
0.447237,1,0.212766,0.008016,0.157691,0.000523,0.147074,0.602632,False
0.447237,1,0.234043,0.006725,0.170783,0.000378,0.142672,0.611404,False
0.447237,1,0.255319,0.01363,0.195031,0.000885,0.141119,0.717105,False
0.447237,1,0.276596,0.02684,0.220173,0.001172,0.145779,0.765789,False
0.447237,1,0.297872,0.037468,0.256323,0.000931,0.123511,0.765789,True
0.447237,1,0.319149,0.037529,0.335019,0.001142,0.143449,0.765789,True
0.447237,1,0.340426,0.041672,0.424576,0.001618,0.183325,0.765789,True
0.447237,1,0.361702,0.042182,0.501636,0.002268,0.241067,0.765789,True
0.447237,1,0.382979,0.042422,0.570068,0.002613,0.278353,0.765789,True
0.447237,1,0.404255,0.042752,0.609491,0.002503,0.295702,0.765789,True
0.447237,1,0.425532,0.042752,0.60607,0.002858,0.316416,0.764474,True
0.447237,1,0.446809,0.042752,0.588367,0.00286,0.316416,0.750877,True
0.447237,1,0.468085,0.042903,0.581821,0.002908,0.320818,0.742105,True
0.447237,1,0.489362,0.043023,0.572746,0.002914,0.322113,0.74386,True
0.447237,1,0.510638,0.044013,0.559506,0.002962,0.322631,0.748684,True
0.447237,1,0.531915,0.044404,0.548349,0.002985,0.327033,0.732018,True
0.447237,1,0.553191,0.046896,0.529456,0.003168,0.340497,0.721491,True
0.447237,1,0.574468,0.044224,0.521571,0.002983,0.32755,0.759649,True
0.447237,1,0.595745,0.044644,0.522315,0.002921,0.314086,0.757456,True
0.447237,1,0.617021,0.049958,0.525588,0.002686,0.306577,0.765789,True
0.447237,1,0.638298,0.046025,0.535555,0.003085,0.314345,0.764035,True
0.447237,1,0.659574,0.043023,0.554299,0.00286,0.317452,0.745614,True
0.447237,1,0.680851,0.042722,0.57587,0.002759,0.312791,0.765789,True
0.447237,1,0.702128,0.050438,0.648616,0.003403,0.345935,0.714474,True
0.447237,1,0.723404,0.059535,0.725231,0.004229,0.429052,0.634211,True
0.447237,1,0.744681,0.073946,0.798423,0.005168,0.500777,0.558772,True
0.447237,1,0.765957,0.080581,0.807498,0.00564,0.517607,0.556579,True
0.447237,1,0.787234,0.070914,0.78191,0.004958,0.490678,0.513158,True
0.447237,1,0.808511,0.064069,0.750521,0.004489,0.47333,0.540351,True
0.447237,1,0.829787,0.058334,0.719578,0.003889,0.451062,0.553947,True
0.447237,1,0.851064,0.060946,0.691758,0.004221,0.430088,0.567544,True
0.447237,1,0.87234,0.042752,0.663791,0.002927,0.412222,0.667982,True
0.447237,1,0.893617,0.03978,0.598334,0.002634,0.387882,0.708772,False
0.447237,1,0.914894,0.040171,0.547159,0.001863,0.360953,0.765789,False
0.447237,1,0.93617,0.039,0.552365,0.001514,0.346194,0.765789,False
0.447237,1,0.957447,0.038399,0.5241,0.001506,0.340756,0.765789,False
0.447237,1,0.978723,0.038579,0.489735,0.002397,0.407561,0.720614,False
0.447237,1,1.0,0.034286,0.447188,0.002067,0.409373,0.765789,False
0.447281,2,0.0,0.041702,0.425469,0.002651,0.409373,0.719298,True
0.447281,2,0.021277,0.041612,0.378012,0.002678,0.382703,0.747807,True
0.447281,2,0.042553,0.05323,0.349747,0.003475,0.433454,0.585965,True
0.447281,2,0.06383,0.033986,0.318953,0.00221,0.414293,0.652193,False
0.447281,2,0.085106,0.021046,0.27834,0.001327,0.369239,0.717544,False
0.447281,2,0.106383,0.014771,0.252008,0.000953,0.334024,0.657895,False
0.447281,2,0.12766,0.01327,0.220768,0.000858,0.284309,0.585088,False
0.447281,2,0.148936,0.01279,0.202916,0.000833,0.246504,0.533772,False
0.447281,2,0.170213,0.01264,0.202618,0.000827,0.223977,0.557456,False
0.447281,2,0.191489,0.01279,0.212586,0.000833,0.209995,0.611842,False
0.447281,2,0.212766,0.014081,0.248289,0.000906,0.216986,0.739474,False
0.447281,2,0.234043,0.023628,0.301993,0.00108,0.252978,0.765789,False
0.447281,2,0.255319,0.034016,0.410146,0.002158,0.343863,0.717982,False
0.447281,2,0.276596,0.041131,0.540167,0.002669,0.435785,0.586842,True
0.447281,2,0.297872,0.042122,0.593425,0.002796,0.498187,0.467105,True
0.447281,2,0.319149,0.056413,0.688188,0.003835,0.578716,0.317982,True
0.447281,2,0.340426,0.072085,0.718536,0.004892,0.634386,0.310965,True
0.447281,2,0.361702,0.084604,0.720619,0.005914,0.649663,0.336842,True
0.447281,2,0.382979,0.089498,0.757215,0.006267,0.663905,0.340789,True
0.447281,2,0.404255,0.099886,0.767777,0.006973,0.664164,0.356579,True
0.447281,2,0.425532,0.089678,0.752603,0.006199,0.65536,0.361842,True
0.447281,2,0.446809,0.083944,0.717048,0.005818,0.648369,0.359649,True
0.447281,2,0.468085,0.085655,0.697263,0.005924,0.641378,0.389035,True
0.447281,2,0.489362,0.087216,0.698155,0.006007,0.629208,0.397807,True
0.447281,2,0.510638,0.083313,0.68551,0.005661,0.615743,0.414912,True
0.447281,2,0.531915,0.083974,0.674799,0.005779,0.60435,0.423684,True
0.447281,2,0.553191,0.088898,0.670783,0.006107,0.629467,0.369298,True
0.447281,2,0.574468,0.084334,0.665427,0.005808,0.630761,0.370614,True
0.447281,2,0.595745,0.088537,0.65665,0.006099,0.626359,0.387281,True
0.447281,2,0.617021,0.088357,0.644749,0.006061,0.616779,0.414035,True
0.447281,2,0.638298,0.086105,0.636269,0.005899,0.605904,0.448684,True
0.447281,2,0.659574,0.072265,0.659625,0.004963,0.601502,0.417544,True
0.447281,2,0.680851,0.072775,0.69994,0.005027,0.597359,0.430702,True
0.447281,2,0.702128,0.077609,0.760934,0.005409,0.627395,0.40614,True
0.447281,2,0.723404,0.087096,0.845879,0.006061,0.687209,0.327632,True
0.447281,2,0.744681,0.107602,0.909402,0.007349,0.743915,0.350439,True
0.447281,2,0.765957,0.099105,0.897054,0.006768,0.71362,0.373684,True
0.447281,2,0.787234,0.097184,0.869682,0.006685,0.657172,0.412281,True
0.447281,2,0.808511,0.079861,0.830408,0.00554,0.617815,0.405263,True
0.447281,2,0.829787,0.070223,0.790092,0.004909,0.585966,0.410088,True
0.447281,2,0.851064,0.069383,0.769711,0.004873,0.556706,0.421491,True
0.447281,2,0.87234,0.042933,0.733413,0.00301,0.525117,0.460965,False
0.447281,2,0.893617,0.042062,0.674204,0.002871,0.483687,0.562719,False
0.447281,2,0.914894,0.040891,0.599226,0.002703,0.455722,0.66886,False
0.447281,2,0.93617,0.03981,0.610533,0.002563,0.439669,0.70614,False
0.447281,2,0.957447,0.038219,0.6144,0.002441,0.424133,0.689474,False
0.447281,2,0.978723,0.041161,0.595507,0.00263,0.499741,0.614035,False
0.447281,2,1.0,0.040621,0.576763,0.002607,0.490678,0.623684,False
0.447325,3,0.0,0.041852,0.557721,0.002709,0.471517,0.657895,False
0.447325,3,0.021277,0.042452,0.540018,0.002784,0.445883,0.652632,False
0.447325,3,0.042553,0.072265,0.512199,0.004811,0.499482,0.486404,True
0.447325,3,0.06383,0.038339,0.472032,0.002565,0.46841,0.624123,False
0.447325,3,0.085106,0.025189,0.412526,0.001645,0.42232,0.651316,False
0.447325,3,0.106383,0.024619,0.36388,0.001562,0.373641,0.765789,False
0.447325,3,0.12766,0.027381,0.315085,0.001647,0.327033,0.765789,False
0.447325,3,0.148936,0.017173,0.275364,0.000976,0.282496,0.701316,False
0.447325,3,0.170213,0.014531,0.255579,0.000931,0.257897,0.721491,False
0.447325,3,0.191489,0.01345,0.253198,0.000862,0.248835,0.720614,False
0.447325,3,0.212766,0.016663,0.276406,0.000968,0.257121,0.765789,False
0.447325,3,0.234043,0.024198,0.332342,0.000976,0.285085,0.765789,False
0.447325,3,0.255319,0.036988,0.441089,0.002086,0.371828,0.725439,False
0.447325,3,0.276596,0.042452,0.55906,0.002711,0.460642,0.630702,False
0.447325,3,0.297872,0.042632,0.599524,0.002808,0.516313,0.500439,False
0.447325,3,0.319149,0.049808,0.689527,0.003359,0.589332,0.370175,False
0.447325,3,0.340426,0.049297,0.724784,0.003448,0.649663,0.325439,False
0.447325,3,0.361702,0.069563,0.718685,0.004927,0.65536,0.30307,True
0.447325,3,0.382979,0.076378,0.747397,0.005413,0.666753,0.340789,True
0.447325,3,0.404255,0.07836,0.749182,0.005496,0.659244,0.415789,True
0.447325,3,0.425532,0.074667,0.741148,0.005218,0.645262,0.411404,True
0.447325,3,0.446809,0.068152,0.716751,0.004767,0.635163,0.419298,True
0.447325,3,0.468085,0.075447,0.699197,0.005228,0.62377,0.459211,True
0.447325,3,0.489362,0.075537,0.692056,0.005195,0.618591,0.47807,True
0.447325,3,0.510638,0.060016,0.678072,0.00415,0.59477,0.439035,True
0.447325,3,0.531915,0.056323,0.662005,0.003922,0.593475,0.385088,False
0.447325,3,0.553191,0.046565,0.659923,0.003255,0.611082,0.350877,False
0.447325,3,0.574468,0.050378,0.649212,0.003533,0.61652,0.323246,False
0.447325,3,0.595745,0.043233,0.634781,0.003039,0.599689,0.34693,False
0.447325,3,0.617021,0.056653,0.628384,0.003965,0.591662,0.420614,True
0.447325,3,0.638298,0.058154,0.623773,0.004057,0.576903,0.465789,True
0.447325,3,0.659574,0.066771,0.651294,0.004618,0.568617,0.478947,True
0.447325,3,0.680851,0.064129,0.690866,0.004433,0.574055,0.550877,True
0.447325,3,0.702128,0.064579,0.757364,0.004516,0.592698,0.521491,True
0.447325,3,0.723404,0.073226,0.847516,0.005147,0.665976,0.446491,True
0.447325,3,0.744681,0.090759,0.911485,0.006273,0.723718,0.411404,True
0.447325,3,0.765957,0.085205,0.901517,0.005874,0.711807,0.407018,True
0.447325,3,0.787234,0.073316,0.872954,0.00512,0.666494,0.467105,True
0.447325,3,0.808511,0.076888,0.835912,0.005415,0.628949,0.466667,True
0.447325,3,0.829787,0.066771,0.795745,0.004705,0.596323,0.491228,True
0.447325,3,0.851064,0.070253,0.770902,0.004919,0.563439,0.541228,True
0.447325,3,0.87234,0.044013,0.733413,0.003037,0.53651,0.544298,False
0.447325,3,0.893617,0.041972,0.682237,0.002819,0.499741,0.664474,False
0.447325,3,0.914894,0.041251,0.613954,0.002694,0.473071,0.75307,False
0.447325,3,0.93617,0.037048,0.638947,0.001843,0.452097,0.765789,False
0.447325,3,0.957447,0.038759,0.623773,0.001489,0.433713,0.765789,False
0.447325,3,0.978723,0.041101,0.600863,0.002605,0.509063,0.671053,False
0.447325,3,1.0,0.040231,0.581672,0.002559,0.506473,0.710965,False
0.44737,4,0.0,0.041792,0.566349,0.002682,0.489902,0.709649,False
0.44737,4,0.021277,0.043023,0.544332,0.002798,0.452356,0.69386,False
0.44737,4,0.042553,0.054521,0.516215,0.003619,0.505955,0.55,True
0.44737,4,0.06383,0.036868,0.465189,0.002445,0.477214,0.666667,False
0.44737,4,0.085106,0.030593,0.405534,0.001982,0.437079,0.75,False
0.44737,4,0.106383,0.022667,0.360309,0.001286,0.386069,0.765789,False
0.44737,4,0.12766,0.023388,0.310771,0.001448,0.33739,0.729386,False
0.44737,4,0.148936,0.014561,0.270902,0.000931,0.292853,0.682456,False
0.44737,4,0.170213,0.01333,0.246355,0.000862,0.26696,0.605702,False
0.44737,4,0.191489,0.0133,0.246355,0.00086,0.257639,0.657895,False
0.44737,4,0.212766,0.015342,0.27596,0.000985,0.270067,0.72807,False
0.44737,4,0.234043,0.020716,0.328622,0.000976,0.301657,0.765789,False
0.44737,4,0.255319,0.035607,0.44094,0.002212,0.386846,0.748684,False
0.44737,4,0.276596,0.042122,0.569027,0.002713,0.483687,0.642105,False
0.44737,4,0.297872,0.042602,0.619458,0.002806,0.535474,0.527193,False
0.44737,4,0.319149,0.044854,0.705742,0.003054,0.613154,0.370614,False
0.44737,4,0.340426,0.055362,0.723743,0.003866,0.655878,0.297807,True
0.44737,4,0.361702,0.057764,0.708271,0.004302,0.658467,0.276754,True
0.44737,4,0.382979,0.069143,0.735198,0.004936,0.662092,0.285088,True
0.44737,4,0.404255,0.062177,0.731181,0.004431,0.651476,0.297368,True
0.44737,4,0.425532,0.043383,0.70485,0.003085,0.630502,0.314035,False
0.44737,4,0.446809,0.043413,0.673312,0.003072,0.619109,0.324561,False
0.44737,4,0.468085,0.044674,0.655757,0.003143,0.598136,0.359211,False
0.44737,4,0.489362,0.045515,0.640434,0.003197,0.597359,0.360526,False
0.44737,4,0.510638,0.044254,0.625112,0.003101,0.57535,0.393421,False
0.44737,4,0.531915,0.046115,0.613062,0.003216,0.568358,0.409649,False
0.44737,4,0.553191,0.053411,0.608599,0.003725,0.587519,0.433772,True
0.44737,4,0.574468,0.046655,0.604582,0.003249,0.585966,0.412281,False
0.44737,4,0.595745,0.046836,0.596995,0.003251,0.579234,0.454825,False
0.44737,4,0.617021,0.046385,0.591491,0.003218,0.571207,0.432456,False
0.44737,4,0.638298,0.045064,0.588962,0.003081,0.556965,0.480263,False
0.44737,4,0.659574,0.045184,0.618417,0.003135,0.547126,0.514912,False
0.44737,4,0.680851,0.043143,0.662303,0.00301,0.545054,0.432018,False
0.44737,4,0.702128,0.047286,0.73014,0.003344,0.567064,0.455263,True
0.44737,4,0.723404,0.059685,0.821184,0.004215,0.639306,0.392544,True
0.44737,4,0.744681,0.087847,0.881137,0.00614,0.716468,0.340351,True
0.44737,4,0.765957,0.081872,0.877269,0.005752,0.695753,0.396491,True
0.44737,4,0.787234,0.076858,0.848259,0.005436,0.654324,0.377632,True
0.44737,4,0.808511,0.060976,0.80958,0.004346,0.611082,0.380263,True
0.44737,4,0.829787,0.069143,0.775811,0.004906,0.578198,0.436404,True
0.44737,4,0.851064,0.073346,0.742339,0.005133,0.548162,0.519298,True
0.44737,4,0.87234,0.049237,0.716156,0.003394,0.523822,0.507456,True
0.44737,4,0.893617,0.03999,0.662154,0.002707,0.486277,0.612281,False
0.44737,4,0.914894,0.042152,0.599821,0.002798,0.467374,0.640789,False
0.44737,4,0.93617,0.043323,0.63493,0.002846,0.447437,0.672807,False
0.44737,4,0.957447,0.042452,0.624517,0.002808,0.429829,0.679825,False
0.44737,4,0.978723,0.048817,0.609194,0.003236,0.511134,0.499561,True
0.44737,4,1.0,0.042452,0.590598,0.002846,0.49508,0.54386,False
0.447414,5,0.0,0.042452,0.572151,0.002829,0.477214,0.574561,False
0.447414,5,0.021277,0.042452,0.54939,0.002815,0.447695,0.610088,False
0.447414,5,0.042553,0.055602,0.530051,0.003729,0.504402,0.463158,True
0.447414,5,0.06383,0.03981,0.477983,0.002657,0.475919,0.564035,False
0.447414,5,0.085106,0.032605,0.414609,0.002063,0.432677,0.642982,False
0.447414,5,0.106383,0.023928,0.365516,0.001531,0.383998,0.762719,False
0.447414,5,0.12766,0.014891,0.32044,0.000947,0.331434,0.699561,False
0.447414,5,0.148936,0.013841,0.282208,0.000883,0.295961,0.603947,False
0.447414,5,0.170213,0.013,0.262422,0.000835,0.266183,0.596491,False
0.447414,5,0.191489,0.01297,0.255281,0.000835,0.256603,0.619298,False
0.447414,5,0.212766,0.014471,0.28429,0.000924,0.265407,0.658333,False
0.447414,5,0.234043,0.029693,0.340226,0.001793,0.306059,0.765789,False
0.447414,5,0.255319,0.036838,0.454775,0.002351,0.392543,0.6,False
0.447414,5,0.276596,0.037468,0.573341,0.002501,0.479544,0.465789,False
0.447414,5,0.297872,0.043383,0.607409,0.002946,0.537027,0.311842,False
0.447414,5,0.319149,0.072325,0.694882,0.005054,0.627136,0.239912,True
0.447414,5,0.340426,0.095142,0.71571,0.00668,0.673485,0.242544,True
0.447414,5,0.361702,0.07863,0.697709,0.005496,0.683066,0.222368,True
0.447414,5,0.382979,0.073946,0.72285,0.005212,0.690834,0.241667,True
0.447414,5,0.404255,0.093251,0.712437,0.006541,0.681512,0.273684,True
0.447414,5,0.425532,0.068182,0.685957,0.004803,0.672708,0.222368,True
0.447414,5,0.446809,0.060496,0.657245,0.004254,0.663646,0.212719,True
0.447414,5,0.468085,0.060196,0.635376,0.004553,0.649922,0.231579,True
0.447414,5,0.489362,0.062207,0.60964,0.004929,0.637752,0.225877,True
0.447414,5,0.510638,0.057524,0.601755,0.004231,0.6116,0.224123,True
0.447414,5,0.531915,0.061217,0.592681,0.004348,0.602538,0.216667,True
0.447414,5,0.553191,0.060196,0.591193,0.004659,0.626877,0.216228,True
0.447414,5,0.574468,0.060196,0.580928,0.004479,0.621699,0.214474,True
0.447414,5,0.595745,0.059205,0.570515,0.004445,0.600207,0.210965,True
0.447414,5,0.617021,0.058004,0.561589,0.004103,0.58493,0.235965,True
0.447414,5,0.638298,0.056203,0.564564,0.003824,0.570171,0.257456,True
0.447414,5,0.659574,0.054431,0.581077,0.004117,0.558001,0.287281,True
0.447414,5,0.680851,0.047346,0.612913,0.003332,0.556447,0.279386,False
0.447414,5,0.702128,0.051339,0.676584,0.003978,0.594252,0.263158,False
0.447414,5,0.723404,0.067311,0.767777,0.004877,0.665458,0.236404,True
0.447414,5,0.744681,0.074306,0.839929,0.005264,0.749612,0.261404,True
0.447414,5,0.765957,0.075327,0.839631,0.005324,0.734852,0.289035,True
0.447414,5,0.787234,0.067041,0.82044,0.004751,0.690575,0.286404,True
0.447414,5,0.808511,0.070674,0.793663,0.005048,0.658985,0.292982,True
0.447414,5,0.829787,0.066861,0.764802,0.004778,0.622734,0.366667,True
0.447414,5,0.851064,0.074517,0.735347,0.005258,0.592439,0.427632,True
0.447414,5,0.87234,0.074397,0.709164,0.005177,0.567064,0.455702,True
0.447414,5,0.893617,0.046235,0.65665,0.003182,0.519938,0.516667,False
0.447414,5,0.914894,0.03945,0.598185,0.002659,0.490678,0.564474,False
0.447414,5,0.93617,0.042843,0.636864,0.002856,0.467633,0.560965,False
0.447414,5,0.957447,0.042512,0.629128,0.00284,0.45624,0.577193,False
0.447414,5,0.978723,0.043053,0.605326,0.002904,0.541947,0.404825,False
0.447414,5,1.0,0.042752,0.587623,0.002881,0.525117,0.489035,False
0.447458,6,0.0,0.042452,0.568432,0.002844,0.505438,0.512719,False
0.447458,6,0.021277,0.042452,0.54939,0.002827,0.476955,0.550877,False
0.447458,6,0.042553,0.051309,0.519935,0.003469,0.525893,0.433772,False
0.447458,6,0.06383,0.03891,0.467123,0.002603,0.501036,0.53114,False
0.447458,6,0.085106,0.036268,0.405832,0.00237,0.456499,0.643421,False
0.447458,6,0.106383,0.02645,0.356442,0.001683,0.407561,0.762719,False
0.447458,6,0.12766,0.013901,0.30839,0.000883,0.355256,0.643421,False
0.447458,6,0.148936,0.01306,0.269563,0.000835,0.303988,0.564912,False
0.447458,6,0.170213,0.01294,0.246206,0.000835,0.288969,0.512281,False
0.447458,6,0.191489,0.01294,0.243826,0.000835,0.27421,0.535965,False
0.447458,6,0.212766,0.01339,0.27224,0.00086,0.287157,0.636404,False
0.447458,6,0.234043,0.02615,0.32654,0.001647,0.328586,0.765789,False
0.447458,6,0.255319,0.041311,0.432461,0.002611,0.413257,0.664474,False
0.447458,6,0.276596,0.041852,0.542993,0.002754,0.503366,0.564474,False
0.447458,6,0.297872,0.045725,0.593573,0.003089,0.557224,0.387719,False
0.447458,6,0.319149,0.072205,0.688634,0.005014,0.638011,0.304386,True
0.447458,6,0.340426,0.068482,0.712734,0.004852,0.688762,0.27193,True
0.447458,6,0.361702,0.064639,0.696221,0.004796,0.693164,0.192105,True
0.447458,6,0.382979,0.068182,0.722255,0.004857,0.700932,0.232018,True
0.447458,6,0.404255,0.070253,0.711544,0.004981,0.692128,0.269298,True
0.447458,6,0.425532,0.048157,0.689378,0.003589,0.655878,0.225,False
0.447458,6,0.446809,0.055632,0.658733,0.004331,0.637494,0.272368,True
0.447458,6,0.468085,0.045455,0.629575,0.003963,0.62144,0.259211,False
0.447458,6,0.489362,0.046776,0.595954,0.003816,0.596841,0.271491,False
0.447458,6,0.510638,0.042242,0.595061,0.00297,0.581046,0.309211,False
0.447458,6,0.531915,0.03915,0.575722,0.002738,0.568099,0.352632,False
0.447458,6,0.553191,0.043053,0.567688,0.003016,0.576903,0.298246,False
0.447458,6,0.574468,0.042993,0.547456,0.003016,0.564992,0.311842,False
0.447458,6,0.595745,0.042512,0.531538,0.002975,0.544278,0.262719,False
0.447458,6,0.617021,0.041912,0.523207,0.002962,0.528742,0.380263,False
0.447458,6,0.638298,0.042452,0.51205,0.002941,0.510616,0.451754,False
0.447458,6,0.659574,0.042452,0.522017,0.002927,0.501036,0.459649,False
0.447458,6,0.680851,0.042452,0.550134,0.002935,0.501813,0.431579,False
0.447458,6,0.702128,0.042242,0.603987,0.002952,0.522527,0.401316,False
0.447458,6,0.723404,0.050949,0.705445,0.003662,0.593993,0.339912,True
0.447458,6,0.744681,0.062147,0.770455,0.004431,0.668566,0.305702,True
0.447458,6,0.765957,0.062147,0.762124,0.004398,0.661315,0.361404,True
0.447458,6,0.787234,0.061487,0.74576,0.004391,0.617297,0.399123,True
0.447458,6,0.808511,0.058935,0.7108,0.004196,0.580528,0.328509,True
0.447458,6,0.829787,0.042452,0.682684,0.003014,0.552563,0.413596,False
0.447458,6,0.851064,0.043653,0.653526,0.003068,0.519679,0.46886,False
0.447458,6,0.87234,0.062147,0.632252,0.004344,0.504143,0.477632,True
0.447458,6,0.893617,0.042422,0.592383,0.002912,0.459089,0.534649,False
0.447458,6,0.914894,0.041522,0.554151,0.0028,0.435785,0.56886,False
0.447458,6,0.93617,0.042602,0.602499,0.00285,0.420766,0.530263,False
0.447458,6,0.957447,0.042662,0.6205,0.002865,0.416882,0.525439,False
0.447458,6,0.978723,0.070223,0.625855,0.004749,0.508804,0.355263,True
0.447458,6,1.0,0.043593,0.606367,0.002975,0.505179,0.387719,False
0.447502,7,0.0,0.043203,0.574234,0.002939,0.479803,0.41886,False
0.447502,7,0.021277,0.050709,0.552365,0.003463,0.44899,0.431579,True
0.447502,7,0.042553,0.042452,0.519042,0.002887,0.492491,0.400877,False
0.447502,7,0.06383,0.042452,0.457602,0.002844,0.45391,0.517544,False
0.447502,7,0.085106,0.034917,0.39155,0.002291,0.41274,0.634649,False
0.447502,7,0.106383,0.023088,0.343796,0.001489,0.363283,0.706579,False
0.447502,7,0.12766,0.011529,0.294853,0.000742,0.313309,0.584649,False
0.447502,7,0.148936,0.01264,0.25186,0.000816,0.270844,0.52193,False
0.447502,7,0.170213,0.01285,0.228057,0.000833,0.230451,0.55614,False
0.447502,7,0.191489,0.011979,0.216305,0.000781,0.215432,0.551754,False
0.447502,7,0.212766,0.0127,0.216305,0.000827,0.209477,0.547807,False
0.447502,7,0.234043,0.01363,0.226718,0.000885,0.211807,0.639035,False
0.447502,7,0.255319,0.028432,0.264951,0.00157,0.232004,0.765789,False
0.447502,7,0.276596,0.03996,0.299762,0.00214,0.270844,0.765789,False
0.447502,7,0.297872,0.041071,0.361202,0.001934,0.264112,0.765789,False
0.447502,7,0.319149,0.041822,0.463999,0.002759,0.294148,0.73114,False
0.447502,7,0.340426,0.049658,0.549985,0.003351,0.353962,0.56886,True
0.447502,7,0.361702,0.043593,0.606218,0.003035,0.394355,0.480263,True
0.447502,7,0.382979,0.049388,0.651443,0.00349,0.424909,0.429386,True
0.447502,7,0.404255,0.049598,0.644897,0.003515,0.429311,0.390789,True
0.447502,7,0.425532,0.044704,0.612615,0.003153,0.428276,0.419737,True
0.447502,7,0.446809,0.043833,0.571854,0.003072,0.406784,0.439035,True
0.447502,7,0.468085,0.042843,0.533918,0.002987,0.388659,0.464035,True
0.447502,7,0.489362,0.042392,0.49762,0.002941,0.372346,0.476316,True
0.447502,7,0.510638,0.042032,0.476941,0.0029,0.349301,0.503509,True
0.447502,7,0.531915,0.041852,0.449717,0.002877,0.336613,0.525877,True
0.447502,7,0.553191,0.041822,0.429783,0.002877,0.345935,0.491228,True
0.447502,7,0.574468,0.041702,0.415799,0.002865,0.334283,0.525439,True
0.447502,7,0.595745,0.041822,0.40122,0.002871,0.326515,0.484211,True
0.447502,7,0.617021,0.041822,0.394525,0.002873,0.317452,0.486404,True
0.447502,7,0.638298,0.041822,0.396459,0.002881,0.310202,0.492982,True
0.447502,7,0.659574,0.041822,0.413865,0.002875,0.311497,0.508333,True
0.447502,7,0.680851,0.041401,0.44213,0.002848,0.313309,0.506579,True
0.447502,7,0.702128,0.042332,0.518893,0.002946,0.360694,0.392544,True
0.447502,7,0.723404,0.055692,0.624517,0.003968,0.447954,0.311404,True
0.447502,7,0.744681,0.069983,0.705594,0.004981,0.513982,0.248684,True
0.447502,7,0.765957,0.072145,0.709759,0.005164,0.513465,0.272807,True
0.447502,7,0.787234,0.062357,0.689229,0.004628,0.479285,0.284649,True
0.447502,7,0.808511,0.044944,0.641029,0.003249,0.43941,0.31886,True
0.447502,7,0.829787,0.044073,0.606665,0.00312,0.400829,0.373246,True
0.447502,7,0.851064,0.054011,0.571259,0.003797,0.385293,0.399123,True
0.447502,7,0.87234,0.072775,0.556382,0.005037,0.365096,0.500439,True
0.447502,7,0.893617,0.045394,0.522464,0.003093,0.340238,0.500439,True
0.447502,7,0.914894,0.040921,0.485123,0.002742,0.33247,0.575,False
0.447502,7,0.93617,0.041912,0.5,0.002779,0.33247,0.564474,True
0.447502,7,0.957447,0.03936,0.49524,0.00259,0.339979,0.595175,False
0.447502,7,0.978723,0.041972,0.493157,0.002769,0.421025,0.466667,True
0.447502,7,1.0,0.041431,0.456709,0.00275,0.416106,0.517982,True
0.447547,1,0.0,0.040801,0.423088,0.002694,0.386846,0.549561,False
0.447547,1,0.021277,0.040891,0.378161,0.002682,0.360435,0.585526,False
0.447547,1,0.042553,0.040861,0.342458,0.002684,0.398757,0.513596,False
0.447547,1,0.06383,0.038339,0.305713,0.00252,0.372864,0.597368,False
0.447547,1,0.085106,0.036478,0.258852,0.002372,0.330399,0.673246,False
0.447547,1,0.106383,0.012219,0.227016,0.000789,0.276282,0.687281,False
0.447547,1,0.12766,0.010208,0.194882,0.000665,0.226567,0.487719,False
0.447547,1,0.148936,0.001982,0.166915,0.000129,0.177628,0.463596,False
0.447547,1,0.170213,0.0,0.153079,0.0,0.140083,0.450877,False
0.447547,1,0.191489,0.0,0.144451,0.0,0.111082,0.484649,False
0.447547,1,0.212766,0.0,0.147129,0.0,0.101502,0.469298,False
0.447547,1,0.234043,0.01306,0.161559,0.00086,0.093734,0.601754,False
0.447547,1,0.255319,0.020746,0.187295,0.001259,0.103055,0.765789,False
0.447547,1,0.276596,0.034106,0.212139,0.000953,0.119368,0.765789,False
0.447547,1,0.297872,0.032245,0.247397,0.001194,0.110047,0.765789,False
0.447547,1,0.319149,0.040951,0.323416,0.001101,0.131279,0.765789,True
0.447547,1,0.340426,0.045995,0.406724,0.001616,0.175298,0.662719,True
0.447547,1,0.361702,0.042873,0.476793,0.000931,0.211548,0.575,True
0.447547,1,0.382979,0.044434,0.538976,0.001007,0.243138,0.524561,True
0.447547,1,0.404255,0.045755,0.559952,0.001861,0.259451,0.47193,True
0.447547,1,0.425532,0.044914,0.557126,0.001861,0.269549,0.443421,True
0.447547,1,0.446809,0.043383,0.531241,0.000976,0.276541,0.417105,True
0.447547,1,0.468085,0.043293,0.506546,0.000976,0.28146,0.417105,True
0.447547,1,0.489362,0.043803,0.477685,0.001076,0.287157,0.421491,True
0.447547,1,0.510638,0.043443,0.457304,0.001373,0.291041,0.421491,True
0.447547,1,0.531915,0.043713,0.432014,0.001138,0.286898,0.421491,True
0.447547,1,0.553191,0.043113,0.403898,0.001138,0.284827,0.421491,True
0.447547,1,0.574468,0.041762,0.377864,0.0023,0.283532,0.5,True
0.447547,1,0.595745,0.041672,0.358375,0.002848,0.267478,0.603509,True
0.447547,1,0.617021,0.041822,0.35064,0.002835,0.262558,0.641228,True
0.447547,1,0.638298,0.041822,0.356293,0.002827,0.264889,0.659211,True
0.447547,1,0.659574,0.041672,0.380839,0.002811,0.269291,0.669298,True
0.447547,1,0.680851,0.041011,0.410592,0.002769,0.273175,0.642105,True
0.447547,1,0.702128,0.041431,0.487801,0.002827,0.296996,0.557456,True
0.447547,1,0.723404,0.042302,0.607111,0.002968,0.380373,0.389912,True
0.447547,1,0.744681,0.047226,0.703065,0.003546,0.45391,0.305702,True
0.447547,1,0.765957,0.051369,0.718239,0.00398,0.47333,0.310526,True
0.447547,1,0.787234,0.05287,0.695626,0.00381,0.451838,0.351316,True
0.447547,1,0.808511,0.063438,0.670931,0.004535,0.428534,0.369737,True
0.447547,1,0.829787,0.063408,0.643261,0.004485,0.412222,0.401754,True
0.447547,1,0.851064,0.060526,0.627641,0.004263,0.397462,0.417544,True
0.447547,1,0.87234,0.060106,0.603541,0.004219,0.378819,0.45307,True
0.447547,1,0.893617,0.041612,0.556382,0.002865,0.356551,0.522807,True
0.447547,1,0.914894,0.0399,0.494942,0.002673,0.331693,0.596491,True
0.447547,1,0.93617,0.041912,0.498066,0.002773,0.327033,0.597807,True
0.447547,1,0.957447,0.03891,0.470544,0.002553,0.319006,0.683772,True
0.447547,1,0.978723,0.041522,0.451503,0.002703,0.383221,0.548246,True
0.447547,1,1.0,0.040831,0.414014,0.002678,0.381409,0.580263,True
0.447591,2,0.0,0.040891,0.396906,0.002673,0.367167,0.585088,True
0.447591,2,0.021277,0.037619,0.357929,0.002457,0.344381,0.587719,False
0.447591,2,0.042553,0.03963,0.332639,0.002597,0.401864,0.489474,True
0.447591,2,0.06383,0.034346,0.304374,0.002258,0.384775,0.582895,False
0.447591,2,0.085106,0.02609,0.2651,0.001697,0.347229,0.688158,False
0.447591,2,0.106383,0.018104,0.244273,0.001163,0.308389,0.720175,False
0.447591,2,0.12766,0.010598,0.217941,0.000685,0.261781,0.540351,False
0.447591,2,0.148936,0.009817,0.196816,0.00064,0.226308,0.50307,False
0.447591,2,0.170213,0.010958,0.194139,0.000715,0.204816,0.494298,False
0.447591,2,0.191489,0.01264,0.20485,0.000825,0.196789,0.535526,False
0.447591,2,0.212766,0.014111,0.247248,0.000908,0.213102,0.69386,False
0.447591,2,0.234043,0.034376,0.303184,0.001309,0.254013,0.765789,False
0.447591,2,0.255319,0.055032,0.422047,0.003498,0.339979,0.695614,True
0.447591,2,0.276596,0.083824,0.545076,0.005417,0.421025,0.504386,True
0.447591,2,0.297872,0.043383,0.583904,0.002946,0.483428,0.400877,True
0.447591,2,0.319149,0.073046,0.677626,0.005058,0.563439,0.395175,True
0.447591,2,0.340426,0.085355,0.705296,0.00597,0.612895,0.380702,True
0.447591,2,0.361702,0.075297,0.696221,0.005318,0.618074,0.325439,True
0.447591,2,0.382979,0.068932,0.721065,0.005081,0.629726,0.32193,True
0.447591,2,0.404255,0.071694,0.721809,0.005127,0.625842,0.323246,True
0.447591,2,0.425532,0.071304,0.692353,0.005073,0.61419,0.31886,True
0.447591,2,0.446809,0.048127,0.657542,0.003577,0.597618,0.271053,True
0.447591,2,0.468085,0.050829,0.631508,0.00383,0.595028,0.265351,True
0.447591,2,0.489362,0.055572,0.6144,0.004566,0.582341,0.252632,True
0.447591,2,0.510638,0.044734,0.587028,0.00339,0.547126,0.245614,False
0.447591,2,0.531915,0.044104,0.567242,0.003137,0.520456,0.409649,False
0.447591,2,0.553191,0.044914,0.554448,0.00322,0.576126,0.247807,False
0.447591,2,0.574468,0.043533,0.552514,0.003078,0.57768,0.258333,False
0.447591,2,0.595745,0.043533,0.543439,0.003207,0.573537,0.247368,False
0.447591,2,0.617021,0.044554,0.529009,0.003137,0.566546,0.256579,False
0.447591,2,0.638298,0.042873,0.514728,0.002987,0.548938,0.311404,False
0.447591,2,0.659574,0.043083,0.522166,0.002979,0.555153,0.272807,False
0.447591,2,0.680851,0.042602,0.564713,0.002968,0.560073,0.263596,False
0.447591,2,0.702128,0.042272,0.63255,0.003274,0.582341,0.286404,False
0.447591,2,0.723404,0.05278,0.74457,0.003695,0.64811,0.255702,True
0.447591,2,0.744681,0.081452,0.829217,0.005598,0.709736,0.213596,True
0.447591,2,0.765957,0.087907,0.830705,0.006026,0.679959,0.273246,True
0.447591,2,0.787234,0.077699,0.803927,0.005397,0.627913,0.339474,True
0.447591,2,0.808511,0.070043,0.775216,0.004938,0.588555,0.301316,True
0.447591,2,0.829787,0.07851,0.743826,0.005451,0.559037,0.407456,True
0.447591,2,0.851064,0.075057,0.723892,0.005224,0.529259,0.42807,True
0.447591,2,0.87234,0.074457,0.694287,0.005187,0.504661,0.379825,True
0.447591,2,0.893617,0.043683,0.64579,0.003012,0.465562,0.395614,False
0.447591,2,0.914894,0.040681,0.580631,0.002734,0.437597,0.528947,False
0.447591,2,0.93617,0.041852,0.60726,0.002763,0.411445,0.564474,False
0.447591,2,0.957447,0.040681,0.609194,0.002651,0.4029,0.651316,False
0.447591,2,0.978723,0.046235,0.59759,0.002995,0.479026,0.501316,False
0.447591,2,1.0,0.041462,0.582565,0.002705,0.47566,0.557895,False
0.447635,3,0.0,0.041161,0.560101,0.002665,0.447695,0.617105,False
0.447635,3,0.021277,0.040891,0.544183,0.002624,0.428534,0.671491,False
0.447635,3,0.042553,0.041221,0.518893,0.002653,0.482134,0.608333,False
0.447635,3,0.06383,0.040411,0.471288,0.002584,0.45624,0.717544,False
0.447635,3,0.085106,0.036658,0.416394,0.00168,0.41999,0.765789,False
0.447635,3,0.106383,0.032094,0.367153,0.000875,0.363024,0.765789,False
0.447635,3,0.12766,0.009847,0.317465,0.000557,0.310461,0.765789,False
0.447635,3,0.148936,0.006635,0.281464,0.000415,0.268514,0.701754,False
0.447635,3,0.170213,0.01324,0.260339,0.000833,0.239513,0.642105,False
0.447635,3,0.191489,0.0,0.251116,0.0,0.218022,0.614474,False
0.447635,3,0.212766,0.010688,0.276703,0.000677,0.229415,0.686404,False
0.447635,3,0.234043,0.032004,0.332639,0.001194,0.278353,0.765789,False
0.447635,3,0.255319,0.042272,0.451354,0.001961,0.369239,0.760526,False
0.447635,3,0.276596,0.042632,0.571854,0.002715,0.46349,0.661404,False
0.447635,3,0.297872,0.050348,0.611425,0.003299,0.52434,0.55307,True
0.447635,3,0.319149,0.073436,0.703362,0.004344,0.607457,0.389912,True
0.447635,3,0.340426,0.078089,0.729991,0.005417,0.649404,0.366667,True
0.447635,3,0.361702,0.082383,0.712734,0.005681,0.658726,0.366228,True
0.447635,3,0.382979,0.073976,0.735198,0.0051,0.661056,0.399123,True
0.447635,3,0.404255,0.073886,0.729842,0.005085,0.65769,0.395614,True
0.447635,3,0.425532,0.068902,0.700982,0.004769,0.64552,0.398684,True
0.447635,3,0.446809,0.064669,0.672121,0.004483,0.639306,0.403947,True
0.447635,3,0.468085,0.054792,0.638649,0.003783,0.639306,0.388596,True
0.447635,3,0.489362,0.060826,0.61202,0.004177,0.640083,0.364474,True
0.447635,3,0.510638,0.049297,0.585391,0.003398,0.625065,0.33114,True
0.447635,3,0.531915,0.064369,0.579143,0.004454,0.634904,0.257456,True
0.447635,3,0.553191,0.071604,0.565457,0.004952,0.661833,0.246491,True
0.447635,3,0.574468,0.05314,0.554299,0.003679,0.665458,0.215351,True
0.447635,3,0.595745,0.059565,0.543588,0.004119,0.654842,0.232018,True
0.447635,3,0.617021,0.044824,0.531389,0.003114,0.641378,0.222368,False
0.447635,3,0.638298,0.045635,0.527373,0.003149,0.630243,0.260088,False
0.447635,3,0.659574,0.046295,0.544332,0.003197,0.617297,0.29386,False
0.447635,3,0.680851,0.047076,0.576168,0.003263,0.613931,0.283333,False
0.447635,3,0.702128,0.051189,0.64579,0.003594,0.638011,0.29693,True
0.447635,3,0.723404,0.06578,0.752455,0.004848,0.697048,0.281579,True
0.447635,3,0.744681,0.076288,0.828474,0.005264,0.757639,0.317982,True
0.447635,3,0.765957,0.075748,0.828622,0.00517,0.73537,0.353947,True
0.447635,3,0.787234,0.072775,0.804969,0.004992,0.68928,0.370614,True
0.447635,3,0.808511,0.074427,0.771348,0.005133,0.639565,0.426754,True
0.447635,3,0.829787,0.067071,0.747694,0.004643,0.59477,0.447807,True
0.447635,3,0.851064,0.064759,0.721363,0.004472,0.568358,0.46886,True
0.447635,3,0.87234,0.077159,0.696073,0.005285,0.537286,0.46886,True
0.447635,3,0.893617,0.041702,0.639542,0.002777,0.508545,0.529825,False
0.447635,3,0.914894,0.040501,0.58792,0.002673,0.482393,0.612281,False
0.447635,3,0.93617,0.042032,0.614549,0.00273,0.457535,0.640789,False
0.447635,3,0.957447,0.03909,0.602053,0.002513,0.442776,0.720614,False
0.447635,3,0.978723,0.042332,0.588664,0.002709,0.522009,0.559211,False
0.447635,3,1.0,0.041462,0.576019,0.002678,0.512947,0.62193,False
0.447679,4,0.0,0.041311,0.563076,0.002657,0.498446,0.645614,False
0.447679,4,0.021277,0.040921,0.539572,0.002615,0.469446,0.694298,False
0.447679,4,0.042553,0.041311,0.515174,0.002646,0.523822,0.581579,False
0.447679,4,0.06383,0.040441,0.469354,0.002592,0.49767,0.645614,False
0.447679,4,0.085106,0.037589,0.41327,0.002351,0.452874,0.765789,False
0.447679,4,0.106383,0.014171,0.367153,0.000769,0.404195,0.765789,False
0.447679,4,0.12766,0.01318,0.31925,0.000825,0.344381,0.669737,False
0.447679,4,0.148936,0.01276,0.281315,0.000802,0.305023,0.579825,False
0.447679,4,0.170213,0.010808,0.261529,0.000685,0.27188,0.574561,False
0.447679,4,0.191489,0.008076,0.256769,0.000513,0.255567,0.582018,False
0.447679,4,0.212766,0.0133,0.288307,0.000839,0.264112,0.72193,False
0.447679,4,0.234043,0.025639,0.345135,0.001051,0.305541,0.765789,False
0.447679,4,0.255319,0.041401,0.455519,0.002075,0.401088,0.765789,False
0.447679,4,0.276596,0.06572,0.571407,0.004144,0.496634,0.561404,True
0.447679,4,0.297872,0.044914,0.618566,0.00296,0.55101,0.460965,False
0.447679,4,0.319149,0.081152,0.701577,0.005436,0.63827,0.394737,True
0.447679,4,0.340426,0.071334,0.72166,0.004877,0.67478,0.333772,True
0.447679,4,0.361702,0.071544,0.710354,0.004969,0.688503,0.310965,True
0.447679,4,0.382979,0.077039,0.735049,0.005326,0.700155,0.362281,True
0.447679,4,0.404255,0.083433,0.732669,0.005744,0.692387,0.337719,True
0.447679,4,0.425532,0.07959,0.701131,0.005511,0.682289,0.334211,True
0.447679,4,0.446809,0.064309,0.671973,0.004493,0.677369,0.303509,True
0.447679,4,0.468085,0.053711,0.650253,0.003349,0.658467,0.414912,True
0.447679,4,0.489362,0.058034,0.642368,0.004044,0.661315,0.305263,True
0.447679,4,0.510638,0.071034,0.635376,0.00494,0.64811,0.283333,True
0.447679,4,0.531915,0.067972,0.625558,0.004726,0.653806,0.259649,True
0.447679,4,0.553191,0.060226,0.620649,0.004491,0.681253,0.229386,True
0.447679,4,0.574468,0.057584,0.622583,0.004485,0.672191,0.230702,True
0.447679,4,0.595745,0.063498,0.61931,0.004651,0.672191,0.25307,True
0.447679,4,0.617021,0.066561,0.610979,0.004749,0.673485,0.251316,True
0.447679,4,0.638298,0.067011,0.610086,0.004663,0.66753,0.283333,True
0.447679,4,0.659574,0.081992,0.633889,0.005644,0.669601,0.326316,True
0.447679,4,0.680851,0.071034,0.666171,0.004879,0.670119,0.332895,True
0.447679,4,0.702128,0.080791,0.730735,0.005546,0.703263,0.375877,True
0.447679,4,0.723404,0.09262,0.817465,0.006309,0.753237,0.376316,True
0.447679,4,0.744681,0.102318,0.889467,0.006855,0.790523,0.327632,True
0.447679,4,0.765957,0.094512,0.880244,0.006346,0.762558,0.288158,True
0.447679,4,0.787234,0.095262,0.853466,0.006493,0.708441,0.338596,True
0.447679,4,0.808511,0.073376,0.816572,0.005048,0.663905,0.378947,True
0.447679,4,0.829787,0.077909,0.78429,0.005351,0.629984,0.395614,True
0.447679,4,0.851064,0.088327,0.754537,0.00602,0.595805,0.500439,True
0.447679,4,0.87234,0.083914,0.71809,0.005667,0.563698,0.557895,True
0.447679,4,0.893617,0.062778,0.672419,0.004204,0.525893,0.555263,True
0.447679,4,0.914894,0.03987,0.612913,0.00263,0.487312,0.617544,False
0.447679,4,0.93617,0.042632,0.639393,0.002777,0.470482,0.636842,False
0.447679,4,0.957447,0.03951,0.629426,0.002547,0.450544,0.680702,False
0.447679,4,0.978723,0.041972,0.610681,0.002703,0.532626,0.564035,False
0.447679,4,1.0,0.041582,0.589854,0.002688,0.521233,0.607018,False
0.447724,5,0.0,0.041281,0.574978,0.002655,0.499223,0.644737,False
0.447724,5,0.021277,0.040951,0.550283,0.002621,0.473071,0.667544,False
0.447724,5,0.042553,0.042542,0.528563,0.002727,0.523045,0.596491,False
0.447724,5,0.06383,0.037949,0.475007,0.00243,0.500259,0.677193,False
0.447724,5,0.085106,0.029182,0.416245,0.001797,0.451062,0.765789,False
0.447724,5,0.106383,0.019815,0.367301,0.001095,0.399016,0.765789,False
0.447724,5,0.12766,0.011078,0.315382,0.000698,0.338944,0.59693,False
0.447724,5,0.148936,0.010598,0.278786,0.000673,0.291559,0.49386,False
0.447724,5,0.170213,0.006035,0.260934,0.000386,0.262299,0.473684,False
0.447724,5,0.191489,0.0,0.249182,0.0,0.241844,0.483772,False
0.447724,5,0.212766,0.0127,0.275513,0.000812,0.249094,0.539912,False
0.447724,5,0.234043,0.022577,0.325052,0.001423,0.289228,0.742105,False
0.447724,5,0.255319,0.040411,0.435287,0.001955,0.38348,0.765789,False
0.447724,5,0.276596,0.042272,0.542993,0.002676,0.477214,0.628509,False
0.447724,5,0.297872,0.042512,0.590747,0.00279,0.531849,0.484649,False
0.447724,5,0.319149,0.073166,0.691907,0.004902,0.623511,0.362281,True
0.447724,5,0.340426,0.059535,0.739066,0.00414,0.665976,0.320175,True
0.447724,5,0.361702,0.055242,0.746653,0.003882,0.671673,0.298246,False
0.447724,5,0.382979,0.071364,0.782654,0.005037,0.677369,0.342982,True
0.447724,5,0.404255,0.076528,0.785034,0.00538,0.671414,0.380702,True
0.447724,5,0.425532,0.05311,0.753347,0.003731,0.645003,0.309211,False
0.447724,5,0.446809,0.045995,0.719726,0.003459,0.647333,0.297807,False
0.447724,5,0.468085,0.046716,0.69637,0.003508,0.643967,0.312281,False
0.447724,5,0.489362,0.0526,0.680155,0.004022,0.633092,0.280263,False
0.447724,5,0.510638,0.045034,0.657989,0.003675,0.621699,0.271491,False
0.447724,5,0.531915,0.043233,0.638798,0.003039,0.616779,0.263158,False
0.447724,5,0.553191,0.050108,0.629872,0.003924,0.642672,0.257456,False
0.447724,5,0.574468,0.047796,0.623475,0.003851,0.646815,0.25614,False
0.447724,5,0.595745,0.042152,0.601755,0.003297,0.638011,0.247368,False
0.447724,5,0.617021,0.043233,0.605623,0.003008,0.617038,0.277193,False
0.447724,5,0.638298,0.042272,0.608747,0.002933,0.592698,0.35307,False
0.447724,5,0.659574,0.055362,0.640137,0.003828,0.573278,0.385965,True
