0,1,2,3,4,5,6,7,8,9,target
0.01814541320029206,0.9305988919047486,0.5348349548509251,0.8918211216725703,0.9895432231954248,0.9536527415721996,0.8617831474699594,0.9749166222130173,0.9156740024448627,0.3899629278098967,9.060831697841172
0.8006567096829276,0.7399503689841715,0.31328526597703565,0.7582255156293153,0.4629277548112146,0.25023415166152363,0.8502252816871887,0.012823442178609423,0.38082607911750554,0.3514360115706714,17.18756051444524
0.292505981137841,0.5151027350258388,0.5762098566253235,0.952618573692061,0.48549775182153354,0.6427639512188635,0.9256615314047222,0.7516152324967614,0.8676443480356513,0.5615848894168843,15.213233957735893
0.40531094316778393,0.5970069296205973,0.3487116382041473,0.11251506837754255,0.4495881914305674,0.9603597077142008,0.08250293665775454,0.8642672050405743,0.1772243038906529,0.2615483332400168,10.147964696044568
0.47690385788623424,0.47175029432092885,0.6033095147421933,0.8946548328062076,0.7577964837929247,0.5075753097851792,0.6319176062901112,0.6999710063075875,0.9155974191663144,0.5539121150526443,17.24326101023152
0.3681119463907425,0.22726985838449165,0.03921305672177278,0.9431782750466486,0.814337749500182,0.0162538236501657,0.5190951259726391,0.8455891236569677,0.6375462663124815,0.5822567076083714,5.285972822841169
0.14874886491271488,0.13479361150639335,0.7888190963248165,0.14292514845453963,0.8165466727452066,0.44683479157797557,0.9847758329456597,0.5143615825581233,0.5809765582791472,0.7655387360646547,9.792095161951693
0.8650267402247789,0.3971698020572668,0.6711606940697331,0.12054127698505379,0.14403946410411672,0.39762075873039293,0.8497262916183456,0.47272087247367456,0.1498891919729034,0.6141801772206993,13.549247842420613
0.43589086733157234,0.8411258370488124,0.10836867243902759,0.7123535430936238,0.8552386002674057,0.7407304424692429,0.40995437121498024,0.7300647765031316,0.9368133511892414,0.6432473415644212,18.634685409020392
0.8805222625232874,0.050350863379324595,0.16313403932034065,0.8769459729940637,0.4394716402912989,0.15352118182122831,0.9831006921211131,0.051831710055130986,0.9423106704655523,0.3887331197340981,18.03190417120853
0.4510177164901269,0.41163285818221207,0.2777179141941686,0.7173727464777584,0.9925899430081744,0.7624107818119727,0.8680303458881827,0.8003324210225476,0.1658863306909295,0.615278219404492,15.205244858440492
0.332789073389843,0.7539725965981764,0.36284375543829295,0.7493274424164889,0.4192775781442222,0.08738723040678908,0.5770021418351532,0.5736223562572568,0.47390142511709865,0.07240660893317408,9.240917884048338
0.6445157017937966,0.9260114259968407,0.7387465659771805,0.9871674794532811,0.8142061761553026,0.5962702077594182,0.45990640348879597,0.0030482017520813143,0.1387800595250579,0.42307598242155064,23.588963183544944
0.07155196926692875,0.4782819155337419,0.1534887188823325,0.8830382928358583,0.3318745503218712,0.7918804073336706,0.37787207191916183,0.3712152084224175,0.8604498204166824,0.2072509291316914,10.70506243094503
0.5425226866036196,0.6129885831610222,0.05831604436262805,0.9921948889685891,0.20811602367789706,0.13562977551649802,0.5024935203513202,0.7146445595125953,0.6881782564099225,0.7970062994615286,9.865106222685815
0.9758128038627394,0.914391845938497,0.9631783243912846,0.6296460990662075,0.5148467087898917,0.9892011017407175,0.8107277103344215,0.06914178517839897,0.9905046037677134,0.017581432256320584,25.8604863470547
0.8655075892696392,0.760903542164567,0.4904513758440785,0.10533443381241014,0.3806778489608218,0.4619050784606943,0.029416397266719407,0.7303537800900253,0.5203420567969343,0.7099888623222358,12.75254630421039
0.8778235077123131,0.6033761485981888,0.010758014102056013,0.5921462653970272,0.41535197029879867,0.7464206313357085,0.5391313567249679,0.5029134234459043,0.8455372522011306,0.3142946916944013,19.664962277899196
0.9569823607931899,0.5327787536408264,0.4346536237516302,0.6536078508503803,0.9998425841902004,0.532305195574663,0.48877683781287495,0.44397561211439696,0.2650906602392544,0.0017341053746463553,21.0259376884872
0.10217308035519057,0.17256691639587174,0.4955837385284181,0.9668881535390039,0.002376930458458215,0.2048222893831514,0.5322520773934997,0.9950956097002903,0.08893588952473275,0.0837420737271849,9.934904171012231
0.6878948666547741,0.6153056296134145,0.4686397102180728,0.010412100786094447,0.7704072058910325,0.41761830906407116,0.8104688558436146,0.17229282344955532,0.5692497608466505,0.28662143118733696,7.6592820904153385
0.8964928798073227,0.0699642570556509,0.8844730028886263,0.5112221159579807,0.7118434013375133,0.26179405285281343,0.9864506523767126,0.5782701635956736,0.8218357482804461,0.932555949715192,20.012735205225642
0.3078733336825228,0.5165707869526726,0.8684099720997278,0.7016812240351248,0.3590026270954516,0.9521692298578096,0.9950487020773439,0.3477778789934818,0.3296985433643056,0.41261023524994733,16.199104587815622
0.39717825324365197,0.20684283954456417,0.03759788610350501,0.9314877516420667,0.9833180961837591,0.6041833447691707,0.3042775969351279,0.8824846160264359,0.11606109498435391,0.4808336817255541,15.020531079293548
0.22948690230703805,0.35170598856939816,0.8050288427894415,0.49964362317801614,0.7884163591479567,0.5680277354824931,0.9686167688751772,0.7505884647943069,0.9348912732796483,0.8154152399076842,15.55503694191104
0.42116463891662337,0.27767395008029894,0.4696851684067864,0.9556483643848614,0.27925713573609856,0.6583304024205273,0.302265635110216,0.13541622043022028,0.18835395324675785,0.7250741700970381,16.99945942815204
0.17087810176953078,0.9357264915636074,0.45230743034541465,0.3819315019728208,0.41791505591322675,0.2623946577142926,0.9278355840381236,0.5890079701648876,0.33995742438845944,0.5621723276258996,10.105891622265663
0.07487182375885426,0.37642989774574087,0.1226022245079359,0.8007009151375281,0.2361476116904857,0.5514611162107205,0.4481523825873023,0.8262043455674485,0.932815092933447,0.6959812647849356,10.836320112603687
0.6511596240585372,0.7683880223701524,0.9749030264469123,0.24993053690872524,0.796866592910839,0.8264492441663113,0.03664031614017327,0.7748793533674508,0.18686188276275872,0.985304700721968,18.99756248950537
0.32183869779737917,0.491630868384326,0.6230958206648326,0.12908292917034525,0.5001653973392914,0.36168558413807717,0.4700852754590602,0.6810085080739396,0.40429917564808815,0.08232296880623569,6.015873599577498
0.8345922221809405,0.9051228053157,0.6332957346705189,0.7681331067557222,0.5530947106893841,0.9764588332872701,0.017811090690844966,0.7459251462601331,0.42772728449300956,0.6520854934366119,20.70999731530437
0.12813315885733467,0.0650477954260612,0.7475538472832797,0.7390777897838493,0.7319553240903937,0.39637157818829716,0.5880362903306556,0.40702791236282265,0.7152941398507761,0.909427864805789,18.103693328862718
0.4087204652281483,0.9028055038553711,0.7317550106130689,0.9718931063292322,0.48725552326043664,0.13470751231545675,0.9260023090574035,0.4636319622137133,0.009251232611566906,0.22668824970241463,14.946546294826131
0.5373269484049756,0.9316063672663191,0.26097106774911094,0.708549819548111,0.5445502744542962,0.5742326748090457,0.3216316625372039,0.576629297022511,0.4969131271737619,0.5707263570375664,19.551398570612147
0.7973684965366671,0.38400832197689183,0.18354923029279002,0.6041971371002283,0.582783570467069,0.6593644223955085,0.37949002343662475,0.7342147422087332,0.1349484771687749,0.44206328624034774,19.725369697555973
0.7108483683719147,0.838115192862294,0.5617569651648335,0.9899642642453509,0.5063458033070224,0.3141655911322827,0.8271973444241797,0.054126216728677234,0.4701311333242587,0.6322305564315018,20.116175465250247
0.2529316945781721,0.3574204734090103,0.9105189098522757,0.7749620916278,0.126245637445903,0.4430617706024459,0.6126791809765781,0.09986217870730563,0.46222932498184555,0.7462049443066352,18.313395551406522
0.9085858470988704,0.39074905296513096,0.11926487856279366,0.9376301865105431,0.6353942410095547,0.7683094406901039,0.2708495155091697,0.35813321279470145,0.3138032388071169,0.08979633758279482,18.787100780130835
0.899249719525904,0.07172304992090561,0.5652400324468885,0.906404744607124,0.9260229033823141,0.9139003397013684,0.8535331175884736,0.29670068162198193,0.35934439663544426,0.8901265019503051,21.25242021794492
0.42848256007695584,0.3186520261638496,0.9364003144412882,0.4750333901265127,0.3860025307902717,0.02270264864467475,0.7533603884128068,0.1819968978806078,0.9542972351560666,0.32082741869149256,9.903512789179471
0.35373358031003743,0.48105372607724317,0.2466313769953148,0.5841904712576269,0.6693028715903359,0.4013392874154408,0.683557238900189,0.16605605032676718,0.35109415121988563,0.6714093355925221,11.576613254264405
0.8891943361780109,0.07619145029802787,0.7855001253599487,0.40137603127037746,0.006104834328203079,0.6732498376378411,0.5305879021508066,0.14229507900738447,0.3758325316616471,0.9480126388548068,23.327292111221627
0.3596190170360255,0.6584171694253348,0.4625171017103964,0.8533904999004035,0.6140447370526265,0.07525663022011786,0.9761625352583825,0.333133107293589,0.12486845750964137,0.7422047242682892,7.693143861761543
0.7090015882737304,0.5555462228026132,0.034985108944761034,0.011070934808236288,0.6640032022342286,0.4201114349560656,0.38568184655191695,0.36861498729091635,0.8223139641096884,0.41804874009395454,8.265219152124146
0.3317518464751191,0.47247245632439716,0.7328542271087743,0.3506603642510542,0.16003827887328226,0.7179637037075605,0.5525680467255876,0.24811606824635746,0.6861065434833834,0.9154850922625761,11.37700125075935
0.5287123519031445,0.8818007187178948,0.4767230830633512,0.7189726650406912,0.7837942632331379,0.5624096246441856,0.6871655441535633,0.251404840610448,0.1491526652636177,0.8668711385548946,19.258074706236158
0.35477042362370215,0.44745384830279256,0.9062093115618739,0.5524095581264092,0.8611551023015849,0.733807851622436,0.9910949030981859,0.5658786916967882,0.6237050871377872,0.8610583691546481,18.658915701889185
0.3567524419560425,0.6015120239543711,0.09861284312567553,0.05089345427510261,0.41666842783900726,0.33293627704294426,0.6616265256474585,0.04099665393241669,0.06921908177568492,0.41253985600852694,4.493817033300003
0.4312244680628573,0.047853403369761516,0.5454026425701938,0.7739974889618455,0.7283298103484388,0.243033911203136,0.8442107060018487,0.2608033907340408,0.40532412966660436,0.04629884562593056,16.504319963549246
0.11797506115160628,0.26505227591535563,0.6225851595986645,0.8279469279218347,0.1523709659789102,0.7352284981746512,0.5876281845031841,0.978317920332505,0.16098331801927013,0.724128524973273,14.439286988857754
0.3295331065079785,0.7022932653960023,0.8800378727469482,0.24690844571056914,0.6181956659779231,0.0196291249668592,0.9621524462627932,0.18105434143246124,0.8582694655006499,0.1660477969706169,9.167942887901042
0.7600934812458885,0.5748604564590654,0.9819887972130685,0.6652788131651215,0.33626786668824415,0.8613578378184208,0.43747156124882924,0.7812077858634119,0.9431872805312294,0.3495136223886366,22.326705045977377
0.9954927385757258,0.9553294924536655,0.7850637518148605,0.700744824179571,0.023956616496424,0.8244113150557228,0.5557085322194294,0.7772117418733596,0.9317050621740637,0.07581149549561805,27.651521929837774
0.9953819432596183,0.18099221215937267,0.30381565642499175,0.5016193999214656,0.7479238129635065,0.5964281144285689,0.7543235950394965,0.36643750273420395,0.8129324803815133,0.5574326769250847,20.86457780517076
0.9050515308584454,0.6310562439997264,0.32259439993953576,0.8808559053539868,0.5524795986484444,0.7997548878520125,0.7803977637592685,0.527066989725525,0.878633429197156,0.31302504846931345,18.489928873022873
0.10054156263733605,0.8262051145573993,0.7719459737151133,0.9209081278871698,0.4401673936043563,0.4356131334545411,0.9040131022517883,0.09999759667088837,0.937736704052808,0.614087358781555,16.81547111231154
0.7634422001974419,0.1359845014669696,0.04509717935279722,0.853515115457531,0.164385853421657,0.9467822909592734,0.9914623614320852,0.23532005940924028,0.5124853376744036,0.8936903904551617,16.058376549474477
0.4239589931865868,0.2734458175557867,0.971907969735235,0.8339874532122961,0.10188385321654259,0.2578302060667027,0.052052746184556686,0.7160257758424038,0.8613445118162256,0.01837889106999613,15.32360415322675
0.8567701360003901,0.2286426124890112,0.7042562025599398,0.4239026919427349,0.5149488553160585,0.8874424686964678,0.19714531841529048,0.5697414562324372,0.29847520408348016,0.9907701091476722,24.013358516757503
0.36591963348593837,0.3582764997062463,0.4664711710190975,0.920280072754671,0.15825546860398532,0.18095121823762927,0.5769344258389308,0.018940456624777058,0.6956419572040292,0.20951926964529166,11.697103390258313
0.35866074411274207,0.5468321867920525,0.7161750387382396,0.10517785171530925,0.8419815172401168,0.8066895422780823,0.9477869563511864,0.10434019410430972,0.3583029173770347,0.9942325529322202,10.706571032492231
0.3116895435675431,0.39494679160707935,0.35237063995173246,0.33358642739092303,0.7907136246884409,0.007400350556796886,0.5084790750143247,0.4905236331938829,0.7985673423004527,0.6653808010622255,6.942910954243745
0.03291760234355856,0.5222270313115727,0.6407898190890835,0.2703051216622735,0.23955317941564291,0.05270567984250529,0.7309917589019634,0.7153742534596146,0.9391426038255416,0.8704701635896267,4.857337795038697
0.8613790757288317,0.970059761204999,0.02708724117389949,0.35003301845744716,0.20978701842944159,0.4100852458861616,0.8118080156527526,0.010796807936325759,0.49379525760484455,0.8275399409884552,16.584449687365648
0.5937581364332104,0.9589833173302414,0.9566464352923344,0.6631830067163018,0.2703948499529174,0.48878929373135194,0.6302629353764675,0.7437535117898677,0.6338246562608986,0.9304275767901857,23.274354048291404
0.3541244034783999,0.17552219560904747,0.3312260537077344,0.7677585518731578,0.4436714697171864,0.9086293791572077,0.7911841824645939,0.14846366261206634,0.55729060756851,0.40527371314763416,15.201120361947952
0.7444898421122249,0.9085678348522127,0.7842144014183394,0.3593476891084014,0.8246307814277418,0.4834648354798907,0.3765554284444863,0.590250455772816,0.87822528866258,0.8256713716608942,20.669696700017976
0.4754512111814375,0.9729994105686531,0.5087053200633149,0.04437093998006958,0.6623060803170209,0.6928988001177758,0.6642104390139858,0.6963368158155773,0.8995001257139985,0.34458147197063593,13.314440944927716
0.17135123228866955,0.9887473886470872,0.22610493427240197,0.18382937165229718,0.16043817446021436,0.36222451066218675,0.23370553518293824,0.9252117325736193,0.984156234705598,0.9968116013937894,9.687567986642948
0.1566986507018724,0.19948663386169074,0.7085342723600133,0.8447793655742253,0.07269311941746692,0.42463908541917406,0.4026363310185339,0.19261708010909484,0.9817531594977899,0.6580045673542324,16.456748988958445
0.8022100527653303,0.8874414932368554,0.30214641489377647,0.5385856836981201,0.3671381272910774,0.27692611132546774,0.509912787111587,0.4618487497663415,0.4334241982055317,0.7530612537106325,16.884750399111358
0.8639051892198635,0.8671461143195716,0.9181747500458473,0.2413019007065993,0.5823406341476681,0.07354898222053985,0.2076981906373636,0.20476103138963286,0.0663768870690501,0.4390337548536267,15.352063487940967
0.33992447617367727,0.9126267756059315,0.25796166108896257,0.722121558462863,0.013585042295372607,0.2511777601842762,0.5384027494394756,0.7783989789918975,0.4564466954312082,0.26902135950135886,14.143735154358145
0.604673164307533,0.024240958554394343,0.055910406199229046,0.29855455183773427,0.20700615557113622,0.3419403048960211,0.8402754907084521,0.3899481473551596,0.4851531960766089,0.22955405452886612,15.161049881529529
0.7390567578397802,0.929754190042414,0.8234414780641088,0.20485471008685763,0.08045856880851532,0.9844260953723905,0.9871458235226708,0.8603419402982265,0.5393473890869892,0.003065001650030319,21.631158913085233
0.8030921339233362,0.7433995289345916,0.14870704686173852,0.9726175838685747,0.37352517704597077,0.030643889457965923,0.05689761823359929,0.20524280161227226,0.8417429235307085,0.4039324356692443,11.797499388138185
0.6184891722828466,0.42566953381571926,0.237659654809126,0.8834234669765425,0.622119299837579,0.8036339850567852,0.7037633260738727,0.8310627565830153,0.1319482008017846,0.23814819866432557,14.28004598234141
0.045448280092098226,0.5308436188796543,0.36138433118014157,0.9347218190586227,0.5269237636051687,0.7261600675463566,0.7397835012533501,0.6776060444664483,0.31852022788381606,0.8829134458581412,10.54387281538623
0.3932893436143552,0.8928746000722291,0.006893728894015072,0.5632386811023762,0.15349014126541627,0.14392972535634552,0.6613903054083792,0.20418599101767687,0.5233542391142488,0.052189335157895145,10.782974406025028
0.23751149337924682,0.38534382197021555,0.6291718754722234,0.4909520663088853,0.4085734239619725,0.26323097418234476,0.3725617265554849,0.9198652705581829,0.744687806960809,0.48711622944776145,9.14622969079369
0.36105633143554217,0.6349506773979667,0.3765509101150979,0.7699186612602829,0.3574104082641205,0.44618934335546845,0.9007730837166269,0.9341730793908979,0.618064810248374,0.9088959455748851,12.442230805899081
0.7580670498131277,0.5043778927221215,0.0860935502745298,0.5052800597696282,0.1061691047745682,0.6042417100758841,0.1660641483292984,0.025923744635138246,0.2232222221978475,0.4834967366265889,16.5888068902359
0.7198267901106101,0.4738238837465544,0.6871305528385186,0.5555071174085005,0.5755606834404084,0.25007064457717476,0.18414360631010018,0.7337052276921211,0.6596424491728093,0.403193386072621,14.851350512618067
0.2986108599695292,0.19483956415722758,0.7081116032415004,0.3045087747801817,0.3916876464404685,0.1842181266339047,0.4417569794217856,0.7014947201200512,0.15312298751831332,0.5226730929010948,10.057297361576921
0.046339184577198544,0.3164797288422222,0.07923100471462263,0.7634950024348109,0.09499515733366348,0.31186942224032,0.9846316605038308,0.15578009210881782,0.7290833091473086,0.06813416326237798,8.769700792813277
0.6355128362261264,0.4577689230977344,0.010079141924143498,0.5422032164428757,0.43970285644170026,0.7254631176958287,0.6053980145112912,0.12277861548926305,0.030428172298033407,0.6909184520544353,17.1491879937778
0.475129686634038,0.838789928285954,0.0880332071133545,0.06515205972191229,0.11432808250114002,0.5492950146214217,0.20767283468801234,0.6559985546399265,0.6567992590700212,0.18960654647598274,6.420833736640997
0.6731640018595829,0.08740881121499156,0.48219921840478275,0.5035535058334062,0.06742260822130952,0.2624275867006993,0.9046213392158408,0.18879208379642032,0.3119413419399143,0.19210608357955627,16.281576551323216
0.4346500005423739,0.832193741613746,0.7306199756150713,0.2960263391394047,0.6942185621227669,0.8717085895719321,0.0062589177233972615,0.29934740800181847,0.673081080605729,0.6993701919685892,18.004404879604472
0.4713929332042194,0.7757188788014745,0.9657179040157357,0.5225966848535941,0.5211296696015278,0.6398909970905686,0.6918966360253843,0.0060651292831059855,0.12002156166054945,0.26244470922816376,19.418638482217286
0.6988421717529387,0.3857148465908905,0.8036444360750279,0.5764240021066985,0.8791282607636186,0.7641341430461424,0.33762435179017836,0.8761809674937946,0.839215905636,0.831349749678902,20.37503454307487
0.37829572221732377,0.6084245488457698,0.0002119904447039911,0.6994692556228749,0.3388130437249437,0.18539281892446025,0.10908593602658101,0.2865605405117845,0.5914452096031738,0.08098588189000089,8.710917194092822
0.5011525771731284,0.1277173441219066,0.3000156939999229,0.34470254231908226,0.7831692799911754,0.7864418905523651,0.770477421347591,0.599020117809919,0.1588781808933476,0.1862545786098182,14.50039282216121
0.7734006093736815,0.13791022250627805,0.8203624105641921,0.3690612621669971,0.6834748660978374,0.07132470972812655,0.6147302188849443,0.5960785526410406,0.9970335784483378,0.6997232415829037,14.71640480873777
0.23385121651306562,0.6043149586507677,0.6151150020940093,0.16456968094165214,0.26551599667468795,0.4213470242515982,0.39189339665133394,0.5883713491016577,0.9738595864465639,0.9444489999495275,8.060231728009231
0.5341775709315099,0.7809452103651335,0.13623935364277728,0.7820061289761641,0.9893329180961196,0.9361950477913861,0.920553618933224,0.07856513940973553,0.47914913273690374,0.8882703286555529,16.105232603305428
0.0996280227085864,0.30150376694747894,0.8062834835108692,0.7578308301523196,0.619662896641538,0.808090832294258,0.4862479773520887,0.7200322516202751,0.37080681761570944,0.048870853407975035,16.211527431711033
0.09687569135922391,0.9722657397333563,0.6603658634074651,0.9201698284984664,0.6618266862100556,0.51034679061623,0.7646240187291623,0.8709264103492385,0.6256839340932366,0.21803410578495142,18.144190131945205
0.7226003955499658,0.580572192560958,0.932036677413911,0.3402273983043813,0.3270107066857051,0.5134331439186655,0.03108981251900389,0.9430169537606572,0.41679950015705347,0.2881874612866039,17.097754643800833
0.5339188565126317,0.47565682361317163,0.36061485214229616,0.4383840442645389,0.5761142392548178,0.5398055309235975,0.10400186835175851,0.5118015794395843,0.17906160984516872,0.9987616602675439,13.230377422398439
0.9194883359928796,0.9642941194130169,0.37833485251725696,0.6093686318350042,0.04084850927016004,0.3565402774405897,0.04112551831494049,0.30824013533243433,0.46573195374702314,0.09057948330661492,22.232991774222338
0.10532353577721432,0.43940621251770706,0.43638039608203383,0.3138913978153701,0.8775809379294444,0.598554515954848,0.4800059039617879,0.5628550539441824,0.9546547948279775,0.5653250383330793,9.003379198469323
0.860732918953663,0.6851194339513398,0.47561955978030046,0.4504225221051431,0.3045573969547761,0.11501607026500449,0.2693616195582381,0.7345582738845599,0.6323390112530478,0.8676302003138368,13.05687962879962
0.7291520456124349,0.012837808348435509,0.20657971574352363,0.4207975481012213,0.21665456715128817,0.2408589720877342,0.09231636637809026,0.5393859370298036,0.4499455320704189,0.3394254853157367,18.23493170846208
0.2568371040633026,0.8378408677684508,0.04602644502390563,0.6009725665574758,0.7571912157819828,0.7693556730239771,0.5353503024698696,0.8068041326494888,0.9035550249413452,0.24550368141025047,15.843410771043322
0.14138258202909038,0.774929583932735,0.45528336939953973,0.863066786970462,0.6493802559164157,0.6318040844919258,0.7104265038640943,0.2487011630039505,0.490819427278276,0.8842331630552747,15.407304757421892
0.1601981750468131,0.9848449654588445,0.5037587231286571,0.09244707412982034,0.4266881870774666,0.9484985467372746,0.1264526881519218,0.17548125446553509,0.7138921464747932,0.3368347540941594,12.600672082322504
0.5260405024757613,0.15115247948609978,0.40734892322910476,0.8357475307992718,0.9941937469516564,0.06375176967652385,0.3046893897380789,0.43434911321784,0.3796184493721143,0.7949481113993051,11.533510258956012
0.3561160487345325,0.9039430754752926,0.6294616674118066,0.7868887143874966,0.14448390890125518,0.24420979265091858,0.35449189864147634,0.6889788716378142,0.729724171219013,0.8859870965935124,15.861397302656387
0.6303664996946305,0.8842771213443865,0.6836006154257144,0.29614508574996556,0.18202644762697673,0.6203365574003541,0.8608088702876808,0.23912416668314507,0.6274785647693664,0.042702688412470824,17.21082430793557
0.361572775037025,0.98654075105434,0.3311869015451083,0.25742818870760176,0.6082408957295397,0.7899986986746288,0.5220088582283436,0.17053140231171438,0.763354557847699,0.5443927088982744,16.92917741742868
0.0783963705631987,0.02249963521561371,0.3446497341448965,0.35497533732347897,0.3226659680083013,0.7450508456306295,0.06475296959832155,0.7975704303948415,0.9441131615594325,0.08956764162938247,14.766261137342894
0.6428195808033762,0.7686032240170299,0.3536260884999618,0.6519879316292323,0.8376181314143403,0.3072728267825593,0.8163211185786783,0.06193687096591893,0.26421698519690306,0.36251470085230375,14.116545240506117
0.728535284923036,0.3281659420786518,0.49566586835810844,0.6738633301772504,0.5256217458746758,0.3000309550219912,0.3950170912744839,0.6581898192610915,0.6344611489651751,0.7777350270670307,17.157034724143557
0.9104683727076474,0.9619479751554589,0.231361918806411,0.6471245691172586,0.06862203494541053,0.36797303807300485,0.02794899246880833,0.1796108806149297,0.4514251187797582,0.5774685385147007,21.629632984148138
0.1341039621180532,0.695534292354503,0.6621914527985372,0.5688283002811276,0.1677221571372104,0.22995620087940516,0.034599170941208235,0.34422070533354965,0.69302864782001,0.7399830934986134,10.145408936059944
0.4540316299201006,0.5941311156826939,0.7680752049333547,0.4180320493670091,0.647284696103842,0.4895811458015058,0.583858367900454,0.29553850905713985,0.9997098513608924,0.495603978416462,12.435194012347313
0.7263540913279555,0.36006415173932627,0.22495896131470894,0.7970109036005603,0.2284558333192237,0.48698605746248447,0.8351819445451837,0.21131406521717133,0.6880452878226928,0.6459545323016611,17.999408197636303
0.9338624233531164,0.08284540176277899,0.006016153739205943,0.19280174831236652,0.4980509215105774,0.05449698750670029,0.0798316126334292,0.9148188589527558,0.6191155811694566,0.5475480315853775,13.67560238172945
0.7165915580319755,0.07341869968816583,0.9377739531476678,0.539662914346656,0.6173669872639297,0.6099060188679046,0.6029520985331563,0.0911422546959596,0.1558244587625387,0.6150129071481002,25.22795169627927
0.7791667449671227,0.09241740351917194,0.5266644176246218,0.2672901480426132,0.4866886848179256,0.50570813431864,0.4658132486785397,0.1865425375062454,0.8808982093135196,0.61319816306754,18.105456684804278
0.9139330114537064,0.33944324046693763,0.18491204009938433,0.18584423619474477,0.012360015292284698,0.16581812561515008,0.6007312373946704,0.8828914803090206,0.9178396936542189,0.5138785539081983,9.787702097634025
0.007600541334476962,0.055755883007179485,0.541034258034532,0.07544570931897676,0.8872372759595745,0.11276023853783801,0.6470632147057241,0.49627214509485984,0.352991885861784,0.5920531406545022,6.797614371373663
0.18837336054301768,0.8640171644233403,0.9727043101994653,0.8216818676293901,0.7312820488962456,0.34888660692583817,0.08581798857048761,0.43764686089753424,0.311673017074242,0.4833341409263685,17.710319897765654
0.4129690481602175,0.9755509310762113,0.10184566587735333,0.14089032258604717,0.5366744578924943,0.906802041027358,0.8581879597601376,0.26988572154978685,0.9741143256746354,0.588615896658344,13.92803476618566
0.07812438335836258,0.793761846385657,0.7494520561190489,0.49125951599934914,0.7442927267904347,0.9738384999521517,0.23342457801743277,0.263426958745964,0.32996116890495775,0.7767445561824557,16.106734971844354
0.622996506911676,0.616272221048548,0.2724803061981853,0.7497725450576306,0.5183080325111656,0.9138216486319158,0.0046286685109274694,0.1302110319418841,0.8343981228086866,0.18180752109006204,17.6244017233274
0.25856106823730185,0.503379652817903,0.6294904123078544,0.4181395774203668,0.768994246700795,0.0016094547449295726,0.526405941077839,0.0899626471764643,0.237327296806507,0.41930677822167284,6.761480360926951
0.9719532445627139,0.6198452511068953,0.9656361302798306,0.5732476941610112,0.8570462834102369,0.6933909584908399,0.5437750101466733,0.21133421320313894,0.19430256621035413,0.22701467579997336,25.812106333970174
0.6247284559790363,0.2205971903518611,0.17518686271200834,0.5641683867611236,0.36595928867509464,0.33483802670092544,0.967663684812838,0.47126326363406323,0.831308029835068,0.5769076289246596,14.422047506640363
0.7475105403906736,0.9966414013729272,0.6133261798788885,0.5980284153673185,0.11142475222627546,0.39092234203411946,0.6737666961780605,0.11154151968947124,0.3001950109822733,0.29832428857998183,22.472434534517394
0.31488269479724773,0.49367185582536344,0.2188472842908169,0.4906986843179977,0.7204741880782872,0.7626344920070124,0.2078696903458256,0.14631395628555033,0.8977426357330761,0.625388107415498,14.205167496667082
0.07850102156684002,0.8628480168110986,0.7825913996069471,0.8157687972538105,0.7259544774988871,0.3754276440646759,0.8871079798734406,0.8083627608710459,0.10027627521021609,0.9597096487467487,14.780256500252454
0.864394616038454,0.21447202588292624,0.2145611421490855,0.02726215706567159,0.8587821114589601,0.9812672460765884,0.6391664062587806,0.9030808369526799,0.4173308023115363,0.9185134686877084,10.674669560270262
0.8341852283807826,0.24438901444854655,0.5820478545139548,0.4152910603320946,0.6264280236769411,0.8523166102611743,0.6068917551673955,0.6269167826771883,0.32114139151685595,0.3117775029784974,22.068425056153227
0.827932973988574,0.44721648549232285,0.6598774633201516,0.9874539466078796,0.7882373049165885,0.6263188104815043,0.38114115057979525,0.5316378509435912,0.579001618575858,0.10146769022215318,21.121550859238916
0.01039280435468315,0.040921305870845526,0.385751999770406,0.36161319500856204,0.14090127229813287,0.6113615426764522,0.9344633393493849,0.8672835698966496,0.24724766199346393,0.3851028250784556,13.672863274880562
0.9037068080501685,0.5787007394615825,0.23138868194867912,0.568740809804445,0.7853092389911251,0.6866920049516659,0.11073194105222872,0.8724890159336067,0.4897998668641105,0.6058846617622481,20.1100150656838
0.692229441831684,0.2289691413038557,0.19421287120191588,0.13715453931611254,0.3288769702067872,0.3178604758719492,0.6067593038773386,0.8569591684434475,0.4187581370085125,0.09770480295006101,9.73903448965924
0.4000127030251618,0.7117568971801371,0.11283046700086663,0.7151882722289126,0.049180622256163375,0.9546796138584006,0.20524884907149732,0.5273429322470156,0.42493439738185734,0.7658426229598845,13.409778649196843
0.09875484099217646,0.5669118352394618,0.31695288849549597,0.3087545954210126,0.7294462146969779,0.47874216382423385,0.20322026399521143,0.3352727938271256,0.5222117600793068,0.25920242402180826,6.435598472262171
0.17776928606509723,0.18959752730817048,0.3903789052299811,0.9074187892702892,0.5788282892824844,0.101399039249641,0.4576776214273818,0.1826251299123295,0.6547123063853798,0.5137362915577481,9.22271117271657
0.05468470220925159,0.31523138886234414,0.28197747332832424,0.8497211772326485,0.9969519257597576,0.059866131688115276,0.32399678837274704,0.22980589703338583,0.11532115772248597,0.23505521299589827,5.211690876533127
0.13437156063685674,0.02774911729211471,0.29721846728242407,0.045635380845037044,0.5356041049055563,0.08989259523950577,0.39783444677736135,0.9024782424190743,0.14418837312730748,0.6043580335963661,7.189104122839713
0.2782774418986438,0.7510473549478395,0.8907597476322744,0.859371474046483,0.9936573513980368,0.9608565376652742,0.2980231303314399,0.6656407671267429,0.5536054800093421,0.5983432164403697,14.077908321038587
0.28820177601440267,0.7745470299736003,0.7166840272906759,0.3851224176929827,0.5421904397430934,0.4498468116102847,0.5790009381861269,0.8394661897175535,0.6682322022332581,0.5178391982045217,12.855397448698268
0.1665630161938012,0.4893213715560836,0.8810285592526206,0.8486190154804746,0.32001711323180904,0.07841015943603746,0.1587589376440376,0.7192680782409361,0.41496142693815463,0.25304756335985734,7.106524133580062
0.7702173387575435,0.2617946662096573,0.8961446933894487,0.8550527911048831,0.9417385927320966,0.40718688209295295,0.48641485692146136,0.6271828561466589,0.9694754277791815,0.7618406614243701,22.727532436362004
0.6213424082037439,0.9899795794633686,0.9689061730369486,0.9590735421187415,0.6814266325374639,0.7591132572719989,0.04134579982480846,0.9311079521157163,0.4605037024552614,0.863293919334344,23.75418131656783
0.7196739004388011,0.7972571717793527,0.7369766526249322,0.5859670039242931,0.21480450420197073,0.7581940079526978,0.7879526495969081,0.14643386762407062,0.7014425580132839,0.7309439286970542,20.741430887963208
0.28464246368425383,0.8800073094476643,0.20942148923800785,0.3614748327198025,0.9421826658492294,0.4719735090675845,0.18906793712033254,0.30376968214792033,0.04070011309439081,0.6650912070155008,12.758196126266855
0.5315681418748306,0.4141901370702774,0.5760259052403409,0.47427271555309813,0.5053271904296326,0.8268827635534266,0.42834612162284513,0.4573261259840443,0.18173631181813432,0.12104816857708012,17.283292851255712
0.3539370123982303,0.5461162351212968,0.7190221424836724,0.2535924129423395,0.48975337449472944,0.2992924301673947,0.40583734698239193,0.04308217101276046,0.8453449342526715,0.5055125465633487,7.215197430202542
0.954089099850559,0.6530399772330202,0.7752164699533511,0.055820000910267065,0.6707562493429758,0.12436056371683468,0.47079129046511636,0.4220716595506636,0.7092335801952974,0.5013382148494738,14.945701693769916
0.6201096329998803,0.6578325132060804,0.4905956332317728,0.5476368294473516,0.3570549656429961,0.37986777882317513,0.41632992849979567,0.049859659569223,0.4409534690074819,0.09877947770652717,13.399137907445793
0.31449211504323427,0.12753370971721534,0.6814521208607469,0.34650874811723664,0.6048875443067724,0.8008865183904484,0.33685953556164216,0.5897347933706591,0.8331009912730617,0.8305274265757551,17.422198534424425
0.18436209987782737,0.3716703333908259,0.6288152393087947,0.9357861588809284,0.6362571309526605,0.29183138384994933,0.87884303931435,0.925793209595456,0.03377122214225059,0.16023349786711572,12.562785592085117
0.6016942891607928,0.16202308248524933,0.5872063278525098,0.12854453269923183,0.9947698291517033,0.884714247613851,0.7549134752828072,0.08239953618348528,0.976665802720908,0.8551387467634534,16.067604670668963
0.7185231381523552,0.07394754219140731,0.2689875768800928,0.5647692677758862,0.06741350766949006,0.12658014660920225,0.5331668155479687,0.8417142941879038,0.22226852262769858,0.9645776605186095,12.658698687517873
0.9501284737583976,0.5792530093471752,0.4075857847812002,0.4446161037512577,0.37363651339759874,0.024746432767137283,0.6581994975639357,0.06289302595330593,0.10756397071398649,0.3198890217429804,12.887734293293013
0.8607233839158624,0.9699213051538695,0.9833999262853902,0.7726034745956726,0.17045639664852996,0.02460680505950097,0.19644220029043702,0.05390140664048748,0.3203797497160962,0.9978467175384622,18.574781674494055
0.35570277308570364,0.8970980778963706,0.9200689944120072,0.4412665949237623,0.042756192919390146,0.4625317949104013,0.9911426303093228,0.5999694503522678,0.9369118140307752,0.9412109883311619,15.943231835611934
0.7408011580844039,0.6293782391451206,0.8349384875642893,0.8102166067522067,0.7168591105042302,0.00688324477083202,0.9146726227459633,0.984532801300759,0.2284151305072546,0.1296446377349696,13.018540841593245
0.48829433070109174,0.8311363784042695,0.1675426921807993,0.09328615449969768,0.782940415801747,0.6008247262094033,0.40275150277017147,0.6834789368967654,0.452769953417981,0.9096775274019481,8.14817489808739
0.07221067236387324,0.16751062190021115,0.5488064852637435,0.05083400776005487,0.9971763792040168,0.3934780633819891,0.7429205542048012,0.8560030550407961,0.030638075393128794,0.051363383283589914,6.480905305779114
0.09601829817028906,0.1046083716947197,0.05807823933706857,0.8014767328013971,0.2337627959210654,0.6966342983057341,0.290482659666511,0.32669016039144905,0.8039225842251272,0.06987614380410256,13.832155731038045
0.0096812161955393,0.22843321549217466,0.670326319495346,0.05181762797673006,0.9117936141864301,0.22514308241288028,0.8624173492069572,0.9293326028715694,0.8839031172737419,0.8370571802351059,4.2049646340696425
0.8526547610804858,0.9011392182975629,0.6042941450631992,0.10182507670540175,0.14409241360393288,0.9979404874731976,0.054087635478513474,0.8083537938022581,0.7947957293280036,0.28936724555003446,17.877956382161805
0.8032470862356755,0.5760395787153725,0.7088000580112394,0.5376504262139219,0.15239138047019585,0.5384072629877737,0.30786362565808356,0.9432406975733452,0.8576519531071398,0.7771106607751874,18.519750313834763
0.7956003104042848,0.5234872586778441,0.29079794331748887,0.3480636675967316,0.8831433338463506,0.6729452414553089,0.18758051268429166,0.4670508082559415,0.4390072931592137,0.11169984486907258,16.792192887612835
0.9316481858316658,0.5998389587414509,0.4455992590505867,0.6498438479982893,0.21206860027690178,0.3610968630534769,0.2026966118269644,0.6157289253807089,0.6469251656834464,0.912920705961862,17.320049910437444
0.10236098046437192,0.723923795276218,0.8066221236020715,0.6924532813772547,0.9084065109204618,0.611180496195783,0.3852446165580806,0.469319940613647,0.4400314585222004,0.9744414475093099,13.549752888184148
0.8342351673155208,0.529539694093125,0.9712225962441361,0.8231187422192964,0.017946629825573157,0.12489824332376998,0.40622524306590035,0.7786094120534335,0.7684200670482385,0.7672329154455382,16.272552713890935
0.6196916981029408,0.5442809299478159,0.9431661547471257,0.3399132160867221,0.9952955714721036,0.024846248370095636,0.36495683948048707,0.16968639103519234,0.8562797872140663,0.8952551716348455,11.417428564398337
0.36594552700276384,0.3058515981868324,0.005815323339962486,0.9017866053420881,0.9134978235550292,0.6630320508306904,0.7469481382759283,0.7131366933184017,0.4160243403565307,0.5516090591585425,15.072603413117745
0.1439577528075896,0.36354773329557366,0.6672561410381308,0.7608594062138161,0.593550442170413,0.701508561872873,0.6220810192191646,0.7083784763261002,0.8316581336404136,0.3964651972343206,15.165704751327977
0.02505906518254941,0.8686418146995716,0.6207628553279251,0.0818808165930277,0.7959228174744256,0.2946543234014113,0.6996369643021567,0.4943858016551268,0.456301091418705,0.8299835616722855,6.5090724702999605
0.4291406581572287,0.9758900162554351,0.513347804131162,0.21459651351256293,0.5838441005040814,0.6072563986555262,0.6769405412036011,0.8383998570095136,0.8766827391213239,0.8720163332175573,14.24342597152317
0.34161799198095344,0.9976691985054907,0.09417015278149898,0.09003107856692572,0.5589077689778013,0.9344591201552668,0.13502946735005816,0.04602466141507766,0.3979566730648594,0.9475205290136989,11.415535476817547
0.0836132551947788,0.3915494873848625,0.0335018205469656,0.5322692480087122,0.1330427557105569,0.5404439011107379,0.44030977699389273,0.9188438180861583,0.3455523664371648,0.9471498785941718,7.955462461195113
0.4661735643190895,0.40670248053401614,0.5926286381326197,0.292345677384355,0.004991971408813578,0.8574733228191067,0.4210406047230526,0.40283085902709714,0.34202749997631465,0.5426061315051619,14.960450576902652
0.10361765352011498,0.8393698085730207,0.12018848230843304,0.04842422802354207,0.3995960873781228,0.49401891970342615,0.5166248017922177,0.6240972584074439,0.5699819846256684,0.5729134747146883,4.399257427881616
0.7130850860563684,0.7453119940984497,0.2819745920291348,0.5202771180129602,0.43897783010706404,0.655390232871394,0.3903986517253788,0.6715018392401343,0.6802251517178005,0.3720879472666945,18.624892835027666
0.5563883556184567,0.08151250917380226,0.9919988407692317,0.7908369055983799,0.5516761966623611,0.7226876026850579,0.9835545613299306,0.8144054861934988,0.4833357382645652,0.9168317259783136,24.49595778536728
0.7699989948260335,0.16944214383907363,0.9155494588337272,0.05093955605525402,0.5837107012867557,0.7329217275859677,0.35918668453655134,0.2511378607886704,0.6501975023673829,0.40082694923357043,15.553563573462835
0.773187595038484,0.16931581670712426,0.2707345609682489,0.9468518078020394,0.8447133448174358,0.45423542765037916,0.9646936172340608,0.9798369922579991,0.41005073691194327,0.9277398296907607,20.06466031512236
0.05424690798007692,0.9014091137397985,0.9505251085126758,0.5219324507373948,0.5677827529835612,0.27723396053511484,0.7861290900236944,0.8359435627742587,0.20250895269881852,0.30498652865648146,12.529634755211518
0.01625403197244768,0.036928354548989684,0.6283915149465307,0.15355211071972474,0.2274434488039886,0.05918675684733399,0.4543035195471521,0.5456520727204975,0.9034470008498838,0.0800321387595605,6.978470689691701
0.48297027723256347,0.6283136000831235,0.9896475262375946,0.046605319425700786,0.3546487217088382,0.8609684501831621,0.1946747844684984,0.6357414463955766,0.8727528003050566,0.5818605133978485,12.437398330237517
0.2543400640309752,0.16358679036327806,0.3662598002949994,0.03922055278554548,0.9344905950177981,0.778393986933841,0.7111105206118548,0.6302341232042632,0.8483687661043052,0.31967858289076156,7.955135033972654
0.2514883241314204,0.06769187998808057,0.4400343831527098,0.4499865351712745,0.5850465170447167,0.09223297274081743,0.8236706927374525,0.09585679461295848,0.7820442650268747,0.04346086350593614,8.889023673555029
0.4852031752588096,0.4502013818106524,0.543885824089631,0.5208424780850247,0.13011832896868536,0.29140638403557584,0.03511427030644332,0.472004100572618,0.4554307324623198,0.10649248514247667,11.77189472395717
0.84319882267961,0.691703474237612,0.6332062388237505,0.720081834946685,0.5901296217303277,0.07284069386563718,0.12485839752145433,0.8382376861838465,0.8164232251197404,0.17945169032141184,13.06920683104115
0.5679999397614693,0.9724600097232371,0.9423099858862629,0.3931341076437791,0.15786446647615415,0.6611936188617472,0.37973460171679263,0.5410092652288792,0.9946039103717302,0.9262543632096699,23.354735093082347
0.869882070196626,0.24873745919642565,0.6630278173045648,0.927468967847624,0.4734651476040145,0.674034448434601,0.5674503717659012,0.1707177670561335,0.3645737391422833,0.999008373724626,21.45951398647562
0.08112725164606738,0.4488637157113471,0.6232621397992861,0.4684739094176127,0.13938862124368345,0.23112579807492373,0.44233197372673394,0.6678899640672318,0.9421489980991963,0.43701053222610253,7.4240229236466915
0.3758532023801724,0.8137693532532617,0.15100645542892144,0.9464720641161833,0.031083160773971774,0.17448059878764477,0.4303238611483555,0.41043443129305346,0.6181544545606389,0.16853422727018785,9.535611429536818
0.29533879912731353,0.9213242689149767,0.12152130446323173,0.2945711733192128,0.3264345323308525,0.4111943000395738,0.5617732488800425,0.10600517450765423,0.8275173892015906,0.45343551703769536,10.490364033925639
0.86833641270586,0.08398247215803434,0.003082615227579355,0.9784493709808273,0.030717724421606363,0.9951610446005963,0.7918233244657693,0.8679056299642748,0.3028387601205421,0.42376602369936833,13.431122978371112
0.41785943646412205,0.7310750046843983,0.6610565734378326,0.33079238031321134,0.651375347025117,0.9701010878274448,0.18352925924032715,0.06971337659324695,0.38556531051895304,0.13880064002793957,17.69862799270636
0.08387065823165352,0.6185783717217426,0.26480759262359777,0.026010709887893668,0.017918400509819632,0.7763069744030047,0.49513328070467477,0.07845253277637498,0.23714968734309128,0.7196692618375322,3.8883888358449377
0.8704023937633868,0.12159787588048987,0.5046046900690841,0.2273336675300004,0.739974642321433,0.31031051441408586,0.07418926245891733,0.06382493762192265,0.05696704684499332,0.7604237517479273,16.559134749093875
0.9231636823144865,0.39763653017909706,0.0007554048819108372,0.04237247039265413,0.9224182875919877,0.5926337509962089,0.08070756368321952,0.09030414838571188,0.50944240488263,0.8728754829777607,10.338371555747885
0.521007622205035,0.4414934337643339,0.07048970293914869,0.5001048026753097,0.8914368803388897,0.998766765310898,0.01637391865168547,0.9063535658607713,0.8698099420611197,0.76558708922392,14.945895437272425
0.5388828301353283,0.8953641659401294,0.6233799522761037,0.24403253957663285,0.9664224868377075,0.7202665354573716,0.8237957701645616,0.9975927080978783,0.49103717120658463,0.17170076040044746,15.742028048387487
0.6125385141416486,0.34988147484404974,0.3852328116627878,0.6330294114550281,0.8496755680915631,0.4927322728136253,0.9946384252497541,0.11533117594174436,0.32324603738461866,0.39595279267410044,16.912084797227593
0.4109630698746247,0.9205087981823649,0.11473257560939121,0.439785045114085,0.9341949629653791,0.6040662411100709,0.9134102423667295,0.12981619116851628,0.1036455850773762,0.4368418758016276,17.557487434143727
0.7658488837360651,0.7717695767143723,0.1430769753156812,0.02440926410466493,0.3027622565777972,0.879604750915019,0.1610526105938006,0.32530618244128107,0.9146700643362282,0.67797632496814,9.861563518719752
0.0953650795798755,0.49645869804374543,0.006345891620037181,0.6277444972621758,0.20867899044304816,0.18213611403872376,0.3746259195779885,0.25375092387218834,0.5387180321680235,0.013550204970893098,3.6247463007731886
0.9150491868388287,0.2052164030004031,0.4981198752693874,0.24025287829989062,0.33690566237706676,0.5255046956612173,0.8151199700737229,0.2416097284299632,0.3587628965261994,0.08535425125035445,15.344865076526249
0.6526328698270507,0.9382771772776942,0.1485888085773076,0.6148667628029558,0.5618009916922806,0.12437099656974726,0.65643652874658,0.32330962262273755,0.38888372331539756,0.9560509912161583,14.132657726134706
0.29079125047557863,0.5540879565064608,0.6168366319227108,0.05968284711479377,0.7398540080885753,0.8134328045294598,0.5412583893795615,0.8205508627361177,0.5996753541541818,0.17727836551473375,8.12494179029325
0.7053536687938391,0.7997281834920376,0.9759919405301892,0.1785315048757362,0.917923131372991,0.4088981486780269,0.7186886552432291,0.5604153106594464,0.24768719863342603,0.7506373463469952,15.892535843064838
0.6411448089201931,0.8168212235522085,0.022685016369011657,0.9241458976827139,0.778617312950424,0.9902431473547375,0.174254065165781,0.9782877511720032,0.9057540492382566,0.7994380237345455,11.513979841695132
0.8930401167344215,0.12943269893594556,0.8994223117557096,0.6114178001754208,0.3199531242513797,0.9671620465503263,0.743462325188541,0.42580231004671365,0.16318155876963625,0.4949087487669813,25.995506685576927
0.8892537199219636,0.5063747975125303,0.8151801959485965,0.5834686914834218,0.8066579507386754,0.84828373222669,0.054471197047274766,0.0053235935916716715,0.6963598248166962,0.5712989610424957,21.86313502095769
0.6842354185645857,0.5364935828774293,0.4698632504390443,0.45949658007228145,0.35691962358973284,0.412197898012291,0.9528670319612684,0.21324461391980654,0.7235262066938927,0.8826824018642254,14.180737390638395
0.5818485933696935,0.08798092793142498,0.2444710824376719,0.9055140225979543,0.7927856929294435,0.5430047773684412,0.9375973180712177,0.9400586539181945,0.46277378461033447,0.21614061312646826,19.633496412044828
0.06560331159974309,0.26895336830349703,0.8990660545544022,0.24821660043672755,0.9588316853256217,0.20277197296612703,0.42965813891450344,0.14079985805492623,0.36260303627213175,0.2121390318126416,7.362927694249274
0.24956010668711415,0.45151367064836423,0.02122096874768753,0.09449005442932723,0.8667572747570427,0.3774906409829948,0.6389821894908072,0.9777153576239407,0.5455164010779956,0.5411275382428433,5.04848456832638
0.22347184201638604,0.7135162296022349,0.5316373741884747,0.19431980091295864,0.6049388990433895,0.08369125243785203,0.43609342170490395,0.9651864023484041,0.42543260426523255,0.8893381229492059,5.696540134243353
0.46202609945844975,0.49155479595355656,0.31972726707703314,0.54771166090872,0.1349269362416876,0.7342389126698181,0.20534774646983767,0.7744540914714249,0.9077267669260699,0.43151852894670073,16.22486272520583
0.7825281989836682,0.22198840139228682,0.6700833573735906,0.40416096556910497,0.4051842482957815,0.34338171412541063,0.19204777820285857,0.3259166290879243,0.7122363701342305,0.3180806740574922,15.594392661370787
0.7754921570304274,0.18148429548693368,0.8399993250840984,0.7751894696098666,0.5565469985178753,0.00711332115539931,0.04255932115063277,0.5705293749726364,0.3363144329328379,0.023006890279615888,12.528638253534751
0.5245326976468517,0.40397719634828577,0.9019659331689072,0.25425616471928303,0.7796332437161473,0.2260752631196402,0.7238495183376968,0.05112818897775995,0.6380402275989407,0.24631900151384434,11.54896323793206
0.036340695370394416,0.4419931375741448,0.8725047645516621,0.03497494146634994,0.8650484595058164,0.1550965811336843,0.796105837437898,0.7026035124742535,0.45264874769459273,0.354678825341578,5.994110262918699
0.04727508998679797,0.6281149250765778,0.5835120106262653,0.7667173684266567,0.7554902296188911,0.9456460800885912,0.629803998237393,0.5363087620929361,0.2456478693860975,0.08298108958324779,10.581667160912296
0.843881726131587,0.9123302607971709,0.05000590119606474,0.31318898640384485,0.878386886668913,0.26030478407371926,0.2782068728334207,0.28592689096390356,0.02408607669584617,0.5728371783517147,14.493219597960122
0.5539769931166162,0.24055482259663286,0.9232178522056761,0.7059068913032949,0.5362316559149028,0.016250626473362173,0.10292158698911757,0.7853154065117324,0.2559166594780692,0.3592396058752938,12.6394093379563
0.3476623092049437,0.2817302656318832,0.8378808868996195,0.46074692401338824,0.31492678095243687,0.5968142313914826,0.15590190262926729,0.45532769257873573,0.6771701182418846,0.2840479556059523,13.919330545671196
0.6906768134483369,0.5845104450872931,0.34421165517683583,0.03493478129907157,0.5662944372525962,0.8282172083288488,0.5370207274247287,0.4184678096438841,0.3023316415999643,0.5021074346116345,8.364367095734368
0.7688437098764382,0.6606261986350077,0.16952489939300597,0.4544428696639252,0.5229304668760623,0.8871729143986089,0.05080363634822305,0.7118755678178736,0.38090252889898535,0.8518871457534392,18.08814109602743
0.7186193717231524,0.6568246336157962,0.03946837570236317,0.8343827138454156,0.32158526155229905,0.44477638583564594,0.14370939928392834,0.8295062688430458,0.4764304136994095,0.8218510930334226,19.01105718406239
0.29509152366480884,0.4595720507748269,0.19480675235766554,0.04393203358648079,0.5825215706936824,0.9814437903042286,0.6047157689768385,0.8436095818327438,0.5950479191377623,0.904863583129851,3.5568110064915004
0.20591486503015333,0.1311063429521626,0.8788842470092586,0.1753125757519972,0.9614836199021795,0.419742741011804,0.622255833677542,0.6867117941663843,0.8235738599027281,0.7313115901155953,11.096187752869753
0.6844802990166294,0.2683904168401632,0.7766280397258208,0.6969517920730066,0.5056734652582379,0.038999140501705054,0.9056774981287319,0.5359096284340837,0.36925622549170123,0.8577169726693118,12.043370491990926
0.4147288669659531,0.11849316636546525,0.9656664870336782,0.8841537102120087,0.3744349581017262,0.10009554617498939,0.7185738855457589,0.21391155528400807,0.43935670025866214,0.5548535810689023,14.671564074051657
0.3254470959026564,0.3023183757489154,0.020181328996792924,0.5831957210793283,0.46176915665650464,0.6087642438925291,0.27599977591854086,0.773725546742493,0.10250106743890663,0.592014188635069,12.897931197085931
0.683990113130778,0.8116034077589075,0.10106188524672743,0.12761299239200263,0.9532297715449595,0.7394780869926005,0.8772360188507663,0.5518819910420324,0.35581385855920533,0.6509851469917716,12.162778832728343
0.8014883575342675,0.05481510612144047,0.47662082407454764,0.5847581913524955,0.15952193820817884,0.6144925597856337,0.3246424308220739,0.06721011419006884,0.5621542703367928,0.6735711115258013,24.668391778683485
0.8064827833016114,0.9191087285121214,0.5396505403433043,0.5250330987244682,0.636491908033062,0.9954652339856096,0.7182889882909077,0.6406285820780583,0.8864941023600872,0.5312295851511707,25.22212371317876
0.7006240811024596,0.7029957844431883,0.49864474048570717,0.8175431557011297,0.398214997333586,0.0033021248938830405,0.32257148742666686,0.5463677848593979,0.5390655931088733,0.42876070267074795,11.311626273762455
0.16853742975230068,0.40898618655860397,0.32615827786195184,0.6063655457785638,0.947649167683599,0.687639103472665,0.341125345596921,0.09656423646156242,0.5199077312321847,0.9373837006999958,11.963384159175794
0.07831023687898608,0.09339399411443006,0.013248844524570647,0.5990446036164127,0.3572546899747623,0.06766427021298338,0.17743599014071654,0.8666936210037269,0.5644747166644608,0.13277564889956484,5.935056536648667
0.9111176669960006,0.3491260400397893,0.6186621331976597,0.569470038819532,0.6915552305918137,0.06886212371117628,0.1648012989250468,0.7601390249424467,0.77917008216945,0.5523738573846978,13.522395427215637
0.29597475312833466,0.36565828665711064,0.4642686530107425,0.9603304596231583,0.2644263485911077,0.7441242475576324,0.271695969796518,0.6288245250351734,0.629687892355588,0.9886548117928448,14.115599267045365
0.13248899882456577,0.10505413148023723,0.6984933543155,0.46493746379255196,0.06941462777628737,0.6919952287168512,0.6399089484865803,0.3833279703772495,0.8921846614806328,0.3759149710969366,15.613551211589977
0.6031406134497012,0.30342404403907375,0.0024212666022452867,0.08862468550022351,0.48017065796084923,0.33845820223572587,0.8897642594293009,0.8180574087009486,0.5340993918666159,0.7375310616786374,7.699057174395508
0.446522222810086,0.45717674589071655,0.7809074171985961,0.01490877418839831,0.12540576759551436,0.48392933544652406,0.6062224714149879,0.7361032314559686,0.019776768169060932,0.4007355417538334,8.272260576951233
0.9256071742810723,0.9385998033926374,0.04305262930393694,0.11322965683441066,0.9627182471301999,0.6287998207873874,0.44075710857550443,0.5761197834227729,0.06215622553233524,0.5753647110684615,14.689389108304585
0.29623454750251055,0.09906241265628779,0.3054437849120739,0.44951986359575935,0.7033848072386737,0.4559432403691823,0.84388663917584,0.05128415915376194,0.6720610051476087,0.7122298442114462,13.336971762416796
0.0735142173115616,0.5679434036137921,0.09252135049258803,0.7959254566914672,0.518002615916345,0.6817006120997473,0.5356344575406903,0.0876790361177715,0.8386567782751851,0.11057234569780361,12.603695032003252
0.23335258864483321,0.3069513263083692,0.04428365862809669,0.284630157855168,0.6076972697356362,0.35406855354750155,0.7856623400789757,0.7804987843815131,0.5925443674010171,0.6627837001099844,8.471833469519524
0.6539421379261742,0.577394757466222,0.739087454477174,0.4611363356643017,0.2674322441731307,0.5797124062542232,0.12350463470377493,0.5620484348782224,0.1738812774297238,0.36494603938522885,15.508935570480693
0.7803919243236138,0.8239475076223518,0.4451996857386802,0.44031272874830707,0.7576447119044898,0.2348626535625964,0.08250931772462744,0.5682018899791276,0.690702798168545,0.39724999211847967,16.12440825896386
0.39060540377982,0.16470253058804984,0.852597770800513,0.9932789922906012,0.4313347782424988,0.4232939812536366,0.47013754952091713,0.5776351644531805,0.34940812305958524,0.8670693933889914,19.034724814312963
0.48727639710826387,0.930617690272096,0.2243137662438388,0.730443835490804,0.8867289448312207,0.529498557260837,0.690702234491787,0.6264148405315221,0.7225527286998702,0.0319446261976446,18.451946111843156
0.7673330679520634,0.6885706074846868,0.9359673866418977,0.5615073901227366,0.6648210698336717,0.130912078580243,0.702745474977235,0.4976186809973304,0.4422034323264181,0.676743141678702,13.689460315856156
0.13063456861539924,0.8175332769191935,0.3622776162794682,0.27054152437420353,0.9181715062430275,0.40857420430952274,0.7372725158476673,0.8875080979492848,0.303660672989326,0.5326329754381348,8.706143297167284
0.026190272034277373,0.6444401968833905,0.036331573290036,0.4945785481490126,0.22692011274914603,0.07935346441306601,0.4980718212491604,0.1870346425558994,0.706082609543109,0.9593558772581678,3.301261023387739
0.6439532222383728,0.7856597909860942,0.4279907093621613,0.578079209796097,0.09502448200680158,0.20883187996999886,0.1351036645300212,0.3160526727888151,0.6855254799732727,0.21578997002586264,13.467397608412284
0.9073615478531013,0.45368503458271503,0.5676840065799262,0.6391634711738302,0.2803535428737679,0.3330587081377656,0.45842805688143806,0.0808856534729927,0.1986595752203133,0.531680162041055,18.52442675731116
0.6242387161721537,0.9191218453447679,0.8126407223616925,0.30016701541283053,0.40710005316408115,0.02424650471204326,0.6964055252323811,0.4760533776089201,0.8639431159609868,0.6188654880321994,13.135872570542148
0.40964433188370564,0.893628641046267,0.35999059758108454,0.5620736164259147,0.29397411941246687,0.6625154409405515,0.3745434888258471,0.26918909249119993,0.5147801617971136,0.45535851618080514,18.38473601179788
0.4744792184607878,0.619943569524741,0.5569136640753611,0.9304653691786252,0.2841730353642338,0.15521858653510867,0.06559613103102546,0.7515022576498273,0.39182997669822117,0.9851038540101094,11.786880738388145
0.11789975093106653,0.38154048199700386,0.023691908028232178,0.08192948633404595,0.13470404840587424,0.6934375325223363,0.49900983482233485,0.5079818571620023,0.33977555407586724,0.011236736271915349,2.372379781127442
0.3800364937237888,0.35030294821685637,0.5646781405344382,0.42964877006444224,0.46360853247717426,0.7202912346719224,0.21062748546742516,0.579494676613222,0.1494963692027811,0.3738393004588877,16.458938793560993
0.6854915782093467,0.22441779492080338,0.28220034464250265,0.955075112961464,0.9679329771030704,0.9150764643272531,0.7826469231295173,0.6578352355462226,0.6172556097337256,0.6308443142910218,12.072604843086248
0.6231411313392868,0.5177019756740278,0.0991209853994155,0.503925152893283,0.7845460482720841,0.9643845282801017,0.8689776762782611,0.941317882587572,0.9406639673755042,0.6833380020960887,17.00012772971056
0.7826324287643932,0.17688359301795953,0.3582916099321263,0.3990754901762835,0.4416721334090632,0.42955537187148896,0.5464279854284212,0.15575024886297384,0.5961573483986712,0.525199386984443,16.383803233044485
0.13079762115432936,0.9844929176040814,0.6024699897906775,0.34098482412214937,0.011320243461672486,0.9954124164329582,0.31498104948914396,0.8439939556784818,0.24318473709911892,0.4233509707572869,16.479900658329207
0.6039160721506521,0.1860116237996311,0.7835817325609619,0.25756544473246523,0.16747705464708396,0.6094850851266569,0.25127409744384865,0.9596273228410416,0.12140579264559803,0.8515049200380569,15.386505063627702
0.4342879841186117,0.19851892190831655,0.5891798925339744,0.8708607933053599,0.526709300766526,0.381068030515481,0.9456361739338874,0.010127397002040794,0.7280021307073702,0.48548986237543224,18.654608860869654
0.31083836074445337,0.0026676379466656908,0.21177121877836158,0.41532624291017595,0.23172024106049594,0.8745156880145796,0.9710091539787858,0.8301747527456191,0.9829959859384004,0.7877766453789353,15.782517476632986
0.47766694310438473,0.17725352469866296,0.23135752896775874,0.9172262882136857,0.4753639249445972,0.373892616383687,0.8305788399172217,0.21730798985912225,0.5178067362654305,0.6461748822007681,15.69437781507238
0.7422020939043324,0.041778809260728744,0.8180080191195537,0.5543035328703539,0.5895452651553287,0.6003444012873089,0.3728167245304471,0.30595356125148565,0.8375909825467532,0.39334579117298873,24.880725386095715
0.08541894297544661,0.12465823223456307,0.5209435377360053,0.5391514750796229,0.10334998119760386,0.7153450167314516,0.36797550927059997,0.6413810917510971,0.8874793650302735,0.17833262412905448,16.965537455517346
0.92022351331457,0.44491308363743187,0.4182969032435312,0.6376632653609497,0.6466260415168299,0.03271214389993249,0.154424525801791,0.18718084443671612,0.6507701141959807,0.8704128648870093,13.002927068771282
0.8490723359876031,0.3158680770947627,0.6650971186814633,0.03007807645188154,0.6980920411427203,0.5360207839193372,0.5727068999239301,0.006815497563824158,0.16456034303076372,0.8196828316371204,13.64172078858421
0.2244900488709216,0.47872544767040415,0.17991679782120318,0.0944691269997856,0.1461201448579541,0.2902062747580064,0.4837980662795903,0.8687429238208936,0.6515186528686077,0.2561234554696271,2.7750073559423925
0.012889873268524199,0.08402766643188508,0.5542088474987578,0.8683141908802215,0.4568065131761766,0.5894002724336025,0.7059116917652785,0.37027826214249127,0.3010977888508978,0.12455175366679172,18.584570514265287
0.016769737933459705,0.01416766969521488,0.2759469757505758,0.5978222486793483,0.5035455337314675,0.024797524400048676,0.9181138355766747,0.07018751125764111,0.42937732388811223,0.5302007799835691,6.318416484808698
0.8971660495181907,0.4227104446151927,0.01992123674951296,0.01658874187481396,0.2998018715453016,0.8046588085522272,0.7702278124865917,0.29368418574790356,0.866158625778404,0.9911189724713432,10.227318011245256
0.7026995564867103,0.43464126042389883,0.3700690947985732,0.15770306149058366,0.5572840059636923,0.8673062185747238,0.8816610219910738,0.9645415068697938,0.0896213768218398,0.16962902486190512,14.023265890930258
0.7049080786608951,0.06842085401982534,0.34555742306351744,0.3014284464600937,0.9531952405445332,0.23415691503936342,0.3464087494816789,0.46388841575350015,0.28195047253948724,0.48340362937733716,14.156041833723277
0.7857024343529877,0.30364036570426967,0.4665495924740247,0.3803720002686576,0.14892504197299627,0.36238463443850266,0.2560138273339425,0.8348594588608789,0.5875217512293182,0.21517080345807793,14.568208785501831
0.48368696291284996,0.9077684768800213,0.7947829284755688,0.2905444560511309,0.19916461022460785,0.6579855365693282,0.7488793289106919,0.8042094495445151,0.5198034744395655,0.914432096820652,19.125676108057156
0.4371141905640553,0.3131513627616569,0.49313036868436344,0.46193489239772045,0.8485877947023942,0.6999408088246152,0.6857302600521505,0.5374681519708018,0.7319410147833915,0.9588744808188574,16.58196541084876
0.4469399357907792,0.27654149116421267,0.06198708373654449,0.4765458313453734,0.625639159656198,0.008482129862371846,0.578884647525467,0.6716594871737781,0.44813542168894815,0.05556931120742514,7.22393416556629
0.4421685343578563,0.15569161155049638,0.6735168240944218,0.6955693303555707,0.1459799713857961,0.9614124678561915,0.6158033135848737,0.9034167966823885,0.8469503015528974,0.7054932036811197,18.685488744094872
0.11904289811652058,0.8816648833726034,0.46623919056429386,0.14983277328226718,0.37082022857799724,0.2700941225582637,0.06805811157771668,0.5044858047903328,0.5742975641769577,0.38176254871915083,7.527875461000569
0.8197376494336459,0.04629212960617568,0.08859303269386198,0.9932383062257859,0.49599785311893774,0.6618996178433566,0.4284697717836784,0.07123631345326642,0.25297000082688936,0.12766128074162153,22.4556677899369
0.2528994806514264,0.34612654637627494,0.2475699576238798,0.6910899305037304,0.5320836177180879,0.002457385720404437,0.8833766755335561,0.9548143643851553,0.21880020205380968,0.170695415021189,4.505634695439676
0.15951217911227733,0.4455002994191397,0.37667249654082036,0.9036701063973376,0.30180173361096085,0.8664091012724495,0.2735114549295725,0.46486121495876487,0.461536356677717,0.7698009676351999,10.278203325633108
0.7525970098822466,0.9966929957286655,0.8298716661923394,0.09336898969424678,0.26479508776677907,0.061752497875141255,0.4016114670749015,0.02348424458560472,0.2364954262922473,0.08599445909336179,17.155183330815955
0.4341606169896396,0.2053842694630188,0.10055105157455402,0.08016045447327802,0.9393398878518571,0.3854501561783278,0.6624954536382508,0.7132983640157459,0.6127732681160736,0.7300345390992525,7.098994492693623
0.2306445613742376,0.7404054378990549,0.8903678871845929,0.33317740155054143,0.31602556797096104,0.34138804102778775,0.95217440393605,0.8884512662528605,0.8040969526982109,0.1488203252561393,11.706784123546818
0.1797563244058049,0.5198159195261463,0.026034263112225564,0.6127640715318075,0.9195440184738554,0.5653482518832682,0.1829949399149945,0.6390623649219442,0.604634989060623,0.6923747448283009,11.721763152726783
0.9545489328638727,0.8830645421972436,0.4284938943606288,0.06855909794968473,0.19412078469522465,0.43654861015004853,0.8549862900402079,0.9667523428027086,0.1255830049668344,0.9931725012096301,16.94295596288904
0.888041688750122,0.7640157657894431,0.8715868941728069,0.29799798235067676,0.9940745387136277,0.8291526125001923,0.44986521630428955,0.43968088524820914,0.7325288781793317,0.7232244073887553,21.558455085587532
0.4676071858820007,0.018752443150188203,0.6178331671992953,0.18477513009192326,0.2814059896504837,0.5773154422210852,7.1034237203448924e-06,0.09870314683475379,0.7604127815541234,0.6657496266656251,17.552149288117466
0.38153269626784814,0.13671985529890907,0.48940750454298243,0.5752970168225223,0.25959030421838447,0.009034388615234312,0.8052296369706271,0.47362619262578765,0.7594357345734499,0.1778789392763167,9.613129808380073
0.5539880870968131,0.9276171060250599,0.8523519063492778,0.8241371917882366,0.5029352920035856,0.6476416470794792,0.1029712973278577,0.32064671061193006,0.4069844099389308,0.9043979711838989,24.502638663492842
0.8717191074396824,0.5485752776418303,0.20905094936269697,0.8073440116201098,0.6283037487007094,0.810496983005739,0.9023656452062639,0.6829469595357133,0.6838274901865934,0.6116448645337762,18.621921793492692
0.033511776748782696,0.5919781418422535,0.40128911907577614,0.15769688933113046,0.03308501175626111,0.01736084809744387,0.8935815485928161,0.2914886444899609,0.23592233702668997,0.008461288028487668,1.9377858767594236
0.3392150456324351,0.6084528503324182,0.8058635171079837,0.056239241407303964,0.6899546247435666,0.6229755010031122,0.5742308553622674,0.9705117925914697,0.022933589753493244,0.837534618709633,8.86032606007607
0.529800866753726,0.39515448178649915,0.5578919858023321,0.42695633633361785,0.3476922188829702,0.4172804901541163,0.07316470008584941,0.03655986136984446,0.2931893604848562,0.40997652083870395,15.493032641405104
0.7747282297632239,0.9759286981931734,0.1282139366425633,0.5884182538330408,0.7655387054940528,0.29277325237456653,0.580342473423832,0.21084288002372442,0.8480905311172879,0.3583530113608956,18.824362967725445
0.6838507835745642,0.6997857195934398,0.9923804655080819,0.13470803626715877,0.5212039846713049,0.0266537509178999,0.044444547384779765,0.11934667167216773,0.5885706796269422,0.5289127117758311,12.62468991841121
0.9930131253965149,0.29395647231486555,0.2604621893850746,0.38174363855227056,0.47804677104105964,0.12337448389017025,0.015488770007976993,0.23869510020669626,0.23783315484116907,0.7220835978935627,14.043611170993934
0.45627858921982645,0.3643679914765361,0.5834120929882224,0.3618282245991057,0.4004010201604291,0.19317763174957603,0.9234147174983492,0.5303094032281487,0.06284992631327779,0.5802026726152144,10.690568888555276
0.7397494386324923,0.29522857222432863,0.8475394393132774,0.16900840583356558,0.6579987312922164,0.5701132838328588,0.353105653679907,0.1476945898344939,0.992414047764079,0.6142431994771262,15.207953862641954
0.23178604238367762,0.30287700082080615,0.3049214000308069,0.2596288293877306,0.2020871956105147,0.43384310013597394,0.6398444642515844,0.6747195283874746,0.8371868478341957,0.8748469504083128,7.574480796574061
0.9208854503619777,0.4127142785812463,0.4273564483137027,0.7808707205354694,0.37665188206024247,0.8818909034080714,0.28062852642377134,0.1377743246257177,0.6641445423250414,0.5557062523026765,21.348913454514253
0.6564082104174519,0.540990914886228,0.4956033863835949,0.21224634376477713,0.46276581297437325,0.10864081222501898,0.8700860826729774,0.11429606178274754,0.8392214041796798,0.613936906508141,10.008724457201378
0.49703723170190084,0.1461480326641471,0.8046927271587916,0.8191107221696725,0.04094347188903902,0.7959651259702353,0.8959544345243556,0.7402387444035098,0.05408109364541591,0.6431974925030183,20.143932605378943
0.24866592635533313,0.5501677139880903,0.09327588249942764,0.2746620249509856,0.9817355028925527,0.5500424478943058,0.67377214618518,0.8631616517667575,0.20934051049632119,0.7389309035915649,9.351518721344895
0.5257996974594917,0.8058987515129452,0.3439880901173019,0.9311851016869921,0.24062409710110666,0.5418942006747645,0.6916358851827865,0.7722107303786977,0.6069162854596533,0.42558400297300936,18.321671803351652
0.8293999984681144,0.23553933678643513,0.5190238068321771,0.453486560295724,0.9196616118863885,0.9488616584559335,0.7358854648265555,0.3304401102688317,0.6945796423741949,0.18582543550885322,22.706620022621472
0.9752097325343265,0.3976423560061957,0.35150318877832254,0.3515269615950971,0.7519067037494616,0.3569099601669419,0.8099043616601498,0.17815873547367256,0.7066937511936638,0.4709192825922809,15.181092241647162
0.308334868250978,0.4125314408152111,0.5552629907828673,0.6654013585314443,0.3917395845593896,0.7262982876305337,0.48660078959144537,0.3645570642130943,0.6566836252604532,0.45436551583076323,15.622035694380102
0.5759694589922012,0.5526417174659233,0.5238478616935391,0.42240453961586577,0.9204055829844968,0.9714563937691147,0.006225098201172341,0.657660793821889,0.8342488111311329,0.1769026871776389,18.422881379121236
0.6873649548353827,0.5609107103217098,0.4177973341944532,0.6165790487037082,0.6190137928531331,0.1141044574301483,0.5726563756647309,0.6099008309847731,0.04144544817022444,0.5856112392585049,10.915414424381865
0.7571268873809831,0.39040972085161596,0.17650994143670484,0.21938210833819582,0.8645190754540186,0.8991624475227334,0.5555361462157504,0.28083544590309817,0.7952526418346195,0.2564400774869565,14.290066635684898
0.4135406697573485,0.05741053089340753,0.630232943401162,0.9374964173691972,0.7272781897925116,0.3846037272312143,0.20800663161781663,0.590916084599246,0.4390222277038254,0.6217570610522576,18.105700237584784
0.808472682335708,0.004984063541324857,0.2782011206534394,0.06903039513529319,0.7379634887519663,0.5339081827671527,0.22253854382492866,0.060286738810535034,0.21158431063694672,0.1897699705966711,15.16891500056458
0.4760330779701216,0.7199300909174227,0.8745509762744624,0.2898225606390983,0.7945855580376748,0.9136297457717589,0.8626250151197649,0.20288849268208597,0.9786457078565504,0.04777863907079083,16.551296101018707
0.2782010968567459,0.42356124221735025,0.763301644294362,0.2759808722313626,0.28335658115910467,0.2727021958493918,0.5932776232444543,0.998765740214775,0.4239361658782588,0.4244244862504344,8.265952751559333
0.8780847934780652,0.47643380761099563,0.8331191204686399,0.9132081192596775,0.2716758667339535,0.9590398153806103,0.5787717428058171,0.4878495738073112,0.5046915999385442,0.8855053801447288,18.02268367719554
0.07035342307590065,0.5102668142900748,0.9078416829718663,0.9456756245032815,0.49951508105211284,0.9354084274229935,0.9337976635975801,0.5293240393934391,0.3366863384475247,0.18216332866393226,10.366840294592325
0.21106118506053684,0.35535522043203893,0.8764802834653458,0.6672395601817844,0.2392009093548525,0.6581670527197514,0.13484936060154717,0.8722459407356664,0.40583278025103176,0.39746994467535635,17.793823097495792
0.900832181964646,0.48306094415425815,0.42285784032972495,0.9321775776923051,0.656415700279323,0.26059330074831766,0.1542164261378679,0.19687211459624232,0.07781690416318354,0.6275813985670616,20.566106776841917
0.9331380163945421,0.1791071339563115,0.023778541923034746,0.845778013124889,0.8665016961542471,0.44919035735572443,0.968576384210178,0.43110782339677856,0.3678433566395456,0.3928632483551998,19.14327738070315
0.29981558134944397,0.03511156785248881,0.4490460208646756,0.9960918061591437,0.8831242066047286,0.2147263356438387,0.18433167275138518,0.6632655681932939,0.9394709210923027,0.153932235065383,15.356706316344289
0.9388404449251586,0.36916740848913066,0.07928143207635285,0.6295127601203232,0.9863947590802897,0.5614257658968912,0.7998662605084685,0.49180739847834853,0.35058050092436643,0.6035853442022875,19.354100168595135
0.061741229893384264,0.13011372005112187,0.6806643623971098,0.3805262009316255,0.267004138757028,0.7879874097001582,0.6656215573151402,0.9976194392038455,0.3377512387564333,0.29472691240313686,14.824816200560399
0.6415085761716135,0.43264463545942444,0.7363567428112633,0.10828622995192827,0.3421534953069061,0.7680626119822566,0.41535827640731726,0.5629542859996838,0.4912049651664765,0.167367343800933,12.939377540972979
0.8542426068643046,0.8727442906356622,0.5187506512436336,0.5886726990845743,0.6782492878416589,0.7486068739589773,0.3295603212342314,0.48537814908684185,0.16136607794555136,0.1297839382504654,21.206712213464822
0.08104203528380616,0.002056239415785477,0.46636478772576573,0.9466424310189554,0.8696162807125677,0.10130809914167005,0.838064299965926,0.5851666201138556,0.6474765608254163,0.6695260014735647,11.722436799459782
0.6335108598373778,0.4622443739874309,0.18710092069162332,0.8113747819770736,0.8232244498850135,0.40320585251273644,0.3091946390335122,0.006071799188106075,0.374603356214137,0.37768518019371533,14.355586391455677
0.7217806390754089,0.18790852185349094,0.5309094255442849,0.8798004684827031,0.24521665376422064,0.7249138585857662,0.5418205192959856,0.8465968709081692,0.9124456542009932,0.44232738596541377,20.64858330659751
0.1422613357975422,0.8676589038295445,0.003365301229460771,0.44797469268764545,0.4541213151281771,0.5784661509724094,0.744212677965062,0.6172951858545048,0.5119536154716388,0.937009017294579,11.789690855302698
0.9257131325828355,0.20645731160200897,0.4472836282192989,0.18610680971303517,0.7907970740060938,0.5195310353007722,0.5641381772166433,0.2507581438179096,0.18281223728455687,0.7764016614961482,15.876990351246425
0.6406085589153149,0.6510832416010204,0.43235716693803294,0.4848567135549927,0.451144409416558,0.3965450324431713,0.7710900542752003,0.6019166383860396,0.9903854812003513,0.039969011058109905,15.02271033017032
0.6452371285731475,0.12433516155301272,0.9016397628296804,0.9767535639971947,0.09252461329713979,0.9288779134010761,0.4259518753800534,0.2188480062577658,0.24746178156804965,0.8411960924862216,17.647827901996056
0.3411877773950027,0.6301726013135134,0.5014099332110207,0.10262726784319265,0.8271195766224837,0.7980198995125976,0.17865572867139712,0.039166871645664125,0.45014568550443357,0.20721831275313052,9.584450535008159
0.9560419265995422,0.9911131167726586,0.48953649323472614,0.06190148244384841,0.05592585619610502,0.3327569783765437,0.861250985098801,0.5147020707540105,0.5993988631254613,0.5321276819018691,16.61299506351452
0.41121518593657247,0.6721293747726655,0.946672220503125,0.09079722488617492,0.3352304885002161,0.5858702461649833,0.37160980650608444,0.8076416836830013,0.0996960873432221,0.793735438767099,9.816013581054092
0.25190864242511557,0.43994428479007386,0.15973411309337926,0.4670788308289999,0.5592030759046712,0.4201044895443732,0.22654365627058526,0.5486598492660328,0.9424987829524528,0.42785302888251875,8.662487766376554
0.7474350260673649,0.3575396234501057,0.6436102068747783,0.31842849309219357,0.7322884514749566,0.8700097974026372,0.9338638049919966,0.4224746650185772,0.49373550164800917,0.17081208980369933,20.8971180372396
0.6251100931459143,0.6764742708056845,0.0719407162360729,0.49286330837930803,0.17943503021106788,0.6005385862094098,0.9258551213782183,0.7488896200702797,0.25034840863996977,0.209006332357356,17.180053138034836
0.5123892239253932,0.5942735330684772,0.23641457437451696,0.8063379155602476,0.83503046082431,0.4179076215194374,0.2377361145736855,0.6059372631333376,0.05847070406875576,0.24957842749807024,16.40224938182759
0.37866767204389307,0.5631934658845278,0.3770267224667655,0.9324614503407027,0.21621498092610292,0.9930920614816959,0.002847752837458306,0.35389527668720633,0.4816803385430075,0.7947916834684651,7.971322783926507
0.1193567586552241,0.1635531286641574,0.8226563338369491,0.26363719299437804,0.10253787500755174,0.9954039980531545,0.5821526001750543,0.48820971864008256,0.7972800993515172,0.1409912032649322,16.889169555490202
0.5299544270023564,0.7080442457918221,0.4627213478652854,0.20995568542813925,0.9955962512396934,0.015636766121222556,0.004690113120641826,0.5835160604898322,0.17181000885417175,0.582378822535139,6.852364064289454
0.7568282639028451,0.03125724611561942,0.8951061258521409,0.10208832270644685,0.7234294520317089,0.04577772138217351,0.6683106937309947,0.45820428709872885,0.48569199976906374,0.7582026000680614,18.534567376899886
0.28307858720974943,0.04829501886120047,0.8581888307755852,0.846632824019052,0.5773889704010297,0.3137067880647906,0.6206249291387111,0.89607971843405,0.5852701049972284,0.7788006549120312,19.127652702982406
0.4743004787267264,0.9959346297226687,0.3158000929818544,0.8820716396946935,0.8769003399334224,0.9099043213857158,0.8671981012713225,0.5369597040002119,0.5909866691220109,0.6560427707990395,16.370921151717997
0.6512860961798066,0.8608827802585154,0.3939057622168234,0.5313913948942658,0.2637384438082885,0.9269783620138315,0.35874735271042113,0.8911107851655544,0.3382225759480736,0.14376919156716117,19.51187052024606
0.5448169485389972,0.4368858450160171,0.06904861497752957,0.4292370633151985,0.30897592844726307,0.015220136801473272,0.26434752521953486,0.8820609204528393,0.7951444284001532,0.1876416032017022,5.776878773492689
0.2765678053857499,0.8359709384970786,0.128704166659657,0.8724109961288622,0.45653173699972005,0.667380800307505,0.9168122022324747,0.8403286297040781,0.2418927185442067,0.9791809892682682,14.628150058301781
0.02118904614507644,0.34772304167548096,0.6334554606157997,0.7527708971500565,0.3682781608665491,0.7102575856888778,0.7129704943472347,0.4058739865899673,0.08075153833291038,0.8880003060982062,14.835173389083028
0.4468857758592868,0.49764981588160273,0.05386927880087711,0.7121825680548526,0.42277416185842454,0.14622795037550473,0.5432499720300973,0.3504131403513885,0.28360119389216465,0.7888186071391277,7.312862035304611
0.06361239352115511,0.6140968778667981,0.17143657061314077,0.3545303427063301,0.81766519999117,0.11313356992074886,0.3934658138557847,0.9031350307650966,0.7917435764560153,0.1281020702933553,2.4937921891481554
0.12451083670532792,0.20438742631040263,0.104808426310676,0.9677946336580755,0.39108093194269844,0.1768761884761212,0.6275031155942448,0.4972820106836613,0.9942063292607766,0.767767918346136,7.277796360719197
0.7407800909555321,0.2596137063256829,0.05471961444937001,0.07294092444516886,0.021776638047102392,0.4602843354531263,0.23339009918163156,0.3098807938770306,0.6617241373810983,0.03115684823571785,9.05490849998692
0.5448426711682637,0.08500125194033337,0.3711051681740162,0.6209112897508169,0.1553879164577905,0.022137318555897956,0.14237317476517009,0.5578930735485103,0.32286398247570036,0.9168158335147436,10.589789252464861
0.24383270465792095,0.45651962607773733,0.4474788757589656,0.028059543644192164,0.18441977612990668,0.10533867710353084,0.3597854460039732,0.502084195219268,0.23571469035011683,0.6478250415859925,3.6534180977663673
0.2899088085755839,0.9488430118229907,0.40136504766885095,0.45938965054065983,0.8140657146837889,0.1554719381144397,0.08746354798371081,0.6628911095690989,0.0796616701447439,0.10939448164540566,9.227494284759493
0.24396755525321978,0.8462313091539582,0.039745736064476844,0.1885687019492156,0.21433157844569162,0.7341928205537933,0.6546230252282255,0.005836652729433234,0.9518088849522898,0.8222573972542947,8.858847077836426
0.09292780996103789,0.04950265365810447,0.585327369309855,0.8375418925789931,0.6127071511313779,0.6525612233270324,0.4434415809176159,0.9142375328849635,0.5277656225472173,0.43226775218094904,16.41062569292012
0.6093271493409952,0.7542871749088681,0.09039534290148721,0.6207180057708801,0.32488424571764796,0.5409406649659262,0.5059260083334832,0.1017835603813465,0.44701417555310585,0.5649156077907156,17.76474996132714
0.9365608817246656,0.8961874529938132,0.10253076985150134,0.8052238525155294,0.7713465878363256,0.47490594460072144,0.17814840634348617,0.44061527937185774,0.11748873567462792,0.9611436665496146,21.38192590590281
0.17464134726199543,0.7390676287785004,0.7844513625064925,0.09995195611893515,0.81729293069881,0.05158040256131391,0.17768007507450412,0.2959027518845466,0.7468746380573636,0.9392767862375675,6.387682975586199
0.3108969366051212,0.6522670223549395,0.3404288165413749,0.6704998686074444,0.8671505790075413,0.13233255142853317,0.2802988223561743,0.4367988515760768,0.09545208971509356,0.7467790744221571,8.615256805571043
0.7911426096465021,0.40906742734775237,0.9906950876726879,0.40379354199749784,0.3552428653772789,0.4733342337530806,0.5112961666376085,0.0796168414619367,0.7085181232675954,0.2332242372973986,19.628913371533386
0.8580885052827995,0.651916529953159,0.41691287146338996,0.9999554078371835,0.04118513746816099,0.5455063546185183,0.14263514586623993,0.9228358188762248,0.36976068136589735,0.8562570676105343,19.866217762601067
0.7231866807470472,0.24311094334389882,0.0827354313959302,0.30113198223814486,0.3950442064699714,0.07510801582330306,0.5695723978690267,0.7922068082435771,0.7588413832407166,0.5915531493422505,10.739388335211597
0.368243139744602,0.4998894006514967,0.1558509967111844,0.3762470690818771,0.02959166858062967,0.03843702181570108,0.11277014886411418,0.5419195300133517,0.8958951161197545,0.36270352442857434,5.295760317217147
0.15573817845171367,0.9629912331690282,0.9160271999463455,0.6198521561995711,0.9735154929358949,0.9431322940511605,0.041387901528092574,0.059352592568126195,0.8299261358699773,0.43724235239279563,20.331365125456276
0.30206147496824354,0.7860177886522808,0.8827661680815818,0.3253620877655673,0.41236394351774763,0.36347735605844145,0.40583054406673014,0.8653064635936556,0.549754497017631,0.9246225555164843,12.060025014906465
0.5750604262025385,0.11884918661624155,0.43471782305640705,0.5409008567671029,0.9253813981785651,0.9034972304429782,0.9929218719588138,0.2784035088107769,0.2984174884755473,0.16109569789384082,18.330597080528324
0.8633640353828025,0.44455585280495713,0.05780031724959622,0.2881967767930307,0.34609131294105633,0.3502223480987111,0.7075349907573995,0.9215652596663658,0.7090201256556736,0.5947299456030289,12.20461226528356
0.9608983423600144,0.7618453655445688,0.5868096241207595,0.7522062568295149,0.31454404189107055,0.22486792356474772,0.18301037974265266,0.10085674184673354,0.4347216619027521,0.5981716129136432,18.36754987558283
0.35405284428560035,0.24340286970879743,0.46838637196507726,0.3413085658362167,0.8665866299554208,0.7636891049918513,0.7911371694054617,0.39337140449359,0.5520050634719164,0.11698839630340907,15.146289212617365
0.6083583238026707,0.2348212428257671,0.8791246844352427,0.8776935248356393,0.3260592691375306,0.9509342749586466,0.4034553697979085,0.4686555249928125,0.9042400483841022,0.5985602315708851,17.009774197487285
0.9338009698888948,0.019056468170536967,0.3455289975444641,0.5872585006542373,0.9369894650367463,0.8426860111019121,0.15009226952333365,0.06483279360076788,0.9580952054040829,0.1319081583383731,24.402901746429336
0.09683882329115179,0.27890032653324337,0.9561445962253918,0.3977601523614439,0.6035430880960749,0.40785723318001155,0.4439678078561349,0.8494088223372053,0.731376072000066,0.6424566509963581,11.695188186768945
0.36281042522675655,0.29948592221265435,0.43898304793004217,0.3402605534715243,0.31772560433671637,0.5876084157506358,0.5836911986464818,0.542027433847564,0.6587657906248814,0.7286712902773952,12.558477701963449
0.16601715147087237,0.5761418178247174,0.8348768400949785,0.8552856206828019,0.041293392721010735,0.8463237102300506,0.11897880987693843,0.344487830207603,0.1268943782166836,0.796780918792268,12.884630459969143
0.17198121315675896,0.9048515246226602,0.06324324670731596,0.7976229538429342,0.5016721955184724,0.4223677193288452,0.04668609777939092,0.508244462725294,0.2185944860421256,0.9805358354934113,14.451702089374635
0.3127178353929697,0.7697228220318695,0.16727855364729827,0.8806513117120525,0.6001783901606964,0.40425226525403324,0.9173124962053127,0.9945068664709591,0.9058757870291441,0.13709915981661192,16.486262502579315
0.7962933853498764,0.8844280271323209,0.6762541569437465,0.09961980789131575,0.589517628198589,0.05955490454711809,0.7945497335084708,0.38890332191650656,0.6094925748681869,0.603182356876832,13.909023343638504
0.2434975445964378,0.273873052850366,0.2314277770224218,0.8314738881872009,0.6298737226556984,0.814514566217061,0.43879085766354553,0.3698913222034754,0.5787745247246965,0.8227634768458774,15.521247911994143
0.6165979421714048,0.7608564337757256,0.06774383631467118,0.3293454379819506,0.850922022249815,0.9923116034947974,0.4993083353298581,0.5414180564862531,0.38231221890942924,0.5282561861163866,17.548874975547115
0.22603684099173527,0.986580335603604,0.3104829940688736,0.8671444770647749,0.6885830152375231,0.3104524047591739,0.9143312880598894,0.6960177088578972,0.5843983055629685,0.6932335442463784,14.75543485796779
0.02388569236728455,0.10230013223781431,0.261896340069227,0.24060418880335277,0.0748815697202484,0.548785622798366,0.02035797144285767,0.8744936151425736,0.10463769847986981,0.876207019509013,9.061611378821947
0.13543433674061955,0.5659817463910126,0.5670906510691907,0.20480930155875576,0.35366199770271767,0.6031413557623971,0.3003521985027854,0.5094383533946606,0.05797566462000825,0.628131808573181,9.242819705898178
0.03332423699832565,0.0426463599555984,0.2615257435036291,0.16607601938607597,0.7247585657495,0.2951663413829382,0.7972106469047895,0.8322670814592238,0.8166567586423298,0.11097800440404826,7.5827048686734395
0.2173762848531775,0.18699815758836413,0.9311413340717012,0.12855040403198414,0.5380488731648998,0.7515588389523772,0.6828740547098323,0.17610736849272424,0.6975640851572834,0.08558698708123025,12.405088634127537
0.36997472886928284,0.6734294702052508,0.87861462666405,0.11206342946680992,0.4611775284253812,0.5423117450553764,0.19183755886171194,0.5263078101677027,0.919794721153903,0.5161210722767805,11.36299707674122
0.45812112379484193,0.24223453474258005,0.03795012296411915,0.7232558317448442,0.5501400481576172,0.6618392767395088,0.7406522498280289,0.49282877483737253,0.5827165855676093,0.2852508424792263,12.557470391420678
0.9823723997414172,0.017393949487514826,0.32335179181453344,0.8157295559520426,0.4512370930309825,0.8548066529653802,0.5686368709743911,0.11940527605612572,0.16910337098900252,0.5226956553278301,26.450120931837624
0.9398598125338476,0.8175306399487285,0.4118608670604783,0.023611596616067376,0.48502646450118625,0.19699069661648616,0.88797677040053,0.6068870851228461,0.906260660438968,0.46388647011443473,12.592469202417389
0.09116581779477739,0.7498913599380522,0.8583106023835997,0.8032010284233196,0.2183817397920157,0.3565917204426501,0.038797458400308904,0.9057324345566373,0.5521249137118083,0.48730692500512807,14.425513085230483
0.04937617152943308,0.17852700782669872,0.6246333469724362,0.19474717352346282,0.3556493692941106,0.8644437056038357,0.6324943678211002,0.26588578210330904,0.678966347932076,0.2504135633977824,10.867196558543355
0.202413221562887,0.008900380742399072,0.7468193768323043,0.3678119803212917,0.31906608813194104,0.8868262668656457,0.7237125568136469,0.9616326633907608,0.7118318999508446,0.5190857470989174,19.44547633936409
0.08572108956886937,0.9677071861642232,0.863575827484122,0.3612093578987151,0.17552420556906123,0.3706702149625406,0.8460441026141072,0.7122535689087311,0.9348701960861784,0.5662271063907094,13.720903889300823
0.5469963150000544,0.7979488921448813,0.07865451333131035,0.4155711058822057,0.39266272666066904,0.9124731097944142,0.4990149208228293,0.31656600668148904,0.40826419453334584,0.12212457121532128,17.14985903171439
0.4131383229520651,0.3500956687350111,0.5277244995642214,0.023627510283454223,0.7857886342807071,0.7517481753390277,0.8622497476541746,0.3806892528675345,0.9133973971652691,0.35843971220496684,6.479358089984969
0.1534421536253201,0.45036000797242026,0.9236488610566165,0.11459375855539555,0.06861902659562202,0.314289946450066,0.989405078586199,0.1385073163685322,0.9013601940895049,0.9444220578102681,7.450863814029149
0.846829213111671,0.7419455533734497,0.034896478476543535,0.9009827134137627,0.9617168766394544,0.8163879659083771,0.2613457743472254,0.8877622080816915,0.0157994753216939,0.14591547878091293,17.495235631051237
0.037692440365314495,0.3819435347322806,0.9506370155554827,0.975286910842758,0.9403101233034036,0.23252113421925968,0.8740380181859885,0.8051038213818391,0.2759714666752313,0.06467140888805112,10.824814224084012
0.9988532803309694,0.9470256654856912,0.9597216806641585,0.24956687244224096,0.6680905033179309,0.6593826683970845,0.022316824485031583,0.757252804802891,0.04142242026463028,0.0802539313037951,24.011449849089363
0.6894713994335491,0.5949751159467982,0.7581793889265556,0.4067641438856512,0.2507193601088633,0.019609278507079164,0.4282688611063199,0.2822841204526989,0.3514921437069469,0.6155168781959871,11.383020390411241
0.34993749701097,0.2986580429306507,0.29163526426819664,0.24822373092155792,0.5636065957003165,0.5182593070632864,0.6690418979316001,0.24504548110233382,0.07837392982189406,0.758990939711958,8.505602149039557
0.3497596272603758,0.9803730934415958,0.7259976329206357,0.7327898850373528,0.9397594463518526,0.9082489811148948,0.7307222523519634,0.19167773689060685,0.09892810634960147,0.1400735565483392,21.407453047180052
0.15830282107898763,0.6218838476333385,0.9484054222076368,0.6629459961255332,0.504337096952658,0.4239424703205755,0.5890706734336846,0.38190313840560497,0.8345902300613862,0.7432062741370183,14.361049646303771
0.7502041712544887,0.23449082793054177,0.4167764900822458,0.6683740831872873,0.5086497649944738,0.4594786587180726,0.8900225240451988,0.9959086802665096,0.4448314652287638,0.3948679092769224,18.17029792895003
0.9023151519446667,0.5075514715229004,0.7150773525299692,0.7094637268015114,0.8047123318296844,0.6654795888872841,0.2228116067630016,0.39941495542653715,0.2755438615646144,0.06023228352406951,22.926490294534048
0.07667722223838791,0.3961530260183712,0.7149227741338255,0.389019004080851,0.9181602341241283,0.8712789993021035,0.8915849368622716,0.4813707569510153,0.40803654937555744,0.3990894187036661,12.483762688780327
0.32174506282131776,0.654433968829345,0.007023522006279426,0.9006495499066361,0.31002698269396134,0.04361963742234942,0.7238565649915331,0.03147298973375667,0.13422157307947602,0.14605878140300033,5.874793746381187
0.5300675620331121,0.6271886062448918,0.8598112672375245,0.4098865985649789,0.9352331793335616,0.31343028471578926,0.33521430170633293,0.627036697352309,0.6365466456471962,0.315023344099972,13.252652361674372
0.13985201305522998,0.5812280512151695,0.9463451426370317,0.5405636887024959,0.3347263238834792,0.9838414686034608,0.4023671585483223,0.6373560685064116,0.47615515499348937,0.7675804208580412,16.716272905541008
0.10336775425706546,0.091360922916082,0.7278218088230658,0.41323294494014484,0.8361524788553126,0.5482040132881506,0.07607190419128762,0.7241556215891993,0.3398103161454439,0.02619486153427042,14.30461866048428
0.5903727114464332,0.41948649957513606,0.30943654949078514,0.16875104929227192,0.9012875905467697,0.729783781756602,0.7520099844993402,0.619437248392859,0.195019459280374,0.9263928674982262,10.895063670311542
0.173293096035947,0.6239648791316419,0.09460909369911708,0.5223067682749769,0.9519272257698814,0.1787894372231249,0.33293925589092055,0.5547549101743807,0.07483384194102827,0.6730614059196847,5.11833098456335
0.5165155632582032,0.6462383921227323,0.2994943286537757,0.35322624589466256,0.8492745173975893,0.5963503762352503,0.766596608922115,0.7277495636481155,0.9855729212394387,0.9808541464615264,14.212186342239978
0.12903479225075998,0.03925334101757305,0.857060062783077,0.4581212836242221,0.4210014618644664,0.8382461726867164,0.6637344696300558,0.15855216882424872,0.776554115481692,0.06357093632875044,19.929719141971958
0.6356782102091179,0.799015277370323,0.6613089586348543,0.36247217196335824,0.5099682085593142,0.4620630699137539,0.2563451094996817,0.7652070476642864,0.5175247979860998,0.9717195836175111,17.659829344361096
0.5565388981721597,0.7329696526138679,0.20102966723214177,0.6424787325136223,0.9873618152606431,0.42836069656680464,0.45825125645668596,0.7499103870337352,0.2476674765645278,0.7265246820915471,13.088458245064302
0.5472297952119207,0.8540695179917849,0.4245904365122736,0.14920547939678153,0.6943251942898505,0.7179192116015669,0.11517895324106242,0.036792197493305756,0.5513133714298567,0.4774384654111481,12.615867458649682
0.46897022361437113,0.4633352201871075,0.2617596994273641,0.3395772483097139,0.02563347157942908,0.4068432534252815,0.2963694647482915,0.7973699904820822,0.050931829962558295,0.34201326842110713,10.133474011952654
0.09620718356388225,0.6940739178807145,0.5652562793191168,0.12552106785312023,0.48365618433228663,0.8131230963416585,0.8904025684820822,0.9421725983091539,0.8917230400566499,0.5071910713328294,8.283294696646463
0.31075624766893695,0.4400439264994521,0.5861976022385204,0.6631920274949384,0.31489871033711203,0.7234666844062039,0.9357974215413181,0.24939907307739007,0.813269918162203,0.1501176753413862,15.512989687029203
0.4905663738569763,0.3518065318377067,0.14635622513423907,0.28056240393843235,0.06755776973261696,0.39701034379527134,0.4323774173201711,0.2805253656459147,0.06632591435535029,0.4009419951879295,8.060362799195271
0.72518278182195,0.7108356800165262,0.9467725947572464,0.33296958386573805,0.7637002820475249,0.8924325609453799,0.07370526643405717,0.16366019704893664,0.30609320118457783,0.6394737983007409,21.23814956006496
0.8925308175433082,0.8725848247646215,0.3639776817040463,0.06412112217231258,0.8588816354724443,0.07107926816719046,0.02950406219961177,0.33283249163002393,0.2788624340905027,0.22720928794865658,13.31281505476883
0.7550545839609574,0.6452297480184616,0.8140432227565065,0.1303512099161832,0.028460139057462253,0.5742758833590696,0.29865382613082136,0.29179095542494293,0.27005479828208634,0.03499259440456359,12.0249433653925
0.4565695424371107,0.1820967838729165,0.3176587022330444,0.9995886819903204,0.4877948335076633,0.7182837807020531,0.4699046374193325,0.3942846060818067,0.150487711260758,0.9592135422142153,16.32065278167485
0.19421332984958883,0.9540406474546017,0.251798045542185,0.9120928481914112,0.25496142691794943,0.5937437899897251,0.6158203120762671,0.9616070055233922,0.258147459672741,0.3802926202709964,18.979184922280186
0.13801577243256336,0.30682295436102824,0.14580776669376738,0.1718452427324978,0.7584299185297845,0.8491421127841956,0.7018734031176349,0.868810536123146,0.33928371213240516,0.3061721601502836,6.8547661455904025
0.6285609684177785,0.8813932701921651,0.3419303362159639,0.490549736066342,0.9363145961949376,0.8955945079635316,0.14559731127975817,0.22392072743861346,0.029994131298199722,0.8484791513642803,20.630238790371568
0.9834671880092102,0.9507787001364366,0.62762158310409,0.7153719076486824,0.7819798847385594,0.6407392947030898,0.16575549648972265,0.12808701290236657,0.11756400945511769,0.2979961981160726,25.137338272083916
0.4571900037690073,0.15823678417978382,0.3672712222088472,0.8861925481836,0.4994741086862816,0.09790443909391189,0.9249598951624889,0.038563141578682236,0.35488749792920904,0.35176401939255764,9.404381126571257
0.7634233541548529,0.5833611403502744,0.7431985741221251,0.6059503387896613,0.465350719071578,0.399298658935199,0.5755500904676034,0.00964142995137307,0.43788878522835506,0.4241886168779019,17.607489571231813
0.36509940678443775,0.3964335004970959,0.6708746327159136,0.1304984810989691,0.4048770787864764,0.28279550073261717,0.4816873099823642,0.9830549458048096,0.47907352812911974,0.21410631127051039,10.037018826321312
0.25885691851428483,0.7645048599381835,0.8086805235946996,0.7513472255504059,0.9907082041922634,0.67084841792768,0.4360364363440168,0.8453616303735345,0.8282405528292381,0.7534657330703272,19.04484093012161
0.48912062773308096,0.6714406334200442,0.6950673680608335,0.1475905559675338,0.5258798962888236,0.011787142317812527,0.6991218087495533,0.5641392566655554,0.10048135379638667,0.20285966300708813,9.042037004536642
0.9594487653862503,0.8664228480599826,0.2228858815560637,0.05061803531279385,0.2720254783205307,0.31391286667095386,0.1564335307480097,0.720137768206414,0.40135700157145204,0.23420036028944158,14.558633678931612
0.03517024572966054,0.9899644863768639,0.006974940566710108,0.8056572247240462,0.9119620033384797,0.6851836895463592,0.3232044921156175,0.5636955661191853,0.15642346565419807,0.9796390599089598,15.218866405220615
0.046807278366870375,0.6311335291058467,0.11994294419229834,0.32878789486893467,0.5497345311986042,0.6508759148137768,0.8201344925552868,0.14690457101516308,0.8466175759409912,0.4734993509123008,6.233090298311867
0.7447155807011865,0.23718680145392457,0.07589826661658416,0.3977689790097859,0.4764627022166912,0.6365288481979903,0.24712492779036344,0.5381169846135395,0.165617013259184,0.27116863509487976,15.354888551024198
0.7383084783078914,0.8641044956017201,0.30176078974363696,0.8571324974220028,0.8664098859023819,0.9573971104151278,0.6217320340428791,0.32326468844437695,0.1968684721597479,0.37787062446948283,17.697931802866503
0.5372781577058812,0.22649512232358138,0.10635246707606094,0.9365785156880101,0.06205941992230812,0.6228963629929399,0.35200856294119887,0.5607794692113444,0.3608022918252788,0.1720800313587385,14.815995407463298
0.5201811234281025,0.9424944790117257,0.2972454992236121,0.791209987400903,0.8956784534419671,0.2243648611522916,0.7661118828698895,0.10463202528909998,0.03785296986212683,0.2259140092305436,15.946908263225513
0.3764857087873369,0.5594588110899459,0.16891436141562244,0.5678575930362368,0.9363708293567137,0.860812398870306,0.12556672879587027,0.16079356532503208,0.16535999945345048,0.2996009407500376,13.785409008415503
0.4165224325596173,0.23872780430736307,0.4834744503831785,0.06715365541965534,0.6818068929719031,0.47167929316796664,0.5441030955163312,0.20866918320936023,0.23965103659847042,0.8463188076598788,10.822374954047227
0.832330370277222,0.8989268875018493,0.00798130751331183,0.5155432508595758,0.8703788539418822,0.01086645318724988,0.9840209774327405,0.04464875168077043,0.9556195820547371,0.5283350487047751,13.764273594331952
0.12244366259447836,0.22211840856590503,0.36172549839404533,0.6578320301636397,0.1533976205791021,0.6390090724665964,0.09450507659155172,0.5227990705103027,0.36327057790279793,0.2535884718715087,13.560591782177717
0.7044152113406259,0.7469905028665442,0.14821994480357892,0.6523674632394376,0.663560104697354,0.5014432867275116,0.5809223510057867,0.7562821975651519,0.13545296802054196,0.29895920672219833,18.088844153325212
0.29053954349205746,0.6134644839004919,0.5003993795565669,0.8415659510173888,0.8089164334641478,0.37415607474165036,0.7796798500544734,0.49096576616285637,0.6611309187525214,0.6296716909315396,13.929374846770072
0.6542361661059998,0.3006933327020197,0.2532094568193971,0.7073053718959067,0.715184307141741,0.28262904955766743,0.7606106679422572,0.14680321570862143,0.7264323543058943,0.1763159777967186,15.022461977358107
0.03667077895170989,0.3788075209597206,0.0013579124164958545,0.226227914882699,0.8474282232990463,0.852181752396031,0.3627323579220253,0.3290333431840661,0.5632838496709875,0.7283173401161698,5.503889335541278
0.31043107778164236,0.6609660676029513,0.9236475985627913,0.8476983836197576,0.7412220143948045,0.9633051256050598,0.9456876172987958,0.2249879128141795,0.9298750872401205,0.012559869189738504,13.5579954199569
0.006313323416414884,0.8404685938960451,0.634840102771361,0.971830355765476,0.8458092283396779,0.005791930509064236,0.8174333098030392,0.03130738002893785,0.8406301068972841,0.9519449154283144,5.765298586524674
0.9960682134573157,0.8670656079145171,0.6671620477109019,0.13361942375712532,0.985146189352564,0.7574668523649885,0.11803174308721698,0.20935601033416684,0.7603489150398888,0.06767414468874722,19.352727160056904
0.5882974324281464,0.3680152072405445,0.39552382190388913,0.4194324607094634,0.5577261364688487,0.08614694807590872,0.31483381103243613,0.9154922194548097,0.20316532330538217,0.5129636704873692,8.991520078772723
0.8500008647803496,0.7414412914593638,0.9824185344948845,0.30285590156637077,0.0016211976003757123,0.4188872884939022,0.12406353897031208,0.039528891153465806,0.00020505995099240337,0.802361943051391,19.589399447452937
0.3342674455272877,0.48797833287728354,0.9173680484359462,0.45032024718592345,0.4044244152661778,0.6522060870937223,0.8523014162503291,0.8557635885745322,0.11620719858323658,0.021535281189253852,17.37757384545874
0.22077432597490954,0.23363284220712133,0.21110620060482144,0.005355523482025726,0.20952025994712875,0.6100891000429638,0.7992381033551924,0.009302152448381396,0.4603606452261866,0.5651456070501975,4.702796593922495
0.9367317409578392,0.9744212235698564,0.1397857885846444,0.030034991782125098,0.28183287085658515,0.5341815141164369,0.5332850355523047,0.34289769005277315,0.7358705796790583,0.25798299192273955,16.10387804332761
0.5731298943877277,0.4291947389372359,0.6779209377385773,0.7294819223090804,0.9099146871461553,0.06049094027852531,0.481396584235267,0.14156307095671905,0.5672049458861558,0.7624559981902252,9.997332978179333
0.9759650119342128,0.3789427043217146,0.5029671587815989,0.8668444208856966,0.06681647388698742,0.6855550652766005,0.9422672980386416,0.8917647329197217,0.6786086669646436,0.09655410418377575,22.488641855193688
0.050694334796108076,0.5063141426957127,0.05706056464356224,0.09926976366055651,0.13911771857158295,0.7710061640727687,0.41499726208559606,0.03530089900254496,0.9757894262862931,0.10411835515543255,3.751359722344351
0.3318802755944519,0.37769854809654746,0.44794284570093656,0.5009154253162172,0.7235887477791154,0.9248072022587649,0.5144711249695266,0.7729272174232953,0.9148092721808132,0.4082573405664167,15.32413488782131
0.3704724039412203,0.07522896844510163,0.5889645156093387,0.08408377793189759,0.4997629961352532,0.9704781759025666,0.41485342219545973,0.2759784043851192,0.7592615137045715,0.6503564803912056,14.379649634772079
0.6698715460865629,0.16809148584297073,0.2885402003339069,0.060649980239577794,0.42530862575881223,0.4811362765957188,0.9196647797817498,0.5347239475749976,0.037687320770446786,0.30039857415380067,10.077916019524274
0.037571109158621496,0.9060331209686776,0.8868779477544655,0.8747629313325211,0.659059160554005,0.9239036560851133,0.07974516781667018,0.15871961418126246,0.5746615866885662,0.09652234477062738,13.159345232643087
0.6136608809543326,0.35069447339433213,0.5719781579657985,0.7988512114397684,0.9164923410463033,0.13010092063284062,0.29256665208703925,0.5528379171713919,0.26369557045244085,0.2767851947397554,12.219808905943498
0.08670101820023501,0.8655562314707398,0.1401431782273831,0.7297019610013185,0.5831269162249724,0.6380560993755708,0.25883337463850997,0.37929462833324923,0.41187119874309863,0.2535643451408903,14.567387839397766
0.03371012206212021,0.982010738844051,0.21605753482360923,0.5680514452139077,0.9790466527621657,0.23948618925621545,0.33309422472309347,0.314402064836539,0.6234413240657148,0.03911270716809445,9.153654250042246
0.017165441588521624,0.7482845496331135,0.4881512906219646,0.7925259126141688,0.9042941508706889,0.5818117683619344,0.4930966817855975,0.38134924693417926,0.38740498911262855,0.20555901132095233,11.612971720164024
0.13128115180018618,0.45162179566687755,0.19920658673715974,0.4104021973595007,0.7395226028439016,0.3199117970786689,0.08868841851270282,0.04306828788695305,0.5424133093909098,0.21267349114283474,5.925953465785903
0.8677510406202051,0.3646421262989753,0.6374672752715478,0.6009028851052503,0.9616369972584872,0.002662788697598173,0.053718379307458486,0.060596034315466785,0.41536721523147047,0.5305125939692155,12.268264099595749
0.7355635567363117,0.23663452925663064,0.7868365942562594,0.6085440020972623,0.24918909729937289,0.08391191590081859,0.5510608437982493,0.8126089795504503,0.09753823724638289,0.5028739364048578,13.260622281329344
0.41518558048358656,0.4613811017751711,0.35931747181416374,0.9125669498288533,0.5234041731385489,0.8432301543625884,0.5550089112347102,0.26620763751036725,0.14676680159817557,0.319396300496422,11.520259363699136
0.4752486197568845,0.9388100087070896,0.08070041601542566,0.9195087296647346,0.4280163413332414,0.7125999676915725,0.29351331884437015,0.3472527187311386,0.39901558594306197,0.7634974269442105,18.318149588332496
0.8091052646464246,0.0739179409980707,0.7862579440114441,0.3211662457919966,0.7017592601386775,0.2895358929833016,0.1965177823241797,0.5421773683298016,0.0172074435135543,0.974542862830533,19.539439613630215
0.957770477939099,0.11198450702884466,0.02311721996517213,0.7352967094876001,0.8347414429605887,0.04508163321427816,0.6577075524188838,0.20604093925331823,0.9536610355495238,0.4831840064905306,12.702688154698603
0.9786812527254074,0.9829217982392481,0.8808191614482536,0.44131585371007087,0.33345661040365604,0.6611331330172802,0.6469789890438121,0.6181784935626139,0.6381999616814542,0.9368361274437317,25.934403708005114
0.0961322869547877,0.34313011293652784,0.621683244558812,0.3387553378477349,0.8782040844487865,0.37007299253226544,0.1918385978495094,0.00946306056262236,0.961609387045876,0.882150063777939,8.27397907926395
0.7441600110834511,0.08337608112566741,0.920850022065031,0.21254273161003134,0.27787469427198674,0.9258947162051814,0.7842611358634576,0.8893204146375348,0.3362372339790133,0.1388455829630354,20.378083106955362
0.9318763287622408,0.22298916518205436,0.14022939009763669,0.531296399561801,0.6427289613232932,0.8292177798381145,0.9676589697324498,0.4155505877551108,0.9250750170213329,0.8253868530451105,21.001592528397413
0.4642671816362157,0.03175890217196564,0.2663684653864262,0.2882864785071806,0.6470042106046466,0.16248772067367045,0.6916562486409106,0.3385097613530773,0.982275392945201,0.39463929173250356,11.174419590050787
0.9542236952641332,0.9330421353883201,0.714697707258023,0.9932150218409717,0.5126946216282182,0.5750347139469227,0.25787234232157785,0.40849161042509285,0.9842502020115282,0.9789475397126122,26.422824711478974
0.7070914913792617,0.5165652187971004,0.8756292371554889,0.5999156867165566,0.36861177002026146,0.09540643124494785,0.9759215406814165,0.8880615869061841,0.009592733342087545,0.3642368746372766,13.025476071999947
0.05317101666639423,0.7839573950434056,0.19676523191033657,0.06815532667172941,0.8331783455516624,0.7141878389720474,0.37132311102820614,0.3531419799184835,0.6616488072642259,0.310698428933021,3.3714336394628823
0.35923507159864,0.7351018840057857,0.8042430839600794,0.08937021007782353,0.806255046410904,0.6282621088443041,0.6803745418957765,0.41226379255643686,0.828220035350469,0.7509841967736096,9.770991122295403
0.8165603120392431,0.8207663940048043,0.030966816223936267,0.3304494156461766,0.7535047984473134,0.7001129849498334,0.9500507983219072,0.2824619366805018,0.899030964765138,0.3276096709689793,17.004387995910985
0.1116957845604718,0.6540390149878971,0.3540395216479848,0.5369825708584725,0.0771929668777932,0.9915699017567633,0.36981911494150843,0.935862643054726,0.4437369656295487,0.10543332539018535,14.486676766608444
0.0017935740709811299,0.8216863170160018,0.09831076974153097,0.15581682217261494,0.4523859361643322,0.932242139894842,0.4443215855862678,0.14090844841649453,0.7782105443182733,0.23553199755405219,5.628090580025965
0.6682811768117047,0.7214943306078003,0.3480780321980155,0.03741707004603112,0.6148556212750084,0.574185684781217,0.5148104457462063,0.31846499614899015,0.3224264172300032,0.8826113089192181,11.643170796261126
0.5208130813077447,0.9189619556837338,0.3265347409859165,0.08136400332985094,0.8312540807371182,0.640387929335636,0.7121092459121838,0.9370653380596413,0.101274007283363,0.45929360460629487,12.194689783375482
0.7308876709579774,0.7773020603029828,0.8623844112376199,0.9154950444772813,0.07060850833856536,0.46445586061146416,0.8107030402253025,0.9614583134756411,0.26742648220725607,0.09100841491533584,22.174158407252236
0.9744373210974194,0.24297812512551176,0.3615561151864247,0.8293139737166045,0.4534070043223958,0.8072248564418251,0.1855778333334751,0.20137853050711862,0.26182170700236007,0.5831201517792507,21.085463916542686
0.29355187804372695,0.6903756326675149,0.23656067285458793,0.15726038604654857,0.5498889318273109,0.7443220858831633,0.9468675653952761,0.29463051798440265,0.9586053752153834,0.7258458655651285,7.1707026386477075
0.10238737132902798,0.6977682020703195,0.41353804786787096,0.4169391739613072,0.4162463479213069,0.7744961131698045,0.2859125060298704,0.9985911208803092,0.11549903858978383,0.7473418640736001,12.360802041662959
0.20161441863560425,0.4838277000125546,0.38700409825469306,0.6124233653244132,0.1426885924319985,0.16540952759353544,0.8030863095792182,0.3995949395018801,0.8915778259270314,0.2959458305127858,7.982716777387393
0.49025687428061504,0.969344364682126,0.23843952459148832,0.7714262445713315,0.2200066025859354,0.08069410945558964,0.6668482524813982,0.0719062225658208,0.06967866626032992,0.037441651062913195,11.518242191497707
0.3823324019687401,0.30388232533095194,0.5792569805990447,0.08304616790089436,0.6572974435137895,0.9816174840445695,0.9961596574749896,0.3116066150069612,0.6377364787013483,0.2602363126207279,9.402011148456015
0.7917409326949664,0.14120502124930512,0.8333053224844255,0.34947991985283644,0.20158955720790228,0.641109429600062,0.8348866714778098,0.9521924981642658,0.07680056041816652,0.5948330926600758,21.215237332757187
0.14449003916361425,0.5884883636409238,0.8299448990475279,0.5456404421238756,0.914830178551761,0.6165572637595739,0.7475542581697464,0.6825151798143569,0.8398167764395832,0.32312558214071274,14.152686499634989
0.9874560779093692,0.7520679598353114,0.8900360682766622,0.2568501507744979,0.230431170980262,0.22741814728016663,0.94866382440483,0.37948998539465395,0.8618847210164634,0.8280946602008814,16.507834583553954
0.8061888269335203,0.5573096716287682,0.15462627653136773,0.1254399477086875,0.47019587440618704,0.5991416933825159,0.4818291805933067,0.4985935048878114,0.25441512585748405,0.7974514700594141,11.752637791862707
0.5846851250947112,0.04094237920797905,0.8370724818596799,0.655242673831767,0.5462577903078025,0.4051115283210446,0.9095094888423954,0.6112612458358798,0.15603033516925602,0.1650747817572138,20.435933960972026
0.9257117774244269,0.046319149105893964,0.06658253325955066,0.35035925465796813,0.041811404857534984,0.3330454858427502,0.39715439526563223,0.16114728186398808,0.18550655083316536,0.8232197380061812,16.760954356595843
0.36191794576735525,0.7381934610773764,0.05323951785731906,0.43947812267056974,0.0600332736276219,0.021037280663365743,0.027175070981052762,0.26235391726165425,0.6436258855214054,0.18942539358445531,4.761043427179099
0.6291537384381517,0.7677376969985393,0.6193379503250832,0.5621791789798871,0.09558417037784872,0.7961835693250033,0.7410174898675993,0.568629696108624,0.17497385475029537,0.8792081559179648,20.19808381668703
0.4189481752259414,0.28915397588587166,0.5255818078685528,0.177323004327003,0.06066770373307817,0.5857647878251055,0.5908721257580446,0.7740606257199303,0.13834684242846462,0.48079334308898813,12.44732655196449
0.6895965719910725,0.8419907419423505,0.9111503096674615,0.7291990447276893,0.4186668832218784,0.28297473746239443,0.19203405310282773,0.9257221284924474,0.44277132685202525,0.8184203494288195,19.816669445724123
0.5857858051809223,0.42619822285245423,0.4194584813064113,0.026527297283142848,0.3278340897536872,0.06972580279153584,0.6512119369258584,0.9772607984152564,0.8571760519535777,0.24948997835438713,7.987362665927606
0.5911882782045965,0.23035264021428692,0.9142815435634428,0.739307051039206,0.7426837662530883,0.1908801331473844,0.8926289132646982,0.9411945364758673,0.3262577083807281,0.4990610475898224,16.29670136378269
0.46420571486051454,0.9949386908895973,0.8338823299465842,0.34608626852924207,0.28283174432493663,0.0728696320269766,0.9386905755740164,0.6694704422473359,0.959428159807651,0.5040379418202316,13.737398605350496
0.3093867566543058,0.4585678915985326,0.7838945364566412,0.6564968488356575,0.3292709080505315,0.4861028321956642,0.845376284329789,0.5651411726894041,0.09092952897402884,0.712422428728448,16.124671436422467
0.9603567223011742,0.3120381483425434,0.028360591136874724,0.12406268129999432,0.7043426030147131,0.6431367817109507,0.0827443241089112,0.6644866242342061,0.7094534104941009,0.11082887450646317,12.079585372238395
0.6730232024591472,0.8848000490649524,0.20434333399750082,0.8782723762936667,0.3652247128407623,0.9015335285341469,0.3131594752645017,0.9678061143939254,0.3882917922461482,0.5506407925897687,17.76303239531731
0.9384583334650834,0.6599323278828434,0.019981931456948154,0.8671937406568648,0.6708417712560139,0.945333347782571,0.768983078832466,0.13867060014917776,0.9032152189274482,0.06436768563354289,16.57964436010335
0.8489683776638018,0.7043705180983946,0.834197145972438,0.017270443867997143,0.38962188781873364,0.034795492888023194,0.6338744943582015,0.7262079240844278,0.7829506214141174,0.6955503832250206,14.120887706333079
0.24199453419103878,0.591716728738616,0.7776333293985435,0.9791671306399528,0.5943515379659704,0.21930660307188432,0.7856273937882876,0.20517846886082658,0.9750088635539929,0.19862790015332077,12.49335617629626
0.3162454208030143,0.05656382560671769,0.21755445665661666,0.8014377549432192,0.7733297651694191,0.14026576325349582,0.5234848860999547,0.9406394107780448,0.40829126685441575,0.13743875513358317,13.15787359513784
0.43137428879408823,0.3878131073407284,0.8721812900659559,0.13570209161569835,0.8402601705492372,0.06878349784094695,0.17811309566291322,0.4840075349732702,0.617315121234667,0.7815649709151835,10.036634738907502
0.5578883465554059,0.923670988236625,0.7007011806516446,0.7301203325619419,0.33254620471419805,0.24774992841546362,0.8920949557564173,0.5387794357775237,0.9784466874237372,0.2394327597720448,17.924239931243207
0.41955736686619605,0.5795455705272864,0.7820532155252281,0.6671233960254089,0.2125887614505203,0.5311977537578714,0.9946757155305199,0.21969584141921583,0.9613505985892743,0.4383488311779138,16.37534744000187
0.6529830288678763,0.8753239766460889,0.8207901509987802,0.39416899661765425,0.5177391178509576,0.9840894568782157,0.8574586328967824,0.5332174861716575,0.43095512278436754,0.8908637371919303,23.419911907630127
0.3852661598049203,0.14754693725472356,0.023122875969230128,0.08947790627845842,0.9471579647218272,0.32217228621610106,0.9709244494920153,0.1320178494644635,0.4678669189176765,0.600532466433369,8.156786030701666
0.44130528194097407,0.2872877851865946,0.3022411220972866,0.6343175450710475,0.7275078937506091,0.1487274019257092,0.5415413557304345,0.5432234645766365,0.7759504836961213,0.45047001442171575,10.89669821685188
0.2616975885385956,0.6859771719715552,0.9399462251013471,0.12032427586900019,0.07158419512957215,0.01708727741158156,0.11899543063955398,0.28564659328046005,0.15118487650601897,0.8627518476741735,9.385001889807677
0.6920502592151847,0.16036435459872678,0.497074621938678,0.9746164410410101,0.7387229916115813,0.3710768929340946,0.6301698430974731,0.28178781660136054,0.3129335303607157,0.8427909553295505,22.859477392872808
0.9669471361676446,0.1665588351837205,0.20315957359400227,0.09600041295547435,0.5269191115940512,0.7138602571688623,0.70592476213445,0.1077395881132569,0.7164168049421711,0.7562791907273374,15.176599237272356
0.6712402343615252,0.980466059722414,0.25822679277991967,0.6891502835315221,0.24244480375116217,0.9101162808769315,0.8697325517698606,0.7585343406008788,0.38720826733249647,0.3345007571588402,21.670118288773327
0.7890216389846836,0.054468361532924,0.8144640133466448,0.9284962449975922,0.9987908273689428,0.2222168380706563,0.03417648587926925,0.49794039708275284,0.9686659206117032,0.25320644610832155,21.9566015151322
0.7545089143590902,0.40316920561838643,0.18557073000515711,0.9952637601172047,0.5633592909952181,0.844360126814261,0.11755058240681049,0.13344236385674502,0.886136973200971,0.8841406825370168,13.031964538668236
0.3417574216595478,0.1402762875366136,0.3944402177398699,0.05439464223997026,0.45603582469848036,0.7803372139925036,0.545286586025153,0.5005257340061644,0.13894021218992414,0.2436915658244605,8.580449549393025
0.2658764585957264,0.26324317325137303,0.13853731465870578,0.12240309094363333,0.5731666153199219,0.2839410352550973,0.5546473556772795,0.05407376604326608,0.8161399752083408,0.8447970710312381,4.513272795809482
0.3936499973746651,0.9345500274137375,0.6708261744672974,0.9085263949959459,0.951091586252264,0.5303902071771462,0.6982559838539213,0.49745343012862275,0.28630024749716687,0.3466359152006795,20.35401809791238
0.37095319202829713,0.1383989916788474,0.6047752236178819,0.13560545760099751,0.3133952469166208,0.0546468574598602,0.21333135613324072,0.8272248812311341,0.9775646068686935,0.3402497737910567,9.262962258126993
0.5440211654542393,0.22126304062906543,0.5836493964201992,0.38409200466247784,0.44179894522564067,0.9113596564719908,0.8409152125438573,0.5163843283397147,0.9822504186381632,0.8129206673324911,17.37497598690587
0.5170065923783721,0.6423626312646755,0.3456442026168324,0.5364585320511963,0.4980692497665896,0.5084734030113744,0.1397363519687006,0.6645719683478805,0.5237082809630621,0.2650792032569933,14.46648059135502
0.743509305547377,0.4650404122373255,0.4954917206413234,0.022916860386373528,0.616242414937486,0.8469404992458854,0.5283272255845496,0.041206606199038154,0.7328469322624618,0.9497557182311012,8.596418075768577
0.6496998209301496,0.8380066266818951,0.7379748717562321,0.28059056704254015,0.6551634447672684,0.4686756906747832,0.4451360038393596,0.030966502467936863,0.29084993540868453,0.9553359274764249,15.731873493277684
0.21809158276635365,0.9101649189909998,0.4130587779458037,0.5550497292061326,0.1511371568296065,0.048620590046908,0.6380083000522718,0.24850512599839614,0.10464278561624374,0.8218958245770261,6.611419148064853
0.8591526798596951,0.4500009508530026,0.7246496480566805,0.5097706072472261,0.0010532104722451585,0.5289189019884688,0.29855873259802934,0.9573894168447757,0.21060940360688551,0.5972119810098429,19.272101833698912
0.0017188705304661545,0.933200003455644,0.27709708548738354,0.5132828595269773,0.6217138876045378,0.44585981042844547,0.5465937583604701,0.2587304545689716,0.030666212859399522,0.4332903509331767,12.371617782320925
0.0996226507228507,0.4357933343853525,0.16698687777203491,0.187022664141955,0.9348367996550113,0.32738565031448374,0.03664092360549909,0.6766297773850292,0.2475542008724635,0.9996629065628004,4.8493096764822905
0.1965305915918215,0.6064260260845081,0.7932317165416013,0.813624430509829,0.037035583862533805,0.22484110965202242,0.4376172065260966,0.02247720369246231,0.733744069674306,0.09085368411615169,12.874338228897946
0.4167827765486596,0.3618878753946797,0.8375089042566746,0.41974694847332217,0.050066987231911275,0.542101897489222,0.02217286096994764,0.06061504596805589,0.909169457844889,0.12250767670448837,14.954519699732819
0.3903466217104915,0.7722801770028114,0.4107968822512481,0.3187293751579847,0.5397924895319357,0.0032589031731095064,0.3494677988444982,0.16263431005915763,0.9419738264927081,0.8253385971979174,7.585133101613789
0.9057965551330972,0.6397950013910161,0.29052450524656115,0.2497328664038273,0.6765429670901608,0.13408886484744098,0.4196065607188044,0.8206548626828266,0.8908338052691482,0.7537400946512791,12.308598037566224
0.54913978875415,0.7508999875231324,0.8847335669516657,0.06520509648079997,0.08878671411355854,0.14533815428128638,0.2821481377534255,0.3056594215924958,0.7474436853405417,0.30010434483973025,13.079986777172973
0.75850476128374,0.5856276767064988,0.7435919241188963,0.9148348555527953,0.6769993260016347,0.5811400958187989,0.2666683814527909,0.42014074613574826,0.12669198608866528,0.6181795827568878,22.654604805866704
0.9786115414147298,0.756322267157363,0.10228325441724984,0.4566016095922384,0.7249013817463666,0.32745228155303874,0.7716219594478126,0.5963819074314447,0.4292573688017184,0.2205907259766524,16.05397003320048
0.4123837085163464,0.004850641282149182,0.6273515226434143,0.7503460082417024,0.7093927102889959,0.044108012088863835,0.33543349693743907,0.30847635157971176,0.7841667121813528,0.7221408746300205,14.48600096286042
0.07980270966278968,0.9593860068033647,0.23955529431367262,0.4114334677029293,0.7686480568093704,0.28901314946770784,0.3625337561725479,0.8198221645775032,0.6057111451696953,0.6426710123659455,10.517486965650427
0.039413344750242496,0.2662216953356067,0.7057520030957759,0.04975795437857522,0.43423378908430854,0.0086867478996695,0.5409448670863045,0.8528308546094784,0.41234108148591186,0.6801748627929843,4.730314036110112
0.08490007271211075,0.7607737292206979,0.7615056599450208,0.404730473168304,0.33574924116131943,0.06603562315716272,0.948513772686269,0.5858206332080704,0.10999678257738699,0.3677100855070634,6.324847033205971
0.45381353019048787,0.9085942317516968,0.9606382181953966,0.7743881575036762,0.2707003251948459,0.30390405938412746,0.06664801652580232,0.9814661813129161,0.21535900957592935,0.46733358957223936,19.419578957469653
0.5218351360067456,0.07293689510951507,0.5831075315565474,0.7055981279939648,0.24709697654990748,0.09672137327702401,0.3904680550403994,0.6371999652209112,0.06658755682819684,0.5399937292004744,14.333139840221635
0.9593060808685044,0.8582612358440453,0.3214387474118705,0.5050499281131142,0.30076257069044676,0.14710167340209623,0.9815592760094144,0.3341161473803165,0.8038020471490768,0.8805201690516454,15.780887605040203
0.8820744212168717,0.27089993946356017,0.8847721663686355,0.6418485148792316,0.9141743693819593,0.5079295326501848,0.16086700659275632,0.020483140824036128,0.5549880683809086,0.9776907538768895,23.388649505622322
0.26351323297514584,0.577159821340001,0.2980105993391262,0.3561777461869222,0.5151816627169158,0.8429530511351159,0.47259928588138045,0.1182412660752108,0.6431576782181951,0.07820417287966497,10.67590218784898
0.35649830850432407,0.08843923027807843,0.8362842188823598,0.40342562562075746,0.7542129650794884,0.9379539027184354,0.5093207921095032,0.32900084563917853,0.014589917910013184,0.16695648371945493,20.81123847998066
0.7699791472386718,0.3148778760543668,0.02662479855023603,0.2590299484426931,0.420828921753168,0.8234028182880095,0.34205077353245794,0.7108597912577609,0.5373394618537239,0.20635417267466172,16.40785761938726
0.4415060387179538,0.8356554005289893,0.5850149678684994,0.9859238265730667,0.6572770518215628,0.7269528980906051,0.06942452359267859,0.020017430717952367,0.3970962392279671,0.4101259464502004,16.67449675704165
0.9333333481156735,0.9967676430121686,0.08208696396458937,0.5938787669971715,0.8062324218631559,0.8825442391434357,0.6234344649871603,0.07716132549478516,0.7905239021420559,0.008969381284184674,24.1989138899649
0.6073651014284561,0.24401972124795224,0.22783809324813498,0.15556679198623724,0.8745051181482455,0.08993254585720123,0.5213311637437118,0.5361549488972764,0.6161593917067301,0.7067009138798248,9.326880305546037
0.35033215950164087,0.8650847385081832,0.8619876955326269,0.9400842439551571,0.5970777660614613,0.7072963616100283,0.9815332324702917,0.8782841622138283,0.277645358777587,0.7802152128739153,19.896141538567406
0.0528617143398199,0.23048866968136983,0.1451371473145282,0.9986086375570022,0.1330541475744791,0.1351864374919195,0.9691648423142816,0.8789473323776174,0.2913667495696135,0.8743690689693068,9.687706606077054
0.5799794751238774,0.16559606528863835,0.6381699260961475,0.6413829345962195,0.050766445366811075,0.29572925599327304,0.6059583374175139,0.9970334775231341,0.2334860948376536,0.5810264395142272,18.301501977299974
0.6874420489413626,0.411010836300169,0.915426934671515,0.263870090677099,0.08609249175563727,0.5068308644357888,0.8631082981890079,0.19067394724397413,0.24688842960189816,0.1710490928242887,15.366733201204012
0.43670780115189134,0.32413974382583643,0.69042560242399,0.1862046976664411,0.5078098753938971,0.45887156455484457,0.30306772617748556,0.14473447902004055,0.4628436652123106,0.6194315891721075,12.582708545621346
0.8201270444730271,0.010793269724517995,0.8830898044791187,0.33064214691505633,0.7085550689220795,0.17445056909579337,0.6448180206246115,0.7637859399273911,0.40675902356073723,0.26297535774650316,19.55157557169589
0.38335735154230677,0.36727808537217665,0.2202002612928795,0.9546889850061109,0.5424354246717578,0.9711662841935986,0.25941678150611225,0.9859132542129313,0.13636235107799022,0.3922807297598301,7.96410331602245
0.8122856980569428,0.8721979364338215,0.21120153407759001,0.3949254250175699,0.723050819342823,0.3027925000887587,0.7909603834587434,0.12580624241226568,0.20531317866680798,0.20776037057364583,13.593598751808535
0.7096368473223541,0.016406019019372553,0.7324817385841437,0.577037354487178,0.6494466711240802,0.1815496828793276,0.648575749107812,0.3927880592889096,0.5095907538508242,0.42906518592482035,17.352598548361154
0.01952538578328855,0.13757096599985386,0.4063725889930436,0.5568240170898924,0.7033737721845642,0.3439878252896055,0.5784521384528732,0.3834728484239408,0.9324752228154269,0.009202748042824505,12.043507841118714
0.8098362753426667,0.4284015119405693,0.2542716284448646,0.07207250907879281,0.2371027139861177,0.182521578864566,0.41883364971614834,0.9892107332995175,0.5451975490385502,0.01452918970310535,10.613313261121284
0.7285121229594599,0.2802856369822958,0.15284445692701232,0.2487547852847395,0.3067313348356706,0.380828522205247,0.5245950548355668,0.6382605197261978,0.2679113694408952,0.2938366645153564,12.649481501660528
0.17435714055533935,0.3352694553491997,0.7582191726631122,0.9915305113322778,0.2934510175878182,0.9963917686989969,0.18340365729960983,0.29163454092589747,0.8018867235461442,0.1936647422637665,6.21477053581438
0.3148249331755868,0.6506306304025736,0.7764253702120495,0.49894010811912015,0.8477479975451598,0.8721138310780536,0.3165734382243701,0.8003638619519652,0.46078721760236463,0.7464297008765944,17.775682210013095
0.9941261750950446,0.054994602288491956,0.753491725012116,0.44116002968369583,0.31857744648927966,0.5198971398775406,0.8799721778521138,0.46826932967748536,0.3875855542348037,0.6650587841376313,25.343410195340798
0.09125740104170044,0.23266984195913676,0.3201968189954667,0.3623812414933737,0.6119111983499801,0.18560984712076378,0.7335066605573036,0.7119209851825569,0.8313784619153379,0.08144040324663382,6.477831447544201
0.9705665939535381,0.9081148842761231,0.8392497882392591,0.8039206384892372,0.19775840848672976,0.7343030235024345,0.4464212653473666,0.09840389972835062,0.6777619204331968,0.9263797013484951,27.177914225104903
0.8391636123724295,0.674973618742371,0.2772216071234569,0.21606526001567505,0.27754172619686557,0.41475174025053374,0.30604736405955646,0.5639919122444566,0.6056099485339916,0.813840563564157,13.170280389889935
0.29255032053358265,0.29906026039772904,0.7381169715207794,0.01761325542970449,0.6174194852101954,0.7160939466126022,0.05999096817749017,0.08400108273424978,0.19154227733052898,0.14675432108721642,8.042475983285573
0.9533015828943965,0.16899102345197659,0.817882251091319,0.5742416914357125,0.5408047315471424,0.2881870906433651,0.4859924650026266,0.08770022831373758,0.9928443330733989,0.5937908609342233,20.998892535364124
0.5416688661323289,0.5239718950072252,0.7806183251272077,0.333160612763005,0.6070456305129961,0.4413710969726514,0.41333128004290054,0.3548409206052554,0.03812255789022678,0.709422669898729,13.762472407471915
0.395658782937097,0.40520982472459866,0.7345873321183835,0.7303259171236051,0.6734590546619267,0.2461483841761315,0.16905282085878848,0.25616188842972276,0.7123568811412452,0.13685608501130986,11.383497345720137
0.8208192711724241,0.21722728843300343,0.46147699445045365,0.8631980497183825,0.2917104422629473,0.6192041211376079,0.727014809391361,0.6912853221345816,0.3735204709210691,0.5457286972835539,23.929772148087686
0.5487241754405244,0.5809731903695485,0.957474466805479,0.7085517034156017,0.6314497589920517,0.8402119241645993,0.3634191444920778,0.2174356674872039,0.5367456675500528,0.3286096186501952,21.906638904410592
0.05986086582283445,0.5008273375240133,0.04695597603551438,0.5078278415444526,0.28962748346782574,0.24726335126369736,0.2268820504128346,0.38083358347166085,0.06212591028502212,0.22889812881130833,4.667986103843611
0.8333721730787321,0.4989259960470034,0.03737882193577924,0.264634461264449,0.6362834592900649,0.4302410699523095,0.3116754869755948,0.5442667500116247,0.3157538654979162,0.20955024095369035,13.728318574757157
0.004806298080238469,0.9632257511711723,0.7126977236698608,0.7793191120951357,0.047502469912445555,0.7156494357657613,0.7286827033336201,0.48423941347517285,0.29381447421566886,0.9167786352154133,16.632232396783074
0.328258400055387,0.318273380934892,0.06484418210723575,0.6258273899221778,0.7367720964898534,0.5445366652396723,0.9453525092727162,0.4450443134903441,0.9645646904924814,0.8368361902648956,14.042305172667103
0.4725602097097473,0.9250207034973459,0.6731758200271417,0.3161360810117748,0.3377747734636203,0.5873717055095078,0.6949590271851519,0.0664720300664039,0.3119482519665936,0.2127533777785341,16.166335037728416
0.24106391059415455,0.5943984325071957,0.6607387364797275,0.9976563339662375,0.13202642094184724,0.39428803661651235,0.6028064848503101,0.4472763881707259,0.09568011349923822,0.26144704221314197,13.668834982273928
0.877374973593374,0.14253114404411227,0.7833654007500429,0.027245518529491974,0.5326822302505025,0.752251722002718,0.7424836483461887,0.003806651691222296,0.6277881124563406,0.17024007967967325,15.684825576532413
0.24338146042282693,0.37631147577372137,0.5044124538698368,0.6285706279885755,0.610266106831127,0.8844452206844721,0.16937563318272864,0.013634846125637257,0.21978970860182268,0.18560956780379867,13.903672208283925
0.7644256760782527,0.4206894207481656,0.9022835724978919,0.0730175462636099,0.5987441167144002,0.954906543638916,0.9497482683080269,0.21182153232356948,0.17669655904333614,0.3123536329036525,12.465040722461945
0.9875653688351732,0.12945575986314828,0.9149928160480795,0.5304748029111854,0.3579163876100372,0.7481053835144768,0.2357168770437923,0.5356687123849748,0.6546963327732289,0.979300786768668,26.317159413605264
0.7460715181117554,0.5508303693361734,0.7328211357093121,0.43685235997273275,0.5213994681648649,0.24429343144542703,0.4040892519466115,0.4143492575292751,0.4288007949205028,0.6573294177828682,14.305099459733988
0.7999852294056106,0.6403671196276537,0.011193208564263202,0.18287148785195884,0.20087124019849723,0.43222184826424415,0.5312999200569735,0.5589474388830219,0.7420317896331086,0.43791931567460674,10.65884698494396
0.635701104089856,0.17633938417436368,0.7017686031590817,0.7860938812496937,0.5859434322432426,0.916425294000461,0.6551197740338915,0.0582720293147031,0.35530757142251557,0.6016226019026448,20.610427956760986
0.5016784743009598,0.4773968461425473,0.45332219477179747,0.871495986968224,0.8129389457343477,0.16286825980096165,0.006149472683013246,0.7971735192518138,0.05476604847387467,0.34101608018940266,12.002031605625579
0.03683192759390319,0.3002474825517075,0.06630760896136889,0.056028678123132836,0.6345219811367679,0.7210086108361421,0.7359054576124691,0.32135501191192595,0.5762058907821699,0.4846303017795567,1.788303608126544
0.8144854563397084,0.9460975774632459,0.29957292319835127,0.9844306253321679,0.7104461013719034,0.9337716894942623,0.3324389505139437,0.5308008794881542,0.4709206942608347,0.7490629606408217,16.40117447892065
0.8994409382984265,0.0924859116755683,0.23322847478730302,0.7348901763217688,0.5637666525901357,0.7759978688376309,0.7462518301036851,0.5342675397989032,0.9935224277406187,0.880933054428169,21.777750464796263
0.36735162792347387,0.1886920557767704,0.9732342205696035,0.4363713840263368,0.5277823818165169,0.8026520636496507,0.9860010586958953,0.7005585145656015,0.6317504086941659,0.425529750471506,20.16489964296864
0.6389969979350135,0.8823754068251365,0.16409111432543344,0.4937374377659465,0.32353370906105283,0.21108664104904407,0.21819968371380416,0.11394379310940206,0.14345615987125915,0.20257664220618943,13.638361389510145
0.9417040133439504,0.6678212635151975,0.246691932086876,0.4837764256642948,0.793101143528678,0.11508332268753696,0.09019008399583295,0.4364544040429553,0.183557498580442,0.2987880774510342,13.607547998373756
0.31763020069035197,0.7409781330922124,0.4166370131820444,0.7030590290845081,0.6664098734058402,0.5018362913215406,0.8833837157761639,0.7879797003040306,0.8033052047501884,0.3882179320978141,17.14582326384873
0.12419749257602652,0.34149878948146384,0.4775513030265569,0.5688786957061591,0.8241390844284543,0.960467278952698,0.7338162542257057,0.47924530606268023,0.6713328713068418,0.09759459193199649,14.782830070414027
0.7745193040553623,0.9345331316114246,0.1298822988081334,0.4367727953353284,0.43208274948920933,0.06669746617028505,0.6486226699770805,0.3315497306877402,0.9528515259027763,0.3194041875039807,12.930603216546851
0.4855161255725935,0.16414599613153336,0.1071329538675051,0.8894800338078324,0.05244022865918019,0.7292581843751984,0.8761800519769704,0.7913693084024602,0.13712238902783924,0.9667739057113418,15.704979686257406
0.9507365014889828,0.23789238601221796,0.9351408040188367,0.24863865004123176,0.3032321036736827,0.625615096654127,0.7929831319634358,0.9083150070586912,0.7698849001186544,0.8666138996488449,20.656602124170945
0.05398280467397776,0.8211191342917206,0.11414685866307295,0.195956218040523,0.48869152584781594,0.5028668562243109,0.6214600750420836,0.8993684912956574,0.7082949197418755,0.44046905442297646,6.367105710080436
0.3626302697835898,0.7703560001756597,0.5927013740506244,0.5498107382292639,0.12599004148387527,0.2579194140377339,0.35569875249927174,0.8637942595187591,0.46136931204318365,0.7252724951575332,10.340793311003248
0.6667324068122706,0.14831636709510043,0.8899537805956437,0.08756582183276362,0.35336419613441616,0.6387712332662642,0.30039048873860763,0.0986737179581556,0.35947200447074057,0.4257388810720045,14.482102924411903
0.06763950625791637,0.2854356280305709,0.14923125800716674,0.5319850321897845,0.25619533416960216,0.3663062586102933,0.5959898105370871,0.12127720756773652,0.764745374335589,0.4470918754045875,9.079673764716073
0.44997422334349046,0.24739420587426764,0.2725960513267798,0.233824532973691,0.31539708518316023,0.3072779060455324,0.8414836081284377,0.9346487323153663,0.14909714720998846,0.21590641802526112,9.225350534710048
0.8904654386208403,0.452182201892376,0.9276830141410698,0.5559994369374976,0.011060295042760182,0.6868660487411805,0.02762360790870433,0.3545236817182821,0.43102057537021643,0.09045334605292066,20.864543394773644
0.6914083888704948,0.7752917066200636,0.17999959960036294,0.7001798945482861,0.28369380084142615,0.6973283617422795,0.03689106980739676,0.600309063130676,0.47367330311205336,0.4508050215250219,18.353234680240803
0.4845076191328407,0.6494841580036042,0.9839801687444057,0.35566125294916473,0.4212125533540516,0.09546399406121175,0.5903593520115488,0.49818637003359356,0.3608635706482084,0.7205140092013618,11.44424015948732
0.21278607475981892,0.27949369837734894,0.2793225353198101,0.11994342717003625,0.4308169180579131,0.45500312988111413,0.46511191594138057,0.024443424412745718,0.2586019352955157,0.05001113796100498,6.383178160587577
0.43671976793525435,0.4812516245976626,0.4593052431878466,0.2705206549604632,0.08279457514016153,0.5825166897961656,0.14075431869330512,0.9140641344017075,0.11773557390347278,0.951263333585732,12.440060649754173
0.6393615969250154,0.3134112063434391,0.15263583192169083,0.5681314461836803,0.24685588690134685,0.6054615712816841,0.20303261182849253,0.645787999320255,0.41387355189528996,0.002438552581374376,15.613801881355531
0.026633539753658897,0.4245218997020296,0.9937934957719675,0.13416425995432635,0.17249272142653715,0.0069772172195085025,0.41102360849317865,0.7887770309742832,0.24588569820636463,0.016585143490965404,4.330009709646912
0.7329655562027743,0.94705948337624,0.9138993966115457,0.52047157185376,0.9367912646264954,0.7665389473065243,0.906780828124113,0.9069413440858153,0.5442300667462634,0.20712436288429048,26.356940385604236
0.014242721185155571,0.9523890535790038,0.7461879257869821,0.10095011426862865,0.8879749299539355,0.9025495177285333,0.9963212710217351,0.17858569679763536,0.13683833558220415,0.3961599547389546,10.56295667519209
0.8412206584997094,0.7157188799201425,0.34331549430008057,0.6441817965419523,0.05750617592580742,0.37443251821330636,0.8862207398160811,0.7615877980389433,0.526402150427744,0.7067237440164365,17.835089952024763
0.30631533950026435,0.4174801758447102,0.4183869786352118,0.4128292551535162,0.11623449018250753,0.22904982573638033,0.33921965259475506,0.015672254369850203,0.13093595438937378,0.8244424070057238,7.793943326622905
0.2604432434670686,0.9884445955654703,0.6302627579922788,0.5165981216613587,0.4051404715328576,0.1555099794984841,0.47162941868947417,0.3988382837302069,0.34683004473032975,0.19796511417355944,13.405601944147874
0.038916605409261784,0.415367113398157,0.5934190550476615,0.9138867766836325,0.3650934570647034,0.1857295558134715,0.3743877578068213,0.3878838232437476,0.7823477511825596,0.6537884717318213,10.476125952362478
0.2744212932549426,0.20729423383434786,0.29785925884878106,0.7475370142252374,0.1256352090629479,0.611244997885616,0.17460266614971787,0.8354608779670915,0.6340550524614488,0.2517011519057091,16.317292577320394
0.8399762438239744,0.35226949053998746,0.10020647696786777,0.03839593362754001,0.08279447811405516,0.9239221282800034,0.4443158116539687,0.6366047422172089,0.987986502402477,0.9253428065409354,11.579845654569773
0.3265271825708431,0.25450354784176865,0.9383083443771523,0.15064412798725957,0.3231250939075988,0.1348422983138775,0.7101886199501889,0.5491784393863808,0.8065207072834104,0.6348033725301995,11.328196119971759
0.06010996107557953,0.6087159796127168,0.16168578770684017,0.09291618115094447,0.6168194374621523,0.4381467560642305,0.6235570948417105,0.07615454966494695,0.9016319176524591,0.6055166974930519,3.7837388515858272
0.5522044034792178,0.6887020293313895,0.8646663056464071,0.9696885536094436,0.007020365078671431,0.1547488831055377,0.07420603686982008,0.030165655276920944,0.05659636713777694,0.028303660459865987,15.664976415083778
0.051623180629324694,0.4902247749369467,0.382776398443084,0.043916726888676316,0.7719925178161948,0.40184857369942706,0.4668535341624269,0.1677264035568441,0.3773553824086139,0.758662908241024,2.0248625239886406
0.6058733162902092,0.08719698051873659,0.36730480558205847,0.35071744259165116,0.22401948237553493,0.3270394602080411,0.14313664503537515,0.8087647692887602,0.15456372309039756,0.9531975323459921,14.01234019196698
0.7197730820166415,0.7365459788531215,0.8525161109451511,0.6214859405206146,0.8270085553477493,0.7473575826699345,0.039913542097881116,0.6754109707166888,0.07769688231971561,0.583490529148822,24.303301407547707
0.9097260171897735,0.7161753967536139,0.3954552216970686,0.4111816455057915,0.983122378779038,0.8694368970157332,0.7402536185474492,0.8677042923862022,0.29321793041433986,0.03892191325332073,23.363001851409223
0.14057789426459455,0.43837714351804635,0.6372753687119775,0.5978472762673785,0.7587236071027643,0.13691938522026725,0.36502871164697104,0.833327686529727,0.6364222888702619,0.09387709105247743,7.496418890048787
0.6715898807176224,0.8367005795835135,0.7810473632849401,0.862895702595712,0.4269198920884598,0.11658546000449332,0.9556100666972017,0.3347105422080672,0.052831478066101445,0.5490558785878664,15.880456419103245
0.7050591337336561,0.9114434364498162,0.12793216744864577,0.12812069682359628,0.8791197759685856,0.8046462920800473,0.8021305883259353,0.0542154705668072,0.03713410839622744,0.1267015755494285,13.148157696816082
0.9341210424390117,0.5415442465988461,0.5861148799021844,0.8540553827099939,7.614605203587477e-05,0.7745981877544506,0.8466451565347715,0.35525185940660153,0.8310109730506761,0.6644024269254053,20.675852574908124
0.5988877053641183,0.5067286230037185,0.5279393310457607,0.24807948510069944,0.646082998990126,0.6363896826086327,0.4952464283745933,0.3516905216131402,0.3290240053771152,0.7714403585236288,13.555082461777568
0.2737598548197091,0.6598818013530732,0.6886800681791464,0.39456250311829355,0.6480002890985077,0.8041616364695217,0.26540005499525465,0.9672665960232897,0.21914488539110333,0.8951324854118804,14.956789156739433
0.6734787461193084,0.9854289533107577,0.5354374354703406,0.11400994024216426,0.47725167729201823,0.174244469873708,0.13273643940708435,0.45911516762121785,0.20602458118822908,0.7744924684806768,16.091193380479208
0.9308101645354574,0.17800396440784494,0.816870990357058,0.9635237823497355,0.4535244263095315,0.7533808864362508,0.5414598724676822,0.47085864537282884,0.6405869629742165,0.47551182923509605,23.4312355213937
0.6444826688920043,0.8318451224435465,0.9000215513201034,0.9669024718191616,0.04443023924175027,0.5697003051487953,0.9256352007469717,0.17817416110482154,0.23737957543574872,0.5048489211155068,22.64290249844674
0.6409808287895549,0.7903404880568823,0.02545201855956658,0.9168746256654629,0.7654834486036911,0.5619610798677074,0.7325279623372773,0.10521231865054492,0.42687714535021526,0.8897127069670449,17.285474058424672
0.053522495901870304,0.8095397307682405,0.9525069989764744,0.12201374346299043,0.6310091171795624,0.8401284898999459,0.3484241813286899,0.11525383341858098,0.817179706515129,0.9508627673215808,9.26056632451929
0.8768329779227005,0.8993991761610477,0.5516357083790389,0.9409378965990884,0.9580194002159829,0.6070403226413267,0.8182857558635582,0.46480887030215645,0.9837444877441348,0.5209567341566577,24.38386877877961
0.14089865439430282,0.20715260594852158,0.4067710980943997,0.9727208383720815,0.4532027908689076,0.06137621301753182,0.6071752612561061,0.43689352446801755,0.8090514592648992,0.9915635464292676,6.802824854597435
0.33457504361881485,0.5772152208452311,0.385433278636622,0.5404281672057094,0.3667406874401383,0.18821942875655273,0.4980757759812632,0.855825584314982,0.02535964569348559,0.04423481936003448,8.798990285607118
0.5286240758389817,0.6936487614021712,0.4293396406960962,0.13326481161861337,0.9014092699471996,0.8143305934663158,0.32945263964162674,0.13529433977905625,0.9528787193869981,0.012716509768560091,12.563945558128552
0.061675910655887844,0.8886894638030777,0.5015160320937796,0.8854624008224272,0.5458651142986516,0.6355215215336233,0.04872400617417727,0.9380678230022848,0.09733777875681959,0.6785082410961036,17.096736026922393
0.7551305674271925,0.9500078638350928,0.2342345775062885,0.3241228594922545,0.9698529034703522,0.7626087111867996,0.31700118707795033,0.9265113783443356,0.4540662062556894,0.6284983827704693,19.58978111017658
0.9724139923447779,0.8857067983172519,0.6392871901213055,0.3891532900692398,0.22133883978443913,0.5905300433892011,0.1725723108626267,0.42721382200269087,0.2996786678445469,0.48720286174196303,22.437810241978752
0.812896675013193,0.732361941773952,0.008996998604913209,0.3641897639261922,0.39598662765261194,0.8696841250570304,0.5020059622857743,0.21807625296429767,0.5861935114123293,0.6290436646629423,18.17874742290573
0.031290229869355146,0.7107416277889663,0.3502056762429756,0.509003682674168,0.0249807167957391,0.12217489219124766,0.2914564660151252,0.3014138339381165,0.4600242444867052,0.7213567032905452,3.8906389228691936
0.1013735859335625,0.7041603343431312,0.5115784584934673,0.9176366588665608,0.6291919298477842,0.26841755440336457,0.09631630925158452,0.1755677433829299,0.7193393512235982,0.7374248293649683,11.171810655936987
0.8408607659879022,0.41711930864030444,0.22283511856087845,0.31586365663169513,0.5005574849212449,0.2549739136296705,0.14628887949024594,0.17348122995217086,0.40156433663886193,0.24890496863641787,13.50833456709298
0.004417910655763468,0.5353254583638132,0.16640048659987627,0.6807882144779932,0.3392632845997082,0.6495995278026592,0.8999530958447898,0.9155020504468322,0.6081173404757676,0.052395703061625665,10.436561821755479
0.6588996696153255,0.6162427057225658,0.8628303025814101,0.49880419001187626,0.1472326727580423,0.06326209572338681,0.5230526536673256,0.6486165689588432,0.667284713618518,0.3899402717651732,10.626129595300078
0.35593526099183503,0.8749036544445166,0.6358306781586424,0.8966300155764616,0.7974454330043383,0.8306467924919532,0.6383018752797702,0.48907901846128876,0.8862323366342519,0.9776030280446182,18.770032219421644
0.05605773357990673,0.6074075185074761,0.6158492270369413,0.5785042345174641,0.7230689684075601,0.39821017599489583,0.17095316645099923,0.6173555515140503,0.24515400304657398,0.16662240632342018,10.415975312267337
0.9897036939453769,0.26523379956675974,0.9564682304391394,0.4704637915255445,0.35583524821048806,0.5474754371502742,0.06035500483452483,0.6041329294751374,0.8434982273869122,0.6109099829454581,25.14975490261667
0.8388893455730595,0.10973443955492634,0.9866476632813679,0.6455146427626371,0.7662614129044535,0.013498944782208477,0.7795549933930137,0.06512990508106387,0.13706851148593813,0.36874869388130727,16.833855616875766
0.929295611466123,0.6898711699724823,0.10329164105354849,0.23693695181341112,0.5715943565867596,0.2745161078863183,0.35221322766201624,0.2479201867140406,0.6476043621329342,0.7596568158372846,12.752376622129997
0.8798978404842029,0.6565680515598933,0.6730942366595289,0.7055398745302255,0.8328861990231267,0.8058495456388028,0.6027113193617031,0.9618720064748613,0.4410985559963597,0.5850143516602431,20.715663230833552
0.7133077023631459,0.41680790980308635,0.0797078503170926,0.7486744840056057,0.787068504363641,0.5139129253697793,0.04706008151723162,0.43004201329810265,0.47445096308989865,0.4371351736297603,18.268013259455678
0.05385682699689953,0.683909307614911,0.4742696097075345,0.3946894696814863,0.5145182825273392,0.3060144264739669,0.03584969047548048,0.4926555039165418,0.8446628959083128,0.29103482047410056,7.034946939117575
0.009800519416328979,0.8155795148631078,0.17810331836878301,0.8101227625948928,0.8217731407433152,0.46795724052776355,0.10691182985307512,0.46814807890117016,0.3136120995731807,0.793385847716207,12.312892883959112
0.8572335415663793,0.4899597591027418,0.1765639129381713,0.6664642837361487,0.6017284401052183,0.8096038644093814,0.11617228456384554,0.9836230815684739,0.8106723470103787,0.24013430642623068,17.874907301884495
0.19371032968028012,0.8935339491859742,0.13918059848964304,0.24375522688197915,0.1568427917399795,0.34861657353500886,0.1871949230023484,0.05011734828633696,0.9862964724519558,0.8882518136665838,8.797140004647718
0.5254434148976868,0.12916371896231438,0.2431057292369463,0.9540520773209784,0.7454018949208016,0.2571912783895547,0.31515231260937115,0.021204596308273316,0.30695655493215057,0.5688439202997709,15.249692333543763
0.5072597503417076,0.20221925097770055,0.49656204298021256,0.5063801808790656,0.26819522423983366,0.6894941871665812,0.9535217667149427,0.5340929258618977,0.2569066086038,0.5542665099393742,20.199019774050022
0.9210446672011401,0.972655113362959,0.9787608691824063,0.4347891583364575,0.11740179730861644,0.16227854001002484,0.022494246514387584,0.1464833882369837,0.056815282306428516,0.47457537107984105,20.542497731362594
0.5765507916735676,0.17375021591742257,0.9656285953431348,0.41841516287557456,0.12300180363366331,0.4145297515952294,0.017200229514456322,0.26487657883931615,0.30572463153257445,0.03663999677698837,18.02664150236737
0.5115720327695672,0.017902937786123396,0.8169122642030806,0.8431035276644323,0.3106402223419057,0.4279941002166814,0.2927176092167667,0.7464870980086381,0.04155998076096057,0.8297867845496766,22.499484630185403
0.944925088359192,0.19137992886600186,0.720940858368763,0.13717357276361586,0.8384795000408267,0.3866017105902464,0.10218480401946661,0.9528600987901187,0.323183194430826,0.9106036852117775,17.34351832173209
0.6379797765402723,0.8002191758724796,0.06891673217264427,0.8981326614758934,0.7813257813576845,0.8691587738866287,0.06985424338886925,0.8575026939312085,0.28605355060671556,0.6460992467556412,15.507208179142564
0.8110728652553665,0.15419531747730397,0.2590267899707267,0.9663907099086306,0.6445339356622427,0.24149424259753582,0.13618844126438656,0.2159124958091515,0.5108335247220896,0.23944688021987504,18.4744574519837
0.024383790150134588,0.7427010344988269,0.7562695468891827,0.5674621288427588,0.8253459423968793,0.5262943226259608,0.1510719847692633,0.6522787286708032,0.8335621674410079,0.2767510099092594,14.621167064289889
0.4186236649704549,0.01688650994076235,0.39527906898249343,0.8458637979009512,0.5530377748865537,0.22489932848330296,0.0004892890803919192,0.7676927869681034,0.9092605963120897,0.897870030402348,17.091419728405988
0.7198191389473237,0.004035065932191606,0.5225359712412129,0.03685676185786135,0.03330606186657237,0.3309838921640502,0.004531072484401655,0.4600717974183294,0.7561831762364496,0.33206598304771506,14.151838453970019
0.6627826894726767,0.007215507586765257,0.561890944333341,0.7468276406360251,0.6340192323570509,0.08864386267698576,0.7545666399165223,0.6471130330208111,0.8832048443600694,0.34227972160548725,14.974951173011071
0.46455764923163445,0.06549088533528391,0.18395344256880752,0.5733729525024797,0.09034367202450266,0.26370888254355485,0.9324713271917348,0.7756299289724374,0.7781894880926239,0.966897399414884,14.080763625638784
0.8098040702122961,0.0514668842714775,0.4932216842079189,0.42806078361559974,0.3520070396111177,0.10827874092796219,0.4156513015288379,0.10117436126785373,0.2447104417311955,0.5626865268288036,15.656355460773629
0.32497629684134177,0.8779395998620496,0.8726990239657646,0.43846486561033793,0.42066808559755764,0.5254905852178972,0.549220678733344,0.747335678757508,0.5856147671002827,0.3956058019789912,18.91298190917256
0.03262373208303293,0.5548874421851026,0.36906960630840846,0.17606878474995724,0.19762002248396515,0.5798026821155549,0.7901471726420976,0.351275931534755,0.002637491723393559,0.988987203785734,7.131156925377698
0.30135230523046663,0.23887908358346732,0.8385843950708255,0.7025708559299988,0.8957932596395711,0.33405410930174473,0.4000419182854362,0.73788666331769,0.09009901838800016,0.5702589889037448,14.375109808997314
0.5873147251707092,0.018346050049692253,0.423856320540432,0.8402456519270265,0.1004186595863038,0.02983755691108525,0.7131391721862211,0.10046483959878949,0.14987058555476274,0.13221478964872835,14.916260790415752
0.7747430291288055,0.9510803901243754,0.04050904161493285,0.6621360827236371,0.18048861684488526,0.06374474955034803,0.29569467853868747,0.9680029228407511,0.9637389372823907,0.33946214823033416,13.488122687963912
0.31792407088119057,0.6934916953626565,0.6618156650672763,0.39577625335264843,0.3722324272807428,0.5045884783181588,0.658766980888291,0.9483625673707649,0.36605861181846777,0.6620360755850716,12.737214722433329
0.9466280210013002,0.9656619636063416,0.36383064321490766,0.9226463614583398,0.37397581596385,0.08407395582626154,0.6357344566200807,0.7128000980003846,0.315106250408692,0.09983214477054414,18.90620888247259
0.7864577388567654,0.9781457004291165,0.0804416705973513,0.71661234947712,0.02071183745259686,0.6093679920676728,0.7030557724155369,0.3268672406546498,0.46626864086412145,0.9102604921924417,22.912930469318628
0.8284337324870675,0.6846756079187005,0.502676786866574,0.07417373199646216,0.4399154568437226,0.11767100879825376,0.45754841107292965,0.9595463643083776,0.5360670574954864,0.1392217894101242,11.474348696034989
0.5982481853711442,0.7234932446333197,0.9927228517874275,0.2495856054713549,0.43411702674791275,0.2655889332220458,0.12554442703731228,0.8818731695618764,0.5892758060278787,0.3921101938955166,14.026801797078083
0.2429862017704869,0.41052579428411073,0.25196352064597105,0.018879690116410885,0.6067499502986149,0.7750372905440759,0.999488624245792,0.7057700442104233,0.9003839708432769,0.898144830894474,4.050912526280386
0.6216238720152423,0.15134007565602126,0.9695197342571299,0.07418430667026477,0.27197423295416867,0.9326251956985513,0.00680719907488625,0.41209600903554977,0.5621775626449215,0.9834344083960249,14.133300012787222
0.668226969020027,0.3951043876495586,0.43642934803389555,0.28564855542495704,0.7519588066413284,0.11248407774909275,0.2280003352554515,0.6623101508756429,0.01443169841387082,0.18068699591974635,10.516342327544152
0.7146621788113668,0.3723489860970791,0.4849315152855542,0.5374494550428501,0.30548657968264303,0.9977996356203356,0.885666386427184,0.8670493584465947,0.022586883554323367,0.9828178362993755,20.103104825467888
0.017388769538819626,0.3259195730312743,0.1273914473273693,0.0027660013664666527,0.45308907470928006,0.08035983703690186,0.05271941182792028,0.9096312354199066,0.31045022393058297,0.2624559626887838,1.7644549650752692
0.7126921953913895,0.3260076485091331,0.5004168367545883,0.5831996212632794,0.762895644974464,0.2771378714635202,0.9892240606107057,0.8194790810601523,0.9962680561421997,0.7706235038596578,15.225559297084088
0.6107419794568264,0.03732336731086272,0.2242862273194518,0.8548313440176496,0.5953774048402188,0.3380730687120078,0.9910688227323992,0.6437610813244531,0.06792551321478102,0.17370371371910587,19.52619881658489
0.045676792611860195,0.31872353923539254,0.7709504787251255,0.49629228835780115,0.8935797688475047,0.44629143701095875,0.8648246658991463,0.09977573604385215,0.4302676405052773,0.38804936073314067,11.268996840341268
0.015623693237221237,0.6741761389794105,0.38890939812948666,0.6467898801857818,0.22934128129536901,0.7155777315571926,0.13954220396911032,0.872221170638333,0.7128333567238586,0.49309455409046477,13.02827260671634
0.4460628955096292,0.3467174894212396,0.40384854878812215,0.974036225915098,0.10791623714246834,0.014201696844198919,0.5614402495947437,0.8136171292230925,0.14766702750770588,0.42802896733589935,7.479801081169171
0.9580514734491035,0.6821841719194077,0.5684036962717561,0.41309954384610237,0.2581645565906332,0.6133927545116888,0.7138076205377153,0.7050243504025961,0.07967057026086699,0.2725973464231546,20.454258096038437
0.7291820261429407,0.09462042449139207,0.3098058158359537,0.7590455692251314,0.8320907983771865,0.46459382454583875,0.39618803101087274,0.5850986251798407,0.2091027175933683,0.9609065933479439,20.905295915721716
0.7521172540290311,0.8540817807414569,0.5240848000939943,0.985557977893977,0.10800879829203969,0.44007968081641347,0.7039975472130139,0.022748446921463494,0.8214077083919777,0.8242365998696195,21.729500415555446
0.3557496478434806,0.5018926886009026,0.29122380199546016,0.813611384207894,0.9832229070007582,0.8686913711320037,0.9892325949357859,0.10319802394339017,0.5904517005279092,0.01719591415189181,13.057423087755017
0.9071631282747137,0.39885898868715186,0.3570577285881831,0.20420464772371705,0.14362846427582732,0.5925711591825435,0.8111143185791023,0.497461979275047,0.2696620169383931,0.5461340212130332,15.088086897893273
0.4472818838048611,0.974725707155227,0.8997282758300545,0.5930282817125974,0.31013110412318123,0.16910340576368565,0.3386753132030005,0.9729946632922121,0.02956558161712286,0.7965887392088254,17.005143279363075
0.2966799104810963,0.23751990356709574,0.6995131493324499,0.2589856865123171,0.5682176535874285,0.0857356879157094,0.05603375774239927,0.9681630706304803,0.9467971013293927,0.8974072166147238,9.54075279074859
0.5182778457293731,0.5275499874935778,0.49988843156520235,0.6447880518699136,0.1109752932949657,0.7438268390409942,0.15157188493482565,0.8012149506805735,0.39701169053630614,0.461268051542413,17.7677641927127
0.38351284144398956,0.013634061517801,0.5568337210168863,0.06144753819645188,0.028069054485903022,0.10143420397916791,0.9020894387044601,0.9511072553406414,0.8365590640942683,0.33968238535874773,10.428403333301784
0.3128931634447488,0.31390322512689317,0.407102356212069,0.5942805879022173,0.7209068288210159,0.8876548060291616,0.10067408298126135,0.6782262779566187,0.1624435258154452,0.867050622815734,16.685503120130402
0.24215946646662379,0.5281878831837533,0.6236744651485582,0.9957374022180708,0.08301496446996326,0.8689650385208986,0.2870222972406279,0.2911933350150734,0.16495812240523233,0.006046002003185946,11.002161409659804
0.9058394013236889,0.4175242839288169,0.9512924366620124,0.3228367812242552,0.16917558497777618,0.4711859102227951,0.8190922499709067,0.8812798735209294,0.2548114419726929,0.40521200878636443,17.399234709515863
0.9272470262776252,0.976029920892696,0.4987450384118427,0.9516798003284027,0.07002468032402531,0.138988476588348,0.6253461392016683,0.6145747439887352,0.5659748631654075,0.5466990979298164,19.991754787513166
0.3333004237662298,0.5318568301977888,0.31689497446648285,0.6943266926775508,0.47032173283471534,0.6920112030797051,0.46734109946259383,0.7327462900718801,0.5934278066262686,0.4212945623918025,15.62538636708092
0.2960572742403824,0.5164850030045519,0.9154763959278535,0.9261500652236087,0.4730056895936736,0.33796807795999073,0.3756842000869598,0.9102194939196492,0.8370541298046164,0.6174499268239111,15.57578950002358
0.1009229016490788,0.21235395933277423,0.07852224892812343,0.18010151937606533,0.5955942371371004,0.11379664787518307,0.5061256397358493,0.21050049737018117,0.7076195837286452,0.49729091837323247,3.4256655000896394
0.7182438841973295,0.22536240766508964,0.6912659619928745,0.3960961889826927,0.8513854666773463,0.8198465948375702,0.5000257875639769,0.6115516454967324,0.05740290403664794,0.29333877308152,21.137124856468986
0.8862148361667405,0.8845552959740304,0.7164080248419681,0.7402029074685176,0.1404113398216199,0.3447372321446742,0.9316338818132054,0.6104867093903443,0.49684369931939465,0.6822568549208808,23.03827883733012
0.8530268635799051,0.5169518872664149,0.14670913651235895,0.9155161446312624,0.21742174618836851,0.21571988493737626,0.30818237556787,0.7538829934023211,0.3220371046501803,0.026721393334368515,14.725225291998658
0.7972044303237423,0.4955076931470598,0.6374547853506839,0.6203105847960905,0.5733125535740472,0.7965255994643587,0.4591901832061721,0.26883315092155013,0.7800323259673057,0.3265052964104983,20.024831871857206
0.7246516056400641,0.036457375209009935,0.05779636535513322,0.6669851234089046,0.28697629896878174,0.11782354369508363,0.48562604523772057,0.8127274849478128,0.6266900038206564,0.7448531109046771,16.135502632715763
0.9484119091215367,0.2739100016052771,0.4471466554841347,0.7084470268533724,0.48917988931894474,0.853915769014026,0.396816062080669,0.9949289702183781,0.8008091985807638,0.5767835579255924,21.304927819459564
0.3093369097111329,0.15675791643546733,0.6470274627538105,0.9524051119049316,0.4778521778215231,0.4598885003774751,0.739501758602305,0.06996871162364071,0.8844135952318484,0.613443924182475,18.770804582736464
0.6412640659254687,0.4348574846904031,0.6335252480958418,0.4835721320572549,0.3220770467545947,0.2707118868635109,0.3765600288793697,0.4207049445020775,0.2971659950599316,0.8422914150701604,14.98455179308608
0.7719822850827668,0.37882211615708616,0.5646975609335688,0.21354775126701175,0.2578875493188252,0.23953227847584768,0.31283415467850517,0.7811992256925113,0.1465938329345553,0.7883582973290365,13.36590407607337
0.15316476799926737,0.7898592102288328,0.03804582000535295,0.9597494076930326,0.44965160979522056,0.19437975376094263,0.15995990704109042,0.6795998553019788,0.30737864344114874,0.024096270490814198,9.942961779394045
0.5216271408470001,0.3271405072624698,0.6801466830549318,0.9407211682336262,0.4394511841868809,0.030267301991345197,0.11014185760933703,0.47255613415490194,0.9150618425938,0.38029363755273426,10.142288564164003
0.26331777622691177,0.942835077016424,0.9731235773435258,0.9197947796794563,0.09663560229909629,0.19440149605469226,0.4687716665516619,0.32841911040612826,0.05820677934889629,0.3856630087886683,15.416990875435582
0.43597976810970207,0.05739399680945867,0.4279272340197099,0.686953599259008,0.47644276581629297,0.24164625454052457,0.46266179854954814,0.9156409216486191,0.5986391353906659,0.5238093102007695,15.39507245095252
0.8835855853650836,0.055484061692118725,0.1519585443381991,0.5526159911105771,0.7528655238227743,0.29823876409201167,0.2525308166947583,0.8618885566377812,0.3124578256071633,0.912427868464464,17.417302634474765
0.34415086596037914,0.06454267536512737,0.882983834971846,0.8273426755440446,0.08153505878352818,0.4400144586056096,0.8172427177400209,0.02637333713920731,0.2780388917992036,0.06920951122960739,20.075149607026628
0.00322789181230021,0.7317879143564378,0.3244032756072879,0.40891558084136537,0.6088047783305276,0.4580904215212982,0.6524980732416253,0.9708928937651977,0.5774134548628367,0.23937707997460078,6.872777729361736
0.40632852007801823,0.7402382684500509,0.5121029442871394,0.3218202841129826,0.9173157105079486,0.543787802736965,0.527258022588208,0.3728707540478755,0.5320451244985301,0.9160623225902936,13.072277034863797
0.12381328022702409,0.8533346796291809,0.31675598918116,0.22468892988373035,0.9559907920437039,0.7826634716439012,0.10131878350719148,0.43201039648231254,0.11101271584725458,0.2986005134509868,10.29226870076416
0.3330920214195331,0.9929212446823593,0.4880213863188111,0.431685021207034,0.8024932265730241,0.200684941741765,0.39801669982656096,0.9065300795338436,0.20492029638998777,0.3609912549095785,13.490593315173458
0.9300509299981726,0.23234612261362408,0.1586474975844404,0.013577079088027633,0.04953739605692398,0.7890318161667574,0.41359950696993963,0.9896428202419537,0.7664876194522288,0.13299849486040993,11.391427009317015
0.10011384108737509,0.013855581538166128,0.5187113282467456,0.8324173783463369,0.16816702723681587,0.9199943648188094,0.34190312865473327,0.744769356187052,0.41358491866775116,0.966737707953118,14.732752047149072
0.38746685416027327,0.11301666351944828,0.3996261345083475,0.16096338793752352,0.3562283913079596,0.011738390849876712,0.15746974008532477,0.23109898855305877,0.904291936863618,0.7338799842733925,8.456827173340516
0.09484225469210861,0.35480353382419016,0.5361750087827073,0.0946636165918685,0.2755475151023613,0.9923482276340323,0.5641443328317312,0.31998170588394426,0.3872301716858316,0.2270122747602621,7.973044143561445
0.5691714324033085,0.6826664967012234,0.8076394430918221,0.6481010363766225,0.8704261402608545,0.8120424187816274,0.9762819885587027,0.35739778516962317,0.5156883839664211,0.09987595576475694,18.69615791229568
0.7881631658855187,0.04550895080462236,0.06835438040711594,0.01145122817487021,0.20480275251093272,0.3528899258488819,0.062002452797230045,0.24807073414450376,0.7611791623071344,0.17480947216438025,12.380038482565125
0.27188228229452116,0.023215134091912448,0.20442352943988296,0.5806838945863979,0.576990239143644,0.38893271510009064,0.023787002619678366,0.2206594709540941,0.4133497611161284,0.7288503756703517,14.298947186841236
0.3015774924227407,0.038041838623228075,0.14673211451438872,0.5959322640327607,0.9068946947032566,0.022017854518455282,0.7477493602426485,0.3610754863787712,0.9586769418552789,0.19843566976872518,8.807421089071344
0.6319921629164904,0.15244622144595021,0.2828389403586169,0.8107980198781983,0.48047961438035636,0.578304981140348,0.7916413520562279,0.5866341131543223,0.8501907781791186,0.6299339227373085,19.809867279064704
0.12489604493432571,0.7844093919174134,0.9110148460469096,0.11722965802235641,0.08348434031656116,0.7402002560112931,0.2917482625710287,0.8751435179847933,0.7768819575456114,0.8328708395173939,9.460291222263027
0.3214572684805228,0.618890546076586,0.6997205161960997,0.6043684726781812,0.013870033608020194,0.773471744183426,0.4753373262557615,0.37827538776356084,0.4511017679218491,0.8236067010483422,17.374633987320795
0.1865032276129578,0.59304290865527,0.8817039345661036,0.714585647755777,0.21121891190815545,0.9675020898652714,0.46327620931767155,0.7970180149994511,0.5365840424387521,0.8588714515665308,13.401327124163243
0.9633457203421637,0.4670904241770748,0.5725941076890604,0.5475572567811099,0.4411995917378867,0.4434157965618094,0.11505195938534518,0.2946925682394155,0.6122875538813051,0.38412253909894434,19.635273259855698
0.14832968926829404,0.4656022170940253,0.4690024942305767,0.6374685634229754,0.8621745368718253,0.22964432942234136,0.7201869340318212,0.14729984091517778,0.6646695757957142,0.34465054527916306,9.326382170418993
0.4960025975140243,0.03690159168861751,0.23426321450654453,0.1964876685418705,0.17134189256754884,0.7109265048731813,0.23387552039730675,0.06996168175882944,0.5055174668992181,0.2451673016602406,13.12526068529552
0.40924094215398876,0.6148062480174746,0.16662412020409167,0.8035509206697475,0.9686354892882799,0.5018277479092271,0.8124963090408367,0.7346586151689903,0.5840056442515236,0.06203288824998188,14.691241954301503
0.22293531671756617,0.1451692126873123,0.8266752704290569,0.7270755128418092,0.7930549268765044,0.03413244480905808,0.9312683940873684,0.030925704503569795,0.2661593674653785,0.1289076225241128,10.327001777339955
0.6840306249622323,0.48509228900337575,0.46461185327939947,0.08214051868522798,0.17937323272097538,0.4201611114913183,0.9976330466818074,0.9931866497110705,0.5451595793136202,0.6830371919531175,10.937117861984216
0.907103624830409,0.3976619090507243,0.5855692086208619,0.9502693270930819,0.2654573323476075,0.37191945343121724,0.8503567429539228,0.16337561651011767,0.16828896741995292,0.785668298833119,21.583990271757482
0.96531186008898,0.0920273738975621,0.34601679371671,0.9390678234322519,0.08089625459464478,0.8755390642291352,0.1901773454737271,0.3369482474826513,0.44425355187434235,0.6247857512809369,19.740027503263182
0.7613543708333468,0.3598714015585339,0.6438712269686517,0.8288964967256359,0.03298336791350953,0.4973701664379677,0.5161911945239582,0.1484253518794284,0.438123406253939,0.08048507263782989,19.387676710808385
0.9636088772590533,0.30724139424365726,0.23127926755062334,0.5511532919597324,0.14151304507470275,0.8705341591746418,0.5017072347342885,0.9789940973751261,0.11732412307711315,0.22113586737107815,20.556105240643003
0.3897898709513191,0.6162268200169329,0.4598449520447133,0.3452664477462498,0.9217853792917382,0.3120803564665041,0.9293398146456261,0.2498686890510069,0.948238631831003,0.8335585077451471,11.04729149147641
0.5258532644637536,0.6131612461359276,0.7818481947970827,0.19050451585354222,0.7009536354486735,0.8960656639128737,0.4741593572684448,0.4298993026473239,0.7612537249677626,0.16372124807425137,15.565317761961966
0.5061074979013754,0.8146463289020012,0.41880292106099104,0.38861080031293616,0.5879262838726581,0.318976979244325,0.0895412495351311,0.9767524508906859,0.8707866841343624,0.514119919461857,14.057224351450788
0.930720416136095,0.02397485939497923,0.3569172054540273,0.9324545265720883,0.1762282188396045,0.10932513153194634,0.850842267442445,0.15042265110520314,0.6771995588781357,0.557786770522394,18.129296473926637
0.15639117730624508,0.9006481739612623,0.22702164909496603,0.06606498898917901,0.21443165126935082,0.7936683641421396,0.2566004492495032,0.7115766774278165,0.2584694717407304,0.9625563891472646,6.162016671517126
0.42617501024876014,0.6657222249805053,0.2646135778962928,0.0326610012824895,0.5924825611073647,0.7998915474204074,0.44762201103618493,0.3548077341991046,0.7349797165717884,0.08894982442375798,8.272110789148071
0.8358450814772995,0.45158151598479235,0.7525160115359186,0.3172452308275583,0.9950170175951807,0.2349275679340741,0.3716493351246596,0.8714758917203648,0.30610306441560053,0.5010511265135138,15.245434408521767
0.07059675232793206,0.49059877085899484,0.4241462484502544,0.21914096165603913,0.3097127207072363,0.2579244315809749,0.6315648791398079,0.4752557494648755,0.7349088198874528,0.5694187725268189,3.8849808643572845
0.7330042966622441,0.9437734808541811,0.4654288845549637,0.9763050716149958,0.5769443031565847,0.9929206302769509,0.9559000925843788,0.19098541901004618,0.4554767200485551,0.6297165593871911,14.481774831288815
0.1937523273119306,0.6025947879851137,0.36471510150539677,0.621076853518484,0.34166467719657645,0.2490750848840848,0.050503860621095686,0.40780974835982897,0.5517912212292772,0.630823057653807,8.846224941380685
0.5921238874036878,0.8366783934185323,0.6784933688191325,0.6415893259192852,0.9021906892031366,0.2359549871395068,0.6480543146661105,0.47787437252544884,0.3902895494287135,0.9538215119614887,13.934852636248353
0.19121263538185507,0.7809095942892528,0.11281226111101339,0.7773956021297082,0.6650141686627201,0.716938291420765,0.30889176131272045,0.7715505136284178,0.9813899006243333,0.5587353269455294,14.158430650451297
0.3750053121862692,0.20769984289149812,0.12994871798128194,0.5780641998643116,0.38405733857880553,0.2954953892893646,0.8824028677202986,0.22751755083143343,0.42613346866082313,0.6407638177355917,11.215174001823705
0.47443531725965005,0.2148272702530144,0.42631949448611073,0.5845585706670007,0.3761010880311555,0.66469548926713,0.49190280511491724,0.2800306080390105,0.06621180026077045,0.46155993783099114,20.153864838503985
0.9878470354222235,0.28270540225816887,0.967172232272832,0.08050208896006972,0.15825987516388174,0.6570766976317809,0.3919325514787375,0.7908934572688261,0.45743144524421775,0.6992255206030894,16.963626516869976
0.3898136712686989,0.7843670523604878,0.5273143562575611,0.4767792300300133,0.11933531676627851,0.7944493161924943,0.5901210218882224,0.2800699737608464,0.34557003341328074,0.295347980734192,16.104458325229444
0.6811933424822102,0.22270860857998076,0.5322577441393109,0.5280763392917659,0.033748499143769206,0.49511792457545467,0.5598772937647772,0.7950259527091137,0.9569375196805868,0.4002651070962223,18.38533104682702
0.22739617113366672,0.9617772153739885,0.8208068133739576,0.4370418046858363,0.7200897017567782,0.2723123756314686,0.7382885492603715,0.3314764121647077,0.8414164032159616,0.7838915278995993,14.134034245398695
0.4480674897612431,0.7609100665563066,0.9909515707794903,0.3597410523543727,0.2730895216768403,0.3614693581155366,0.08464051163491582,0.626689437673296,0.8224071326298977,0.9605084300108016,14.481860844977238
0.01133324860577023,0.7102555099175208,0.6134189872308285,0.48661562688440496,0.7984653957215835,0.5564005625418859,0.8252985484431092,0.06967277644249037,0.674444320241647,0.6576512289672568,12.241587996852434
0.024694762482748045,0.5537466496330885,0.22976006461988163,0.7443048294492197,0.29910025131924955,0.09149636040071563,0.8251686936043233,0.856620538878906,0.6632677144414182,0.5626198620945665,2.4916101590351563
0.6792384219153816,0.789540736827027,0.22816616364496045,0.4622241400341198,0.4099263568265631,0.23647691394905213,0.07634651528397485,0.993324160213776,0.7192562861791091,0.5918121833728718,13.52433904336495
0.08530969376325437,0.43193251705969815,0.04759500091656288,0.07245965014454148,0.9641967619116983,0.17747540423267472,0.7524141542022516,0.3300988945409431,0.6641170438380635,0.5242871019509263,2.3512509623137414
0.745491367556318,0.7078606117127656,0.6387279965619292,0.8754673684454652,0.18833085198116184,0.2795400746929141,0.3095249990355824,0.5931713450960847,0.22904860959714535,0.2269088505281469,18.856644749372666
0.3477579217894945,0.9191938044593284,0.96566388104619,0.39703055248026153,0.12507615977084185,0.6458036786890913,0.11443028424593349,0.8146110317031208,0.7989233872388006,0.8441226999649623,19.006644623288484
0.766622611824502,0.2183158364963167,0.4140937356302099,0.13824254769614253,0.20804878219416756,0.7143773035209727,0.931511220323936,0.4910782868978387,0.04851476403792754,0.9364442890162888,13.611988430703764
0.3167143479838215,0.26800441872553904,0.7758268692052691,0.5208493540074354,0.894967005119123,0.3889125400082595,0.361526835439152,0.7717820816391042,0.326884918272457,0.9122975839007125,14.427924570295867
0.6889841830276952,0.7231190322599201,0.7207011929904472,0.4983509149480554,0.20994125742613412,0.4490145905392897,0.8259755752186739,0.18015275801618713,0.14615221594023808,0.7434020887359896,17.917892159288257
0.9003353692135703,0.226963296284584,0.5242846573227256,0.8668586872821705,0.13197827683757146,0.8245458041624699,0.946933012507886,0.10002897091159502,0.698054064201035,0.7722250148571013,19.596139268372315
0.7002962600021445,0.24711329269200055,0.28855675709673234,0.5174891179410975,0.46554578390690804,0.12109293620192174,0.1409415809189185,0.41815652673450443,0.520893207349874,0.3924668931857884,11.927820487468537
0.3641696208316195,0.2171687578599686,0.744456616984401,0.9641774822573953,0.511086313373595,0.7255988270922541,0.6852751817698707,0.8018113941256431,0.6111950510406864,0.0531475613255501,17.853322827931773
0.24258424295222447,0.8821586329519571,0.30225728504656213,0.9335660102666837,0.7552386867215828,0.9919968684725955,0.7093034550751074,0.37334825177982867,0.21935346093131636,0.9608944574488513,10.48605334070912
0.8612115732880161,0.2661124938306958,0.9924578136853445,0.06896605170157222,0.6717925212270893,0.6349986408928929,0.0265984492270549,0.4285209693890065,0.11895037249264917,0.24990325462329832,16.054577723646865
0.3869916879337886,0.4634373432375084,0.6613720990491272,0.7003433913246077,0.11403221418693166,0.8573130104146125,0.04650003260150104,0.3238055729905063,0.29727035773475197,0.18743398667797473,17.624836828214683
0.11879725902926597,0.33749690958291134,0.8179314584711338,0.6742882359569148,0.44582007039284655,0.3428097270511343,0.7826423839498008,0.6108081048638838,0.3328016938668028,0.10236956699309041,11.664093345142252
0.0070680995544391,0.8268877615549501,0.2684337082720213,0.15472949327159924,0.302445214645944,0.504630310132105,0.6071859308007492,0.8420290261423203,0.7092781221722688,0.699193753445713,5.22440390772811
0.36337107548678316,0.7506914783669395,0.40247387534121637,0.45056397445106866,0.0016043631894544497,0.07646402504497773,0.9152579492043169,0.5865242175019969,0.4559761482250917,0.07669487911122286,9.088940685205634
0.0431404921601124,0.6211733459239047,0.9375008364052483,0.3713810823502739,0.7493301766013786,0.29496736410911695,0.6163267114260627,0.3429380756032926,0.5392963730677982,0.5615122750136091,10.287820280106896
0.9870450606238851,0.8917473607281851,0.14769560596101616,0.3299657147683429,0.7222486684222098,0.6588578149939394,0.5820357818894618,0.0017370926502717765,0.13698056543850312,0.1060358597723573,20.108146699280013
0.12033504374964776,0.6316571441115817,0.33838411618390785,0.551174473856272,0.5001788982778643,0.3397809329779301,0.48218065723418757,0.7898453260291058,0.2576008721002814,0.23598974182683763,10.501228072454442
0.3190400038212813,0.575300125826808,0.09991956008195724,2.2433271495980733e-06,0.22193062447826684,0.41850597100810893,0.5848656668596085,0.05278396284468889,0.6626822184251031,0.708277713870428,3.985134682941845
0.5829648817810846,0.7557182006751191,0.5985630491850199,0.2890184103132575,0.5421142358910299,0.8202028051010404,0.33799325582435036,0.4923324265584834,0.522561338998982,0.6679405676149586,16.9348120208712
0.8683455529767178,0.9475602470184491,0.09019292849792182,0.44019722373065817,0.6303621708093308,0.8222658529950845,0.6051583435657247,0.1930093545694922,0.02083970068556451,0.5430794195285918,21.801403994200466
0.05576515858367703,0.9220083196914045,0.0331216975143368,0.09266472575521367,0.09241240885049962,0.4568659895351047,0.20213159050678975,0.8612609280142167,0.8598709331291805,0.6622450909416839,4.808970082527299
0.6419042643792696,0.46896941228433364,0.37916255318346204,0.8912504973964395,0.048201889446616075,0.5209000737677938,0.7729873770453508,0.9657757113578936,0.408163063114534,0.026438445984027337,18.588581768240715
0.7270728732717929,0.2076969581289042,0.732944004915804,0.6844770820878797,0.17903779866448388,0.41992892854963515,0.3726609589368487,0.3856038371855123,0.5913476410073182,0.43483892686788783,21.449630119724446
0.33771987686670923,0.037623456248554676,0.2719500900410162,0.9245310058571429,0.18910662652547972,0.31833780316450666,0.8469715748272062,0.34462764802955037,0.10917559533987564,0.9845567510811064,16.504873842173183
0.426021156152787,0.2651341710352313,0.9652233636341399,0.44487893175368387,0.3099034586600945,0.6764164940957338,0.8905520939944978,0.5512961756511908,0.7806875666672933,0.5795274886816325,17.620862858072833
0.005655792527075154,0.8672643644558694,0.061846896818038566,0.45669201899543044,0.9181217260460576,0.6365566494858426,0.2753584365309075,0.8252021754873841,0.16695558367595342,0.9870872148352471,11.169661404829656
0.926085955904356,0.2102374592289985,0.3950344283005428,0.9257945607811491,0.26370207480902363,0.5194925932282201,0.975021861450757,0.675969860650214,0.6060540641878723,0.8457271248601249,22.168373213419553
0.06476171699850031,0.7723500962352207,0.3414051933627815,0.3958556497948672,0.1340281795038918,0.947038179088194,0.29793795602028195,0.1749147678316718,0.706704746032149,0.4978320995170543,13.282938457897615
0.17740803585044174,0.4813596079223931,0.03826949281883896,0.07103242864077708,0.932136381939711,0.7592018425742462,0.2969247225136048,0.7248281955781162,0.4148040220948914,0.7830373182837197,3.0032120874307635
0.5437223962276757,0.4101438175394442,0.4103410892728685,0.6284956406407364,0.2625900241649961,0.7828221741256245,0.1191207165643342,0.1288919627203995,0.6973240686081026,0.5510788917005165,16.846004772890684
0.7663432217057745,0.37157204600249916,0.9264837243929472,0.1866818766467031,0.04384269636825444,0.10508898709853509,0.5433397908362398,0.575763088206375,0.8200139583325383,0.03061196420146106,13.32943145121193
0.8324089434748589,0.09284647455793316,0.5179880931268566,0.200839792751207,0.43253195579732817,0.06341283479434934,0.40055575192086135,0.6598599535887892,0.23321548507205736,0.04300286659597785,15.272696306115465
0.1521421694312669,0.5366062776446833,0.7438229512771645,0.6615745527015052,0.273484151786728,0.6555820322417142,0.9612959337043201,0.0547668089220954,0.15095625300603033,0.37841842005647897,15.511915317671841
0.5799204620892626,0.2474382417799793,0.42805542944272856,0.0555310029401036,0.1123859758161716,0.7675660076826281,0.18690761200811912,0.3481361891340474,0.20429903337564592,0.974735108580661,10.826018865866244
0.5938342363452465,0.6857990564483855,0.554269955131079,0.14996628659316746,0.667441943606635,0.22388222793334223,0.3414568280566209,0.23845350958272704,0.22916076641841987,0.09895672501062946,10.290350306651877
0.942635636780028,0.035389528663528846,0.4207309103854523,0.5303067433122989,0.4318803720153801,0.23357489304346757,0.26950254317000333,0.03061821710231427,0.8965822499515984,0.4388201203052807,20.42328978478538
0.5790435491576843,0.774494637977769,0.397152634705786,0.12877831399003603,0.9132242659784235,0.9866245255430276,0.6209073109248883,0.8307316362630299,0.2117107939630346,0.6344612442813347,13.616115885069364
0.9225901727870779,0.6927932179858628,0.7756453465929134,0.8080235664563543,0.770753811889537,0.17129912428200322,0.30572289598753155,0.032326258404276054,0.3996887264026845,0.5488499337873094,18.4219774006694
0.5952482324416151,0.42255836356141174,0.834096938789929,0.043463237594993154,0.777907521126862,0.5603147806744756,0.6204686914498885,0.46689110135026224,0.5976007733730861,0.701302467110565,11.35975917638887
0.9663806057844916,0.8313725062350362,0.2104393072183418,0.10517777624739466,0.07698542071325842,0.8561269870684515,0.6923970188722859,0.23405267145232578,0.9640914440606786,0.37544807422340465,15.023561573886356
0.6303030011578074,0.2495238511879866,0.6585754746486226,0.26985779925791287,0.6222680253450559,0.09522194698268582,0.0028077600509180956,0.2188876606789696,0.9896969408234977,0.795481033922616,11.396862104773021
0.6043799526573678,0.8947559590714859,0.7949730983642914,0.9334991467892232,0.7118498864666449,0.46394902779975267,0.4239823897788332,0.11268122756850663,0.563714106445995,0.33691573883720594,22.39084761372405
0.6372832683345084,0.4333159884184854,0.2554695354570319,0.15079592930296004,0.10547154702945771,0.18967692781439582,0.8878972010177294,0.7647639194856711,0.20872187882479942,0.09733490477194306,9.619848256465918
0.1953380546166018,0.4159042284072476,0.6250881093410258,0.7340463798194287,0.6644645254719496,0.10534501649618411,0.6913645166489061,0.9874299201363259,0.7166506218392341,0.36861343809387237,8.142374450516204
0.3292447407310791,0.09541133813909974,0.9128200943912499,0.05048959492847227,0.01526867526611786,0.5564593183740579,0.5615971743561747,0.34465330860062804,0.18890215776319463,0.619254994802424,11.502084290724518
0.7711976793456703,0.20448695751860735,0.5172983033262109,0.5136050130820066,0.881670468543777,0.4139307140178605,0.39099134692159043,0.340827576830001,0.4872895106273375,0.08676347169920273,19.044154233480114
0.7718407785381302,0.8573508671089012,0.802303765150789,0.44574066610531093,0.33768933012000135,0.43438121670883256,0.5908333367558614,0.8163579849009787,0.4611158249816256,0.5400626960836747,19.354725873299394
0.033390416483320084,0.36341082532925795,0.8674571725701213,0.7175570788496877,0.44126501047965083,0.01170554698212134,0.8932940614045745,0.9867091879997649,0.7423163027881248,0.6055542192543591,5.3513971196948225
0.5283817397826431,0.8109814723252876,0.32367842375271616,0.767391286428518,0.09545400796687042,0.9656925252772312,0.5799816374166566,0.9605903698808977,0.23280166181492723,0.7592044801212043,14.299992583387393
0.25575179461047537,0.8120775954600167,0.9465690507803387,0.6872272900132884,0.054334300943804315,0.9049175223519664,0.5117760756045057,0.739849787477756,0.8891463058457605,0.05420465099531324,17.346635294231945
0.3041057997201958,0.290518322669308,0.37029592850188464,0.1187825532470288,0.5888620285811961,0.39337801863779664,0.16449896446677448,0.7615880420563125,0.09788940766967758,0.7526901654448765,6.9753991256045405
0.6796832858287327,0.24759925131087368,0.5396672843336404,0.8344693915672943,0.7816137707517657,0.3830227428452161,0.8063622268371534,0.8370689898481857,0.6450293269156196,0.21439740034007404,19.629250954119133
0.7005533143803833,0.8491125377609277,0.014790868283367065,0.037561297966674734,0.7570332587935902,0.8739854671311729,0.15320423614777046,0.4060964335698998,0.6806916912554177,0.8964491358021556,11.769529722316078
0.3290022783664084,0.323900133577287,0.6617234549665754,0.4107270824561312,0.6090638987556981,0.32070257953298,0.25854851275707746,0.5513134587759416,0.6271247143652404,0.7335554720087436,9.849270648097976
0.20743341422876038,0.49405586830780135,0.6596153674116777,0.08089236054240168,0.24821464956367223,0.18109082126135723,0.6733849392497007,0.5360829752551524,0.24011173856100132,0.4513092302153958,6.183075585141437
0.5741387453141881,0.4301899224160999,0.35060102627988965,0.42457835688327317,0.31396564797607174,0.5825418568739711,0.27548083536693957,0.7718985978403502,0.1634338694339207,0.2662714278581998,14.569150692001811
0.7594104014024753,0.43518542042622366,0.7133102181444793,0.7768335122447904,0.7414263570972736,0.07282255129366455,0.1740067520577806,0.5574312830740441,0.9026317460503892,0.8871440421962894,11.69626836649254
0.6450893897260411,0.33813066234721656,0.41941815252742654,0.4374872221941616,0.558960876243727,0.053173085895990235,0.6052005486199116,0.4088686016605819,0.15481999456534945,0.9081359354937082,7.824504262923637
0.6242591436825609,0.6784315397263913,0.5096967762494954,0.5426019936340243,0.4196364970761661,0.09643380376343025,0.20505542791587728,0.3925171353779464,0.3359666622493336,0.7252036690190552,11.66536585988675
0.7220305296220281,0.7136997734181133,0.2390094387009426,0.5681443757100421,0.18778073461910194,0.3049611650121371,0.19963587376721892,0.18499107350459498,0.7829167944926819,0.5867386656757534,14.727476459915557
0.21394619223012257,0.6275121116429067,0.9422591043780784,0.22487095047586725,0.8242783748830416,0.4222787295088317,0.726446784332612,0.35587504756773325,0.09239001171673689,0.10424777869857149,11.778020073972446
0.700728452479582,0.09561890318640609,0.6701770710245746,0.3915111716783922,0.4353218874339375,0.7369615629910905,0.2895086242080407,0.38419503977836444,0.632255225414834,0.6749522085150991,19.981923112266934
0.3994347794979535,0.2110217094935647,0.420366373769791,0.06917993436877301,0.7007312320617174,0.4497158442878514,0.7264507381522688,0.3477893282217839,0.6859932374309795,0.6727328631879801,10.2606672287467
0.044018434198162315,0.8553176746017505,0.4799315720039341,0.5300751387434662,0.08293009398085449,0.05262504204582419,0.16296026946693576,0.9105050574281573,0.639068706206955,0.5052824084851054,6.284053410403418
0.1168978015158002,0.572758605982378,0.568165690017122,0.6482081583927778,0.8824470146448739,0.7481742750275406,0.7346311889364247,0.11837755347420265,0.6514783686415159,0.6927204940744021,14.845165819564839
0.6106848931615796,0.5429316001038131,0.8373105803053283,0.9823445376745347,0.30643926685890266,0.4154174087569117,0.9143247927168373,0.9975388058826288,0.29165246955224966,0.6218186165846357,21.052375912796613
0.5363082702975801,0.11386188663614727,0.7867459019893924,0.969547375200294,0.15545678465087898,0.863009953424998,0.2288700508850411,0.8405604893450856,0.7508106595790182,0.6604335281088094,18.568712901286915
0.7898029321206242,0.8388667195310395,0.46597139493571216,0.9445496334533655,0.3801692904461744,0.7003513568879812,0.7841055110864474,0.9573923808916145,0.3342770287095007,0.37845460118487817,20.865093678148842
0.7431914761370143,0.13830236835311016,0.6963476610485356,0.8953803671021348,0.35068926226747466,0.15509096611927864,0.5835157617207242,0.4449522214570173,0.13100027461311237,0.5022907572395715,18.429696033566305
0.5303056635101392,0.4947921009245787,0.9141602728911956,0.13463830213173245,0.8519115081792739,0.44035592256165035,0.9344402344921363,0.7242431349314389,0.18460712320977146,0.6595648648748469,10.80932203690184
0.9624051481869234,0.8855027320207325,0.5460107332500866,0.1794670928068115,0.6104229584088267,0.48311399185041626,0.22964353395188686,0.05396587455810231,0.6250808827058013,0.8887800639831219,19.206672862036438
0.5436366717225155,0.631526742900304,0.8197738116096269,0.43154058135461393,0.02867034076992403,0.8129538886711816,0.3556693826491446,0.8836266634430641,0.8335940340722988,0.36944719476357446,20.08947880818677
0.9378443179752071,0.10209214369360042,0.5700584638639109,0.566290780098106,0.8104022545144506,0.21720664685018964,0.3508492529003999,0.12935782570694954,0.13573202958593833,0.29284801095797264,18.556101322817064
0.38788149594955523,0.26759598546806407,0.5078923823232202,0.2928991273563303,0.9756333503877676,0.41555783061053675,0.06047052689373622,0.8290098733005892,0.8994687155467669,0.4853681646685961,9.59823206712094
0.8127018285530069,0.6999881969073665,0.9069196498892682,0.3471816396887194,0.3504227755770468,0.5558498289701302,0.285730804290825,0.8773365289359681,0.878630556889759,0.8296256312319057,19.850671544042207
0.8659009486902228,0.7480986721388582,0.42561348594099013,0.723343026301677,0.7518270616956615,0.7439984958474116,0.25042113842660896,0.5746913395907456,0.10188485067459208,0.6723812687401446,22.01775415873443
0.7336958292824104,0.7507163657860396,0.612689087803271,0.2632788010014242,0.8642032797449902,0.6322283727260625,0.6063628505047853,0.25391301440662306,0.8445526391271141,0.07694233104146464,16.916066453382136
0.25913247685823826,0.2631589798062264,0.30879079757848416,0.24934061774221195,0.37519931701228415,0.07999126985696181,0.14600545428976353,0.09398323866682967,0.5976990392430245,0.47908419396950663,3.9537932412668493
0.05251229058315576,0.5737091232312757,0.6586713911265575,0.7895832906113512,0.394219087862255,0.934076885258686,0.2345477185425967,0.318967331550428,0.05054779839906132,0.3429603872801753,10.629700228265547
0.5521632034549053,0.6992870456739578,0.6057450218001373,0.5925523899285509,0.882531386088847,0.34808094933221234,0.7878616984194894,0.8970310370841069,0.02826029003274322,0.29062807299650806,16.360254644640758
0.3676280755243557,0.18031445678545377,0.31907256536969975,0.5017669743017856,0.8858946986171227,0.3921491700002093,0.856797454006182,0.7517682768300415,0.9059882350729885,0.18628689903149442,13.358794287506067
0.7088797630934187,0.5727849957419793,0.2689640163515189,0.39733177370316386,0.5506736832861372,0.22160823873200808,0.17841509296172176,0.46594083751552673,0.08269086752565191,0.012346097228372432,11.918999004998508
0.6013917510934879,0.3571940117621796,0.38853511862320655,0.4038807902762104,0.4438689008291222,0.31902416820226553,0.2123703341568023,0.6182837107935172,0.49960752474180414,0.3116008320497873,12.527859388144574
0.8588194227520926,0.6508809890614016,0.5496325835558168,0.18665370166457373,0.5976257509247879,0.3597369730797202,0.9458049588438804,0.532270875504722,0.5299678496101902,0.19740027868807097,12.834642056040723
0.5712758042967867,0.15438727444659128,0.7399110801507788,0.46359639442341827,0.4596620834865497,0.14523052726001384,0.6449923433371604,0.447988770516764,0.8876924218455584,0.16083846930850532,14.589079740686005
0.6789199088267174,0.25952413827580456,0.7738894297135691,0.7483195992617383,0.6924330259593722,0.6660907169339932,0.6632420746399957,0.18854487036176792,0.9777451154152906,0.3903126487959385,21.79434592728395
0.23708067777070108,0.4473910975017087,0.5508488768678745,0.023449459967923802,0.13863548485149513,0.7375565251048375,0.7597898558071882,0.07940728628137983,0.6797065014208762,0.769678943381104,3.93164221996396
0.5887109216228265,0.6863015930199126,0.11623765166974087,0.5138064652658395,0.31559866321765295,0.513121190185931,0.21835361697524025,0.45915733557004634,0.44671440829526277,0.8700218009847842,13.682495785451597
0.6770335536054943,0.07156993636946163,0.24645507890069385,0.0915514349303469,0.18145337715257726,0.9784325799274192,0.8700638989210336,0.8738049862261691,0.9814295660058556,0.5891881044903395,14.764054361496461
0.6175782156800225,0.13907693096941653,0.6348606712197122,0.28914923889783506,0.25980733757861063,0.3620335068152506,0.6515728595547183,0.8542541095999749,0.29293268005825557,0.4507605050288259,15.52258540733355
0.1738693431277849,0.9093625835075252,0.17891330294348862,0.7493506470054484,0.30430651534932895,0.22073279981448135,0.27763961242360913,0.8355414968256344,0.7731738946679071,0.11674131097190577,12.704511840223326
0.7752870937164698,0.7360944857833607,0.2526411391813659,0.5248288508919718,0.21481630130400065,0.9378948071854204,0.29086979629233467,0.8350520212338942,0.646661930537105,0.6466970735704992,19.814003639703326
0.7484436360934071,0.7461515983948231,0.6877548380402129,0.29941323681677,0.3753266204846708,0.6976948193179943,0.2900419565333213,0.2906376092002424,0.1531524526314174,0.9840870933887659,16.610106642286915
0.7036446619047385,0.48303933625423623,0.4891860457980137,0.8277559077848662,0.8915639463930445,0.48485481642308814,0.08672439126496001,0.9180168736406453,0.026795426088069507,0.3282539528577141,19.73600860882669
0.07521725759057107,0.6791062161175648,0.23590001407926997,0.20097653330286236,0.13621625912515267,0.22714524138981407,0.650135702682542,0.019199731275901577,0.26957932082060454,0.9345723414225483,4.1574763669350006
0.9218921282029324,0.32527033857482957,0.06539768692928705,0.9918978074229985,0.35103246233866414,0.7992421790265669,0.8840813752674909,0.1189910974749454,0.703873114609376,0.6763297020069023,17.717583020790578
0.1940696092911688,0.31035455427288483,0.13643223784455327,0.08673633369389078,0.14893138530396355,0.6498117005171505,0.06405265890677714,0.8172621414592277,0.3443247823103325,0.7166747847821893,5.281857132213362
0.17561307063072817,0.6708339470244723,0.23194195207720936,0.928127571062257,0.03324453225185575,0.8986952351316582,0.36427793757610016,0.50529520476381,0.987674338613763,0.04553168711942934,8.489937692704913
0.7264588781041702,0.2476287040074796,0.45589039927098074,0.31379800162757654,0.8677093833124877,0.07555244793936955,0.11585306744862911,0.5475080770361195,0.11948928260831937,0.9610741137244211,10.745718108912614
0.12139707593839622,0.7235776106610233,0.06732820850973242,0.16450890983002986,0.4605053928767707,0.9529677302449905,0.684006657703079,0.05762232461366257,0.29497078014536904,0.9001921350910762,7.715495307157556
0.5278791748359196,0.6347478681031302,0.8836026658828604,0.8999436977498115,0.8783147430003541,0.8319577489029946,0.5086186016435983,0.7991820389414286,0.6379396865361062,0.7857649505622541,17.219033904309246
0.4633381344772477,0.7439780950945306,0.6920510273813718,0.7760733030181246,0.367917556403657,0.7074007963845451,0.8234140856281803,0.13797468532084667,0.1384617328117631,0.024379170421665153,17.57108918552309
0.7060377562095007,0.6121747305970218,0.21009802632711128,0.48694457623802656,0.9963668384415933,0.5367204270313911,0.7101192789624164,0.6092886569803204,0.15484692924534105,0.732617721185726,15.179992630173974
0.12453342825009672,0.585558246697681,0.20849098680044287,0.3747293547499886,0.37826207891341646,0.19847449798603678,0.9316615551617431,0.8424463696692467,0.9886011121480004,0.9424300696522233,5.010949945331362
0.04236066054600518,0.8339723851867201,0.5599686308715426,0.10027812062656127,0.2050969896323953,0.43489465937644256,0.9001107475245893,0.31438961125275766,0.41992090055410947,0.11205811918034803,7.134875534142225
0.8999799665237063,0.6107662720210828,0.0508222607301142,0.4775998481519378,0.11625603192230338,0.869390506954847,0.40263346794479216,0.8215987806462817,0.7471064423028226,0.9075672763015818,19.08107599859484
0.023963836671920036,0.4126498162053187,0.06867778693415805,0.26972568733089064,0.26040770705602967,0.8112061995656954,0.8126430229549385,0.6161172872454004,0.8200583504064768,0.7581947970836914,6.244953964744516
0.33806138043125744,0.4618033379421058,0.7421917796883135,0.3746499441374944,0.01256705647048395,0.18927483992833338,0.3020709044949623,0.6606124370801878,0.9981095937596662,0.9393928659401789,7.563334030153824
0.08790931714518846,0.31704301095984244,0.2666261844464062,0.01817378797164404,0.9225931283853439,0.2274272625678586,0.5285629129201631,0.35946598394172347,0.8057798845868066,0.2829619605714264,1.9730699333643311
0.41112177287395546,0.3563773384423836,0.7730351448415341,0.6420520645119482,0.4098777502801848,0.2994839418015758,0.46397805268648096,0.8446166348144442,0.4550106139629878,0.39186788546853146,14.345031573309257
0.6991572444271719,0.09942660295242256,0.9359786789581007,0.8930283401907442,0.25279261267076014,0.14764468434759548,0.964707354972794,0.01521230109988747,0.38192544433029996,0.861164830797254,20.459122590118547
0.04081534843019963,0.09142498887605321,0.20226291347295644,0.4227961694633319,0.026890821579035995,0.7166984565157746,0.8859093345036976,0.35024521124456054,0.6306628964164553,0.9571695189435319,12.286461232579876
0.04938405015733072,0.5349260413483905,0.6442516432313634,0.955478982181825,0.29332444827173954,0.26508984740256336,0.21905517756978632,0.12654560390679204,0.34234106996726243,0.9163963417808365,9.613664473918888
0.3018247605520099,0.8655253376423733,0.6568749816299233,0.09959862786496454,0.2585528170694934,0.8224901364013748,0.6566023411457275,0.27479242184877084,0.8482495557831208,0.2738524687687137,12.150958944308456
0.8433479854974606,0.49673602313354737,0.1362644482659875,0.8445582878974314,0.023780988000071335,0.25426241270730976,0.36851756594214347,0.43301723705102246,0.9121303441168143,0.29699606679154855,13.545981902805027
0.9873723775331438,0.011848677479752268,0.9572964770905216,0.693167529764342,0.7045247058966025,0.4240729207970285,0.7174619604875692,0.5511498993325437,0.9834306473174953,0.047237601789702155,28.19821522762429
0.5016258192619863,0.646052141370827,0.34972863808956234,0.8187987144997596,0.5488337052370786,0.598136199518019,0.49085655449469356,0.15691790114029813,0.7581466783997648,0.381794225197408,16.820490429118284
0.47587239428985983,0.9168665288040665,0.5177924081689516,0.5529625469669118,0.309250362663273,0.9370306679352931,0.391025014199201,0.4902460558379862,0.4211454874304277,0.6835336404173363,21.11536366327674
0.5763287006623926,0.08723105591589486,0.47693647140674933,0.4150625310099392,0.45922154244710034,0.5079223319039362,0.9213846898519947,0.40688375166335555,0.6766020041598133,0.25742166452555093,17.541897046692828
0.8952714559328115,0.009388523310465358,0.3189812147006771,0.43483177917972704,0.11242283926985963,0.03438237108209419,0.6516605496709188,0.23072521352066688,0.46296444223792255,0.7918967147306647,16.44439508930692
0.6361585444018442,0.6036478711718881,0.2632888602499749,0.49944533924001466,0.6569010240288675,0.22168005344181685,0.02006453009174325,0.04038960065602104,0.28731727770629834,0.8803186786550223,10.15429427344262
0.8067477350520265,0.9951154446072573,0.4890416086352076,0.3301858645033078,0.946987308390273,0.10400329499474292,0.12990243996944795,0.6040809714165725,0.03840398074875828,0.5955837285056094,15.31547250477485
0.3957166282944151,0.19026831033930824,0.8774801149148863,0.6124786070760059,0.02673395893461672,0.752557184434803,0.19762929333601498,0.6375457211395981,0.8519736817278389,0.3209327978482466,19.73667840972984
0.359698332616035,0.5342893220783509,0.9489993289700284,0.4965984036691581,0.04241569867774864,0.474966044734349,0.291445851803494,0.44628288444328323,0.9828919619371037,0.754515846268563,13.847511999092921
0.9038058670246171,0.5319304196771267,0.22863028220977766,0.44797154692782604,0.9693111813390304,0.17556571137970933,0.28194618370679536,0.26251762510206533,0.3800951814338016,0.97428830891302,13.126354179185515
0.254526865217672,0.7840954134263612,0.02335358109406316,0.8597743338937694,0.5758771399653555,0.07989044036244419,0.8870189010979306,0.5806057391405123,0.7419258450996697,0.38145745735246295,7.6932628625634845
0.9406875588668931,0.507465591760432,0.3864150630725225,0.36173239202466256,0.8447588134449066,0.7481065523606483,0.538683965469254,0.5214700279133894,0.2395205474586759,0.4865349300201286,17.699939493227024
0.08482410157561704,0.9576927524099721,0.8307185768304394,0.29560864186015035,0.5575862073392793,0.20361300856057019,0.44535749091366594,0.041901742657557195,0.8370195941052485,0.881636772820615,9.474777341280596
0.2326004256222668,0.6624067078447212,0.20796721014361552,0.5106285289608953,0.6006636273442235,0.5785496914383503,0.4194817616462432,0.6932507516393137,0.5861609652441798,0.22946600518017957,12.494624788557369
0.6752074537878336,0.3711145968877335,0.2537310846529057,0.6791185086614426,0.6398615444406921,0.26673853903352407,0.34241442145487144,0.5386875801881569,0.46549297866256967,0.21550890870141548,13.476770898846157
0.42952899161320424,0.5988781868247812,0.7017972253295754,0.24991599513370688,0.3161271692573463,0.8373482058310023,0.7302465832693892,0.4032948057721869,0.7054238858957431,0.21677167600072433,15.765332212723932
0.9361517859734235,0.15731910109582992,0.5064920967049988,0.3943256404757016,0.5862556571472091,0.13750768746610542,0.4439032388783143,0.7411626123578049,0.002268692555705054,0.20109348851736475,12.870546591367463
0.44401234457908256,0.2799940637418161,0.4185037663766895,0.787606582525522,0.30142153051459986,0.975179318884538,0.8198217507529332,0.7284027467205685,0.36853599559502603,0.4711764777455911,13.973243426698438
0.9412697555867178,0.8936295326066532,0.36647535840910805,0.551128501430181,0.24451448597457137,0.04820020918368084,0.7943331010869168,0.5509717329973468,0.49262609131780155,0.9389507328137406,16.72820535154729
0.8781005815650419,0.3855027151847007,0.9214361757767908,0.07060481224906001,0.5846759990931416,0.904072731243887,0.5751240902566601,0.3098187299203671,0.12214925123891518,0.06435564308158159,14.972527710792056
0.5349525019895254,0.6825532331389041,0.9247565584506826,0.4850268322373519,0.010769231052743966,0.5214030626879556,0.8634509500424526,0.24464393176136268,0.25771060341427565,0.7813984874424683,17.728857061743895
0.25893621802975086,0.20951680477485013,0.6856125384514383,0.6638002175106545,0.7115601434569462,0.3373231743953242,0.2524576817513845,0.8737905750463184,0.10797158300741994,0.23536115361076027,13.012811204082995
0.24191085356306918,0.14856832168685374,0.7388001492001742,0.6906837531506034,0.32020388577190995,0.06804124987855031,0.015149071053396357,0.7802421984690233,0.3059115581362576,0.6239660662346079,10.252677908572384
0.9848552776766084,0.5364950794571477,0.8752190061504813,0.6600190646046954,0.21153919812388733,0.827493126185545,0.9641419726922011,0.3336143732630813,0.8256715472235309,0.7596457454133714,24.58914961101214
0.9846355811542189,0.34441021544366635,0.14955730142113122,0.28489060152985657,0.12114956484641581,0.09869991073190854,0.6640371194217699,0.5282234814319562,0.9201455143129057,0.1594258417559271,11.545790369104244
0.3299016032839114,0.21204014223667567,0.95725760094232,0.5035755220235568,0.004370969363296728,0.9079347267475666,0.9774381345996156,0.04155245756324111,0.9025472017092807,0.8957702135926714,19.3439066344808
0.6498074091189376,0.5659634271973757,0.7016719592853945,0.22325015095027678,0.29163258275097026,0.9625040250711385,0.8883399894029247,0.47683870483280066,0.3563243687124238,0.38340720711092624,17.356979855928373
0.6247202238330303,0.7048859591551295,0.35720265756453695,0.9367614489762153,0.4869868703295248,0.692132117471927,0.25515067639776357,0.8196653600898652,0.8548900943991954,0.35729862043060456,17.63490304601314
0.405082464729689,0.5777287351128806,0.5051753858424408,0.10066040496815665,0.4268584904032118,0.231500280131956,0.5059337818358971,0.09810761330394724,0.5501387118344269,0.840247360389046,7.810750951726159
0.9817550784830643,0.3740719319247475,0.9274974992383535,0.06979868251784216,0.9409235139821583,0.3792652732138272,0.981330443468054,0.5923082316296147,0.44318995097002367,0.3724776853054693,14.413239695802073
0.031653016872173034,0.6518999685130118,0.467631488853524,0.6342449411243241,0.34584320399944346,0.13511705101496463,0.382569765515001,0.5976169490507117,0.07517518005180734,0.026947668974587002,7.334548375529504
0.4032461942445841,0.22644995019238046,0.771538355091304,0.7503539720699135,0.09482073055710172,0.9327840453369255,0.3411162873799988,0.5859686750787668,0.8246268059175811,0.05492968950800725,15.623658632694303
0.299437951453295,0.11393349060050795,0.5924687701508734,0.8740345927476442,0.0993597535434122,0.3976569838539048,0.9718787505982566,0.3483517958583918,0.9371255515904405,0.7381307740824454,17.9654826969703
0.7785528587537812,0.6953203064541496,0.11308168619818981,0.759694068819076,0.47051968056415094,0.7536702578362275,0.026868313510536646,0.3007379273569588,0.2343971756051465,7.499284664769235e-05,19.121213394176007
0.5125929707896645,0.8738937846276414,0.18808235373187054,0.9418772999404915,0.10612874019274876,0.9627121719786299,0.6768250766796002,0.8304276621071996,0.4295665503227327,0.1669009449201886,11.811507668077988
0.1657169093387899,0.11793150261073582,0.8321066025071028,0.88398561425523,0.8651105621220272,0.7694518108755953,0.48851605557546063,0.15667455679356246,0.567218684092107,0.2326269425159445,17.776949024635144
0.888989651286121,0.9671073740850001,0.5260642596952726,0.4074522781872696,0.31056338855047716,0.042637182884068814,0.8612211631025105,0.17138355818476037,0.6037077834357112,0.21452292888035274,16.16009821761273
0.8525894975985753,0.16948221687946985,0.6357547806378337,0.4193748744382957,0.6993920837898853,0.9689437572015129,0.33430745286582786,0.4938696901838313,0.5914842264780433,0.014223073911399431,23.561519223996882
0.5478939423998842,0.7735645991475378,0.050172949208349804,0.8831136392426501,0.11711703508487803,0.17416112483149015,0.6912167361145941,0.006841177432708512,0.879392622504569,0.6487584383555102,11.362731834241663
0.3781963951863482,0.4048848038937545,0.8353524686036168,0.9686143766899465,0.09166796601811444,0.3735964541577238,0.7145505160475685,0.34223316323196784,0.7987267855514167,0.04820761078195157,19.478008390559086
0.8923733584550662,0.8451125893842882,0.6523142888872431,0.1556632675002959,0.7860062052610448,0.4790917953987298,0.6349570760475396,0.9653639645282814,0.2508990646793976,0.8021447879102109,17.461043411030467
0.7080355772413359,0.988594345415427,0.3648406001098484,0.3183448080968302,0.07865068862612157,0.407377812850247,0.25197708993344803,0.550744369065105,0.045651773128356,0.4783679589987788,17.10413941051772
0.08596508725545293,0.4421499238340191,0.3566136230222048,0.1271930090027814,0.8419134847399404,0.9076759033104222,0.12173269654670749,0.28794522772999254,0.9306969450225232,0.9094589139670556,5.773626090149929
0.8037277305727238,0.7565907714810165,0.6384195492245076,0.8962939316460595,0.6108022649527163,0.39959916495264824,0.10225937910591754,0.25439314589536155,0.5816796602329826,0.6748875390636063,20.576268369885973
0.6987038453820237,0.24633188094645864,0.1311608756033309,0.7430435185699354,0.6683988035433174,0.9130662439173349,0.7637151403616573,0.8519226516524238,0.25437707685949396,0.7320613915435941,17.669112604578075
0.7348153195833202,0.08329293819136008,0.890099332699341,0.5860766030318292,0.6681140983058942,0.6494217609475257,0.6434560455994744,0.38861066263388644,0.20618820311169317,0.5380138680750068,23.876749917947173
0.7691685294994051,0.6756259555986165,0.47355669765186215,0.362402018195382,0.6027287995066269,0.7142409272059068,0.9050538679909512,0.040388380456314876,0.7903209815034539,0.5849743645210875,16.882024998631024
0.0457460435429512,0.008234721268671974,0.08602581337325932,0.36742177884033056,0.15628796863246497,0.3612480676643117,0.8801492191902666,0.1493531726630435,0.5837285791966189,0.47595388621822055,11.591365780424786
0.24471703637504572,0.9169975597507691,0.05109703870632898,0.21858250228763454,0.8230054818271044,0.19877118187480003,0.6549458636979871,0.16270305574198496,0.8521452484100766,0.2917879550490101,6.85035826296995
0.4429592145659811,0.9418999274272094,0.25811242896537556,0.7466582110007861,0.7104896709554922,0.13950244103050358,0.7153184923449853,0.330618164296705,0.08329782621766924,0.619599543248123,12.823135363781308
0.33776550284027473,0.8742107138580489,0.9566546234921909,0.9983455987982335,0.3704913061194074,0.7871697464026013,0.019122829848589484,0.6486831149668834,0.9114924430949367,0.6384411090152263,15.734278879255891
0.40675675622317153,0.6401634081603198,0.5158628211102618,0.2070888395745054,0.14306275828708404,0.5185084937244528,0.5567034533383151,0.3244409636080706,0.21106028076957983,0.9196520006530418,10.497964511318138
0.24783293143684415,0.7669952909800674,0.14954177855125617,0.6858521329618953,0.9232275569756946,0.22743553982061993,0.8851467181244227,0.3763167418982045,0.9427637135120057,0.5866838678486775,9.479252792970279
0.2596760551200257,0.7435744177639022,0.9224639502911258,0.06803551483411674,0.16373559819375483,0.5600241765031595,0.6484843567462768,0.16291090742456027,0.49109347578560525,0.7495603509216587,10.67017159843371
0.8015830073738073,0.8499392593370946,0.9559850530251027,0.6861951651925995,0.4997364777643528,0.5412059929457499,0.8565822761773272,0.6337019718426756,0.07541851543519518,0.5002998057222433,24.469469953485863
0.9908316130903673,0.41697839279236915,0.5022333001314819,0.20907570685602017,0.2279666825014499,0.41643108383728056,0.4516575215443217,0.7281904126720034,0.4786352439011211,0.42296267212676597,16.544519606511432
0.6679358966439358,0.7449075666719018,0.3637759557770307,0.9171656139954126,0.0741043696563668,0.5104518603536345,0.02623870014943752,0.9265255887620635,0.28570571470943384,0.5459235630637709,18.51544642120502
0.8559254260393464,0.2161977363076404,0.19991380968331485,0.9376237539607386,0.21967343633059233,0.6128885154347714,0.12872405770892714,0.8133608215064188,0.31591826838911585,0.025625201345118365,22.081482539498975
0.08400142207917982,0.21494562820714957,0.11542162369174047,0.14620259915730727,0.4750188972355528,0.06642673563619905,0.16176241645894585,0.8699709174305538,0.31879808224701545,0.7745602708161903,4.712137992926551
0.5837927233381989,0.30547162439379594,0.7117049799363289,0.12803642538048887,0.2829769551978383,0.455593792351518,0.7634199563912457,0.8004275307289265,0.12990025019335372,0.06262949212956515,12.726628625380405
0.5011824574635791,0.6877181891408893,0.2571154939902297,0.34260291847963287,0.4320098744734149,0.34381510790647685,0.03367711335149004,0.08799397031171585,0.4286485037449067,0.5193539639506947,9.559249839814683
0.3773126203975553,0.1813490730153059,0.311169261057354,0.9823857940829972,0.19504318218483163,0.12156780154075986,0.2690398439311815,0.9825022100863949,0.7507095267953263,0.26396978225233725,9.56758154019142
0.2260588346832817,0.5548160565167537,0.8543247129503083,0.6747946620433186,0.9660551136453844,0.3653634488166988,0.9413697205749636,0.47202079958013343,0.40287784836783447,0.5453950225590519,14.642177387544988
0.01034739952862207,0.29427737640385265,0.501078608495878,0.1316022705910933,0.3046796759763528,0.7267527729884965,0.7592666838237481,0.9479818068020855,0.32449023126096277,0.2902753054736861,6.785031220560169
0.16273404127295432,0.8344810999622119,0.09299226904163527,0.92573891459888,0.13530620129764215,0.3848870585260906,0.5357599407364889,0.3686548098997069,0.9402261135290776,0.32142949487119943,12.240811650017871
0.3856778473505348,0.06697446888384051,0.9050351617343819,0.9851424325745122,0.5648281982895588,0.060480104022227366,0.11646470513118279,0.34967879494453435,0.22968792192185727,0.8893238831017016,13.557644988621902
0.2213695058346853,0.7086715342386026,0.5858071128974389,0.9738410496715142,0.5591164791331786,0.0963740186666503,0.021390652276911726,0.7279094812952486,0.7996827009461938,0.22156371897046534,10.316427234233643
0.05377798766513375,0.11596723810810272,0.013317785684959782,0.11526776993063215,0.40469760985286407,0.5023504905700322,0.07604726778403059,0.9733592107880362,0.741917368209333,0.4127502557688768,5.565554628566643
0.18089097507881124,0.48446555707554595,0.3561964963135015,0.9181887000437379,0.9500761728695664,0.6361300224145102,0.31336208114408426,0.47336273028626086,0.3503820077952913,0.8820247958186794,15.111834889514613
0.9121265631466261,0.6927792869143389,0.36193727111363894,0.5286532310570399,0.7763634747876242,0.8611012203387318,0.9038063519208046,0.33328183702813063,0.17740202124074045,0.41842169050683853,21.235320385339914
0.22856876376737179,0.5029593601410275,0.9431760901608635,0.7983105447392648,0.23064517358190995,0.8004158872843861,0.40124879873302877,0.40581583819862155,0.702453781023811,0.6200665615152453,17.463317545000926
0.3092876044315228,0.9372720203072739,0.8730637773204591,0.36350262713890336,0.9974719748933943,0.9546706607084624,0.4739003916766692,0.12302424719459049,0.028446352545620668,0.5156163155610886,22.852956129779304
0.9360944858286334,0.019805433220187463,0.35901448462257923,0.004511232823966593,0.30474141585062176,0.5193307912660644,0.14364142920846124,0.5805010505396309,0.459994317448449,0.8484289036208974,14.493516420894188
0.1588824649396653,0.9139611048239497,0.6785740563973255,0.7153027992131253,0.1286421062174462,0.7506314305020864,0.2831165162902919,0.919351882222683,0.9783076524952405,0.2670972840405199,18.01264471807827
0.22996899260379788,0.1468567097408363,0.11937074173022266,0.8156656115314416,0.6685237083593066,0.3661996406299993,0.16974001423497476,0.932354695496755,0.2566192764941959,0.7974383642200407,14.99240973645906
0.7161179269617803,0.08298165262250845,0.15931919424466112,0.23890043166584096,0.35144941715729827,0.7284738310657157,0.3846607010779427,0.28458490419895555,0.2851757956030456,0.7028667167763153,17.592076496527437
0.39766978817828913,0.11307316290868985,0.5439693022222182,0.5372037955992115,0.34481507093433794,0.9530708104675346,0.6478816834126924,0.2464946810203591,0.869159277005089,0.6544897080133336,19.230282126016082
0.9333967435843861,0.5396416040092594,0.48392275562803344,0.5126781616643762,0.10954481825580586,0.07953197159183822,0.0022674197985211864,0.5929113650309263,0.5278883966775515,0.6734874052329963,14.906980179631168
0.3187004618197249,0.7801254989531289,0.3378489702963712,0.8352728070680614,0.7113040863891933,0.3839078947423876,0.7980897528820748,0.9382823903630493,0.37924676193625384,0.10781179048828948,14.545490655928075
0.43773821257864687,0.26160027895302607,0.663392806031494,0.45594041672759344,0.27061069329859266,0.0995144252415483,0.3849291252321623,0.8751065897952668,0.04436196049026031,0.06241952356882463,11.573876756352927
0.6666963017003705,0.5390784332682838,0.7072261515893934,0.7377995049559937,0.5461383255527811,0.5462769473617015,0.6811155786673421,0.05481490490793994,0.7938845672401799,0.28748800862466506,19.736009278688975
0.557776556932502,0.8904974240638803,0.0894653250373455,0.7568309013340696,0.5859434226264122,0.8669932177030062,0.8657923716294567,0.8057308726712773,0.5089229851630366,0.16976415795616961,18.403827180414723
0.4460047552009454,0.6033771888992838,0.8643596715000957,0.524446578850835,0.8382504526090431,0.8132892893706621,0.9842856688828583,0.8653060193985779,0.039603846117489905,0.6483753775789232,17.626633728806056
0.023556883467571677,0.5409513657091429,0.9378796137770473,0.4095390887161042,0.9646247652472083,0.3426059342709553,0.6771325736672977,0.6644363219425576,0.005200908832851958,0.9984482134406202,8.508664996540324
0.8573911006632843,0.7054597373167161,0.1491232453632113,0.9287717069175959,0.5225754487380954,0.8129341809171592,0.312874792380588,0.8554008846996688,0.40140003512846034,0.9379948738473719,15.760665038935924
0.7772853489285233,0.08865030677077834,0.6099196021887335,0.8192110596195541,0.3219668300520765,0.19559755962412595,0.07676982482762651,0.07980372261192414,0.8974724486340947,0.6048348132340587,19.33072856354219
0.6186084631055462,0.8574190517366778,0.43271915722820087,0.01887829797844054,0.7905585975595556,0.49881236111784144,0.7515615816628972,0.9995847134354696,0.24726698423280113,0.8026027668526552,11.67272021825607
0.19749067868737924,0.6265053371518721,0.18996013011284751,0.5884702382295335,0.9576773619497034,0.2867960721939382,0.7426332195776021,0.014376807341485831,0.4830044987745439,0.49412883783857675,10.703491825708035
0.5952190744137282,0.9432056402621439,0.8694030500346825,0.07510803919752718,0.5683099633103337,0.42208592229401,0.16171888287064506,0.9712567672178932,0.42482063413922,0.4795519899277002,14.195528943904343
0.08703500559208155,0.06546350476488538,0.45498234391263015,0.02333363388276577,0.9442580660173684,0.4640782038514447,0.6660796677360361,0.390515717767118,0.42561320939609015,0.7188059663964814,7.9535068105649325
0.14337525418623231,0.8474380115202622,0.666924135401404,0.25818051630036865,0.1143176428600573,0.3015313522321843,0.12522990376928744,0.6357013254912415,0.8761920927000691,0.1539318964959272,10.468415985416916
0.3829609983071445,0.5950671169248445,0.9963772429078479,0.43190335094898613,0.628673054201072,0.7332847863869316,0.44402810263652726,0.5073978266025626,0.9725145805362707,0.5833696705590673,15.411487358291502
0.9094850383158467,0.9604518175307205,0.8198843339682326,0.01107884537749293,0.2068513658954626,0.6019428336591905,0.4192050915808745,0.5729762083641915,0.9724127147626497,0.5799236857863043,16.573107465111235
0.6556949130437741,0.07185929285491122,0.9338464189339852,0.7619620533493936,0.48586167667200797,0.22836217933642333,0.564994134216102,0.004169899241430519,0.601731570384475,0.4321841495659442,23.070547761558025
0.6378649799239332,0.016882255928303502,0.23595295886277567,0.01627350191927135,0.522852721162768,0.5898964817200851,0.3760630471712806,0.017274095830124736,0.8422821744850633,0.5485300369317037,11.542279491723207
0.9072699827871271,0.048838246379974914,0.31540883599811853,0.17233093080670359,0.48272465252032315,0.6623281310244842,0.5571777370553898,0.6543965892719227,0.9227261624007936,0.1817642182814675,16.352423384329818
0.9557173038926491,0.04392979369914651,0.3940574909676574,0.39706727560019006,0.022993623861250145,0.13318697433564408,0.744916768538821,0.2697984002231041,0.9798536122348741,0.2739712249155204,16.251762090398845
0.07529737714905593,0.369054037619599,0.8861615261727934,0.3555551710186259,0.08268515965142287,0.06018184037284757,0.24858812011516762,0.5891526841450412,0.2507305289991558,0.05324236461360021,5.847634282707017
0.6035756720129946,0.9165735028439449,0.45820283517860827,0.16426703532436593,0.12664072552646077,0.3108044876908882,0.3854350597981878,0.18716773444869206,0.8577907406416283,0.7586470290697541,13.855094572866147
0.7304872409626886,0.005856276443909736,0.6942425013503513,0.8391109821349201,0.5343625105670566,0.7520222616334552,0.2832094804505422,0.409116664196703,0.7315358754441051,0.03777140137589419,25.09143957009104
0.5646645479237369,0.9354921149669395,0.09309799911887573,0.14275818824900754,0.5612961365657185,0.990662171863833,0.8420682511136358,0.12906990475998115,0.2794847880819554,0.7538168814227211,13.51585452966209
0.2925762040014527,0.6919312011975179,0.7218944132312153,0.13330482764701823,0.34623391337071197,0.35360742187887695,0.15873133169329334,0.08710348325735195,0.8128030934629544,0.1425258223675676,7.489190029575929
0.24280308636739445,0.4126275496533325,0.8532521612531925,0.5517155422135098,0.42020646869871625,0.9132419956120885,0.21302683774281583,0.9736162588303705,0.8992934226873694,0.42023202280506433,18.14524605237268
0.8784478068018035,0.4703820474682119,0.39644239665186876,0.5125284212686497,0.32206234519193244,0.518892679787993,0.31716521235386774,0.330670095348391,0.7013990217848594,0.9961717513588458,17.69695024574747
0.5827625020123305,0.28503117626497654,0.7767002834174369,0.5277380131794657,0.7418361134656598,0.5276819080556057,0.06207897547262664,0.3746819182760812,0.10788603813662889,0.4920696513996691,18.500302984531015
0.6723520605723854,0.39411457066803857,0.4433444616125728,0.29082681183264036,0.7037104055385535,0.5010982129245477,0.08061238997075737,0.3466597034082045,0.38970698602330345,0.5818144853326984,15.299908280655035
0.20023906642021572,0.3110399089066638,0.9649167580325607,0.32068623757858705,0.6416658221286919,0.2597761236533428,0.988112902932088,0.8750146038104827,0.6717357452463166,0.4144206018738421,10.609453863190938
0.24650618730325669,0.707680059641978,0.7498375428350248,0.7401564308401735,0.5706654135700129,0.2350829138493573,0.549623654391832,0.8082851583352489,0.8163151318865854,0.8001238204810398,11.94994378348984
0.8943827412550703,0.8448520905932682,0.7843158921161956,0.06320642369224916,0.1940351789416358,0.21392660472511948,0.6065725974436109,0.7799830531262951,0.5361687864177159,0.8047671803220453,15.621696975077018
0.15349729881640817,0.23863323895073285,0.4807815306069987,0.29574841967817145,0.7837437488831549,0.24297425927767946,0.6814495732329049,0.20567952237480258,0.9592382961771698,0.3897031077460823,7.606746494110298
0.4579790225722786,0.21964495633465608,0.7715803730072756,0.12135803651863097,0.6239745012753304,0.38126631898163177,0.583014773668768,0.5183254312826805,0.979385638135703,0.34365784230778285,13.375922963826802
0.3346202501926445,0.6244215279623045,0.6596498893938721,0.22603623162535413,0.05073905294353309,0.07728098473428613,0.59817052263181,0.1428899096096493,0.331346643742648,0.2559011253018474,6.832923442659881
0.3004239371751879,0.9115750881429082,0.020271221729413758,0.5164767783834526,0.36335098135725297,0.14013535363043106,0.2868706331313513,0.4481861779658557,0.8978648006977972,0.6819559158194612,7.898337746050922
0.13293395069164593,0.9345258037194788,0.3241212779988364,0.3351656727084493,0.29168221334760336,0.7616663990158461,0.5888778838919886,0.658302145259636,0.6556289033682561,0.6877584360901711,14.41039836657214
0.4791954374538333,0.7831593731487435,0.7540639931037315,0.593058541767193,0.9228857707475943,0.6487293226327856,0.6424854720357018,0.46961944813526835,0.8185000502061562,0.39886747500685316,20.074125146710415
0.3310932980815665,0.17396920169583652,0.25396470784435377,0.4963320675073547,0.06119031802487851,0.367757338088767,0.6667808449393332,0.6055422907474541,0.8182412826518936,0.4001224041770357,13.300067270961359
0.996222006707471,0.859198200075844,0.1653951516988149,0.902765380847114,0.45511801840968225,0.8763198986638268,0.4917810491338036,0.2382411885439658,0.07998193484684779,0.3159582337363106,18.620073674358622
0.4181381585948176,0.9419306305669662,0.39644200181898825,0.36790426500797124,0.5622647240478492,0.4102393081837239,0.5887747062103681,0.5237388198960382,0.2597294484766962,0.6856318859809049,15.520890863309052
0.14650898381315725,0.8501661727221814,0.031125060831051377,0.5735383505310162,0.9512861615783098,0.04923832087856572,0.17748948134536224,0.969205765753992,0.5992332370932295,0.9856058799728862,5.135497254693265
0.3044543333234486,0.8792699168899801,0.5148813563270178,0.21229657984233785,0.7465880666455035,0.3253379217715514,0.7160501554514739,0.41413978863721945,0.445196407670044,0.46571926694797794,10.821611845365737
0.7566193299823167,0.738356897834759,0.029105685192334585,0.8344653805526041,0.1054759643147406,0.023887224233432036,0.9180160658378738,0.7576355747443853,0.5527200982744671,0.029275401416738567,9.776074833379129
0.5096166070377948,0.14384099183368237,0.44632172321640884,0.6931424775053128,0.5622244972179651,0.20626840028350168,0.8536910482693114,0.4445670967118257,0.37519114201236736,0.08160597397486669,14.010693937587561
0.6464564459033022,0.5324366246384973,0.7591761937145546,0.5902070258689686,0.08704011634039421,0.48726349911689726,0.344233275465626,0.3330496733621773,0.32296576599924465,0.8158940130674096,19.129573713858274
0.589298390391699,0.523040239604907,0.26057487316084105,0.09533950631299559,0.9495882837049379,0.10052258676328785,0.9861649638167406,0.651893550364411,0.3422419785053501,0.2553637884542399,7.749909028313325
0.6235970066453174,0.044383535684371145,0.6026069678153142,0.21190380841113754,0.717718329258905,0.6612381742780863,0.5826530796503467,0.28778276155024507,0.5267715487643032,0.8051787660540869,17.910863281164957
0.18453404035313525,0.9631821250556349,0.051683802102935106,0.9750129792366652,0.31055498235444423,0.9943257685376041,0.0768616776829385,0.9703501230888041,0.6862290149584207,0.5853050573264387,6.900367313692279
0.030952630814421123,0.7648299499077839,0.47054679716855363,0.30628103834337816,0.550696494248236,0.6667058912686283,0.5226931872987607,0.6526743652781645,0.7437685385755807,0.6394343703625368,10.053329310946342
0.9763951561757659,0.9239796285462187,0.9175126868510363,0.5943414600902389,0.492650246471082,0.28716958621396016,0.1958127823262985,0.10084669753732867,0.7216884272216435,0.9696960857203111,23.35385071226179
0.5793094109642728,0.9478550874651844,0.5036132644067972,0.8895880363093086,0.4145901631852129,0.5720830304255168,0.994593873009622,0.07235843625794758,0.8526234026458972,0.17890652467844215,21.920060508248653
0.6200407769598151,0.8965829735862735,0.32039196839135675,0.650014312863126,0.8595474400864963,0.7788408346286225,0.04974836400704974,0.40277093185640755,0.5843297527578157,0.918530193146357,21.239097509837336
0.021369249500347354,0.8403707304341996,0.711084376949614,0.25748862145460727,0.3254776994968652,0.13137161305047818,0.7221101030948225,0.15332134187998492,0.8736575818370971,0.860615117158705,7.972208895849753
0.18578924187251,0.5552632217207337,0.865606231808725,0.742160382472102,0.22188579505360373,0.7978224550253692,0.7784183314873111,0.44187309105380446,0.15188826377820297,0.07108195572594389,17.074388303099045
0.8376940869227932,0.9744679661349414,0.4272498633267935,0.8549079156950371,0.9733618209039903,0.12066627918009831,0.9151315250606703,0.9382107719062922,0.7150866512830982,0.7983654913578194,18.998389292162088
0.38157147273520475,0.1793272429271744,0.5423008943912737,0.9632401685442131,0.9594355437574634,0.3247647724763394,0.18841966279560285,0.09272693078970384,0.46111737371414097,0.45899241235408106,16.41932060025438
0.18802714472201199,0.5512781065957492,0.16077270569308122,0.4030112300328802,0.968577627385169,0.9686999720287839,0.41980703092481153,0.597244246618767,0.1776439012409874,0.32781821308188763,12.533288886292693
0.32297226087095887,0.8752723219921529,0.7787672053737792,0.614974360940091,0.19627160818921185,0.9496499753858023,0.730427108686244,0.06871302578758687,0.3304085340044508,0.7910454882912048,18.44873540995401
0.6403427163735026,0.9230030379854771,0.4486462970381071,0.7075122457621406,0.5762426853153683,0.8187457064610892,0.1905709164813295,0.5073822713956947,0.35824721930004677,0.35305665848961865,20.583189673459678
0.39139719177625165,0.8679403385363968,0.1997496286382603,0.1464720361915255,0.2539646889293452,0.3610898209877125,0.9126564528273382,0.5405599807071648,0.8029499123801882,0.3148937299591593,10.243293896050183
0.20785705735596083,0.7405018347690546,0.9169999315374416,0.45049225071066956,0.8230309969855982,0.8536285945097611,0.958198085292755,0.8203039365786544,0.4761352274972366,0.8285959307414528,17.16286555388421
0.5666224749252242,0.5856339750956341,0.2603045886579717,0.21863109937471825,0.0878025753841889,0.007055384149510013,0.880300809048149,0.5885457573150807,0.20008990502312507,0.7576635980384808,6.265066111563481
0.2494991285969369,0.1869727337151933,0.45507940450867745,0.9045437594672782,0.5881254146495242,0.5987113074062481,0.7856181248943913,0.3476715900638826,0.5754002702967532,0.6824639754074513,15.013253826385515
0.6937451358522796,0.4388848668397679,0.8948021121490644,0.24875622229964633,0.5904564344967693,0.18686093288231787,0.3013861433554399,0.8148910894175216,0.560613369065755,0.1359790133926535,12.173126145825728
0.9177116092554388,0.08342533895639836,0.06686724274575873,0.47807489572519224,0.8267264717488102,0.6927159639658578,0.11947837044859488,0.09118072497879992,0.77001884245446,0.874372521995619,24.10174439232072
0.35597396636599765,0.21256850123933746,0.838346681396346,0.3967635910545497,0.8802777328457677,0.37040723726559555,0.7380047793446344,0.6816287851750876,0.39540792934175784,0.893758855857928,15.083094914812477
0.2722294114801397,0.8659730091630866,0.7696645223364919,0.6877532087284588,0.17520556612109828,0.3466744043673702,0.4247149663594312,0.26404851678874275,0.47715795334025135,0.05568395655867353,15.18112783918468
0.24843522474840962,0.7463271318632742,0.8119142997092017,0.17960686972298545,0.14163142056174682,0.6337116443742349,0.4005271796033185,0.14705135320399,0.6075601073336724,0.19319247735191103,10.09020774339508
0.11218712508091577,0.34052591684914835,0.19890787957004585,0.7577303963671321,0.2070966971787701,0.3635330047358939,0.5274839535454491,0.9351231628095841,0.5720030521624743,0.11595453081834184,11.144515286401115
0.8987996355882468,0.1536065998142928,0.8095418738986607,0.5732974190958057,0.20229869205931705,0.8836301950959734,0.12039670479381581,0.20249359204830908,0.6130092257532244,0.14259068060855895,25.076212266319377
0.31046537696073384,0.4780498016154028,0.7756146460896011,0.0023901032597573035,0.8485009277135124,0.27979282977384334,0.6445502377631962,0.1399871352511295,0.14286469793810286,0.8296991295576834,7.268264918042914
0.8506149831695738,0.7806649043010805,0.02892917052274957,0.6204034208341845,0.41797558259614587,0.7682401690777867,0.30237915141815375,0.08286197600443801,0.3371279136061166,0.7813440325333354,19.588109584237706
0.7820076978972974,0.24589079899698563,0.7408167000057974,0.4385355114932501,0.07906199554629811,0.07804956906324778,0.13008282958500117,0.6018339212866705,0.7263341411212432,0.8835484305135088,15.089105762041523
0.33063280004739937,0.43223907394897676,0.9431142744186445,0.15920059907852624,0.1930656300615995,0.5468792769335414,0.817572941773381,0.9140235668874743,0.12722736855148398,0.9389714620844515,10.787497319581252
0.8817224162087043,0.0693532832550724,0.34209713114580875,0.3612836886496751,0.8374074275191161,0.2481654574684944,0.16284936273445494,0.262914037087593,0.1368888754042199,0.4551469569372677,17.254535020449236
0.7460385509091925,0.7735234531583007,0.3622062498341112,0.2970809368545294,0.7102438687768611,0.8871778658800755,0.8379288439919271,0.3095680382976046,0.9055718699929353,0.19511831184178507,17.7693949365562
0.47657685029946184,0.35111330240608796,0.9851707408970287,0.10332161030102405,0.9698550957577036,0.337528100710758,0.10328378129195404,0.3184728823436943,0.8474675265141455,0.9963747800852822,10.148812799967361
0.5184830126863124,0.08530825749702298,0.7933182693225016,0.03558901969368189,0.535982837837344,0.5090709712076901,0.9888507676107109,0.5605798516055515,0.7660169216981182,0.07144318024947849,13.241893461831115
0.24027134982278198,0.6999704077586841,0.8808196795392639,0.18949472370792697,0.11859183786970129,0.9951079742694204,0.08442835550321526,0.4493757986967859,0.29080002790948234,0.10180518619251044,13.856771650260862
0.6169746590231373,0.662377644485156,0.6212532142209782,0.5437612852699166,0.024893624041705142,0.8595189123395766,0.8708487177696771,0.863284532018771,0.8506404647638561,0.39302941376861134,19.76545363569798
0.8621640055392944,0.10008436098085571,0.6795324421632313,0.6093618406194089,0.8662205298221511,0.8737682843511765,0.02151668317072941,0.6247844786813233,0.499127720494821,0.6887615785129397,26.41616511892941
0.5984337639282014,0.057165775129405905,0.7235583352534725,0.7579042321026055,0.8922668869369569,0.4551253192923568,0.8780789719601153,0.4264105845769337,0.15411883774109747,0.38522754166412454,22.68379060102374
0.2631445104661725,0.2824136023799273,0.5114303390942428,0.8205566658659412,0.20809777687353626,0.01861569562723253,0.055135676416129376,0.2435436106174187,0.4159252821510432,0.5495684945442839,7.84825045776303
0.340306660236975,0.2939093391619031,0.9946554482723324,0.7514714988374971,0.4456986290137981,0.49527504055461746,0.6114352418610842,0.5569438654660757,0.5050743631581625,0.430534310386536,19.42573217037359
0.6246891434877787,0.47919090630362215,0.3569248783377915,0.28068028944163226,0.7871365469333791,0.29728786356389747,0.589897566225047,0.9135188477251303,0.5323352868218583,0.047619655180372256,10.002026701856678
0.1607681686465776,0.8653972837260543,0.07925621139840267,0.561802862154904,0.6955892290308493,0.8041014576230185,0.3138154700561492,0.4682664128878865,0.06571666729928438,0.8704513834391804,15.354138461852083
0.8567638105284642,0.905681183306079,0.5775703226008739,0.5602603243090567,0.6034931920332488,0.7665333066577852,0.4257382703194318,0.5772725740661431,0.6342883024363959,0.6881312722773606,23.249901611812245
0.42682364241297543,0.35433337716847146,0.431874704142564,0.7005117092854586,0.5711082628219911,0.7404038742591406,0.7127831015978457,0.5983491336087364,0.21299305373504562,0.7213334651398409,17.08499588384742
0.058409145158029974,0.8601770553235368,0.37557143810995675,0.4636798884456318,0.7912067776861127,0.29288581494466803,0.026370470251842026,0.7543054744563761,0.7379295413922696,0.5825234727369962,8.507098276039951
0.8388049186338559,0.45185628127330546,0.5204093557756,0.5926670445999612,0.6332395197694501,0.8176151685302171,0.4231359170634287,0.3477892597274802,0.6841425703898977,0.9879664220919403,21.746009103451936
0.49371899925089424,0.6476972742473835,0.878817116108385,0.7845588532818282,0.06511440135029734,0.8652709636930901,0.914532105805476,0.7938027108679283,0.9940324103221235,0.6533263592935977,19.148201807428208
0.6149573144185279,0.566966554448059,0.8799787268148117,0.5400121682941839,0.3835932020447207,0.6324268135456758,0.975225237199701,0.29178920344139814,0.1576820906805939,0.5255267054880602,20.067741602887484
0.7918822167092687,0.12019439006512334,0.30807408226930644,0.57113115156751,0.12802359229267424,0.7668569612913239,0.1899672889616183,0.5653695282113368,0.9783406123778258,0.6636079106894961,19.703087079674155
0.009953671723593516,0.5033082040308359,0.7704682924073103,0.5951820191247713,0.7254811052548668,0.09973178912975444,0.7797040492223454,0.232348093803583,0.5714167006613361,0.1014783394749903,5.314165779821071
0.39372985562142804,0.6693125029883661,0.9761660552253336,0.6221414764412351,0.4399971819068398,0.8391662375669103,0.3876091367046901,0.14504612381610793,0.2023683210692907,0.2573954289387338,20.240927770271504
0.02500793914206123,0.2182528689850668,0.7733563548707417,0.9528265874118509,0.5797891502515771,0.031818226860891974,0.7708005443215675,0.052967915868603055,0.5262782240701375,0.45391088039008864,6.853051944880337
0.8511531553510077,0.40931805283297173,0.7109384098399468,0.9679823337773782,0.1703558627527083,0.9413107424532792,0.36657930861320376,0.0850679276534182,0.6541922080240825,0.1785348610671964,14.951840683786742
0.603972760006243,0.5342879254103782,0.6545520039227156,0.758529291617092,0.13462405396480626,0.9907701244322844,0.811462525986554,0.9641831354152788,0.05998610129247517,0.38684164378697206,17.424152154835188
0.561206341494108,0.579905240169387,0.6027329262626187,0.7521025545621437,0.43694111593582485,0.9715220480784889,0.649726661529,0.8271165313230707,0.7870354987546141,0.7881201461839221,16.751568379573886
0.08057183201127427,0.22843934325907045,0.3760849213527476,0.7865142423744973,0.12169742060998268,0.2949657520490264,0.26820737418349394,0.09464104098415183,0.9393866950935629,0.24304722405993628,12.140079941080915
0.46820415953092376,0.032894154228329975,0.3776551080684215,0.002857935383820287,0.382816319942454,0.4872632020502745,0.27434191360814997,0.6434297178695159,0.6382135679178687,0.053038615180856175,10.928821218666283
0.04470801798987545,0.5181323829686937,0.22584468923941348,0.3850124104747987,0.39300173206305067,0.9894942560127685,0.2630800752878344,0.7657198118431413,0.8993018910511401,0.8739205588618552,11.404183478024805
0.6525210501483557,0.686043832455227,0.6062515106961636,0.4131883785814868,0.5525637016907243,0.3683018945755303,0.6142938228095455,0.33538273252170514,0.24134754493146515,0.16695276784600488,15.452650295998456
0.6696531879049663,0.7798245555993198,0.2662937848443212,0.8626715118198764,0.7637572183106458,0.5647862719952292,0.19908846094271349,0.7803237851994814,0.06071727297560425,0.7069616817487852,18.859770631508177
0.8638797772524841,0.7802472197319961,0.6978627886368308,0.8387007120146736,0.43273657310488,0.5542702010827399,0.37491738349147696,0.885155191864965,0.9966553753514913,0.43782464254297093,24.465319441504167
0.6793592444438229,0.823376244263469,0.8876213242534574,0.8433587116655403,0.15574503536845363,0.8666235754442002,0.6139763856708162,0.5536956666406169,0.29472588248117326,0.9089050454896588,19.40457475849585
0.1629008770379714,0.7032722993031933,0.12140812938944201,0.6698597167399531,0.28089564563804315,0.12198074190753294,0.07886644724266789,0.47645657603366776,0.6830720284927765,0.4283708826594659,4.916101349772356
0.8290460417776118,0.20147791798238313,0.7327374205352892,0.5324831250009251,0.3270344902723351,0.9024214645288089,0.055406551074254407,0.6847954900883684,0.031151960979164728,0.3860453017333726,23.698477686930826
0.13916566361369898,0.12212079832309164,0.5402040788090898,0.739904906022785,0.7196967881199227,0.9813981206515078,0.9319100129304304,0.36017929298196216,0.04050090473468093,0.8972807659382697,15.259864801083555
0.3918900543715227,0.975280857302158,0.1958369981581256,0.730211532409279,0.368567947374851,0.062355164011880015,0.48496483507761967,0.9802296563618451,0.17812590908483328,0.23803288917567444,11.248545821511943
0.6486177349993801,0.8485071137611543,0.3000996822151777,0.9649867810398569,0.2822206826688265,0.2754917013945871,0.09670878577442432,0.19069462305496598,0.4865180187494331,0.8384121769435028,18.46765708545485
0.5563020654265832,0.8786817437147373,0.31914128886325077,0.9205592496074734,0.400947500098532,0.08604081242142358,0.7027519119313219,0.4591613740017888,0.29258420697553833,0.8932927755698256,13.293186537773744
0.8435866060360734,0.4024208726216806,0.22990035920838514,0.4004275654745034,0.4507033842553354,0.367259769722336,0.8832754944680784,0.9283517284181293,0.12596806735243815,0.6211095730304559,13.246141094083715
0.4053262154787962,0.9716926693640883,0.6119527605323988,0.1841076017437575,0.5601818923053206,0.24439297714692942,0.23855145966590174,0.5010138128074378,0.02904633065723694,0.9835698177539539,13.7866153827829
0.2899858176590565,0.394030865877133,0.9033874176003459,0.18759200212562577,0.4890961720208916,0.7672004546210259,0.9232887623112286,0.41260202699859005,0.21527560156971126,0.5791402978205304,12.340113041544726
0.9676989608979912,0.9846492402023143,0.8120028139204181,0.08844204410925238,0.2529656430632804,0.3553700422945981,0.7182646303359899,0.3361902539635496,0.46366472866672737,0.6508989672152351,18.06504459424993
0.33881391353607115,0.814979025020981,0.24128659446830003,0.7500572301850397,0.8000250218529216,0.9302388918674066,0.2399425611089292,0.19204117268657772,0.27108626943518777,0.9191037163302012,14.075427579553377
0.04398471178601071,0.5134900598762534,0.8928066359615102,0.34151327953209587,0.28791195564864025,0.7776647592237206,0.4871285618839114,0.03100322360507113,0.11430202913271093,0.4422655678139157,11.246089081339477
0.5290590584995899,0.134555434458957,0.2741926755745848,0.4421483566544314,0.7537286785784465,0.7945750188159851,0.5617924313765178,0.334579999193634,0.757329972928106,0.7145194095567147,18.644611203209703
0.27122559656501777,0.5008834019376727,0.5789832793554409,0.0005237219779653524,0.1210586500316626,0.4696399729305225,0.7178365491680682,0.19627097645299552,0.09572838566882058,0.8551609453034461,5.702364350651399
0.9893642530854365,0.6784661751399477,0.2216027379443013,0.9081676410855005,0.28413042923655973,0.008125591818111011,0.4732959160156137,0.852298775188817,0.9997126438368338,0.7233913481592155,11.775118179125924
0.7712822329946672,0.9298322247853803,0.3356972073664063,0.6645245837124634,0.8524588243568304,0.6456354813063857,0.13056338567396342,0.06989108708925973,0.4307420472291258,0.512351383992498,22.729567654990714
0.22151114353701018,0.5036316006719194,0.7182296837567236,0.33757856361461425,0.5891595629740605,0.04833389476738448,0.22705361785655054,0.6005269696952303,0.857563059935009,0.4105585319469186,6.607468037787552
0.4976223932301965,0.9615217576677223,0.11919943675522349,0.9168245202309802,0.520516562390123,0.8438027700491396,0.6810072985589561,0.6461515316169187,0.01840424612890168,0.47405483189331366,16.551648501036443
0.5135865154164269,0.5667292710652815,0.4281018881245545,0.9853277525693275,0.46033334614119603,0.6017462176210234,0.9406459774404113,0.0072611890091287545,0.28572155812556943,0.7452022131738866,16.90212491211775
0.8188161902214025,0.6554482818218832,0.9700090456009796,0.47426997363453893,0.2000824855279053,0.24547670643694486,0.8965145477521804,0.39907404597807794,0.6782338932216276,0.48690846845718794,17.498275964164634
0.24642313904231716,0.50797595594771,0.3421723249378793,0.9967659586215528,0.9545452201925604,0.5162634142093763,0.26176171483936284,0.3321865056724628,0.023693722085370794,0.69643162711162,13.429567233999888
0.7269547344999235,0.6276471917522396,0.15029217765734304,0.9467375812409311,0.15262533248911303,0.7991747000077012,0.590883105511874,0.4801842925913141,0.46417136217593125,0.5766642565349421,15.922905516943876
0.9729836140433403,0.6575007001322938,0.8986093404420962,0.6710744680938038,0.171962506419715,0.870208264429936,0.782297725655311,0.02842253216150392,0.5544864461360371,0.27505423850619626,23.75016034544521
0.7986548005376414,0.44621447336420694,0.5142736190997185,0.15893232395445767,0.5170974497047418,0.6605381960368996,0.40834672076023826,0.9243332147956558,0.9443719427217016,0.9214190286532147,11.459721407789177
0.6235232009959806,0.03321157470913361,0.3520166234864367,0.2635683991221146,0.8372433985351297,0.3280188504553194,0.8460248028660419,0.03864784359860873,0.4429584165066287,0.4267424879823728,16.514757426808607
0.8826234622885588,0.8394443365981388,0.4884074478798224,0.23567889607420778,0.8230635438323164,0.034484039690032775,0.9160258271147952,0.37444543887535076,0.9909617873181615,0.05623268226678324,12.235048766514831
0.5286036799472261,0.653281336442108,0.15728381010951087,0.8330868766520892,0.43308075696001946,0.8252651474784444,0.6956182858949911,0.366959722385362,0.24560037305335514,0.03134129375800199,15.374672184393523
0.6336185758328916,0.9675481007075802,0.9126537697559791,0.5203765678364414,0.5370568566313176,0.9524397300715758,0.340572276005787,0.6881372567275662,0.342157031380969,0.7015460986364136,25.04613578826855
0.48461353509576655,0.03616924497658747,0.4935838118797876,0.37879120054505067,0.10233067531648088,0.1204433464822865,0.4858481721397403,0.8693839166228968,0.04540147050144694,0.5652988369457251,11.902466624738793
0.7286258448747394,0.7406230827528105,0.07822945076448773,0.744221204226326,0.8383975555124946,0.846463970984671,0.39451684801004383,0.4421613100621584,0.03053658809379267,0.37910593573343576,18.01170153472056
0.47649780096944927,0.31253120576031435,0.47543486167748383,0.9769153328586136,0.7665128571846761,0.6231827539261037,0.2625521458565543,0.31382613194798814,0.7018613906951251,0.890653887340723,16.979895043142793
0.7336372232748956,0.5097634976877592,0.7535672426803688,0.951990843912945,0.8962098626806084,0.3687497139905933,0.7521690333356899,0.5754437189684569,0.11866366005409446,0.802306929779628,20.024875272996994
0.6223653476424413,0.9884876039604347,0.14016586294488576,0.10274291059412943,0.5332622840787123,0.42370045928375877,0.8312436005455623,0.29412963687080107,0.2641369852570118,0.720218717691028,12.013703348778698
0.4379019970452255,0.22350765615643386,0.6449791914848616,0.2782186824403613,0.1760847782801357,0.5366228512623149,0.3875394317723988,0.6863782275156391,0.5897255378382183,0.8475662757120244,13.920091020212137
0.603774471459565,0.2839075807103162,0.7247466603872198,0.26763287428808724,0.7873132714232567,0.2629407031944573,0.9348568683035143,0.7260837141017354,0.023050138985598156,0.20900263001642483,15.006073851666132
0.06291684331559089,0.40526693967306915,0.4584043987858325,0.17161290946809726,0.2017008446421107,0.015334107348840886,0.8000040407569696,0.4211955044334239,0.7374127367931268,0.4785818384245448,4.611507984499877
0.6731355488255276,0.808596950218209,0.6874614295942727,0.40392459456485064,0.3944383539111064,0.7021035489002656,0.06555468030894851,0.8917995179978782,0.024671206544416457,0.5558718487077264,17.794401957809026
0.16394734566486602,0.8466313376967484,0.12550107617476813,0.24255787307640841,0.8415905525656039,0.1990803358523301,0.7188385547489627,0.47216393466157125,0.6634089842000606,0.38525915502691166,6.411896392938511
0.18226643860567182,0.23914628461431897,0.6874731454015133,0.4786254399172394,0.4197782383135882,0.8330788188687901,0.5936705256101952,0.624059417902446,0.6419195029032927,0.10858195656017045,16.023011600461764
0.6562332879997221,0.8814642652500311,0.061554116861235464,0.4192038694597955,0.5464329053200115,0.5257135121747395,0.16282871262993137,0.8137905365306289,0.9510012788573999,0.7332553883210403,17.52920079217925
0.22431647809211352,0.1024042876374972,0.8877316426438695,0.01508917831169343,0.3671385703315353,0.46156528770898153,0.5810888238327769,0.6680477712935456,0.07170900494343502,0.6387395687904709,10.460921826868477
0.9203505902386404,0.16617915060528876,0.8752287686575129,0.8907933986398275,0.8590511945026871,0.16150360089616456,0.26659838622681276,0.0473098095696709,0.06315174773694121,0.4906779241904745,19.91145190120034
0.05379551557085449,0.43407667884865664,0.14006420800290853,0.8891270381127523,0.13466622950585716,0.029390130231016887,0.35723302014598224,0.19546450628719825,0.4968276181197224,0.46778296327258784,3.1108413269040733
0.15743614133287243,0.004534707958392392,0.3990014979198582,0.34728355250062115,0.8589136420279099,0.2209582828149964,0.5429888615261094,0.025632287098943496,0.15221016089888995,0.9659525348457092,12.019437992165289
0.12229474337541013,0.4262865765970947,0.22501315293627633,0.9466888891079914,0.728024653617895,0.8738153281474769,0.9274643492882605,0.7742076499653018,0.8528616227371678,0.04166871754745882,7.543224692431286
0.6254351810883585,0.29217730552913246,0.10683755633549585,0.7606217136085653,0.2778753913322397,0.30204904610544814,0.3637096071049487,0.4707350980423316,0.8569734381882411,0.619671037447649,15.173412053661874
0.268358653290236,0.9456984649038369,0.39263835844387474,0.19368384362008606,0.4892378330574677,0.9702590502001177,0.34612916599373056,0.8388527909383001,0.6949451982309065,0.4271636451325247,13.256370176619457
0.2626459334910789,0.5459791220890017,0.4754334483683509,0.10124783495161704,0.5940110601705462,0.9576613375946785,0.6579932519013059,0.8792133905197342,0.9365866391129622,0.39065407749120573,9.687135588052758
0.7917103776004873,0.7537102084541855,0.2875544161455649,0.08351833968317357,0.717680024869199,0.5048631793741433,0.8750739318375037,0.40827451106032486,0.4677051178453959,0.5526047076651165,11.112346701437474
0.5901755087246361,0.43803139711807515,0.41171174317884585,0.37448716352978184,0.3831755578070205,0.0827559191937649,0.5897479085080367,0.6650686542213049,0.2070290880317559,0.8855348365807436,8.07255271281113
0.15551812357825456,0.8819898391912082,0.261917385030795,0.7292235314272825,0.6237614296598717,0.9566116175304877,0.9137378858326505,0.51121791729584,0.6890005760456759,0.8515926163356601,14.747365537714117
0.11909539405926384,0.8149213785796777,0.8685865854713181,0.9892997928570644,0.6873531260240453,0.9518752815017986,0.2606263394489443,0.5567597246823407,0.9406902043302178,0.9185091856387705,10.613496954817993
0.6920457170651348,0.862315161692265,0.5443578453014023,0.09761936648046043,0.6237262715954476,0.8233832909587456,0.782747356001578,0.7973728400403784,0.9655633717446791,0.27784649946536544,17.31332186442662
0.32004540916461477,0.16636823990652394,0.42732164870040745,0.07480282701893293,0.8734025064099661,0.897945648115616,0.9458374203453633,0.7498800652390252,0.5167929769759648,0.8063543536124396,9.775838601306345
0.26981870683589526,0.7153929635949249,0.8746364266831903,0.6505914146532967,0.6765925722090668,0.43432576848900484,0.5881936935174702,0.14614271477343677,0.29801905341916135,0.005554857213104225,16.84917446197518
0.04445505404609562,0.6634021451312333,0.3404399642678475,0.13276522819486059,0.030696015091129514,0.9473208880626962,0.3827411981019577,0.27105499850126813,0.1517815110948878,0.7967885483811263,4.600531165223882
0.4170088836538389,0.7848346849626877,0.6974761866213806,0.05625632720134377,0.6403799571848998,0.07985939453390811,0.8140213418620107,0.7950629167603157,0.4511777705671526,0.13883206699953077,8.463522090363655
0.11930399461936514,0.526888600871795,0.9107497687796605,0.037055364550025116,0.0709230974996179,0.3999987875465528,0.04179279388743451,0.38342119823468956,0.14045621723774326,0.025305428653259132,5.795602342173842
0.15336592468450205,0.821118508921712,0.9208303066656771,0.7551360322191397,0.1867114368942917,0.5688562368538508,0.9288869893260551,0.1437493409776186,0.8942123162273716,0.5786865494972487,15.36023283459025
0.06584368550785202,0.5816111599891564,0.20002000089180905,0.38226252617328893,0.31593073077273326,0.8516490288280777,0.19657013728302208,0.20708443533335585,0.46127823018827774,0.6969334555972981,9.036767389658278
0.2582043578042367,0.8173258366631863,0.9282397629383586,0.438691183050269,0.7922860478494611,0.7210578128381436,0.6557543993250405,0.871944463614247,0.5679761825215452,0.04377090778298953,18.275925190018544
0.11505612408049859,0.3718976401523617,0.16581858516697656,0.4396112376170862,0.007477716934273904,0.03592684951583358,0.24997469849925869,0.686893236033684,0.4001453833141748,0.23952231670041435,3.3337204575972246
0.23734361079677946,0.23873761717247188,0.17085957460478918,0.1281224781224174,0.1508370687116185,0.39016760815539,0.9063124074890414,0.19901060911979251,0.3225472932681309,0.6600188816515058,6.849982797166649
0.5995876680595712,0.8133886095287346,0.14872640896674216,0.7448101686305003,0.028561104277445182,0.5666292088140128,0.8830310255692841,0.7520541550450441,0.45597243685551714,0.21547494635030362,18.71355354087519
0.7903649854932651,0.5062043519078091,0.5843455115796278,0.54718324614863,0.22262193364806449,0.9205194420014953,0.21525715096169906,0.982069999690429,0.5326115919515033,0.16374585115198526,20.699258839408827
0.9536682045802247,0.0788086340348596,0.3460018195622673,0.8638826990439055,0.6478538679108404,0.1560351290155939,0.46913418628448345,0.9129760125317544,0.3815359663954665,0.4023575367290406,17.42228333215016
0.2504218624664225,0.39515837607350024,0.5001962126864617,0.8901050118488811,0.583378783191522,0.5723068576120065,0.9488542944333903,0.29318385853871776,0.7192957842397588,0.49140977109091233,14.971910754421222
0.8364783843780649,0.12474834046955008,0.7942875636861287,0.7525567821867467,0.08523356128078274,0.8243571084986244,0.6435317278716938,0.3807939418997459,0.9570250525816734,0.781347082380947,25.302489282427917
0.3595461686076131,0.27705014356513946,0.7793547883627379,0.5033481963421607,0.42825201993261286,0.7393157076819649,0.9676405683776317,0.22321319361241898,0.9684179724043068,0.26576228622502873,17.53596724769877
0.5209884306459022,0.2420778141403538,0.6672071141285447,0.8018862019553306,0.6888878294736906,0.22384969950643474,0.17600886086728973,0.27031708525804055,0.5754090015476181,0.6528033107614346,13.739267161449632
0.5383692576473421,0.36056130850275137,0.7393916012828865,0.7143583790810802,0.9429137291712367,0.6904277441265243,0.78728256213843,0.9075438047457071,0.15124569767086316,0.7708139198743775,19.250505559895338
0.7764288753721953,0.5036435530813819,0.6718968789141879,0.11335635304355407,0.14464666239920476,0.5735510735578541,0.4140616221422888,0.07048988377829468,0.9277189225381053,0.16142799764243854,13.01567592127826
0.5979309602053494,0.5221898048271171,0.5178578093221671,0.9669758286675283,0.9357612796124649,0.24940690703027302,0.7724171681742205,0.9865497758162001,0.265966022546276,0.23895391235746943,14.616910062204585
0.7274298907331214,0.07443028280440078,0.062227201016807454,0.2895253553300078,0.18414882930102638,0.5363982186185116,0.37035679342465533,0.6322990572021373,0.5858343078429569,0.629802311106098,17.614229774876673
0.6012634321165812,0.14606926540842424,0.595758304335672,0.47533587842290415,0.5886559588438225,0.9914556178435981,0.3200107773869658,0.6448013706233015,0.767332280864004,0.10777836867320756,19.742642631894455
0.3930613532521412,0.24994568895709013,0.01524572675973812,0.7719317234081501,0.6429496684240822,0.9286769282106101,0.6087826492862145,0.9003326958664738,0.3290677513286394,0.7187585841925338,13.330961155854508
0.3976372260956197,0.7721389517514362,0.5318325863279219,0.783680515191726,0.02078086098157017,0.1930980554743339,0.9714296174688978,0.5452923309467368,0.7939801163625899,0.4075128131690401,12.012237419541389
0.9893486563722216,0.9203988653642109,0.8987104598837212,0.8123498177465551,0.9670766193475274,0.4421270833464037,0.6682767578433834,0.488754585255463,0.69760000950744,0.9714711210701868,24.702098499912328
0.7266509556946775,0.11823362464354625,0.4439413481065917,0.06363544073451555,0.941193125343361,0.013402139215180409,0.7176211516201,0.2538433762424718,0.44973084464051083,0.8828064363877224,11.495397987954233
0.1614763943147507,0.24821866714019936,0.9241717801552604,0.8149935159898226,0.11907205484497174,0.7392870487198564,0.8488922240751144,0.8265720015014312,0.9569385383943411,0.926959270377561,17.096281724324406
0.3030206350298442,0.292836268636802,0.43737169730469805,0.6795246360479056,0.9176751900428245,0.322473364934559,0.4713760200067285,0.770803382640888,0.06813071331850862,0.5362350424159238,10.925261081310122
0.9590056321958498,0.9357356860306948,0.875097329084129,0.25585165282278244,0.11831557212085642,0.20861560621869668,0.325570937105061,0.1846454797134356,0.29918326625336933,0.5425643862888666,19.394349783649453
0.1513481392029531,0.5087958590729051,0.38149497069402305,0.845310697805193,0.833547299631347,0.6906952816792508,0.1789635567200245,0.7717754330135034,0.7044988549988739,0.26344822862559203,12.451461693457953
0.7336516882955456,0.33353038153657,0.4873675871203048,0.3873186423354973,0.5244723764003717,0.9431485216613303,0.8826475271545099,0.9111502415034239,0.1988529770343228,0.15901615556655257,17.656042274189264
0.952395324620054,0.590988682167841,0.6695686549210266,0.08754535901117422,0.17634232983757048,0.3949727911747887,0.5814837171558798,0.4265114332006078,0.7470944391175517,0.6604996132600138,14.409270042613107
0.8352837989739413,0.4009501008291896,0.5736555396821564,0.5589135945551263,0.5538564444514906,0.5767731487575375,0.23092043004853002,0.9292081205180392,0.5720242937308531,0.6145370901038351,21.175020142920033
0.8622725444912421,0.6861204456900767,0.7703244848576358,0.3153641828145215,0.5653206132782607,0.6677581440417188,0.7670328407944151,0.4755710394684408,0.9660061819357861,0.7358940184959367,18.09704442367616
0.2922551186034571,0.7367776386960387,0.8392538947275746,0.34240235102562366,0.40658121176124307,0.08780463964611895,0.869135190654018,0.22318508177727692,0.7813306544723433,0.5866334745796449,8.859894367283252
0.41080997056271595,0.16479549921741765,0.04971902254896787,0.6086026879590963,0.2481075180929493,0.335438864435633,0.24564030260916203,0.04268890577684392,0.23752076333927907,0.8992481242053032,12.37598255752494
0.8044836448186329,0.368403703965962,0.06434460727726465,0.2981044250091862,0.08149180952057145,0.14417181516241173,0.6565469068908047,0.7672682790731368,0.3552232447713465,0.003538240138838189,8.919634288990892
0.1831185153725441,0.639779668037238,0.8496216355226152,0.36220673300744444,0.9901371556676366,0.48579613482851636,0.5696117891270889,0.8034890472789407,0.4118525876938608,0.7210564007467264,12.495884816978267
0.671058791140056,0.9658355403931592,0.1321680052513332,0.4392693987216171,0.035574469439064726,0.7225762158952731,0.6485230112341076,0.5797626887517827,0.6943232161489078,0.7363246315857732,19.525696210771912
0.3970423035121803,0.3387405511936814,0.7073151063851593,0.7666783046275361,0.35123442860908394,0.03016772583819116,0.2781763575274754,0.600795256043457,0.5703262393373546,0.7473413852059093,10.629150137714298
0.24283831896863406,0.4670647259729661,0.22299998317408742,0.39917208248240466,0.6186764184697477,0.9485152342859572,0.4931034791624951,0.9355517383700725,0.7041131353544444,0.618901251927801,12.153905118006357
0.4052327502580336,0.9228860527352124,0.7522292504719217,0.015259979979788785,0.3080423410168188,0.5259241811766268,0.005867082634307241,0.9143620358145244,0.6032680364790074,0.14708650891684016,11.63484122632418
0.06942109075580283,0.059464905573746396,0.8821174160439211,0.5943567831733376,0.23080596132461628,0.42481495759444554,0.20444688627518293,0.7764422247490038,0.2752005197193844,0.20133817946030785,16.04764657130436
0.5432504244442653,0.24478042178074078,0.2184821833930678,0.37274313465938935,0.33397167738763467,0.2352698672875695,0.48872520018010457,0.17437936383661445,0.14209446134157755,0.6767413578010537,11.026283514187421
0.2202541179810813,0.8861782412582999,0.5567675232620141,0.6782669987562325,0.9951421230693784,0.8251469250753835,0.849319377036778,0.04094827705935933,0.9176237081253853,0.44045847531873483,18.05922638506882
0.716756859360231,0.8167553293777939,0.7743124778068224,0.9551286468846683,0.8562911459264875,0.18466395030685934,0.34438683291102135,0.40823365254119015,0.20858610801931565,0.25076567933247473,18.64467232554005
0.2249539366158666,0.04218023059627163,0.045677411663764156,0.321111605381574,0.563014946685155,0.04939525641853537,0.3019199487602392,0.00027347622141582484,0.1488578759868111,0.3668071743906245,6.7727423356315875
0.5166823441375384,0.4182161681268558,0.01420199180704218,0.47003388214317543,0.3187085860708302,0.4081731916263067,0.6926095361615235,0.5074207492105646,0.8835594882095003,0.9670552804507782,11.236297531913415
0.36021110880642426,0.22001042102256763,0.34392400969758896,0.36385469300918916,0.21167312626891632,0.7407019162495987,0.978459947016222,0.14727303876168785,0.58281446566826,0.223414962030286,14.438592373322003
0.011171713387865378,0.3436179044258766,0.3670051847014876,0.390916644155059,0.01972197285830435,0.5407717652577497,0.4917332223076133,0.855142871967027,0.6172102435016197,0.35511196763186914,8.23171290900733
0.4532344648577662,0.12250050619704966,0.1438623087622558,0.5932945458925757,0.1325092929395293,0.5497462854105111,0.19160980283418305,0.9241124998064127,0.24257256744463174,0.5365890746761148,16.365582870316565
0.8199789838928555,0.6044465767363806,0.17270454249296574,0.7996175466117129,0.7297814913260722,0.5892509872098641,0.8378757764927316,0.28716940768143606,0.9216746589687498,0.6340340534107628,20.265305007105844
0.13217247534215748,0.09761615009926305,0.6858196123111109,0.48223575766588334,0.29928685602400595,0.1619124633784036,0.7642922932556477,0.8604584582559592,0.25279411749903635,0.6135323825681179,11.480752029039934
0.24547997702378133,0.24999294511888648,0.8559365696477506,0.6721727688579425,0.9459724410048014,0.6112572611028524,0.2959621225816519,0.6546666195241626,0.43108642445550505,0.5401533746390911,17.005348546827953
0.3598948138746635,0.05982324917060711,0.7692320668419911,0.4055831657498361,0.14940408003775596,0.8875779314935358,0.798161946977457,0.7917916689702592,0.09289143837892244,0.9302008067638396,20.01908972125384
0.9771112233810308,0.5237062508777888,0.9734645320072853,0.5458812715335739,0.3457087877554905,0.720188790591314,0.82839968831833,0.2071295728438347,0.8892298507671081,0.27456231199143666,23.434732460956074
0.5063474959211008,0.804708836147506,0.8871595330603185,0.6570898914936436,0.5500424013114781,0.8454454501063012,0.9802785778190501,0.16091684163811015,0.42508232321074935,0.6427838194295595,20.765544477256558
0.33165387080949404,0.7441577799695154,0.9006421811369698,0.6912686859888459,0.793598050108492,0.346368150724617,0.19692547507977887,0.41992463161846216,0.7746918223311854,0.04646141751766819,15.619009989515423
0.47860719294611564,0.6493820849395907,0.6912703164634892,0.5779298514730213,0.14063810142834066,0.7474498355650668,0.1568365473575446,0.0533247217265963,0.2399275631538843,0.005646771358985947,19.209299849391428
0.2661599220905537,0.36404604924325423,0.7344727958609648,0.39058198449660797,0.9645909938731988,0.042325441606733794,0.8733413196843681,0.4598580337551358,0.22277483947637033,0.13822241713591354,7.39466753282509
0.05083285552814798,0.5361718632143075,0.9511179651655619,0.6303441167923329,0.8215946137727118,0.8906021806012077,0.034823454842354495,0.9126396070902536,0.43378940982666525,0.9370349481072161,14.690958113272815
0.1750296484323275,0.17591772908164138,0.12040090442494977,0.23369883084180076,0.05745446598639703,0.14832771378280474,0.4999981389483913,0.24936512166124036,0.4204941417377851,0.3499384734236518,5.480336087697095
0.0001974284095220824,0.10219501653742114,0.5149546735831347,0.8529590230202502,0.8184687347045206,0.3770362695863231,0.9377586870821676,0.047646398992126526,0.48473463192762156,0.11860538764881123,14.02538106706258
0.5960647766318503,0.11608441077111331,0.2496875075287145,0.007952523557147262,0.6445103712736765,0.2883889095969574,0.5657886033727526,0.7690665694894752,0.7186282877830438,0.6109895841681987,11.208750071811423
0.03140197552130608,0.19572269427636668,0.7742834958148129,0.6571811640473302,0.5910084780568746,0.012209416774151993,0.2567083370240246,0.18028382103635765,0.18375483476067178,0.2769263339901461,7.399785599213622
0.5521468413809105,0.17296602965258856,0.6847640545405754,0.9076446276593395,0.8467965583997278,0.18630931180724886,0.7757619911608916,0.8126770125442355,0.06645460486746291,0.33455483387396967,15.148750149181256
0.09509886595319395,0.34245193183124933,0.3195350676323959,0.011873911207592736,0.41633407512292875,0.11879480347264326,0.15578263563117423,0.38672849934449494,0.8599356126184189,0.9037141130417163,5.616591468850826
0.9596712921025156,0.44749260448322925,0.8322892470318372,0.09665227871430271,0.6192658675745154,0.33841694957486135,0.5423340581087847,0.6885379002532505,0.08068258936891004,0.7647128324046568,13.758896742874839
0.5493465503153788,0.8813022835046794,0.8503248262698703,0.8042401374092618,0.7780453756804693,0.9853363147888443,0.3047218127488298,0.9412128608102099,0.4075430888848238,0.13953492544994184,18.09439462926408
0.824167328643326,0.5053899004335748,0.07400415124962212,0.6225937869262789,0.8537885856765697,0.53788387211438,0.4047030569665163,0.9050673058501367,0.9211727836938856,0.5564542913402137,17.869366487596537
0.7493052335397924,0.37487696590530883,0.9292207235701085,0.21150168751709497,0.9409819077142069,0.6585383582864185,0.8906157331073138,0.19260675082380552,0.08120072895422603,0.9328209057291904,17.41104261084025
0.24248696579040985,0.0995530170649207,0.25150050755233,0.9113523071171997,0.5647217046220867,0.3482673732638888,0.0486042329879256,0.5598940977110218,0.01663387372849512,0.3607848299780222,14.374295635781227
0.12804654093893586,0.17361446780327439,0.6243686190886075,0.66994559341325,0.3901102868599573,0.5366976556412482,0.706468490521522,0.811254516074686,0.7097948512830576,0.4675356521391315,16.603632682097246
0.8130898591142883,0.3438519444784601,0.8637961817260295,0.8706566350372733,0.8304281441199974,0.6865496915681907,0.543947685865795,0.030906670140980697,0.6733188507565119,0.6918842271114379,22.719732773873602
0.5145527717627766,0.5562792215308792,0.985238974703254,0.084738785520302,0.2600531057599974,0.7414658693823882,0.38326501550546954,0.016529725497522296,0.7091300279435878,0.3187563785509564,11.613112730886241
0.2533058248452721,0.08106975717045728,0.5412409376820315,0.7172506901962358,0.33703744283008097,0.2034157591228487,0.9348748423979023,0.2847904248367463,0.6603372100204823,0.6313689060389788,12.636085911952215
0.428332197159189,0.3982069752043248,0.03622476359534155,0.0613736022934519,0.9068223158742864,0.44086761988932266,0.2718929152634627,0.581272514860421,0.24726041342641147,0.055711021460662646,7.416108296901418
0.2721630565528711,0.19979674816326265,0.1113623073950627,0.9843057005038865,0.1501544257683599,0.835099483589515,0.16668684534854672,0.6698599898922748,0.9726096022584828,0.7247828614911208,9.192269641492294
0.976496302835387,0.5304571304454648,0.11659710484142638,0.6713921281996155,0.11720163639312575,0.7643569273162795,0.48935155561137456,0.38250659695957234,0.8839866881456182,0.6725479004252272,18.600593755704075
0.8187889305927175,0.6183234751658129,0.610941268870842,0.36575208826835404,0.28050819376136005,0.9042305602838728,0.8690688288483048,0.6133349042076044,0.8755319527741275,0.6070362047823237,18.678680937284284
0.25863557027013606,0.0336960213085975,0.4046640902154476,0.5352320897848808,0.13854964668471903,0.11057862528370921,0.6811668016778916,0.24654564668669565,0.5219848113184062,0.2740498183869703,11.103448756455292
0.043695073297378206,0.5468348487024415,0.3481165930889193,0.6881603077856668,0.4604877054366189,0.4125348636910344,0.5594959211988768,0.37390670162206574,0.36969891862877635,0.6842641019102003,11.639817901205847
0.6578862569778773,0.5744824173271028,0.9585482678482184,0.5753137000385188,0.18422678647466972,0.38554722955609666,0.13993901636572148,0.9384225663694117,0.5084691146965835,0.7888333027730027,17.17436805269711
0.891724207456565,0.6954935856835808,0.7060161272991851,0.9260009055644176,0.9231029788497617,0.2985534458034603,0.8745657864105999,0.6824573200163141,0.08987731939172483,0.486292040941359,20.21264023188412
0.14307219978032304,0.4411078569882334,0.8646179901057092,0.23310760740025738,0.5527557988091143,0.3408649907864213,0.8557216201846315,0.23579341531892628,0.8474693460602707,0.8384114747018364,7.782637190387352
0.09141790044537768,0.4281584677314152,0.6608654906355876,0.6046402871228732,0.8297319789064072,0.8773825554582588,0.2987466337302531,0.8526931039103733,0.9671929146102552,0.585035304311225,14.459734069931013
0.26805100278891325,0.9111204383110323,0.9472672324564414,0.2887913495458403,0.9826774661496513,0.24071331624859527,0.5444961509885091,0.4762393177726141,0.16932114623956807,0.4069380641426711,13.021265241629807
0.019797565211032486,0.19189793666451693,0.2119611014253967,0.12162444486015989,0.6902821001387087,0.32910570586632837,0.12133982225906592,0.6225740498450703,0.3049797054744299,0.09281909373915453,4.133234654316401
0.9535018034335435,0.4690828193571678,0.5667711089709416,0.09107844862026526,0.07518756722973285,0.5130538254871957,0.6440856584323212,0.8754073731855593,0.2479564058042114,0.09728294277077387,13.466132525621461
0.12932794987741525,0.20128837109031017,0.26142804483072524,0.36167970496180557,0.47060134106278995,0.001165997643493899,0.2751549147782927,0.25031509538702346,0.750435947430869,0.39535141887565883,4.7022344944659515
0.3652756188830393,0.07892644601469612,0.4304749314199878,0.22074928258387538,0.9922782613556819,0.83750931288995,0.2613871651518156,0.9401279137036294,0.9215063142739424,0.9055504931105446,16.504565697965994
0.6038283528937143,0.9418921738392607,0.1820304875465215,0.018027617018091413,0.5411020145628196,0.4104083109825659,0.08044614870783684,0.7126792101288141,0.8745833999637951,0.32679937543499193,10.61612101393092
0.22383995693891712,0.3477494430629935,0.3796187619628645,0.5876951889726632,0.37916907115738363,0.3250772776157431,0.9750635401013901,0.4217497591749626,0.33995161171574584,0.4178475037459003,9.538258068574018
0.4094210138061619,0.6274074146425698,0.8108079797957737,0.6737837461869255,0.8090988948025061,0.661276890150065,0.8476665084125915,0.09530216685249115,0.3039630244550211,0.6592303540927312,20.279337899234072
0.3474316276437428,0.17016311369281778,0.9730052520081599,0.38408471188545534,0.0015548786393030367,0.08112565268287841,0.6614944726786026,0.44887364791681605,0.15386648598578723,0.9327645531493116,10.282532387696342
0.06610665893458978,0.3100975684993035,0.04801378927736144,0.6643635172457585,0.5053705095800345,0.01103055447327217,0.6407944981134874,0.21289534653791287,0.4153371440444935,0.6325208557487897,0.24401507122779553
0.8783521871084544,0.987282842729776,0.13128173976114377,0.7805425749834427,0.29315492143434696,0.5608546505658558,0.16732338249446144,0.47600305006289423,0.8960679781542429,0.48563741438546415,23.91006979190245
0.7128488223756684,0.5756256129170711,0.015144544386774927,0.6122998315908403,0.24515798201798333,0.7288012045612046,0.13511281779001783,0.5237808457469756,0.030170248903063523,0.5893218537153386,15.865703938961927
0.33360313005867825,0.10322286812239256,0.6196951966644163,0.2042111275338211,0.43260389119936915,0.7349981138615662,0.8191558511057853,0.26287361664863695,0.23478601172663238,0.7673567190369958,14.922801347876442
0.6546815058975124,0.9168256429673568,0.8711701104627106,0.4896637199275182,0.9650563690633537,0.0249349395549866,0.6604138355543165,0.5212425143045379,0.5703625304431005,0.7238948314162851,13.566550226819286
0.14518231157396355,0.8024345762285207,0.07046395757121582,0.9810504345471917,0.7087376340840089,0.5557870465672613,0.6922319737248792,0.4739076365800584,0.6659669301231609,0.4991663272262884,14.755697611656514
0.6858840080911321,0.675642021752379,0.534208777800748,0.15644411957906068,0.9353684029526057,0.14725071966671055,0.39725880972021566,0.8640783120488924,0.24248556519602504,0.08372823052738254,11.532575145942406
0.4824556426798108,0.6987526815640772,0.07953728732191923,0.24706203869364385,0.7517720365202035,0.21843294296092053,0.5380146722853673,0.047351147179267805,0.32176479390899815,0.3733514496828714,9.22327871121833
0.4945028870873548,0.41756487349083404,0.5745941632726506,0.10082547164272504,0.6128594026927106,0.2186441607119316,0.13337328500678092,0.661022212526263,0.3304286462451299,0.14540004755526648,7.157861138000409
0.003626861018697136,0.033966817324660004,0.5674605530921678,0.31671240963762637,0.43124820435434075,0.22870956894780203,0.8090644416722491,0.052610242613776226,0.0051471206971429595,0.27068262140252586,8.333933812216127
0.6188686099606088,0.6343838842876541,0.9602651917298076,0.626781584366079,0.47802870579446743,0.29140683068764184,0.12327040654238897,0.8961336711987029,0.39019411193077413,0.12786145393417248,17.582678199830717
0.16034492312104942,0.24513863544809567,0.9790668901856129,0.9418445049769784,0.09556630523233212,0.4211923917985735,0.20632377737437912,0.477919169208632,0.16257990190515081,0.12029113091774768,17.323207771865647
0.12468296073948959,0.12317200047918397,0.48567114835922565,0.09033444357411069,0.9841781127535482,0.8576404773133356,0.3992944301617559,0.9805489926839465,0.8548129353704721,0.7290912464760915,8.425134703594143
0.029007506361168667,0.9368175822034536,0.15405843969348465,0.49274553991644876,0.7805989391919692,0.4443113956497272,0.9849553287462507,0.1338784863111988,0.08123936549012001,0.6540236072171376,11.244243497119177
0.04578785661264917,0.4045902039735588,0.024961067267079362,0.9314225411787593,0.5052134390336558,0.6249345512506392,0.48790022370756014,0.5429028291242095,0.07258669066934442,0.36404447887943303,8.906921600320148
0.9271406915716234,0.8561312655149298,0.05014790616454523,0.2753951207024229,0.751749631438016,0.015093245223235408,0.32060805966637496,0.7098698583694383,0.050363903791452946,0.5001866559436998,11.87523765771135
0.01134152834184643,0.4925089890700248,0.4288317001957975,0.5175955207248764,0.5413332840000951,0.7368541622647964,0.4683340397401212,0.2261147087298424,0.5483687434337963,0.8294233478895919,11.256279104983962
0.3745515884534528,0.7276288470452141,0.573423969081826,0.14662426484904723,0.30299226940175683,0.45544842693028753,0.17282195424260838,0.4341383973843034,0.16558574587514596,0.15679334287985236,9.25388894191269
0.5574339842135585,0.8826506100887385,0.6070932525376211,0.9397730125680118,0.3925277685868249,0.5163724180127823,0.3105745503448233,0.34834347814311917,0.624332874344417,0.47436116183449306,21.705006126921973
0.5431747810887807,0.5820741818465383,0.12598701132546697,0.9542603405979184,0.6428526455198889,0.8876573065141449,0.8525030908723638,0.5160429322613563,0.7043039070719241,0.8560882283749851,11.464714370551594
0.051985101617222806,0.05529068948719451,0.9069060238956101,0.9174942472959651,0.2459761883420043,0.6784601347638446,0.30726720612693426,0.01479453390841301,0.2541696934884491,0.7463534746825454,19.13374934100626
0.5907206509416338,0.9949396667069421,0.5638457931748242,0.19800380784974525,0.21468595731355367,0.14284251650003588,0.8940699858732504,0.704939523094764,0.552188038183294,0.8474134061917474,15.41478772053238
0.3282142662949997,0.7619710310975364,0.37272623074335387,0.5139139877202237,0.518394731903842,0.3571043694902719,0.0661888696229278,0.23375703065104347,0.9770128453664352,0.9552888817054803,12.48768471464065
0.5863625235312141,0.15431443927347244,0.5084687139779482,0.3965570717159993,0.5891487672679111,0.7142211292247298,0.8158962758013938,0.6457268058068009,0.048951235718237895,0.8147105598654023,16.22585519796482
0.054460013477238944,0.8864634259336781,0.3877671360154964,0.23132676751120118,0.8819801359317198,0.6163213683035466,0.5179418048617022,0.7267349957910506,0.6919781491350258,0.4300743704002733,8.721023883663683
0.9543338019427948,0.12765865560443468,0.31217844296801345,0.5239124149840847,0.7008866838104083,0.9095021841880498,0.2443452585582767,0.04198635480790058,0.11411057914967382,0.9134270049288309,23.04488978391819
0.5316867065464373,0.4257263881852269,0.4883565247773236,0.656939999647385,0.008203206645438832,0.5023292873843513,0.05032160336004199,0.7658119649015639,0.170108491397441,0.5270394565259493,17.206031151531114
0.17847484511371847,0.5038407451740401,0.870037120611529,0.7962950011082506,0.9492304625771766,0.47901833748519507,0.8745420198485309,0.4084317784271676,0.14372451735478142,0.8348027808346717,15.368040835697524
0.471529104228135,0.9887521578673489,0.12387762006517511,0.32709083922831306,0.04403434745860435,0.7408283327923713,0.5544227550444528,0.07887257388782931,0.3715396103060844,0.7723767535464204,16.45026355001395
0.30860229206580825,0.5690524419575751,0.5964296226669348,0.7915109963011756,0.39300730668097505,0.30445865579345355,0.2183336994115408,0.9585789553670555,0.8329641366995856,0.8371085443859058,12.894598366281254
0.965633720546137,0.6167304234569937,0.8272400135702772,0.2745764739631823,0.9987050810796976,0.14602921493587984,0.2680627810095304,0.5155310687041865,0.8035917914516506,0.4371937402185566,15.759289150293851
0.8414138670524031,0.9385182912634265,0.6646746525025944,0.9272998070720291,0.36287644191235213,0.8289710279619205,0.46395894452967834,0.865717745398961,0.6012304199430845,0.35529445732696074,23.06062275930248
0.8814674818818823,0.3161965281920268,0.40282756120318697,0.5776371110474259,0.7733570332591847,0.7057926962593709,0.5971277000193823,0.12521466091513023,0.5774537534827587,0.8937038970461817,21.853911064234026
0.8754096511279316,0.15554318909299558,0.8072786487743036,0.530915608693199,0.399411312091447,0.7301462099250849,0.9420853766346646,0.40553867556749923,0.14400509396634908,0.38716338088887625,23.34350100794414
0.7308596084415626,0.24600476662337534,0.3979452049487139,0.4969214000767266,0.6328315618348725,0.7242155997107997,0.989831868637984,0.5569895184014048,0.7703270599548806,0.002101522623641827,18.46783353900353
0.746659681160098,0.6168585318561113,0.8224180555570716,0.04245970614615846,0.4732402823868026,0.33675914654089956,0.019678897149621455,0.18807273344681685,0.9981980754439246,0.2532085971696493,13.910679186555532
0.782073409594015,0.20491697762842875,0.9059254668001541,0.4487793985891282,0.9564672030483411,0.21359773045156227,0.7928378721585695,0.6835868616868712,0.16649209354461425,0.7189737253719891,18.407006005066133
0.23567718339038812,0.24370226014320318,0.053419287576701446,0.8213090215096732,0.2274925471897985,0.17727906779574487,0.4442200569233248,0.5990062970616562,0.6339538879943701,0.20412065814231184,7.753066443634848
0.8433353609295813,0.4831331045980354,0.29717946397337025,0.9391305361753395,0.5620929288240608,0.9968326863179152,0.22532785469224093,0.2726304463499464,0.22977261298009521,0.8210930747352149,11.279507833898217
0.8884301003012329,0.9755325921461561,0.3494185235609457,0.39202672298609487,0.3118316384743459,0.8190553888173936,0.35090832481784195,0.95327311883167,0.8040861883436036,0.12814950378445433,23.20855132564927
0.639907227422589,0.39785206601978096,0.5455082176276366,0.20682977533590607,0.28399534868388365,0.6202044004309658,0.33211790556855525,0.9889722792084638,0.686552913807675,0.8974309483320837,14.027810963454415
0.49062853338380186,0.38012796467115484,0.7435418305971072,0.358767104400337,0.5461674941599832,0.3505266865128358,0.6477278875370972,0.5671590944886117,0.7416919081203548,0.6914509392112953,12.535874849772611
0.39646916960177037,0.6392731578163783,0.02238367317223311,0.6493602081832591,0.5541229430404869,0.35344569600996245,0.38936589728349646,0.4641070346284115,0.5774957914887727,0.4835125914884171,11.001022135857868
0.06246728471777008,0.6861179183420888,0.3203210927647412,0.4725356506567687,0.7447275508712538,0.3504339283714063,0.5100514062656982,0.7155662241646155,0.5651632187679475,0.531816110382603,8.119237741134913
0.6859247713218032,0.15668132793092815,0.14649227194315673,0.005446838266206178,0.731999810920534,0.5228674278720473,0.2514125041371117,0.6931185405588727,0.08920316603061484,0.11542113460031833,10.118137995117758
0.2714637966595608,0.5498533107692157,0.21730213841135293,0.010922794055308715,0.08776378737381374,0.5757910121786189,0.19510025230529648,0.4224971807837232,0.4884859450062713,0.3827340405212748,4.834995401520803
0.9115010129246939,0.10622990685950395,0.7500660803651443,0.9218960300833604,0.02340645562792898,0.37506681589271285,0.5634804667178562,0.8578308102094635,0.33487497294696356,0.9900407124491654,26.530860439088926
0.3656020768079148,0.4892856974370381,0.08759922313991664,0.1954500356427784,0.6101680066816836,0.8495248823449032,0.5603829617857033,0.46744832081262333,0.47246268029755145,0.5705963393461099,9.343834552783598
0.7869943707309079,0.6389955751685743,0.8601355434161013,0.4952782102817215,0.7373003639838193,0.5339261006150304,0.4081245526110424,0.31183105465966876,0.8683828453464297,0.3240811851374188,19.834115913291797
0.21614962323766695,0.5677210527476504,0.28291598439511567,0.9257099890805209,0.6611802923213578,0.030915387649464443,0.38208380080470683,0.9276599394168593,0.8580451734021466,0.12084283746891533,5.46697269734842
0.36775824685759984,0.5586376131915914,0.34889640239340614,0.11010464885670568,0.4235036687946575,0.697394005140692,0.29043853686965715,0.12703477154041054,0.8505773662920286,0.4182710162338613,8.508816524355979
0.1747083878551713,0.988405114147879,0.6022589645384775,0.34328687232338717,0.6882122320025779,0.571333688062284,0.9404238117743399,0.44636072068738164,0.42514737978363726,0.8232533664136976,15.228347906066046
0.41402360499545343,0.47257741399078423,0.6521334004250128,0.2546128019268348,0.007660033026249291,0.3999783029640033,0.3687553856735879,0.8180137606580299,0.756528122437019,0.11856188505604659,10.593237983732175
0.31770042130888987,0.8907024208900095,0.8186909742352765,0.27910384754093454,0.7914010691264772,0.7361599757913325,0.13839783725942267,0.22409627110671648,0.799558044162997,0.7268737622706438,14.668641305579039
0.372843341193695,0.42413353475698223,0.009565997789439229,0.8342470250220795,0.08910433010472074,0.059734519254407537,0.19685225845587973,0.10557671492521126,0.5754649797836665,0.6675349372177561,4.86178664519386
0.41921293971956664,0.35157082568511955,0.3723422013484916,0.8667467970982421,0.03871026285338497,0.5957191094145398,0.0019900603057801947,0.028681563216888972,0.18865184380998679,0.7941871690379296,17.253664527587176
0.8157780115679707,0.5872699172006189,0.27966193513958715,0.7971112146033683,0.2763423100527407,0.9753503121247088,0.6854605888088366,0.7844920242129708,0.7300218558963896,0.21003704030689196,16.78792651791473
0.21597872924854278,0.06379326062914847,0.3561320493143926,0.9446128147112223,0.8046510247571589,0.6842116881643989,0.5692920931407093,0.443190204332796,0.834474125279175,0.8869195003318546,16.654554613560997
0.2540025552625307,0.9212814522444218,0.8623785635454914,0.1704074322277146,0.3924840423140995,0.07308207268728473,0.2649365526843571,0.0037534543797108633,0.7171478189822722,0.4862785440791665,12.297003867779786
0.41609892946542004,0.466895498852268,0.166411440649341,0.4690459251626844,0.3920394835950747,0.19231754896097397,0.24724870032157564,0.3369001513310752,0.9319865490035261,0.8278046429798929,6.8702043254442255
0.9353977860127961,0.7146799257953054,0.6307669808122346,0.8276445738376232,0.35873648126156543,0.22568992545021282,0.10484896061267768,0.06236025360178332,0.11080815084565865,0.06767679004830962,19.01343687340485
0.013149346356256975,0.3167767513536752,0.34435157045006604,0.6962763638122137,0.5245647319272932,0.6621170480325526,0.053112764167127846,0.01898015362011396,0.8159090485156988,0.8252050786386872,12.727120352517588
0.762142826132072,0.3324048902860678,0.12908216564706287,0.22786806961423212,0.4075996999231246,0.7931964418678893,0.6424782667808934,0.6280615628984575,0.17691375251143482,0.9205001987337289,15.53319582848026
0.998273546815734,0.47826949501025007,0.16160097249866334,0.48388072522572423,0.9589135024760602,0.6535205382049455,0.5377603881692807,0.12312700325280157,0.7289031161637093,0.23956972262591736,18.659503867125576
0.011158928290506798,0.347691085512848,0.26101442083743065,0.09366760194057644,0.47055359236969685,0.6732600645650071,0.7345422820766924,0.32694681399417447,0.6627473355828156,0.7479184063029951,4.279135214778496
0.04526697383099654,0.2967862323041841,0.8248825741933489,0.7213563848317558,0.9473515257488755,0.23597731972664093,0.2812231739473645,0.7268025116171887,0.6706268721209218,0.49496235935568844,11.104264647846435
0.9921333251374619,0.26286917239979724,0.30243410520745495,0.9957477263899038,0.2935632246016848,0.21726923698251543,0.7306744402075507,0.728442575896938,0.45057761292519505,0.9186962342047463,17.144491338303844
0.1566661860450701,0.41726430860645003,0.3792225408951063,0.9813092127804804,0.6513004989304951,0.3396451952946591,0.15465617906978457,0.15084516020579453,0.6654623159932964,0.2640783510834488,10.483648224315303
0.6811910230768461,0.6515598356158456,0.7979530355405142,0.06536609537076243,0.5596954016176207,0.07901601160010563,0.05772273850394194,0.8480974475470026,0.4746184080736976,0.5597527644282446,11.693323506156265
0.005657965718504188,0.40607546235181147,0.5939651703607907,0.5683383286018282,0.7279238497508758,0.07772916152402243,0.7929400823290765,0.03823225253741536,0.6286312068142696,0.6678391408718888,4.2200591031864985
0.6254188093321867,0.7079742036109721,0.08881806523222402,0.43390910677952366,0.05919063527625468,0.051786768378352055,0.5545149141848893,0.8798288266014848,0.21296583441092243,0.19929720599820844,7.40097553570485
0.4784300632988454,0.1777639961317229,0.8820730219931785,0.06858522180799509,0.6154895292964551,0.4543132622976541,0.5818457506230709,0.9607632674038341,0.8368621710370527,0.03486299920479641,10.763295148515597
0.4808994262852644,0.845605641805552,0.46207865221898836,0.48828476338839377,0.6237234312898469,0.3214464573318696,0.3110085678972859,0.8418135793899275,0.3772442269327818,0.10591033900079527,15.866683506921895
0.11085001619927048,0.7216395606980273,0.23496811169998788,0.9735447859978011,0.9739553559091604,0.15638881233592505,0.49405513087496045,0.5194021897871052,0.12834341887609058,0.2848423304041917,9.276254681800255
0.22456368005050753,0.899634824805576,0.1798603457620318,0.2059075700521974,0.34356573845474625,0.5851092687789583,0.7797781493524558,0.27894227966761165,0.7979384410700961,0.4627641814893825,11.52745408632204
0.5621353947683184,0.22102121327634605,0.058145481994949844,0.8899872030468998,0.5627431188697886,0.4415115433679515,0.5790944371063665,0.8660363667652498,0.5232098283845426,0.5188598691971185,16.639170811094854
0.4804223265530375,0.30790468977095364,0.749971882736157,0.03698058984849728,0.03342291471518033,0.15933813601844216,0.914755661577619,0.5627468332610268,0.8974408922137159,0.08698454828030988,8.611499042653934
0.48539853207342853,0.330612165095049,0.5109407190601208,0.4411668794364477,0.07897937975416436,0.21688607935494053,0.08053675361170742,0.9193275480111972,0.7617627122813531,0.265597261217122,10.787436448485579
0.930450197512676,0.892000875632411,0.023556602286368467,0.2685692264320738,0.49558799348233606,0.7932446680899751,0.7170174622688126,0.44883949378483423,0.0874981361740681,0.9447428240979343,18.317398436563387
0.6675140285258812,0.6216723486887087,0.9236662534770264,0.6904834606269284,0.698673337718689,0.9042970581560692,0.12839239931973934,0.21122426307258912,0.4834616511870492,0.03259111131073966,20.84739692418568
0.7161815257838676,0.9909446542831064,0.4768818024747744,0.730662612039341,0.024967535594427992,0.9886428749321693,0.8090086008568379,0.4670259649804983,0.7539528630499025,0.379008421438066,21.731122355201414
0.8939655211610966,0.9391668347934897,0.689838091349166,0.8491522424759476,0.9857205159278128,0.5054961244748006,0.3397969456318094,0.4005599308675162,0.22735252846176657,0.6947744489213906,25.78540116851329
0.9442012596399258,0.6192436848974685,0.7662891795641923,0.8758756660360736,0.9613941874867186,0.7743067017380943,0.5544276895942899,0.002813075884298577,0.844087195074349,0.1617192805941815,20.274499923389232
0.35162582071787885,0.8813214591966343,0.7178221115656638,0.4079924962598429,0.36529627411885246,0.013069177945690624,0.9774867735183069,0.4663520395359203,0.8915599410864313,0.19649125208147278,11.204051443748648
0.5163002611139748,0.030305265633471246,0.5793677590248497,0.9336435375914881,0.8573816839569148,0.08475931566864481,0.9629554169873883,0.19826198943093754,0.05466309528410618,0.3207791553800202,13.612801602730112
0.12466820945980328,0.6501738257099204,0.04404775867379773,0.8574613788172254,0.17135170012125478,0.2966673665393036,0.6863005467602791,0.3755680211359478,0.7362870118790752,0.762378689991118,8.936240095081974
0.12739835018904067,0.9094149961918492,0.4628197854017687,0.49062411075529166,0.9929220976604475,0.9883862019414293,0.38526757877824547,0.4278983144361447,0.4149619286682744,0.07323497810007562,16.323761362031597
0.6305746674419486,0.16234074667154808,0.4876232192461427,0.32257257814535567,0.383406136909633,0.6396020126521988,0.32183216730786857,0.48707042443021664,0.5681765809919639,0.8621535043165819,16.209601361029257
0.6115667735357654,0.09927450706702201,0.19956791223375725,0.828235323660879,0.8741389060194865,0.7637509992610287,0.8066808388250855,0.03735870301962885,0.015294296314721123,0.43957793399393574,18.869798886202236
0.3709887988427647,0.4225712080612828,0.13224855361089183,0.7964317621894336,0.6451501554862122,0.44234153960975797,0.10279579202609923,0.22152219872254375,0.7424677245023386,0.532763626992214,13.823960582583169
0.9288033831648358,0.5682076373556763,0.05921130941727981,0.23008094205457508,0.8185907363297518,0.5223978761177159,0.8722208469654084,0.9289750921333784,0.5365338963479145,0.9020288729249012,14.292229480274042
0.9281057507387861,0.7915277663409473,0.5523953569052725,0.6063661416235541,0.5574859588513122,0.8369905018567737,0.994222061638015,0.24418189360016573,0.6840877167328129,0.7115321338456383,24.303888772287216
0.7134400696367122,0.2216807585173063,0.48472175492534275,0.8735678035375083,0.5045232858907311,0.3510217245573408,0.9457623720424876,0.40912789858423426,0.3073447604338464,0.441238287549117,20.290670430248408
0.22423610629541968,0.1919939678817193,0.3061919083016882,0.3400400447772104,0.4397974789657815,0.7575715792944056,0.5481558102024889,0.7204674730270013,0.4294045876708108,0.8876505680249617,12.993880639454362
0.7465039150129194,0.0449741599800505,0.6933614881068205,0.9263170674826531,0.842565488664755,0.05460241387866582,0.40389828381440707,0.8588002960931799,0.29310527852340174,0.876328459120986,17.744861730787918
0.13160108486786248,0.00843737376495124,0.6520763105048575,0.9034909189762417,0.706323331820111,0.08608385758716164,0.09741502707196004,0.8208278319611326,0.057326750901812495,0.5508186203655772,9.734058658549205
0.869419123346547,0.9614516332669575,0.1643193754864518,0.3177022524274865,0.5848639506767225,0.7109018942904304,0.30269547717714496,0.5382445100202154,0.0741267772294244,0.5840974992445072,20.639335378292383
0.43622680905737543,0.6129541556664123,0.8994669292308844,0.19827139526922932,0.13175248364147585,0.706932157486517,0.9349956562923045,0.47339103710826747,0.04072445805068581,0.16117143161679837,12.903168622862971
0.7561403102960496,0.5648979453986163,0.4334387739407509,0.8907076033948608,0.2338624580310571,0.4908434238238435,0.1387676499847208,0.11779546469636493,0.6590640258113117,0.1620024630627117,18.199281608481826
0.6742494288029768,0.41802614410992134,0.9028007419260927,0.9125534878642106,0.20384718053921747,0.8325593661918951,0.2461172882541658,0.0686935942640583,0.4213572692337417,0.5039790050614191,18.723010847406766
0.48653300604298266,0.6348727161341942,0.7568488807197018,0.6011131252239812,0.712046436588112,0.6851064010775119,0.7184238320992173,0.3660642492989943,0.9344033511462392,0.7744061188018382,19.756207118916578
0.25451152952428546,0.23578974603503355,0.3590180236655839,0.6875538524811584,0.033686303862053624,0.706705583082565,0.6738461594918111,0.44950464177467964,0.9886542009962204,0.6334140341326127,15.393032126983936
0.7636058876012438,0.8723456113474738,0.8823697488334181,0.06599769072237405,0.6331415602980952,0.312062444401802,0.48368069011532866,0.3159499880689327,0.1356099862385941,0.2642426870169221,14.045334577977638
0.4065904000126853,0.1497057540310126,0.042002853299641485,0.047228904662096616,0.7308173279369643,0.9302430952401475,0.443457803708766,0.9768041449602475,0.33114026472235936,0.6169707876453709,6.503769586961884
0.3623564927069326,0.13794621519693073,0.6197460822370796,0.9271294177651793,0.11285237635831125,0.39376347486684793,0.46605930006531915,0.1643709030213376,0.9859118115355514,0.8615495562346762,17.6109812239455
0.22754391758927595,0.9156461840113498,0.18637641793648696,0.13484121739311083,0.2480542522096888,0.29851585475526565,0.7570680221809809,0.23563707042590432,0.1041290328634179,0.11294550550568638,7.997381020598053
0.9320922828283431,0.39597240964476643,0.08023046138252421,0.07608881924427235,0.5637673725897833,0.7860107344562967,0.8281875541142069,0.8363661637179753,0.3913989227031329,0.6696111643394537,10.954757743273515
0.28996770095748625,0.9673850669383849,0.9634873104644798,0.3298260989536217,0.889286819314023,0.622396268384065,0.6951422556684551,0.5292815895236483,0.9896332161823379,0.5630483598183234,16.225560683310235
0.2842059850272033,0.9559049002869906,0.13027823823373896,0.7378824293524427,0.16848835457505817,0.57910346422193,0.6673911367642824,0.53887932356525,0.4705985353535874,0.33016966634471845,18.03523454112136
0.017401828475082537,0.30587726274049265,0.4270336913449516,0.20727464677426022,0.23284857640176437,0.21426825348968281,0.6457731181582126,0.736638031844684,0.711106514548983,0.972817649745768,5.393659704736788
0.9332373392012563,0.3567447998368617,0.21912268646972854,0.07075217571672454,0.25536947030453017,0.8986204652524316,0.050099893348072855,0.7127605682829243,0.3103132531548424,0.05769428620774486,11.600361267392406
0.06026977683527379,0.31232603251841684,0.44777247809492227,0.7302535718343188,0.9156607010092205,0.16762379544609052,0.6006811663162752,0.005707368189637463,0.5081549495108861,0.2286224485116406,8.253158464982493
0.39572098240053355,0.5196474587829473,0.7541322174939963,0.787732061731908,0.2936525292797115,0.012857931041948878,0.5517167622174675,0.45663137981952173,0.9587699728179907,0.12914831813990857,6.6388635773382205
0.536641505689394,0.5679728318332432,0.8710123091698928,0.4775049559398997,0.6969130981239362,0.35550615984752887,0.044942471613290236,0.9744130140016898,0.1238845760882834,0.18070609199193044,14.177042935941508
0.606047008105656,0.9692590076434251,0.6364437815789274,0.4843000374946257,0.014047559964351919,0.08385680726792111,0.4528222498587601,0.0747393108447788,0.2681942804708255,0.6830066021888508,14.675033625369817
0.2336731973656565,0.7148764326571797,0.8828611450233503,0.6451758499068169,0.9434340446186841,0.57937790063255,0.7030485093739937,0.12650774465039527,0.7282068929838079,0.2911818320727072,16.422447744646078
0.20099293531129425,0.21302908764600148,0.34881090498219425,0.7433460560233379,0.9385542475661112,0.9237044152365399,0.6336881557015566,0.49382270138201234,0.6982029259457694,0.1428585846570053,12.387357329499531
0.5192241065178643,0.2667720213865542,0.30150046255944896,0.47674958480299845,0.39606575402447386,0.10686255930291366,0.5484553437846117,0.9457030247716408,0.41310021688544074,0.15245577842358693,9.139845521260172
0.5291185776195223,0.015116199032688238,0.6796361762472533,0.10184756735893807,0.3878877023397601,0.49662349289536467,0.7053622447704345,0.8610805778253289,0.872153733848044,0.8905690515684012,14.924795685885535
0.16357599209363272,0.884066859648471,0.07587315933629579,0.7717957727108125,0.33833010853689105,0.8791147579638973,0.3668173846293987,0.2634968248021312,0.9080668164098822,0.8037087955743035,11.12919578980503
0.9767218207650356,0.8716425323842633,0.6371552444117609,0.8842515960285561,0.6221398687436904,0.3098041947043598,0.3890674874429323,0.2974685980040199,0.29037454702665766,0.7216778846575067,24.073439879584473
0.46794828589515713,0.679824503036513,0.8234317600842522,0.05639268636178063,0.2744816965240724,0.9213342427734046,0.9318973613686314,0.2909903826473853,0.20625898480787652,0.22434588189302762,11.316914941350511
0.008690504713210867,0.44627427950322496,0.026260727672133943,0.1134798750723982,0.4635819356881783,0.8207397310354325,0.5154808132610561,0.49069637165937563,0.49155346728844707,0.2096758608011059,2.9289277357696717
0.9590507265343043,0.4534827647664431,0.7350729606328162,0.770140262792957,0.4342051751082512,0.20886323493842363,0.4901762896383879,0.005216375313329746,0.3193776890128135,0.892188608836074,16.651765394889406
0.9335945481543299,0.8614180022769368,0.1464672549900956,0.34732896140765845,0.5694959685148719,0.274828832736141,0.9945165441283457,0.3804869035458567,0.4792611959960399,0.6088946021730708,15.672926790512454
0.7343407449725179,0.07041739576741646,0.9571552635245038,0.503549539653106,0.6947841982627133,0.7410335431190053,0.07209928425450352,0.9613307224658535,0.11161159559354028,0.9580939524753063,23.088195345257727
0.20566218593765784,0.9430734904459686,0.6817230302810855,0.0442137781348958,0.6260204564725197,0.3660255306619685,0.032586146181230013,0.26847682222851177,0.687265545962818,0.1736537898305297,10.595451712338882
0.6323596724479216,0.8006611764068957,0.9110842000617803,0.9139591992224542,0.2101113152437063,0.08335139067276354,0.9781197620432313,0.12323015891883216,0.5233758401581768,0.7684092444400227,13.377352608077778
0.4994858337353363,0.1281065766416557,0.9628366427965727,0.4646088287745226,0.929550909518742,0.7023106025635247,0.6441781981741418,0.35641684007298,0.041258796953422716,0.07484228004852889,20.964111783403933
0.5388499792440594,0.2101494381172757,0.3198715081550021,0.9412198674738304,0.6235299023556465,0.040806642426322814,0.9202968848743251,0.8657858079641552,0.623856205893455,0.29260878279598923,8.623555565240675
0.02428676449826095,0.10605057544139296,0.4424900699329417,0.5414487237900025,0.4538231455164412,0.667211373239118,0.1541325821537447,0.3795673308920219,0.16461512589953764,0.44676129604594483,14.619049749046328
0.19798927050388238,0.09423428256885813,0.45490175118138965,0.4275476694512472,0.7357374419946924,0.7839471196875986,0.4776767747916538,0.24377062067869515,0.6685531859176679,0.5641930071973755,17.486946854288917
0.8362036719839416,0.1637488331362793,0.33071243628013824,0.37258134686576694,0.7048427470622762,0.4117130599945329,0.04005546203703214,0.3003208095863211,0.0656633506781299,0.4234426902888243,17.719753191382555
0.6831368499883215,0.046519944744582764,0.24004112897961138,0.8837901757599396,0.03641004413714155,0.45800710527058586,0.24901342287690875,0.18753763542177393,0.20024767535510224,0.09802052042914988,22.46566490050674
0.34733967015485334,0.08218642578095336,0.22250046096898723,0.24431624317127598,0.40736076129741794,0.8093299815300053,0.01928735495926137,0.8418200455423744,0.580575192339924,0.18394777677297125,14.79234492371939
0.526696720235829,0.35842788708587114,0.19025544250455284,0.27311233810138247,0.9863575521696999,0.6783700201867803,0.2607503201552188,0.546400512691002,0.1760546688896386,0.15118861908150416,12.598399497212442
0.6415609308700508,0.9088968778610771,0.2067523436443468,0.1658494056583496,0.5333039700874657,0.2755337786960885,0.9490272916571242,0.7642755462313118,0.9362223216869553,0.5708305075634209,13.05599679758809
0.7321414370522088,0.07907253947463222,0.23037330359498465,0.11231787163979279,0.09234671077631496,0.13711817316147357,0.5478536992593549,0.31639533336212367,0.008273594960903297,0.6238719421335943,12.099940426506135
0.8014180560746764,0.8910591944046826,0.3345734255818159,0.347306036190586,0.48630734625788197,0.01089917962298148,0.17975472980640017,0.8405392742168029,0.5864252361205127,0.7983068271494428,11.932310345684838
0.3387185113174753,0.13126760067076537,0.08624621528502008,0.3811664176770143,0.8180632753860541,0.8146168237341149,0.8181178143051192,0.09026382697533408,0.7140532159861429,0.1612617331587779,16.50317386508486
0.6890967938074646,0.7722543612331477,0.799771243795567,0.564050926730491,0.33805770761604925,0.7688075463850184,0.35597462879413233,0.39101560139044544,0.26212061474220194,0.6526847814935475,21.271646327578953
0.9680366785151454,0.22551608208263663,0.08418246852798006,0.8155758976681459,0.15296922384381673,0.2871811393895476,0.4248856747370251,0.12142857723875589,0.19597506462404424,0.9223488570290556,18.839417512554473
0.7766655781514323,0.2039767004139661,0.20481416901365201,0.5954444009329165,0.3191224000709787,0.4948181507131262,0.9742132210431103,0.6194029652846178,0.5738434276066892,0.9444375403074932,18.827739942978365
0.27120861964082,0.7376128899607027,0.17497148212879432,0.7678373359684274,0.4211716308090847,0.13199498584446467,0.3283347538890298,0.7497078163239274,0.7160082831722372,0.8651901683373541,8.276505606179319
0.17212481159931137,0.5477235151669517,0.8999299483627142,0.7269467588272218,0.45850646413456,0.44389964833143225,0.29832608074202804,0.8687046569797249,0.45545236517493737,0.19055989787148875,16.665097321012727
0.3545183936111945,0.8494619492099381,0.8813878598621329,0.9099613255951029,0.4354508035613244,0.4741823787168885,0.8738084706614669,0.49830869315222637,0.04907164558221144,0.9346985071285564,20.980998423285286
0.6849746188839176,0.5220546634663075,0.9811493561420287,0.4675854799440976,0.26091528394946384,0.49126184527567973,0.855792241840453,0.791564345602253,0.497950235284646,0.4873250828451018,17.554191319807288
0.06886256378284283,0.7627105898604994,0.03563232615461476,0.44880800464693993,0.37033230835673936,0.47312413645632145,0.10285911561477867,0.43518717620141467,0.6630101156475675,0.008934597407179501,7.522189871421954
0.3269025448349048,0.6145740956980965,0.1899300110389519,0.6959386156283156,0.07388900943845633,0.23961694208655515,0.7336735797349627,0.14548298502546386,0.6866904322415538,0.32624712068607387,8.97964548134554
0.2540807183691318,0.19116576064996516,0.28533238524614,0.3722645513311148,0.3571468721825396,0.9034712554749924,0.6093628622084418,0.09733972424351467,0.9530985758928272,0.8719116422939215,14.883721706452297
0.8511991727996623,0.43036593721106475,0.6456130590450522,0.6528882093162477,0.783047546921969,0.4379379080751754,0.08752643308064845,0.5345797426762117,0.6879360254459042,0.7610396872899764,18.65063729911174
0.885727842557544,0.08895590626108607,0.6225110233713751,0.052261671845192814,0.2244867220794492,0.6210497687381947,0.8262833671643018,0.7421936815520309,0.23462783629663175,0.5918736741643301,15.690604565499966
0.2557419826781788,0.14236150877344844,0.45904212718325543,0.8328775359183835,0.796440327013313,0.3772775392790716,0.6708365437726909,0.4152298125455006,0.8592167338294316,0.5140536135759218,15.614336802042692
0.19776017265168322,0.5532798589798998,0.6626503726404336,0.356272107784946,0.939725144132944,0.07860191046965692,0.028555676777637817,0.24118563403493776,0.29163472755766573,0.34680597272612734,5.16079305553834
0.16654210758613197,0.6022868036389128,0.01918924220636764,0.2796882327942254,0.16506874728539145,0.2963223102468372,0.28384012312696505,0.6690931847902261,0.6880424746581679,0.29797361613290885,4.067082512312245
0.001822034191051758,0.7765685567045484,0.9936365643832691,0.9397089449274411,0.7695118663931755,0.38704608729508283,0.6512228816999962,0.3960586114294452,0.6673838495255429,0.7860845307899111,14.553264769903489
0.14681586487339104,0.8920959917373754,0.11680161591030758,0.33633770161971976,0.7247287720183488,0.11233374831872533,0.26931344171151084,0.9566541701831613,0.4299898277609132,0.9706030339566438,6.001804628282911
0.7242435113320705,0.20283460012255983,0.7549646252824113,0.4741155782043175,0.706656216688585,0.8138878836582353,0.7596216117598669,0.7176004860053767,0.5157819283774522,0.603286269743561,22.658865938022327
0.31751487704122294,0.6610999379146323,0.3369837429973258,0.04534695394776833,0.5714346009449409,0.48177302277149026,0.756298158058043,0.7786807641155343,0.4293991152101295,0.13811084077251912,6.302532934660337
0.11847357382267254,0.07682294525951971,0.703189908615663,0.499997412467456,0.7129098692796467,0.9004731868052299,0.8509543831791476,0.36024113691879334,0.5960602209503952,0.6396320158379153,19.560474572650264
0.7989369185385179,0.39433733930704706,0.09542198973242533,0.0383852877270473,0.9439623452602294,0.23481985859164445,0.08591485243973906,0.7463743374513099,0.8946144597584109,0.061471797160376096,9.388913609815951
0.6565588927505942,0.6421466659758158,0.1305864776296145,0.8680858002766618,0.17386002494334418,0.6046201628653638,0.3162621827813401,0.835942287327792,0.044568796336712735,0.37321012758378846,16.971308968668023
0.4370471989835818,0.2635721648102759,0.14738883213938558,0.2797667087910586,0.8812130756309419,0.00803984224591281,0.23623725813081486,0.1205074624999235,0.7336869852394488,0.8617275256361187,6.421292055335876
0.5256492053601433,0.8382457444170371,0.30210192166689676,0.1977415814077189,0.6449782664888821,0.17883841232630693,0.9625956721170696,0.18009853399417075,0.3442571451632882,0.7961437007808307,7.735090458569092
0.7103292199624711,0.7433021854764441,0.47456355899010594,0.5785506725945251,0.746282686376923,0.5258357727296925,0.6873417665297736,0.6392567781762454,0.35318618302751736,0.9382579241439989,18.848166715441206
0.6905297810266259,0.47913139658821,0.36937155371453323,0.44499319617386923,0.842962246032558,0.6974547320821661,0.1729712935063391,0.8963893472964839,0.8499472086324645,0.8731341666536294,16.159566628048356
0.8668796166203464,0.13708125199221355,0.36848475770404343,0.5988755995962554,0.25927204799609926,0.25640347371158456,0.48918398018948706,0.8769276072366375,0.7179095535969523,0.12844678960319889,16.930293158409796
0.5407952476075215,0.6450603180123318,0.18140486107495535,0.5442540866834868,0.27661658359677965,0.12046255806461548,0.9840901091046294,0.5109354781301438,0.42912333488200893,0.18116994477178305,7.672737617626867
0.5110031983443535,0.5055282849441881,0.43566465325877135,0.5112546672091182,0.6128774362950307,0.6777057102543532,0.18069579010942305,0.75859830314925,0.6457214796187669,0.3676825640259419,14.638782458417353
0.33650919514318545,0.9979782732413252,0.8113789042643255,0.7106227379275242,0.3822786744032075,0.2035658164786769,0.4316605193095976,0.9373488738610851,0.1468544209106728,0.4577884982591204,19.215328365476672
0.9044820991309966,0.14086538218014866,0.23280379557397612,0.4760109929383427,0.8310649743657165,0.8154126074475609,0.8928678226554364,0.7536631600297624,0.9119995158486478,0.7496239025119711,21.8899719471714
0.09389584306459031,0.6631635009613726,0.278950933267868,0.04253713334015774,0.41843788382218006,0.9009142169351277,0.20296764323430128,0.36657225263452575,0.38658595108157967,0.31120442637718637,3.066721760832249
0.09748251716029455,0.9253911809525756,0.2721099422776162,0.31208472835708,0.5713007795041328,0.027721369384537287,0.19739640569961192,0.7830687095468423,0.41648234702889786,0.5298501796663219,5.638302637640972
0.5407753677905657,0.5996965874206749,0.02268355137495115,0.9016900644871066,0.8459788399418006,0.13803100685810232,0.7558113010486571,0.012708399173214313,0.15610624321429,0.33429007139700195,10.932896460639308
0.017446873260619666,0.7831571592246258,0.45436611082997447,0.20922220122349977,0.7369162183738796,0.6068890894604757,0.20564323992285338,0.04311374907593524,0.12264491187308069,0.7257539514210218,7.8300143201155015
0.6262564479199719,0.9974083238186611,0.2365327153968365,0.3050099318709363,0.5492096306466918,0.6938186308260662,0.5048257956171402,0.44243613455213016,0.3101632945330831,0.9963673367411819,19.02983388134618
0.6370697316346173,0.49658559301293326,0.5855369388010377,0.6976730794139958,0.286596500498973,0.6641865388804081,0.9105589440070638,0.99892834263803,0.8297284692379816,0.37197210559476457,20.216052235199374
0.651181830300803,0.8872942131344578,0.689978271285609,0.19066915551210684,0.09028904101571433,0.9300891470063791,0.4329119295234911,0.7061694506333719,0.01158543786448174,0.6785212536093739,16.171512127924714
0.7459828630624888,0.9862898481864093,0.20471909410185174,0.5918789244734642,0.31169307371167554,0.1551203271651429,0.9051516409850875,0.8136012463510509,0.3605793284919664,0.24448945708424297,16.155752945546485
0.8410028650818845,0.9201236263845962,0.45852587967639946,0.8174280567207579,0.8976790107281224,0.2583070063329693,0.3036239509688218,0.6991992927962539,0.7228012526119251,0.24136415627606922,20.253076592024662
0.08697854621185674,0.5561919687035977,0.6788212844854157,0.1720782833191108,0.09903641285802589,0.7691971127732565,0.287026504785874,0.11909506731674324,0.6313211596519109,0.7153870497171191,9.988810843271324
0.9119425696527796,0.35003916616454867,0.9614034524499852,0.7344403317084486,0.7870882325234055,0.4563203734710415,0.7875821221302935,0.5587960986189229,0.6194394453621026,0.24469861874360388,21.717761992111914
0.9731325755282855,0.5351086087259562,0.3136598544772343,0.9714350084718931,0.6943239875000325,0.24123213768113072,0.7702620633289086,0.5792534228664927,0.5801212496367256,0.9354818072289267,19.002213460619565
0.7164288180966413,0.46098959138094686,0.5221715255898866,0.05817406014820392,0.1608800565405485,0.15772277564885895,0.41037827153548545,0.8583866083103164,0.37883344546085296,0.9938748362923143,8.612668803471369
0.6048180484361505,0.8665501313563093,0.11635549440269766,0.4770632935714424,0.7836157641758023,0.8929811103936274,0.7661553429932024,0.6916416002214686,0.35146356522433153,0.4230574084309864,19.670943323098005
0.6509937222737716,0.6631327963765694,0.23241032247625437,0.6972640199678671,0.1342695034143151,0.3903425947244431,0.6202237323698624,0.33896967233973274,0.21156115268076991,0.654191760946601,15.61312709387184
0.41378236267568014,0.7854260398893722,0.6816053587376235,0.8574143606144948,0.544467983383127,0.31359977648585,0.18884695914280136,0.1980286964710274,0.9038003457622223,0.7320537598504182,15.98825486096696
0.5853850870667469,0.01739067681407147,0.34132734347958704,0.5755672730744288,0.024338825377937745,0.8464319430579629,0.17572311775459604,0.5717435164133492,0.7201237465390277,0.26796426962064657,22.74400522193078
0.031019834609200547,0.4348918926232751,0.3336389045282372,0.3750147030434543,0.71283504921685,0.3754360528373367,0.9162580090930407,0.6700141898001002,0.7950439675951685,0.7985030717676428,7.063607313130745
0.6631024855878805,0.884120369553189,0.5949632506224323,0.654912573766753,0.22647861276382442,0.8083869195731139,0.2708640859407525,0.46945515305772734,0.9084616582673689,0.5305749015394392,21.682992149520732
0.5038316213258596,0.4741753688699569,0.20816122389462155,0.8277614398904054,0.17590544075782455,0.502009121274344,0.5436971917205876,0.10347031730144096,0.7509908829085049,0.6032373928682895,15.431917297724814
0.8566807031269335,0.29063870222577337,0.6211661279990701,0.3424034416646954,0.16060876735040508,0.38754759696498475,0.7098838605232156,0.6512726070740033,0.6462730102745317,0.9941756159189171,17.71978139621178
0.44032418751903146,0.8861654657689568,0.8876531886889262,0.1360711287228007,0.45705048803579307,0.9780092912217269,0.28506126283819544,0.7359235712923686,0.8223411606876905,0.6330947005370778,16.65895730734595
0.9722071296980549,0.9938034121684365,0.30124648331074655,0.24080304504579553,0.9609742802575044,0.8078482253913549,0.9024704418394675,0.8908756971889323,0.7487126802923625,0.502887809732795,21.576928411421477
0.7989625481519423,0.9862098769320476,0.8171303791916879,0.6391503289826188,0.9837822874822661,0.9206375170565131,0.21974746082544627,0.6856868397555609,0.07956021614373376,0.7368486788093078,26.868603371953675
0.408545358110465,0.5047900087541076,0.8727345017686893,0.8437722903676907,0.1240313287478072,0.4889977789931501,0.356289587622994,0.6143570817445421,0.5145053104232032,0.6777776982429838,17.70730429329558
0.6675695110688985,0.25119171775920557,0.25612446247790577,0.0795283166568932,0.9867201385050036,0.5501441438687393,0.3142166168674988,0.1886030089652483,0.6572307371865509,0.7809045207358389,11.156302925580091
0.1321359891488766,0.8858056467662898,0.930208950473039,0.06653952592665657,0.557807305712396,0.2398824272660831,0.8474535255342054,0.6495410850689074,0.7432195324417624,0.694367740438983,9.215213728581217
0.7342141258476078,0.81656202025847,0.5941428731925751,0.3333332369849086,0.54761820222829,0.10295518041524276,0.1458914320554281,0.28095094302507007,0.35081046051329134,0.32209159358795403,13.6569550391027
0.38734711229331653,0.05300831266753492,0.3394241569940759,0.34919356744833097,0.013438531874230941,0.5353951585674691,0.6584490874559327,0.5510721617858935,0.5961908727625692,0.5125039380092128,14.60461644574393
0.2681683051861372,0.07209958345667444,0.2025326609156869,0.19598324801800537,0.5670102245922646,0.4691838552241012,0.5425740207260951,0.36926257355029524,0.45207317847543826,0.2667144125432638,9.680475824044
0.40746622993540926,0.7941917177855117,0.8703720135094475,0.3500946658057468,0.6060166943145786,0.744490969874578,0.4652187871433805,0.13285117404277724,0.4080526904424091,0.7788334805068087,16.75732353233186
0.766793200336127,0.7048707520314256,0.3868737877562348,0.81044405223297,0.15911022850058087,0.8050105418455761,0.7794903379808371,0.5688435132421484,0.9329934781799074,0.8708124352532983,19.180374739764215
0.9426124279367321,0.4674776042491168,0.5598873498984905,0.2456833714599127,0.3884622216808511,0.6248657025294835,0.38981221871412775,0.8208749421369606,0.8514685906571334,0.6906177188000079,16.61414135967004
0.5807046347351908,0.31346119907215364,0.8450520497834915,0.9766441227755798,0.8742511082791133,0.6315666722539,0.04694405431341253,0.16692080011826038,0.45624819071572587,0.6863078573663157,23.544803166080037
0.7903526116843353,0.47482523081319583,0.7487774144966082,0.8796398074442938,0.456039732113495,0.9531185638444961,0.23315144452156478,0.6121332331925554,0.18906728893858915,0.19978034679670886,16.92199511186025
0.5744945562782283,0.7685431689208828,0.24609790420194844,0.17063573854564007,0.9192394902233181,0.710306394667449,0.14058763798765506,0.9007227666184803,0.4209140754987972,0.8230113646186618,12.09877140432461
0.45305125373015687,0.90365120800932,0.7181852972344956,0.42323896020014595,0.5529555349798717,0.6679693328626426,0.6334308006775462,0.9696128950024742,0.05865227138096718,0.44016400040036685,19.206604464074168
0.9756451673252424,0.2884356393644131,0.25874548775262596,0.7148556363639171,0.22344066843240795,0.9675330752694176,0.2116861332536133,0.15259130912762098,0.5547957273339651,0.08278116337808428,19.449155083086524
0.8479078663263316,0.9522061933387541,0.5226383658641194,0.9269099259789804,0.7441825256359037,0.6986883916448519,0.912766095031174,0.2874902421798827,0.5868837718488881,0.7211766337131638,23.606594911183677
0.1895465233684399,0.10513165235377187,0.8032169462343386,0.1347364979589597,0.7686355431514255,0.6174405286055251,0.10269906580597599,0.04283542160686349,0.8357604533248216,0.33658055425736433,12.079497006321535
0.1284594000729714,0.9068692476078636,0.6584175772530545,0.554223164396534,0.5266446740209161,0.750579331494764,0.5866664945786526,0.11143279794896854,0.6278720825873968,0.5321238679556383,17.187760675067224
0.5692223374359998,0.2942409360390781,0.44923423826374276,0.9344758238099137,0.7962774109104414,0.5205853591530242,0.2212690783059832,0.13009470229846742,0.17895587783010092,0.7291457118638137,18.144602442113243
0.5985131297765267,0.6298996565510604,0.5645437511177237,0.02970444533279759,0.5220444019657714,0.7564023018513448,0.08632314888558235,0.25991757855798836,0.5599078405176173,0.5117240162973076,9.710476381510848
0.9649671204989961,0.7035521511845226,0.03384377218792878,0.6122512020441538,0.8360099963697264,0.7380174034595992,0.5809203920665449,0.7626909899399764,0.23361743225804432,0.43389826392971576,21.56771645173905
0.3219878071633071,0.5736623633905638,0.44809565745860747,0.3708881261129853,0.7371714609993084,0.5310113236282721,0.4878024757053725,0.16634562083851212,0.4060085476365729,0.06371282244021725,12.049608918056336
0.9053881934247692,0.03551993713028301,0.5960351186043941,0.5974183133727334,0.4733289909186533,0.09922628295407243,0.9391083109622597,0.677857009611817,0.5193736105805463,0.9209719041343074,19.370884400708103
0.49678591884206225,0.07986302261703093,0.7040463409198678,0.7269406134207498,0.900915914360518,0.05388025556386833,0.33964393598902165,0.09239095931068919,0.8236138411726971,0.9645113909237082,13.424944110927463
0.5020406346549837,0.9174749924839077,0.5205043234639541,0.1845583569988799,0.4172689169344317,0.050933538773294096,0.9507899070836308,0.9577702618709453,0.9639305740145779,0.7833513037470883,10.939382320916726
0.9865771027252821,0.3205173399566713,0.9385778853782301,0.8674383513443198,0.4545150266363517,0.33109054523339754,0.6731789663406808,0.9876387615975037,0.812993347770287,0.7473300299164886,24.435470309949704
0.8786021142101611,0.02014112462755835,0.635966757047403,0.16315617573198715,0.033299859702364265,0.08552221554904704,0.8329794659335782,0.43375375408883976,0.49162370422353474,0.7236004865791618,18.634178405575135
0.05320342880282369,0.600461159488953,0.6290213607438251,0.2832543172172103,0.911649958824687,0.8646549159755216,0.6342215201021271,0.7376351485193079,0.5204452537290122,0.6465182344019363,11.21970333456909
0.18032629710301917,0.40838019888876,0.27584083189772846,0.2793309453224072,0.6981928783990307,0.4153926621701949,0.8559314096503249,0.09842427426892308,0.6413199830529434,0.9005897376898191,6.890107339792776
0.8699279717176677,0.8557051215474174,0.10930265475950462,0.2917167394773207,0.4905178610933455,0.588279096596914,0.4666836337976631,0.3000805315701567,0.8983206107098939,0.06486204749740743,15.764816440184633
0.518503588204993,0.7926282271571808,0.6899913047241789,0.3431049009684075,0.23177003138930885,0.1232333734993557,0.7330452468910016,0.5320212492186239,0.4623637615806354,0.9756986959177366,12.946043086713283
0.8972437603287758,0.4644373648336688,0.5724126838730377,0.07355798085941345,0.9019547529142821,0.5341554525455355,0.4313963658545772,0.8017044326284669,0.7086408032737431,0.7773101285204195,13.343664019428289
0.18155909806406867,0.8150848965439589,0.1230165859242427,0.5605468042959689,0.7176640091664315,0.6419037765197404,0.7693880547653855,0.7710814027435448,0.753014950617508,0.40913417629084703,12.757811142709727
0.657257478741089,0.17467115596789162,0.8193298614747265,0.9740339583766002,0.635354074799119,0.2099633921783869,0.6549236120447377,0.32124414312550753,0.8578207435917984,0.17793831114600156,17.081150569763174
0.5270870468751911,0.25218052664117374,0.8757141822211661,0.5824339073308445,0.15868071341592194,0.7726775566745504,0.8233016641945052,0.983151102216915,0.09434122182480797,0.9102536307198494,19.728459889464965
0.09312285614339721,0.4139433006640383,0.574044675586937,0.24886098720716188,0.816892052024729,0.29875688497076613,0.9025129550161451,0.09326186642079415,0.745497730186143,0.7895395500541699,5.363304946520675
0.6261160215795714,0.8851718978569948,0.11117257936232827,0.17405823897963602,0.6455670493805374,0.21454780656300243,0.22163967860930345,0.7022361033951784,0.23397169415618224,0.8186704942425387,10.925689890000443
0.9577148952176373,0.8450600940162122,0.2190465466510919,0.8235449468389968,0.8005070756710393,0.5710213888925153,0.6993844923675172,0.6258051625413719,0.6747795315452574,0.7194943005686867,22.34459744115773
0.7640930384451359,0.4602751128168222,0.9342109606970991,0.643295929473154,0.3586747039952245,0.1323241741144877,0.34872995592704925,0.3237599214450697,0.04446459819427273,0.9231237632357544,13.44315502572274
0.4636941566214814,0.3814519029906227,0.28475990253972794,0.4029121827935752,0.8448485096042597,0.14349693145427345,0.04184921356904714,0.16576962536382256,0.5338316751115484,0.8227460916423699,8.597065962038998
0.6181602335124562,0.911379689038906,0.9219478276809847,0.27459109165894835,0.7236779307280288,0.050250352829774525,0.47229794134102787,0.5721116442511275,0.6790991070851696,0.4759405552327437,14.913044382589241
0.26962621173408274,0.9542948109651506,0.027242367539047296,0.7890823909069192,0.6084937463380427,0.2853348966396987,0.35542647445638853,0.9595227024377602,0.9720965861777229,0.982301984256182,15.087091669070105
0.5093856575373218,0.7302026701689066,0.8687030028007084,0.2330521339113304,0.11002454096020942,0.8282190150385531,0.3579473838236298,0.9208080530583557,0.5951473522051237,0.2038822467195568,15.524292121389214
0.023390424201617854,0.5049987033767553,0.7432099104532673,0.430641794127656,0.7430215170241866,0.14122695996083712,0.06644248863632929,0.6205475807874234,0.030218272923632994,0.33907603791442276,4.27670225636513
0.35505205486456537,0.12559855288463595,0.8136391470125012,0.5480337070484965,0.12378895543724988,0.22672748445741708,0.8881302724560067,0.660860949800135,0.3180111074919171,0.5352861642414564,14.180440170273767
0.07228702983629676,0.2840023546898812,0.503690637463784,0.14276707149210877,0.045302538210397314,0.9787010343096622,0.4146792143024536,0.8717421655262297,0.7094691895676106,0.16837041293974664,8.166845209077746
0.6945297843200454,0.04235644358899826,0.6574178864199735,0.2094059208447293,0.07140833393072288,0.7472933308639695,0.30337245154620385,0.6205370997524096,0.705724344599183,0.8510355314128212,20.1144029561849
0.00868749689690873,0.7403731666781959,0.9319891206450807,0.6180210034626716,0.7640060022751471,0.7596026888539222,0.6509699623773811,0.11644413015076926,0.668110425888992,0.6632211777889326,16.465672257101417
0.012315851517834986,0.11422020079977635,0.17103899056608607,0.16018071051205662,0.8360723045737762,0.6939028425867595,0.35415378061081426,0.5148062328603286,0.1995490537520357,0.45375280507713067,7.052254671130368
0.5298551257349667,0.2762246883266001,0.6798777719385238,0.7862600634903538,0.15020152592631197,0.4873542503907754,0.7844640625276592,0.7317723641009432,0.10607852508362958,0.21846782454124825,18.607261680103267
0.2112379813692301,0.7569876612299994,0.6007204193011129,0.47828446216926035,0.14720761048450015,0.5108921078678547,0.61691167418493,0.6743889554392177,0.30269626455636445,0.2327938200595594,13.074253296388191
0.4518521611694988,0.5006237434393239,0.9636385753287028,0.13852251877802435,0.6706517472505915,0.5058067857982559,0.9301294839426161,0.8136454641151292,0.6119210858745104,0.7312826609025436,12.158335844326437
0.568032892390788,0.18928307770706665,0.6204134888036807,0.5687076394410453,0.14446875236907641,0.8986865542182665,0.04742070446877433,0.712903355824057,0.143026957355622,0.6754681062491829,21.384007462114432
0.18718487145345208,0.19374523489592854,0.09462184446316868,0.4267287207327515,0.005529952701865848,0.6421398711732892,0.7945744026119448,0.1656785099092396,0.7730119798060909,0.48051957988687743,13.580235280142357
0.9430350242227304,0.4865189729383613,0.8812524528773549,0.7950812307482188,0.18746163269416571,0.9598989873429178,0.9311166588252363,0.5776160532340736,0.5445894416737735,0.21891726243622578,20.98068559845922
0.8629310652278281,0.8113563302430914,0.1421990619036294,0.44033556512933014,0.15442323146220593,0.33781464067051803,0.8320506851423302,0.05990784817754491,0.3983851795183333,0.6491929308311816,15.053028589100103
0.6094456616554124,0.39075751405341563,0.7666609579134471,0.2457182676087839,0.34732232891301007,0.5500224392313372,0.4636212406773699,0.8030898267663009,0.7603753784013411,0.12522610926864308,14.38274240710124
0.6307728270209376,0.08633794191588384,0.5601142873444113,0.4243335369610247,0.5806986210243671,0.33377316947864777,0.6514836689056597,0.6065296201745448,0.37506217158136157,0.11944302587245148,17.100552572161355
0.7748122080615147,0.7566184334943827,0.9713071667589818,0.18801531910015767,0.8943202280103878,0.5403518662309188,0.9172204936374465,0.5796424045547454,0.5607094554857447,0.3462958209094794,15.951272535014283
0.472811974613499,0.657418422834582,0.7202497374041728,0.3010804339813924,0.7546024206327739,0.9517928914223411,0.9535860323513544,0.07983160359846742,0.23162568733395317,0.68490948164619,17.05573026069205
0.9380229130586446,0.5963543758985658,0.21441708066897058,0.2430661093223191,0.02505053902937715,0.1906043590833898,0.39476061324936673,0.8187554601681436,0.7831826195705068,0.42892842714544177,11.531218158216285
0.48806960151908163,0.08160034398266114,0.9398213868077089,0.8557947396080027,0.3956268433715132,0.5786761112197047,0.0018512784683776262,0.8303610716911396,0.3891830067454153,0.5243013104879919,22.82592014612969
0.27631101287778026,0.9040542307746483,0.8566233441205107,0.958264053420319,0.16287222382518074,0.9084622845494266,0.9769858733129859,0.5006595276298244,0.5086485645777186,0.36962824346555134,14.438249824389153
0.1273809316273936,0.2072936353110839,0.014757017045119891,0.08293752636477203,0.07662021797004814,0.9114839783063924,0.10750513924652416,0.807902422140077,0.1993483137762827,0.557310953058867,6.856305694954655
0.7210672142732043,0.2880171508096244,0.9651587075383694,0.8634033275573649,0.5080654553998961,0.035642789598878344,0.1025063364638158,0.46617968324592973,0.3812359781497635,0.4579125460194058,12.777414871892189
0.7050741352211776,0.17837927784973207,0.05972630377250987,0.6733731170504156,0.6827579914915314,0.10878119982876355,0.8963418838129955,0.7407888546789456,0.9806691388031774,0.9313494145676482,12.745627218283795
0.3899944774362394,0.5131389272668936,0.4680228397706222,0.9580370795652929,0.04854436203931378,0.531420837904747,0.9466648555855551,0.2303935168465705,0.9086168461583208,0.2198779942541894,15.189394409668141
0.5961002267644687,0.8632966907463524,0.7069561945907972,0.2079785054861274,0.35078292628206753,0.7454160690183146,0.7415994863691663,0.34391293114683796,0.9891096804707384,0.23539413565157608,16.167011606668904
0.31174027950388106,0.15905002360090137,0.40541258889670495,0.00579332763286311,0.8637925623605806,0.21602639400621404,0.23860987237315578,0.6156279960064559,0.5153574025504427,0.9789050600654193,8.65095765547777
0.397426893006003,0.14231809826715536,0.7325654446055412,0.4921365331713411,0.12037451838301483,0.37486892617551915,0.6330921246072286,0.8527260210578295,0.9980344247752825,0.32478559585918854,15.77964798492949
0.6484584038940379,0.8818204926784003,0.25835376373003704,0.4462844496301408,0.5032173522160414,0.45205441032513594,0.23887523765729735,0.5994100050767064,0.5749220817037204,0.5839430270215388,17.56384859818674
0.2504878560264663,0.911067858670853,0.08068778595728121,0.3179171112485676,0.7619529083142309,0.7609815624197596,0.3774350347455643,0.5491322371839498,0.057264949237294305,0.10070487360848646,14.842350048529065
0.6703745414605504,0.9415280835170184,0.38056017652554386,0.7232425381042071,0.9724270458367065,0.7688682781359076,0.8599062697360049,0.6252947053256029,0.3416286909381514,0.8578228529437922,22.458549979816645
0.36720394480288654,0.1696028238905859,0.2131155234281823,0.09545364598842376,0.07644728260336575,0.9278852966928037,0.43262269360541195,0.3709779093781993,0.2895111092742587,0.6472751482805869,9.272788609323666
0.18814422643549056,0.1574815316422139,0.2589227311657504,0.5272265559568392,0.862031962795307,0.4859448410978281,0.33082249437408673,0.5510425379237807,0.061077175510871995,0.963975413559969,13.615570607849177
0.40473266470331914,0.2513063842191994,0.5781717701083179,0.3713417094416862,0.9778904394779084,0.18645873256637613,0.19202293910367907,0.9041036867774335,0.3468620392747378,0.019757208313937125,11.796145993836644
0.2171693543160147,0.8199429919361289,0.5593123723601003,0.9604960346055537,0.774613334043164,0.2640230499123386,0.7039421766644126,0.8786306006756092,0.5611530424888096,0.007937089223266192,15.212295169682367
0.31660605362810934,0.3446038380273475,0.6746747724597563,0.598796139097137,0.27965779552419234,0.01817902905288238,0.9597536423160686,0.2823999634319855,0.6326901264562922,0.5454056666726959,9.100047854061826
0.5387956684218643,0.6655837242422449,0.4162212539555341,0.987362820920446,0.6417305659807369,0.9438242788463251,0.32972434816979657,0.6471050811555952,0.17552104433493,0.39444071922842605,9.987059941384885
0.8514829529140536,0.8209257060455929,0.9303510196620532,0.7482661834135342,0.5574493435242914,0.4541714465756981,0.4597443671346677,0.9624385530334411,0.15934782497066713,0.24405633004416483,23.753064325547506
0.1035496880888026,0.46928249883094697,0.17067800039114034,0.70642601079353,0.7366301164995467,0.07358299665680779,0.9398099608490595,0.3188939872073834,0.7269027542168425,0.5045207469027007,4.223681877857067
0.6266693069491606,0.08195714029107182,0.5497686227037222,0.8686739452612562,0.12369755018898398,0.11940353388454572,0.4740234516228923,0.6862337449979385,0.6076760373372455,0.7159020191328314,16.44976120839657
0.6059306988946458,0.208329094675326,0.5439114137784903,0.971113234681432,0.5148452265232896,0.8834551397705402,0.33404102457122176,0.40906548990969915,0.272893633003236,0.8088727621033024,14.883279408648729
0.4897144334680644,0.5107638792804049,0.11623883024053272,0.9699725801419914,0.7718500796842233,0.8244455779540978,0.9811107399356656,0.766538434264026,0.5082428755205775,0.7080052051126543,11.789383318704578
0.10891272816127273,0.7091506848817896,0.11800613658038273,0.5215809581315496,0.14193943950498455,0.1863597485577514,0.5941601613955828,0.4554493663221887,0.7316738104207087,0.5769857574860119,6.15310135904937
0.68554755220634,0.7406142704255132,0.594817025264949,0.334042556237498,0.21556204196954276,0.1610433438081278,0.38446028831252166,0.17536846128359218,0.2093713198313768,0.8584726510672254,13.533045281614616
0.5218670267728082,0.27351579479939514,0.49835681717626334,0.8728656453724223,0.3497646778238286,0.4960608350087079,0.127810657393714,0.4738584715169122,0.09526118955949148,0.8796149949491945,19.870525309766947
0.29362236504741557,0.44201267093505603,0.5024733970332608,0.6797537689984944,0.9856495432349774,0.5796315154306184,0.14619850946368484,0.8367410611705272,0.2745876723132413,0.4461560972051809,15.232426212209973
0.4519835476541103,0.8242633258132516,0.7327771056086407,0.9056602862754283,0.7157582554872558,0.9362653075926762,0.26456373579691117,0.6534499563686976,0.5114128164875753,0.6653850578479442,13.326335836252355
0.4443123331556458,0.444868455749588,0.5635334106274622,0.6290299872059439,0.536263088356286,0.5790006322042041,0.05713230975760353,0.9203942750086619,0.4370460374491426,0.7116746297773235,15.4685987427102
0.5519610164580182,0.15978119751992914,0.060133883495226415,0.80506685059058,0.8938303268564611,0.31302779048456675,0.9284648414569652,0.4640147439265787,0.2679703034385129,0.2862559055671713,15.646932467563436
0.7907406024704371,0.9387384220682402,0.2960738688720135,0.5439292241319185,0.20225072531764676,0.8443561211707148,0.28873470598189654,0.07460153037270811,0.677812870217064,0.813178896395018,23.263442099510378
0.8881136530797594,0.6038737858415563,0.7799907600011879,0.8393782328250377,0.8434480150940765,0.9262567072256538,0.24127002034488898,0.9284394188913281,0.27928868807633267,0.17418847436731277,19.31348292479595
0.7041620554969806,0.3254188809720986,0.8719962630993194,0.9774089080404053,0.36896881378079194,0.2944512377439573,0.17574164190449526,0.8960655164561273,0.2315856059787892,0.08278101939246796,19.884912801845385
0.3772252184573264,0.7876347966169108,0.2916764506824403,0.1629600031939703,0.2451900383079677,0.2557132535496457,0.19701409196675368,0.0914650666065514,0.40356472948761224,0.4201211107452597,8.139044712011929
0.18865365855416516,0.03191381807671034,0.5128970114831909,0.5872409053194877,0.04157687593640769,0.34492768976108223,0.8227337424689868,0.43861761675653754,0.4565450226967295,0.2565569706551797,14.434712941035476
0.09220542220238348,0.21353210979521242,0.6866109115298031,0.17458009525688656,0.05610283098951341,0.604019583855533,0.10037746624717081,0.27429696288724204,0.1492041469271992,0.9526433740922015,8.321545290777353
0.3571101970408187,0.5618461677657868,0.6073890612018008,0.6689031692640828,0.8207063350100623,0.008509330275075722,0.6010739820674534,0.10492835630135633,0.03780914967656179,0.731765197095795,6.831116969379259
0.23050322151751057,0.9777083560839805,0.2174343152671474,0.014645214255687766,0.3408517883162192,0.6413442824422232,0.25371255974420215,0.5963942018610731,0.7410601645011405,0.1927442250994127,7.2539963984001155
0.22874203281363847,0.5724330357465316,0.6487069524713004,0.9278939119168897,0.833173431597429,0.9928912580985455,0.29334478133132047,0.8989523239592905,0.16783756428918495,0.5192674964228806,6.147265317364238
0.9373004519571068,0.6666480374550393,0.4844104696498004,0.2186015474948918,0.2327528693019204,0.7242158505554392,0.1515509264813557,0.008110098967606172,0.9319206277911277,0.3961938888613442,18.209584906094385
0.27756496681826737,0.4328644065559759,0.34014613664463567,0.9625134518539076,0.31369876078100056,0.9744673889590527,0.7373628976342879,0.28411659006423373,0.109615030932667,0.41972968349366124,5.178221443451568
0.20803253480580797,0.9520756810015437,0.9302342335210134,0.4859930312308349,0.9456836346501563,0.3997721774253362,0.5037278259580202,0.604089935775564,0.49825133896191454,0.47674975861364466,16.870649591291965
0.20641133026802017,0.8447099399530761,0.310011942359836,0.5556203001338592,0.6881299860046091,0.919891714455729,0.8807661363538376,0.6762048301241858,0.48212129456686537,0.43335299518188,13.850358566319922
0.16300755542060952,0.7202804055713617,0.26572765252739494,0.2836077251315866,0.08539474426758886,0.823958184985427,0.4793701640383241,0.4423286305260984,0.6160938755196366,0.8580750395189667,10.604149645058241
0.37325606287630775,0.720085922277184,0.5430050031453076,0.16629611377255193,0.8403784569536362,0.07379736259611402,0.8740709649651113,0.3171853850630175,0.11315480957289747,0.3146784765504107,8.548177837495924
0.7192214146697041,0.03294189866132957,0.7655613071637412,0.693889294463495,0.8140467283803355,0.9446693820813697,0.8700546951076135,0.5350825139291093,0.38302237915209913,0.5590707586542661,23.31972335118431
0.6868722711388423,0.376764263261698,0.7878956871337096,0.824020895290042,0.9538988455558726,0.5428035162144347,0.02580564674437813,0.43761777384972655,0.5530229749178146,0.01701937204285564,19.470685744947573
0.3974976934122729,0.8339675483338633,0.8239608418341356,0.49274368601528895,0.8222104266629017,0.6653091370335937,0.21948341056602072,0.8491803359449192,0.29267400510450126,0.4606500787303862,18.787220053419443
0.20223140396409256,0.5785135035531758,0.06486710018063024,0.45260641439162275,0.1985025421312394,0.24160561081372534,0.8134892246614115,0.457522401635289,0.924440366498182,0.3562248846700191,6.198004429403949
0.45644263547468844,0.8063023315230494,0.1875316011734547,0.9908884211985399,0.20638085573813303,0.8560959535472882,0.28156869436088383,0.9286833696701724,0.3733492986412549,0.762843077024997,12.85015848725914
0.20101765730395826,0.9929878064813509,0.6033132867467929,0.04603423906965365,0.09335520666855057,0.448653531914013,0.5383761467921986,0.8992721868524569,0.9612222715325711,0.6088600843288753,10.585696112110092
0.2625030554972466,0.18840331507209307,0.4534340783737685,0.44754189463611793,0.7896827396492568,0.5437138894629538,0.1794355045343189,0.9688538222641255,0.07563722789959981,0.5210006220895147,14.36422760594625
0.6619600199195257,0.25497419726786974,0.09370054650554738,0.9055547567532747,0.47862934100593957,0.2801039437878723,0.6488268906399833,0.7921971843718987,0.4115751024024865,0.7265491121218777,15.953795940273718
0.9333216696969738,0.3174028891254288,0.9480861242571843,0.31764380779558343,0.7844844894548029,0.17862532592307567,0.9698327215746281,0.017087115408144227,0.9530526541256102,0.8356552867473539,17.277026560725318
0.11049553137399493,0.17627608431508146,0.407196423036305,0.520779128832079,0.8530748022355196,0.8532258780296952,0.3185390798418767,0.6351883542137343,0.32482503508775407,0.3300338863273753,16.35099046376736
0.32271017715864836,0.9652904527789082,0.7531577407545477,0.4557879426099385,0.8630748274679291,0.5828191386095708,0.52484264258699,0.12141053397672696,0.5419890236508206,0.7711252152439527,20.206881791789684
0.4905232639730559,0.7074720784326042,0.7432981430169537,0.2858552375448018,0.9627292909851699,0.575777695756775,0.713088044702816,0.3715571419197006,0.10687497331981377,0.7045072957690905,14.25881274349703
0.46903016034453526,0.40805068883322404,0.5748230020282027,0.5260232026972713,0.2821415456097677,0.15594879165330466,0.5598808658807728,0.22474724865094953,0.7273339565802179,0.6154944289399732,10.24780578387222
0.5204025276489647,0.4599948902342502,0.7020349939503312,0.6895700136450454,0.6911768789616115,0.7083285967908174,0.5705889109396374,0.953624564534068,0.8004109321832076,0.5692093595036632,17.94872328711418
0.9082409042873912,0.5934650502630465,0.28841698997004717,0.9740995061276642,0.8258061699788987,0.9078830710131592,0.7554794185794359,0.8462759928800475,0.535757993239686,0.5650687283368684,12.675674660159396
0.22955670591300703,0.03702736972982967,0.3232764890371118,0.045594880897090184,0.5258593954329326,0.43966758603824774,0.5242107528072624,0.6676705703232091,0.01412911831035002,0.8072006861459029,9.292707231834088
0.3816025421716229,0.7267367794838414,0.06045175648660661,0.7337411286854016,0.9447536964773073,0.4257686916680715,0.170502441167811,0.3013211032759433,0.3443073529726812,0.8069078013198644,12.346488259367176
0.7314723115814826,0.1132600183408573,0.8576960428798328,0.8834540769656458,0.23369049736342606,0.6075819162736292,0.4625849710478396,0.37327970374724706,0.804968094513665,0.7295579308098161,23.2452845559132
0.05664544109287417,0.0955744638162862,0.9097847244457392,0.09338038226154433,0.4086200821097813,0.3538528233596254,0.5376115828594715,0.6244641995578631,0.2642670264397713,0.1655802160180423,10.086620354282815
0.2925598435782375,0.7625212646639846,0.7744016842896008,0.8233111640734853,0.9459486609733404,0.3473729033316443,0.3795424016947585,0.7804476912036056,0.5891751583116227,0.5796382843579988,17.4561734131119
0.01112390579528999,0.537035312339471,0.08177867866999722,0.6624378472618022,0.9423169658482643,0.11838748307703983,0.17373415817165094,0.7508199282284477,0.9802277232258715,0.07612065906865784,4.138256525533391
0.2587894230446054,0.35746310870087317,0.6266142303135118,0.8366566889770395,0.5457166781405571,0.5011480639842946,0.5309580719411444,0.48089027169115894,0.3040536663064557,0.34656965631855974,16.945541605721118
0.20640763410571183,0.12968464543709857,0.8771876070667698,0.6786075399557282,0.14714914558233416,0.5710075890651036,0.37823530132076033,0.8967920343980263,0.6544816708255673,0.34676224231645525,19.59996057695228
0.8300796414064503,0.7498136757407983,0.6742852856799041,0.5295898230065061,0.7864343794766352,0.6384602678495415,0.17565738549778043,0.749921480531512,0.9159425541196234,0.19162159628904318,21.930865876232684
0.6754321115611279,0.12883899763554962,0.32255032281302287,0.08572729724846062,0.46298042217957425,0.8167924733542405,0.8232058208077402,0.9034549002437717,0.8642111391070797,0.09653028177661582,12.265598979649775
0.06353081495534496,0.29423650766538556,0.3740099259579681,0.32633908230203057,0.38810435066413196,0.19857432558305022,0.8646384421219252,0.47792852914660355,0.2574766500323997,0.7371777839895421,4.477172190972452
0.530175424945359,0.022852316491637215,0.2617427646184851,0.8803180608150787,0.4802718790769944,0.3613874129736224,0.46492118645188163,0.6688239530090926,0.7522683731751284,0.20888634668165518,18.668252828201435
0.3834670347500735,0.12285246240366932,0.10098806232053115,0.7049733189685234,0.8027049468992287,0.47111370856655965,0.36268663050229544,0.5294444524731778,0.08160080185458218,0.9804680955397228,14.425234229179418
0.5948424045834185,0.5159132473842011,0.21709797457479707,0.09748675221320635,0.7285492903808458,0.7811620046230797,0.9871430838667686,0.3076957981268794,0.34211681278466244,0.033689674413379556,8.407758610728072
0.2675130603018371,0.7156794061770235,0.6087432086201009,0.11761925095312176,0.07613613245345863,0.5860211075522815,0.6543044194314638,0.8083367717017079,0.9485327385221288,0.683795843169098,8.946528928596232
0.5918391108602659,0.03873715114077925,0.6911423600875553,0.28132205437197233,0.5211167912422628,0.7817819422702629,0.055542331790268906,0.025843464239439395,0.9803378978662985,0.9859941553400021,19.722367295048397
0.7664674513128114,0.499506529400609,0.08220736214571367,0.9006892259458349,0.8849440616646315,0.2003397069026085,0.8914055923317322,0.40070272182316446,0.5367271302503722,0.4884312389078469,12.3886374327414
0.5858874999792208,0.39305465943261686,0.03706059732411815,0.33191519006082326,0.7552061549142081,0.7111546247065792,0.9974144362746931,0.5689338384277755,0.13163407156127538,0.2273412719890131,13.810732563330154
0.04443891292978208,0.9368848866104329,0.3947010921224412,0.16934469188731205,0.8519908154668667,0.40558878001125753,0.9087614763395298,0.3657155936187393,0.7221109261158736,0.18074503053284685,9.10052610999011
0.7089597598483551,0.9338193773033588,0.9829974338870976,0.4517384616268926,0.31645411205632623,0.2892765088864061,0.6432735427693623,0.9540424216596703,0.05959876247974927,0.13155142477643522,20.84900783846165
0.4567862099056704,0.47737561934990946,0.2229794072873671,0.33459668124834896,0.3669834450120486,0.4208944989304524,0.5739874049012311,0.8000729759615895,0.7856708390785067,0.8126513988585733,9.886918617666563
0.08573355784114178,0.5180922372146066,0.41997269804646953,0.022597970898628472,0.6869931200145678,0.9154671413554281,0.7004755973785853,0.8725827025999012,0.3317877069702093,0.11050043565287415,1.8424112549445844
0.8619489871041033,0.3684702723894887,0.8233556856111701,0.33277989129708585,0.6428469419723208,0.4255588045007954,0.17443598011106054,0.9218861007222482,0.054811635766627065,0.7780723437829169,18.05653467217653
0.4525526278702354,0.10849560482237675,0.8610234215850259,0.47817216544093577,0.28106961273432907,0.3611615865112151,0.7793628972500267,0.6895702474877651,0.3208499304214124,0.9978937424718849,14.399080691989521
0.5295629832217295,0.7959576043384001,0.7877986681213249,0.21347353542436465,0.6239124393455707,0.58901152436679,0.2881267593086051,0.27657167762370416,0.5502079610885979,0.7408732574200834,16.159841887966984
0.11299027488037328,0.5555196615080084,0.09867686455363733,0.390795374575329,0.8107659536606959,0.9425492275852382,0.16852971865653343,0.21566395237667368,0.363405007593264,0.4010976569444924,10.393275711837367
0.28187351823205076,0.30330105237683613,0.05939431047259203,0.8577323847879806,0.15373212663139868,0.05714780433198119,0.4148193907158051,0.02508028215906244,0.4886168307435611,0.3376076434438209,4.27747527851266
0.1824138047357834,0.3478751442743274,0.7849235537280457,0.042279176654334116,0.9683755054727181,0.42103432103284355,0.5451694166502586,0.23925220681869108,0.29104241777447193,0.5373661864762492,6.954833111726917
0.038684536380033774,0.3903605031996342,0.07770228648525512,0.9498462131579878,0.9043001568023751,0.5611605313901756,0.6504758024151776,0.23650120025238164,0.7134687927935633,0.13638720842297591,12.531237957229202
0.1570224133061191,0.5361043934476591,0.17155843944310456,0.2747830621551811,0.484376097472605,0.5090856178899026,0.034631229186244616,0.7681028300450783,0.9223808454091428,0.057283691016147165,6.964599878544423
0.2074469032934506,0.08747954025137628,0.8645264496938456,0.022240526115315018,0.03634617110990501,0.04330477406399191,0.4898078555193399,0.3197474890439147,0.7977266158949567,0.490093490798457,9.921108037231175
0.9906859103551093,0.5935719759217294,0.5490300689681598,0.005961711771281797,0.6666333465876939,0.5672191164120022,0.2032072587858964,0.8497647093700001,0.6304906063488115,0.3731217226889709,15.092999505186569
0.7974754904511363,0.5945955903656485,0.6919459682576323,0.7012005539155024,0.7574345185167752,0.8020549847925222,0.07061100062153625,0.28360073321765567,0.08595278712402821,0.15335838495626652,20.804655777700205
0.7404806827347695,0.906622611180808,0.15668577949630136,0.5636980089848532,0.626969430061726,0.34294837397433187,0.9388969059354274,0.3956897696570508,0.8724235484930869,0.3607500798978647,18.20498826053912
0.3670778282818584,0.5486024801440493,0.1492640581625726,0.7337266774647629,0.5824238170876165,0.49951884045571093,0.4105266264878832,0.8470035333055742,0.8382825099727925,0.7892298814441998,11.892961514494713
0.1976358918437775,0.24141784918071918,0.018437253223951178,0.6338815937426142,0.7953268157567952,0.771084443054522,0.12877583660426195,0.2572185776160958,0.10914600960456333,0.915049311800057,13.067227865319273
0.8208659321489481,0.28906336828552426,0.6691881161689031,0.5881450296715495,0.0772901521919227,0.44758746534289917,0.03374433905531726,0.5267287169721504,0.14400056983465714,0.2730938078272491,21.332448768962617
0.419257148910971,0.21797525366167292,0.6887394257006091,0.10248110474950645,0.596342811985226,0.01791262408900174,0.86618773745149,0.25930389046699887,0.2976897558004401,0.44915251429477787,10.944258186384644
0.15230235000622683,0.591462652982127,0.4162898885292625,0.5904873176385833,0.46081301491351223,0.2098725711344731,0.6962109696686164,0.6111321662765937,0.8946653478666348,0.522983201914378,4.882672755382622
0.3127211778313881,0.8482785189313108,0.5153101310060136,0.1590197687043685,0.1852284540478052,0.7131393703460279,0.5015661450117356,0.689099074560651,0.43201440019127824,0.4559515069672435,13.61279167202129
0.9941714161748464,0.7842263354665057,0.8889138274508449,0.7911177806968003,0.003173564298106224,0.19310106478330735,0.42671259028076347,0.9905008512262993,0.2487671010350826,0.21113574202871987,20.30316994891923
0.3667445895603326,0.4758375105519226,0.5035638881052258,0.18469231313449652,0.8459779331646993,0.9747558882567103,0.5354131183872751,0.22583934832055474,0.9358607206971065,0.074110350189728,10.512185709946582
0.9897715047435662,0.600283584906709,0.569778995918404,0.25071295093064727,0.9510449573800763,0.28228296746396453,0.6956193459192,0.5026298574976178,0.0533751582073102,0.6333824639228868,16.276430464044747
0.6016763512210349,0.5340329256342229,0.8814172826465291,0.2925430294977889,0.009784590784359892,0.22089118540750907,0.6280898462673338,0.7085780159143833,0.9747171755399341,0.8374001609854869,11.90518386783878
0.9199534545067827,0.900215544575595,0.5960964760393623,0.16649654237044587,0.6588360838184982,0.08544329231162007,0.2592098472285227,0.530291594642134,0.27724234284882576,0.29315213112586525,16.184248777356416
0.7527127771083304,0.6015844421830085,0.6277429575166463,0.8929823346133934,0.7901890428513177,0.07838514424250909,0.28525332533484604,0.638677450408065,0.5941457691268054,0.9590777506327685,12.429091126746187
0.7805056951062123,0.7370308541056556,0.992663404342536,0.4098850159245817,0.44543345205310136,0.6533300442045575,0.4492407518493682,0.4946047858909567,0.4793196616013886,0.9213815218355044,21.348618193301505
0.1358309112840197,0.5135502659483291,0.3744982251344656,0.01580078693909992,0.5498649250386656,0.34170599358945464,0.6606424393028356,0.9335524334836159,0.6510688439217408,0.8430257531019051,3.409471769688758
0.845315981019336,0.04803644756262593,0.570312178964574,0.2801199512924758,0.28638823208541264,0.37435503499628386,0.7992948683200487,0.9101185556811713,0.24939536814844143,0.8809563911309466,18.7291423227308
0.7939579460488421,0.013940450718624042,0.5204435939605209,0.9486997232096714,0.17983040819172702,0.5720456572577128,0.028694373858203504,0.8991806279953353,0.11662805967888024,0.372375007541051,24.38194057913534
0.9106236833057646,0.8788344337682052,0.41790762303161366,0.22069701365251626,0.32762190572518735,0.04599108058123991,0.1654052636756148,0.3982451502643646,0.4156398722397523,0.0017653278706033504,16.16594594282145
0.21718556753152773,0.2509720386564499,0.5452559615778242,0.24274815011237172,0.21587790119579686,0.527872192299633,0.5798063650285116,0.07628825423844754,0.30652484959294013,0.31201423524920424,11.220283379565
0.6040787450531979,0.7211688352762471,0.1511872898779879,0.4969299993894696,0.2834013760774581,0.009158321149636772,0.12676734242782828,0.9473633765471511,0.41527547330486037,0.6884299710858731,8.065187280149429
0.021507017110758975,0.47657014476803383,0.007565543860078794,0.7238860668733671,0.5177300841168064,0.9823023374896576,0.7048824548371508,0.3767639085131076,0.1856047961978854,0.5773368445551883,9.589399356014747
0.6977250854299082,0.9840929975596892,0.08438859938178878,0.1404595821831809,0.45919846410629905,0.03963815139876381,0.7857499891757969,0.3208125301399767,0.37929178620062376,0.5487436153826627,12.80607139684332
0.8861225936693417,0.29283724881782847,0.061953975421020546,0.6970061219269256,0.33583663316726187,0.8255095840413051,0.8003924644003493,0.02053226022868926,0.6758530718659689,0.3874537538866786,19.97652072732001
0.9525724634242496,0.8251432112177408,0.5292098770309732,0.37205750655589065,0.4777799284796296,0.8072924497122557,0.5995745368665079,0.15782060765867956,0.7873087856771233,0.37261239088801534,24.05089549678074
0.13709362668874525,0.25069634624891646,0.7702013078295705,0.716597843278187,0.5768230786395118,0.8730679419520057,0.3149571487995241,0.3348738077650599,0.5883192854866106,0.9343042804435288,15.317295969563624
0.12252366018345429,0.43319781748576225,0.5603579971953322,0.7808475908903175,0.8540413472468812,0.0949096293512024,0.5618003265720121,0.4164689575599009,0.15812480225199876,0.3150111962233746,6.653210735753928
0.769834538310534,0.5815657762449824,0.5013047104300408,0.5486275132679925,0.11064209099442124,0.9596673352761034,0.09160420171478689,0.9639397762593811,0.4342553504195096,0.47121468858920446,20.135809242587193
0.04306625297404487,0.12696015066396715,0.9678288156786014,0.9164215895764729,0.91482568471142,0.838243685599813,0.8128134456199861,0.7523515057410224,0.6055627115818322,0.157473204412109,15.314122552618164
0.1908372837792276,0.5395960704484808,0.3582549023445859,0.8405761957853745,0.6155392660701736,0.20834212737769886,0.15004541909609204,0.06575237864126826,0.6027995926646547,0.7505688075681392,8.484710629475341
0.6449610155978587,0.49079303197157265,0.74441925444211,0.6134530798356065,0.9260202238423809,0.2707985777093401,0.47514335271135866,0.6965705571038324,0.1410240502183132,0.8572534364392721,15.030791435329768
0.19159895243870184,0.275826266979714,0.5450984655749055,0.48690986333341646,0.5943107527736242,0.45828074546695374,0.2056253826260217,0.40949265146627456,0.2117737498036254,0.29401723059329443,12.567752401562394
0.2762400070299339,0.07370116081930445,0.6986633868745262,0.9059689563288721,0.549531166629241,0.1786027023295924,0.02545772962615278,0.5587821607542625,0.6539486846294896,0.5144574425054649,15.736551927418349
0.3262416373944723,0.4539900470054443,0.36081714228101947,0.6904603816359124,0.19655804107629582,0.22990844404348765,0.7056609323828431,0.8451016466497637,0.8761682915086941,0.9982867744933838,10.891054600257647
0.7718688062580144,0.04418555018057768,0.3930107399043712,0.12718456034057302,0.4423972604936247,0.40519424844889484,0.9404306878077524,0.6456879396577224,0.09424812066306487,0.2826314084246999,15.316431658058983
0.22760153490059798,0.2961273569915961,0.6986390603373328,0.07391739811947617,0.092076174774127,0.41298683899005284,0.8811458071098063,0.8748254653137405,0.8876148386687763,0.3592069796361633,6.918713355852818
0.6006321133414441,0.7394790970731129,0.32699913190793906,0.48632782666539276,0.37716452041485127,0.8361765718999399,0.08854398662565066,0.5778695857542068,0.8472081603827761,0.7508527728575138,18.463856896523456
0.7027092837293667,0.6189854653959694,0.3891153384270447,0.5326080708202579,0.09242723489663507,0.8441825666336997,0.42254686393375374,0.7828009475992079,0.7635931891509234,0.21000699098322995,19.120428748922002
0.47386818181613666,0.8409725223355785,0.027680630744434387,0.7095310670136975,0.697314715311353,0.12899551366472928,0.1757701686068076,0.5893868378030725,0.0011753450106645191,0.6843525941215735,10.902033247675996
0.3603258331971062,0.39596510113421024,0.39099180895543717,0.8619246611310953,0.505276522854336,0.8384271343989061,0.6062595733180121,0.990328112672212,0.6784012309398582,0.34590484625517315,13.817970169992424
0.6610652152394995,0.45509069636655164,0.7751419138149408,0.17043914091489176,0.9789750450061623,0.7617688326026905,0.6457236544983579,0.500440785808503,0.4753128224976393,0.9371550368073844,15.905250626225428
0.22822402578098666,0.8523738693386093,0.2648261844642661,0.08466812657198985,0.6036025177937852,0.8605179758811836,0.9178288613217958,0.679945883785927,0.07617750338362306,0.5059129624569499,8.039874580305424
0.1547524107346766,0.7637416077097687,0.38662272876535553,0.18803629362337515,0.4535860166771776,0.6824874873322494,0.2941127482564575,0.02186570774911767,0.4498538916474514,0.44737480489554726,9.992015714690437
0.04101428242445526,0.4449242403612813,0.9081410589470336,0.7941949032064654,0.43688899484741606,0.3446247236346468,0.9618374559690996,0.9926022178392212,0.9258449910348344,0.3486902149658071,13.088448581094903
0.8242084043343033,0.6310144336182512,0.6960815586895864,0.7291759617858428,0.09326385721335995,0.15342237285805604,0.48552570683778695,0.1043248728251428,0.8718949649871902,0.9459130738704378,14.611186364153289
0.7220240272791493,0.7509654723913338,0.6328891061097234,0.9275566752856849,0.4558269964108467,0.37685534406883425,0.1418795697764299,0.3457855829263925,0.018292724168524566,0.7915112970594842,20.59928143307911
0.8729694335770588,0.2513979128155083,0.7805650586489825,0.907265476175715,0.61193687742998,0.8573282978763956,0.8897090881203832,0.4748849043343262,0.3764000436811319,0.5555618598777453,18.749726896887523
0.7666698590233798,0.14411912292686202,0.7961770777395014,0.5652288055811937,0.3357445098237991,0.6474630010130222,0.061907994940972766,0.5201857514220898,0.7627257898690273,0.8231355639915717,23.65838397307077
0.746923370719686,0.44901319539018236,0.07695408277132731,0.7436827646857128,0.0753691004343845,0.8726526512060457,0.670428388790172,0.6986172425362455,0.7431449297970006,0.9304532007427909,15.547173889379055
0.20250295221564474,0.18860640834604236,0.683737343658556,0.8501386666490331,0.3634257856407863,0.8202856800822006,0.35515654790885587,0.20739127599928586,0.03677231019344385,0.9305351650425009,15.137162052904564
0.42427937203922383,0.7314816761086527,0.8562506165376308,0.9895448751217986,0.9437409217458771,0.7256612238713427,0.2679987320229271,0.9350864074561992,0.6424896486331492,0.8022093216623984,17.626130901094204
0.023367332057897428,0.9503908727972784,0.22680469262880343,0.5699956707762146,0.15030662249878468,0.617098333410642,0.8534345154944617,0.7388597179410895,0.4299240179110124,0.674548241542013,14.061439982207586
0.4678972329855765,0.972105995823545,0.6532449564851921,0.6690030827333595,0.5266629886318183,0.6946837204514008,0.928578847779302,0.18789870674566522,0.18198294558634176,0.613972972573297,22.516370734110644
0.028674958748357238,0.4100067272606046,0.964875801518672,0.9723737170977808,0.6353574246741522,0.048910291963702335,0.21900233652066792,0.5986910196695757,0.14337907214292478,0.4336375287302502,8.367199100368808
0.713584659974436,0.37244374337690955,0.9004174115231603,0.22289978526285792,0.906051254686647,0.39920416803961023,0.24106723331797153,0.7245629877884275,0.8105940190017932,0.29512303299525644,15.920462356388235
0.21354381564157732,0.6998427737069411,0.5508098769264291,0.17334677592350978,0.842974752056038,0.5662709934350092,0.5287895635695443,0.7967199424188006,0.489941789304254,0.958756772825645,8.383936290376308
0.2884576757247068,0.7258956412016049,0.015345776759615681,0.6102990552807879,0.4123658311789251,0.09247469009133313,0.7039141887479378,0.9132665716026739,0.20992186721065798,0.9610215411701721,6.10249297010107
0.42538573868370255,0.9969321079010924,0.6377676072415894,0.7865296264355806,0.10538461150426703,0.4790323229076936,0.16777491028229885,0.144991440774634,0.9671035985121846,0.16988959219727084,20.29158971645337
0.7680781207445593,0.9158113245845879,0.9575742892789788,0.010036113023165205,0.7784111961423731,0.037738424106325774,0.6352939687818823,0.7044056942800793,0.9184180365926076,0.10427197877066641,14.645797703123762
0.9447470405327177,0.29479423261386994,0.6671863003883411,0.9481608864932521,0.6931082549404795,0.6558842670748984,0.005514346167205808,0.5547861990359437,0.27647887660507486,0.743220593046493,22.20940433174164
0.7042313674142886,0.2984806923486275,0.918668803757187,0.0872872695059721,0.795385491251145,0.7175600445013051,0.0019085925248762958,0.12243207897042796,0.5124161199167931,0.8935057552666027,15.664833448773182
0.43984282994722457,0.07376787742352942,0.488345952392074,0.7856057158123525,0.23754873499006623,0.7165067753619887,0.8058118127499686,0.37521728781502617,0.45732158130149836,0.24668370472685475,18.817012504079713
0.5711720601767196,0.21648312098195654,0.005973342156218475,0.36059740906595905,0.0337831327725413,0.9085065678055257,0.09487042881306185,0.9895094703838391,0.9969036297431406,0.9059289874121,14.320363970390504
0.014320316000036026,0.612665742181177,0.5557240651085251,0.36859140635454857,0.2192522200790139,0.7853051995271073,0.2574253205011038,0.8408450650718907,0.8122561024255139,0.7160330662615455,9.906343491076118
0.665724590119093,0.714142502244419,0.3087041163912786,0.3292824870211565,0.31739847818820766,0.8718912303512812,0.043572590051839444,0.9134985549794711,0.4895021944110495,0.42476489094692405,19.13659039945334
0.7610657716593798,0.7785553932705662,0.6536606613788842,0.8592120142652793,0.043606176018722964,0.32461360206678624,0.291047220183136,0.01439692088974498,0.836075576305955,0.3100214184236463,21.04085759740377
0.6318435949283187,0.3242080815723909,0.891669045156132,0.933273927624537,0.26013070808434524,0.15471219666182934,0.2337355448525239,0.17452550915313025,0.47562445766927275,0.08983551163230619,16.18406648847672
0.015579886642903218,0.8976941423907626,0.4434221756696711,0.3782934155791211,0.9319288401005226,0.7292410175362035,0.4214317441542603,0.8200644835490083,0.05271745265926153,0.8008712391043703,12.53387405005685
0.8063882440369822,0.2940400881171772,0.8143909601445951,0.1468894692489474,0.5678353516840909,0.7051219706054789,0.3067569237409159,0.22964445786788046,0.27122096480975055,0.8599018143433269,17.503671417697433
0.8554614128340842,0.026125301735434148,0.7877094269559128,0.04318169910752512,0.23259989100132838,0.10285303219841169,0.40157726337326083,0.8009602626789196,0.37399757227872443,0.30746441102457034,17.28094522153337
0.4853951700185767,0.26887559385891546,0.59547358251768,0.2552004651514872,0.8537455982892448,0.5637720156183509,0.450118121173698,0.9149727240039567,0.7115705979591309,0.996619488454696,13.395856187462181
0.1870224839170992,0.6320481326207563,0.021167364406194378,0.7429614551434842,0.669826775487905,0.982232627502326,0.4698046421700487,0.8947096589964488,0.6977595772300619,0.07646702080473855,8.966055865274775
0.30516449729966044,0.9338358637056439,0.32718805148395247,0.61470028059978,0.36980776864653686,0.7377428726052299,0.41746295168563374,0.1703068081786815,0.9983438314442239,0.48263570834444214,17.689325654033002
0.34112173140854285,0.1443818647569427,0.6312202674786437,0.2691777337427843,0.9054139266585918,0.4997471784583871,0.9125027664347664,0.40262705720106007,0.24505760231049112,0.9025488502479906,14.061730756474729
0.26440858147014623,0.8887348058211766,0.9065815922968521,0.46218360829257255,0.9899457403110233,0.5088705894056538,0.9638891975249266,0.251906702699659,0.20156016488437534,0.37975061932662735,17.537431274786467
0.8670226246462187,0.2892341793390243,0.682327571064559,0.26318325664941966,0.3624385990098151,0.6738055184381722,0.016858239067866876,0.7699312329949657,0.9421313540183757,0.3323287567091523,16.950242398398814
0.1227029218548169,0.05283987187899419,0.3146872428410119,0.49665227199329076,0.23845909532423182,0.4199149313915015,0.7407573272381889,0.3558907690452511,0.25617403235136127,0.8865666722007415,12.411356312168383
0.06382383564948446,0.7294122834898419,0.2530814383213683,0.9294709872865426,0.046851419866601574,0.8159655599072693,0.036793850200109834,0.08297858504238897,0.47469989172730676,0.22534388138150263,10.541034319766645
0.3630984560897822,0.548556845040596,0.923220447755153,0.388719303154317,0.5335237902431638,0.38254093804380884,0.35492818433777595,0.2822837827853514,0.7773235758365893,0.6924447909202798,11.588898248802035
0.29246839444411576,0.777255240229612,0.8081801901200183,0.6950498699638323,0.6573566128480093,0.1808257196666112,0.8488903821764288,0.8089305702220639,0.07186430067437788,0.2528739192712123,12.510973696298073
0.5924068854251017,0.14619114053606674,0.39870698283751327,0.12029169103195003,0.7631979393848903,0.5996223889717959,0.6325934891272664,0.6594079806867361,0.020951644123800905,0.1157549541618097,12.954345343611456
0.05476988383247294,0.07998251667223744,0.2282111763609258,0.24486794298866976,0.2978951063048936,0.2589777223237384,0.3788924923319852,0.574341739952569,0.8780779714293553,0.4422270462836104,5.847404473522183
0.40257763500293864,0.8328342815066744,0.451338731570583,0.8634633381042259,0.8725497953015279,0.44562024162011815,0.7562124406490982,0.8171409303085967,0.11240383156211542,0.5399838462613237,18.210523027557485
0.6895308529697065,0.13455969698013215,0.8626216606235467,0.5897423010310211,0.16472574809164697,0.1569154387959717,0.2536498061602429,0.29565901164092034,0.009297333465605906,0.381700986744025,18.068605709237534
0.14811497922313588,0.5986222653982962,0.11396059702284655,0.9152227153580836,0.3706838861706342,0.6801895742463755,0.13402187486622807,0.4060331342826001,0.7021650790076482,0.2125755658402333,11.07229431488668
0.2828477278543561,0.2507567391491583,0.3332327783433876,0.9782080327216319,0.7007035058296395,0.7150147048653547,0.0401020262923637,0.8908011393295953,0.39796769459137316,0.3615688661789317,14.162186520253393
0.5103741333795928,0.5486330087786281,0.23275890516482178,0.3680478732108341,0.07919771015209232,0.6159289116989243,0.0480581495055894,0.14831495102577452,0.8286294592862266,0.17443267978264743,13.401428038953263
0.8349169375891553,0.9654189144527401,0.5505067833083119,0.40980109550653576,0.6868759211717057,0.8312556372437181,0.9258873834348624,0.5630880620116868,0.09514646325661791,0.07144424044584241,24.086104617839112
0.3867735064800022,0.5088142062725937,0.8274428937347467,0.17197899906323744,0.7228358206219067,0.6407415434494146,0.6490261034347191,0.4815809232647986,0.6132945657495947,0.5869871346765332,9.723076929822897
0.628475628464864,0.48499747273412397,0.21766341019676316,0.14677526831566434,0.41868960587481396,0.6331028968274716,0.4992672441765903,0.7799335060783331,0.9494132406204691,0.38230179787394425,9.834474766172857
0.6272260515987961,0.9132869904257235,0.9631353791476277,0.912182094087221,0.8731639436707572,0.7514040112538649,0.5073418754268588,0.5935245558245286,0.37418680910261215,0.6098892346604551,22.717535498713133
0.4163286981978116,0.4983903540369896,0.1127780536130788,0.256385553117893,0.8134426008386658,0.669759605799704,0.28273638543960167,0.26730214210737135,0.16452862821706427,0.5188105578924354,9.54411165577755
0.6966618467786055,0.8593111426585297,0.09562119361046717,0.21573362319582412,0.9680798930313138,0.44724438580525383,0.8563235925794105,0.525943052460337,0.004937553519639093,0.0905616841972926,12.150862160899878
0.7271043237614484,0.9537272297288735,0.07525919718118856,0.9203657820904085,0.6963848919451157,0.14069360665231967,0.5381400465999326,0.3287118606792141,0.8014823875227507,0.3645791762400017,15.678695665675258
0.7275700487095537,0.7767962697272898,0.6277851080853278,0.6073994202343489,0.7926250191073295,0.6585061739900655,0.5420567561534652,0.25898435203654335,0.5660193745415463,0.31361812166617375,21.771708234718854
0.7179434847740239,0.16826556158191297,0.28017093055167075,0.538752172971576,0.6056598257335357,0.4215543424849063,0.16630867680178207,0.15198631999852674,0.01537553993173435,0.48333698523982516,18.507721162312485
0.7444730231105815,0.8816002434213385,0.5379246391450562,0.17334366526045086,0.3236192488956069,0.9914308167964915,0.16492187729640084,0.39269327402911935,0.2869273384265225,0.9547555650515596,18.651883899596807
0.8476225580959768,0.6324205459413881,0.158604807179054,0.8655475048790412,0.40542001320027954,0.32628406674231925,0.4896235877187768,0.962490176402279,0.2954098296929998,0.915491265149812,16.741124489625463
0.783525697703842,0.3695862264814004,0.029311538370745738,0.24868375022618028,0.7145828245651509,0.4279369619884049,0.9009148485277098,0.7394579539224272,0.09319266842295837,0.1331317907491939,14.236195396316363
0.5367035865428333,0.06170184301466497,0.5291410111375057,0.7825177572660806,0.4045994252717098,0.14702432107932462,0.6779613406445393,0.43289612135528355,0.6615311542150246,0.779015070296606,15.7481761825083
0.16895736264444283,0.013517684594002932,0.42880542716578884,0.5376253496012952,0.5223127696871156,0.40858452389028466,0.46807482004358403,0.5444169832964082,0.9274059543599328,0.3025691255684919,15.027084756239015
0.8825235696225997,0.7667797576399037,0.06320705301014828,0.11758559084044606,0.15421067289657253,0.34976910876945544,0.9334172933406057,0.5201704879724064,0.5033730926189025,0.2060666954158371,12.812479029970005
0.7227403039282358,0.702746888995067,0.47976921837953856,0.9720272190929883,0.11151577148011005,0.1531297077548014,0.2250689313961204,0.7268339772201311,0.3286006575389805,0.2987964077441009,15.446891525431429
0.3408986239509456,0.3509100837809396,0.5543780716905756,0.6313596995441808,0.6925731833345077,0.5482922764319609,0.11027247037955146,0.3719290165068627,0.0810608129899677,0.9586535494968674,16.913348362975825
0.8771890433881244,0.5099603942921845,0.7421348274659799,0.6736947453273713,0.8815998270747859,0.671812933936562,0.3421797355229551,0.4892781151713078,0.32463094857981545,0.5922579119200065,21.8936633489233
0.6033010348640099,0.7212308992117643,0.9069392366552221,0.5538782592269097,0.9473546458556851,0.8988746614446566,0.20211075750812635,0.43753264850462514,0.6667954629843268,0.6602954423698606,24.172739387028855
0.3646749199930188,0.1371170435773169,0.8091772434334229,0.15948548173705523,0.14853252477427692,0.5420496625060659,0.9593839592093296,0.9032708879809128,0.9757418401302679,0.2268919337478873,11.65668671155491
0.19129635666138212,0.688833651915665,0.7918760682066807,0.3618265904844795,0.7849676423688202,0.10553574338016203,0.25029275746449575,0.9074496098729994,0.30388126408043636,0.9329599870854015,7.513013862687428
0.7783694895782027,0.11187247556480795,0.5673517141880842,0.2093809291622245,0.8726627292281685,0.9216189130100886,0.15057953797282986,0.32658916599025833,0.5312919950063224,0.9043964286413247,18.675904280549968
0.9019891774905365,0.41369189229381886,0.8142444865575492,0.2767016245159821,0.4822309017977723,0.07489697006453977,0.8145235786956443,0.3078642379807933,0.6965178862141159,0.419747722724904,12.214820792376264
0.4627754108422868,0.5039811496378361,0.5826764848470565,0.01738547012852998,0.9643718184424976,0.060323255066931813,0.042801652216817865,0.8445235855216743,0.6399757438398833,0.7746235314867879,8.903988524740138
0.41727591618534665,0.17426253386946766,0.9315034243698342,0.8231749418755099,0.6255004440228639,0.9103515068792544,0.1263484836597779,0.4257870366872454,0.017076582130315376,0.254588066563021,17.48319236448212
0.7633182107210835,0.5125958326719727,0.2258923272011848,0.08731687517689601,0.9124922804609283,0.21602485087365442,0.01581418795974321,0.21270542272863258,0.5514074044380255,0.41059225051550907,9.094708812953195
0.09672909227890547,0.9724153211675477,0.9727968879792346,0.5410723870389752,0.8501564803594063,0.36196965799701175,0.8759280754968872,0.17511361095582068,0.19187817656109585,0.3448495499949281,17.967798231289073
0.8585921770776617,0.0737673147562189,0.2595427032282742,0.40350077881303614,0.12180616164266023,0.7869143433711557,0.8247388284134093,0.031402603483392744,0.834032351421258,0.06369938056686109,21.5520003362359
0.41986469409111205,0.6572932843359152,0.7647182758236448,0.41687968313923374,0.5071953165551414,0.39058853285748896,0.007006438850554297,0.5396398477966651,0.594686750969814,0.8798945670334547,16.047046434038833
0.9891667233319501,0.7971191741086672,0.9838636839093905,0.1718101473209589,0.2070205833964237,0.5877758782145976,0.998915789025405,0.7404207663933057,0.4967762740992788,0.4918963239425226,19.268435131917983
0.4336216556702951,0.6449785499110631,0.5084455400653927,0.9649346956637481,0.6905751558076502,0.9664926489492086,0.8073456665220675,0.6113846109695534,0.20266319115421072,0.5160851441456261,10.056831684807069
0.283866744335491,0.5153348149912453,0.35310328707449645,0.4496405768667273,0.9603317254250542,0.24125405291370638,0.3182746922958244,0.4129143074006445,0.4712741152068929,0.9290470480409295,7.433016326378528
0.6479005216072113,0.4284827345430605,0.6132330569088555,0.9172524993031642,0.6005558671346778,0.8122677591567395,0.06741371791300044,0.14343747079232083,0.7752490087984159,0.4658175143242297,16.722498221451133
0.8146546976879965,0.8359020879637235,0.334605614075031,0.4881435833372423,0.8560888027304806,0.933056673708225,0.6897531821708237,0.1450267637159064,0.5988889447609838,0.9938487724765145,21.789367143576328
0.8521000971608409,0.4331815152038979,0.8494810131818101,0.5061875052084984,0.9917557393615632,0.9664529421015021,0.9195491373445192,0.19337708617587068,0.7534962397430898,0.04497584366617069,22.690324219836985
0.12265177361862756,0.8936641281690669,0.45218596137498723,0.477053657676645,0.9768531571126026,0.22118258716995676,0.41128441534130644,0.030995538635128272,0.7439214527826743,0.7519347264536558,9.653620609139741
0.22582186169954088,0.037683565231618976,0.7372157267122718,0.15015889545421035,0.6268178142914861,0.09793227204331012,0.33700058911155306,0.16843703431494217,0.7457895095382789,0.779945265288832,11.608205714623306
0.1941170747685903,0.9108048285266467,0.3174182104238915,0.00833975520004615,0.26574112241959613,0.58884123435673,0.9905264707021222,0.12194969485778473,0.043852293929077635,0.15295968579353547,7.345658058893209
0.9481844686386189,0.14498530954111888,0.4166791255651944,0.21608317010615818,0.7500010542109169,0.7645349436653607,0.8919047429476573,0.2598903479417529,0.1714651345919539,0.2541512974839292,19.054185025643623
0.8319947606513369,0.12947819445544861,0.8030148745651059,0.658569569578395,0.5362657541727139,0.7614783952528339,0.12186478896344066,0.2886762251458145,0.726683495372897,0.7466787005786468,24.09265878425375
0.5375002515752889,0.2855250571472093,0.713634552473703,0.35832068976217224,0.21630958915719223,0.30604195096403575,0.3511140913018317,0.7783360282391464,0.20475280619177905,0.992155884660823,12.923294995076446
0.1303988434201977,0.5584337800913864,0.8705291222580229,0.40916292923906294,0.5350033868705473,0.3349117976266751,0.15042697427571228,0.1504033339369948,0.7130315691862611,0.5317541259809229,10.449502699013047
0.3373417061973125,0.2217941905932731,0.8833090796923113,0.9933127605339259,0.09754232734394297,0.26279334133110066,0.4864981544327115,0.99147654364949,0.32037679990838475,0.6967912045655439,16.85729345710785
0.4067826729581806,0.4122971811952246,0.8216154350311548,0.05436853665639885,0.3963552132914603,0.8656886245957982,0.45746838746887475,0.8737618282077393,0.6355575454830948,0.3266384814664127,9.97887362988621
0.8734110026949329,0.5519222754969829,0.7150871396529439,0.02914982723807491,0.23955756160462938,0.33467159563727,0.7596128361543357,0.3286757892312939,0.32037990100957825,0.7763532397160583,13.39946123017756
0.9778238132438956,0.7055549938286206,0.02378677511729055,0.2346955483991957,0.17520489658498561,0.878861840226221,0.5333710111022886,0.6238760025544802,0.7160889459566235,0.8552500052516446,15.525193753956362
0.7329083475268985,0.3586161992416582,0.8856533381608036,0.8367849688962514,0.6173033997878153,0.4592299732217936,0.8067577401376096,0.8619452666786687,0.4465619127156776,0.8511127686414158,21.791635983382527
0.3112728127857446,0.44527318093818247,0.4024415651332812,0.13636491860052502,0.7027612899550617,0.2599003661652295,0.618002154292836,0.32704298301914403,0.01574196306575104,0.31998720711111006,7.133746518386723
0.4834450197827198,0.9244429163218744,0.8290896653304187,0.5559215556969955,0.8962612048288338,0.4197949323325817,0.30274385283210903,0.7710675206513697,0.5591062919465687,0.4005510660181122,19.463523245815242
0.9140129434964668,0.7367428487809038,0.29267823048527186,0.7510623129409407,0.7249077348502893,0.2577904401613589,0.45858636970307287,0.7498006228990047,0.32466666248420617,0.2786665656130468,16.592206900334254
0.18445888687404832,0.7203615944051059,0.8057141134984793,0.2563398604682967,0.6426206803304034,0.8706399267511475,0.8464246160038534,0.45451799881213795,0.3004961467480539,0.6718968970408014,10.632435119899178
0.5326817145913069,0.22305358489838167,0.8764457493648041,0.37470801009963584,0.22067124750743616,0.7737424688541797,0.3483016325843099,0.8340879257277749,0.13819458427881304,0.12864375904474223,19.510060754663115
0.5382031696665623,0.6913997852845883,0.14174028839799035,0.4688403337101382,0.6530370513380495,0.6384370045762361,0.148978388241493,0.7396319428246687,0.7797433537739769,0.1585276578714906,15.467472523871212
0.8167021587553671,0.8799349811935142,0.21896129308854617,0.8393548844795256,0.7568465636861065,0.5160805593544273,0.31644808115041945,0.5352263333768362,0.390941686991633,0.06712056729336358,22.2570631622905
0.9132121031929449,0.31163819231692447,0.9898626372818069,0.6083715023147936,0.4653245929755968,0.7044729220859683,0.23958147589675383,0.2496055056109635,0.08241833552609668,0.8704018609242424,25.83404361680574
0.2752627662221645,0.4088168292801919,0.26403562067964104,0.6735183043611909,0.007265356409044688,0.7242731431516604,0.5536828823760329,0.22484152874754082,0.22642945968810968,0.6352442007336563,14.248296210327704
0.7422656448322366,0.09330736226462,0.9400692343029893,0.5228343159897115,0.9131401194218965,0.5624080278336248,0.16112672500286584,0.574525221061881,0.3966690565052676,0.8838915822283138,22.72883253639224
0.5462514518350925,0.22713214865237907,0.6256441142837481,0.6892986441017146,0.05450510354661875,0.3455083366461712,0.9037696200139725,0.739234047580047,0.7567583349919396,0.07138992700603819,16.954892207484665
0.3787112981414389,0.5736625171119163,0.18400581617840095,0.28391263711949666,0.3672809620663553,0.2765392457122976,0.25063575727668264,0.8636866132815874,0.31144265237781965,0.5279715877214843,6.626181641733994
0.24544810886917845,0.06225759530159003,0.23619884398687196,0.37509965818834023,0.29028559895528916,0.6493485795306672,0.043172909240434376,0.928957505285916,0.40640987545043394,0.1017166453191658,14.276418871083985
0.29941279434255763,0.8497359247690265,0.8269534530291068,0.7799407748569374,0.5498441256054529,0.8076943454980149,0.5892515121460562,0.1163067602312442,0.4957092161996641,0.3841275153741498,19.855219387753465
0.10503118928564947,0.4084435700095266,0.27988592381863964,0.12071713709873555,0.44248159839889634,0.5886787827415291,0.40926160496007213,0.9215652712166957,0.5384933250090439,0.9124539272606369,4.091152329676024
0.5237589804250816,0.26544734319754015,0.8446241921539654,0.5980270791734772,0.6697909107294775,0.06653204243807076,0.2226676483021821,0.9812632544691389,0.1776251671864183,0.4797501478487425,10.926351358001813
0.5681387288864258,0.3329021928010072,0.8689224874649377,0.05654189280229449,0.14844569854104261,0.03335760248517161,0.5993114656146208,0.9812753523477687,0.678789334139849,0.3849511458613234,11.923267918606665
0.2858309833744076,0.951906658892115,0.6947843780259465,0.29738065201511243,0.8948735490265387,0.8774125197668,0.2393774857444979,0.8525471634288084,0.5816233692514107,0.45224164284682744,18.41719915356469
0.4578164598112606,0.97937757641409,0.7232378509619036,0.23221230209394306,0.7353095445012071,0.7132093972792595,0.3685929122441749,0.02527883855982771,0.8025053290028024,0.29060192004716023,18.075105075742012
0.7890962026339974,0.7499611979651448,0.0046376077837408936,0.20429805951485902,0.5586307105376197,0.09271163687370754,0.9593781194427803,0.5835700950747252,0.6834242491123836,0.6885702061662369,11.207199890931872
0.3987785255769537,0.9237872974307177,0.47410437839991204,0.22271907965160243,0.6151833623604576,0.7804789039723098,0.05547180531874196,0.28289175317781057,0.45593100942001064,0.8700964121647784,15.033740230844801
0.5286692593560389,0.30528094544585593,0.9553865038788318,0.644458418003445,0.030952507721488387,0.47996001697943524,0.958331336625244,0.32694789190878015,0.9555272073559739,0.616295120345993,18.97209849415157
0.20493596718278295,0.5685974699573884,0.11738364670120283,0.22978145017963292,0.5934377356927003,0.4563202819924824,0.6924165407854249,0.3246235761793349,0.35234004089509696,0.0527261716576547,7.370194720318828
0.6810527872972443,0.01660808683805637,0.7077494313464083,0.6089247284357969,0.8917368312614746,0.2904282223141621,0.9068298772326213,0.9892922379947111,0.7257342622965384,0.06910957457546318,18.80900595120198
0.6183971743757132,0.7584660362328596,0.027258505778456676,0.488407149311344,0.8239187310089184,0.5586964976261454,0.15889822286335298,0.6562687483679548,0.732931266212576,0.955188086012516,16.022037459429335
0.6155171359238593,0.2681076367235141,0.35195434961839267,0.7304187914433922,0.15689928266510578,0.8922505230640065,0.6296240390424815,0.5451267913038242,0.4699165497045984,0.19897025930625156,17.447302552816844
0.4480608878885265,0.41382227761216395,0.8099921770026263,0.6350557282352561,0.5702576849752315,0.24480462474579667,0.11512022424084867,0.40382904562158195,0.694951893976108,0.9643715137645961,14.96228930204654
0.11068782876388272,0.21873667313328482,0.7516882403492395,0.3685264314929496,0.3455083824079167,0.9027618860399084,0.5316885923649226,0.879302310546778,0.5865446532947426,0.5370205830905341,15.577810405752844
0.6558869766853691,0.5267277954042138,0.49641392480289215,0.7229023952146156,0.9990689348213594,0.2165625520465001,0.890453092315228,0.03440539096830142,0.8346102665353182,0.09982303147538685,14.617046306524424
0.2628536044620593,0.33467093981759966,0.9819735753252017,0.1951072982759452,0.8656348900895225,0.5091811158034951,0.6325404980276288,0.7361745655454165,0.03007357259399024,0.6319271519426665,9.546674135026601
0.8607821088657736,0.5255379095658144,0.4207276234764872,0.8878854716961065,0.04356573098958738,0.23893445371677235,0.8416583717602325,0.8931568914322439,0.8717429154199208,0.3364814910530711,17.5891501658622
0.7273805530226318,0.6905832942280471,0.681747736416821,0.7977976542082394,0.3774606792775581,0.6312298242542826,0.09017488709648513,0.023441803989413423,0.5196021863166457,0.6577092794804462,19.72053331510234
0.2774368120540437,0.5695223793867438,0.49407556046512446,0.22614772985814735,0.43363407829867606,0.8963769976107803,0.4071266096496715,0.26599364077824617,0.8389054973295319,0.2599991023234396,10.087921378935054
0.3869253070433927,0.9616823139391961,0.6582174066248875,0.29943828596759825,0.7499819177463721,0.613228199800746,0.04366138537433917,0.290350217991608,0.6703775668522104,0.3930787126140829,17.656351695060863
0.8484375939113177,0.6589616267484637,0.22500266478101028,0.7374872080170889,0.9597460392767543,0.5570346203511891,0.6622852228073155,0.3759441777725754,0.07114127145706084,0.4618727415502839,20.50325983340027
0.19563799589458364,0.09442426898036083,0.32146541464075096,0.34444860760542695,0.7861221610969965,0.042897742635389924,0.2161762999348168,0.5783745984225929,0.993567232888948,0.7482535712923614,7.718355634919593
0.32688015150908434,0.10672074676358434,0.42602103641829503,0.9199618815809212,0.7056742913169171,0.6632787097306019,0.944186415430327,0.14876591198272426,0.4982732891670204,0.4425483781516971,18.664326304531983
0.2891830846440513,0.6771983102640557,0.8266028373946,0.16624134855301054,0.7219442243367142,0.05621497157282296,0.3761460164292776,0.7362871739798399,0.3781716877740743,0.36057961487702517,7.569115753525037
0.2327661329470876,0.9136877795653361,0.00513595106636644,0.9167484286834545,0.26556258833935276,0.6244131336743377,0.867272932864036,0.6413392891655718,0.30105265212231935,0.17949154924795618,15.786719207128717
0.20536393861036994,0.20631811517015375,0.4613807468393132,0.24032570063485803,0.7794694625968707,0.7867829782430534,0.6239966397057762,0.3884067706300438,0.7437781264802987,0.37990379548294884,11.851794467556264
0.3656294099475287,0.4741611835443583,0.8562648925617644,0.850269467316013,0.37097573253019456,0.3277265495381897,0.6185085089855122,0.6385062643938674,0.7967411535978689,0.14601558981770635,13.636216928536719
0.8126238230089079,0.8831626342716357,0.8688213288506446,0.5044522020976349,0.11615950565479838,0.6500408776136362,0.026649587123306673,0.9004274953714506,0.7370841343170454,0.012187536958552458,23.56245995674163
0.01233742463371612,0.6696687631858415,0.0757839677582165,0.9850135128132593,0.2662556987141077,0.41622908065861397,0.6204594033609228,0.46811157484297716,0.2230035010629816,0.17688623570770257,10.18677943849256
0.6086065883362749,0.18684092485468906,0.9079627647763746,0.5022782937755972,0.48093150652000627,0.3030489427023315,0.5652845725167633,0.1319024053742004,0.5385991622586792,0.27946572029163264,17.67655420894538
0.49420964327099703,0.6010265711304218,0.45510008367164756,0.8812019712476228,0.94432426663118,0.9109337814288297,0.9631681416802927,0.11303297332350659,0.21708569512479348,0.7150766936103092,14.012226522390485
0.5836561374336787,0.759647843103718,0.4663584581787299,0.00413062294958888,0.3707660142071384,0.14709387500116677,0.460195886195805,0.4554856970148621,0.03405415927396205,0.2597224264221216,10.16816860487937
0.07382077911372587,0.28263654235076896,0.34054455909340964,0.4301283429337883,0.6873971616586776,0.36903281528633514,0.3882903350141682,0.6520475155987541,0.6994681904475974,0.5842046131470594,9.313034278043041
0.11244221880785799,0.6218166271149214,0.9057105027951521,0.05035963975765867,0.5221657690663383,0.03002736330769995,0.358992718480291,0.49134095251773124,0.12604657753910287,0.4956177355808318,4.300340489754378
0.6207061535940921,0.32453831707408487,0.6187736681451853,0.5420429354246237,0.6809331432450655,0.7676579258594984,0.7147156615671698,0.8340850847575985,0.6960435388196906,0.08031656205780024,17.932428063603265
0.2585999115167412,0.8769418771375873,0.6750122523484049,0.09316230146582627,0.8610208186311853,0.505683249899786,0.5370591626597397,0.6290858552394344,0.6368231856166867,0.7380665400988197,12.39819540945301
0.18930290203083855,0.4276801186066427,0.12038975625868542,0.14023381179732286,0.2365556776558767,0.32360785512264034,0.014876395656723163,0.16464144052026997,0.41351280554928616,0.6228501117830962,4.579728746688183
0.42891921341196126,0.45107925725660514,0.6380557962145905,0.9411498327791304,0.8914262529190212,0.547810983062694,0.9645624860792763,0.4396501114887439,0.34545312715980847,0.2717112073878002,17.373017164413472
0.6130264756157205,0.39605927143353936,0.7024407652097202,0.9541960867937305,0.273876029366519,0.9751023923461609,0.8848801719618368,0.7275398250745556,0.08722840689635758,0.33063335571331176,12.987378253317273
0.8930580967275522,0.03492118551052048,0.31764965451857863,0.6642145193849326,0.5155369942732003,0.4564643269888208,0.4053293920975064,0.12901235024564595,0.03128162587154504,0.48511404240718825,23.550222362129023
0.9363714664283794,0.4947436767958424,0.6140178829759456,0.3784636735287473,0.9690465783459948,0.7962858308053011,0.914575112543779,0.8718049638429191,0.1923525351874804,0.3291464996422211,20.90696366960376
0.22210021657942003,0.6805175120512121,0.8787133657682442,0.2872793033930878,0.6582043770076013,0.28997020432275533,0.2812330587916456,0.5792313867188144,0.41504484324862634,0.12973486815440627,8.93165036648632
0.8319347152153316,0.933750808916806,0.48013226387730135,0.19721489192946162,0.9243651174564265,0.9225717541735692,0.22057741846723544,0.9227545914128621,0.9903017007283198,0.7215618088428187,18.79939814540198
0.8748394905289951,0.20739226176803116,0.5090955718023454,0.30916990773293607,0.0038731773673233993,0.22971232065468106,0.44603167364854246,0.8611225743902257,0.6739477592478244,0.5449980180467264,15.96235060275077
0.030848396423064584,0.46632361610991413,0.8941151986339225,0.14223804747125168,0.24834452768303072,0.3296677723957029,0.6114863598217435,0.22477317774820504,0.3872072882877813,0.16652668398041648,8.30127603121172
0.20873001532559987,0.32247200398381815,0.48759601020696386,0.028046322311584104,0.04759306843607769,0.2656949881694727,0.6916032373835989,0.35000746455578957,0.7235123838819375,0.45005448182420704,6.441176253147849
0.8914466263554245,0.4376679022201153,0.4274132383280186,0.05420461654442532,0.8053261490692902,0.73324326060462,0.040040555639917375,0.6306018897650992,0.08359113424203601,0.36824392668073025,12.871108824007464
0.06384028297483446,0.2714335714846605,0.22899667275760605,0.558022323393078,0.4637484002986759,0.17490202424318546,0.37628396643247763,0.32728752792757965,0.09712576493222946,0.12350308694422274,5.4560710928126115
0.7660885661283324,0.3524677698040075,0.7912531268627127,0.17166009248753888,0.9099406711431431,0.3913122194351468,0.25963320797992684,0.4907112768363223,0.4324350294907844,0.7722174578516914,14.930597103662702
0.25610850547197483,0.34605335135569915,0.7192833561179708,0.4038845535428469,0.883681678974587,0.923905846206422,0.8886013980043992,0.06352636332715467,0.47307947998255206,0.430364735849061,14.466895944318901
0.1042455765017043,0.7487819563465291,0.4781574816652028,0.8745786577676176,0.1161450754491623,0.23886440384126162,0.9623534425674275,0.6226284357425846,0.17938717078720123,0.523452601902703,12.33208948586331
0.27691492814102403,0.2038771505792939,0.28188926223491884,0.8463468908670363,0.6712190291132548,0.3923223268724726,0.43622941359670453,0.20153586557611547,0.8173018527606838,0.3426172303200322,13.00862585830426
0.4048400753590208,0.19181925823526547,0.24082545692695512,0.44222035170454244,0.3272866342208087,0.21654569744343377,0.656111920932133,0.332552715914769,0.5051449369059084,0.8531500918517025,9.486098227942607
0.9016414676572246,0.12649821265589067,0.10539175130901024,0.9274452090635511,0.07986034622535998,0.4938895272780537,0.3715351846869459,0.4148993328704572,0.0185285306141163,0.24149501854998767,22.38638566294954
0.39362382161169907,0.24234048739203606,0.6258484685544009,0.981399842150804,0.9672193301044444,0.18115364234905817,0.1361206320161522,0.48429544937748226,0.9756634120528106,0.9375589292785315,14.285279705313389
0.017594969459347798,0.9793148098825278,0.07701356298717343,0.2828138118115737,0.67782600542078,0.6991981107960933,0.8798949894454938,0.27320975985898466,0.9665620309999178,0.8053107285043478,13.122176524799126
0.9510724561423164,0.9526622072446946,0.20118969977286782,0.4806831792044637,0.7585792455158634,0.09419254334741434,0.5159785226498985,0.806832609389909,0.45681092959156844,0.9773195374819009,14.19242091624924
0.4217650898563261,0.09408767011812103,0.7217206918361101,0.10893500917641019,0.8370853086881052,0.5732715598851523,0.6827544030413332,0.9539923949109451,0.1415201549203643,0.8522355896863364,14.435136615488462
0.5545822930744452,0.7251580640170704,0.3900934028469928,0.1323770139693884,0.35659695453342644,0.0268358328467293,0.3526183031387651,0.6139207474895714,0.27266293825940946,0.4742997682315876,7.597127810449486
0.8433616374427394,0.2479417242152825,0.07544961395151562,0.06748486694316091,0.5359643764510812,0.891664820425235,0.024260879247015033,0.8364097819632601,0.9233696312901505,0.39326030944131063,11.970766844474431
0.06299626368828415,0.3649645688440829,0.981742272110054,0.9133135243263749,0.07464955052073918,0.4215784686779961,0.3516660167275055,0.2345107564566965,0.6890861170624396,0.180837910325101,15.144233835196447
0.04123510892083493,0.9190732588891999,0.5111783792723027,0.3600497494001432,0.18020675412551312,0.6006169002255567,0.7614121581322425,0.7004389593569461,0.5760725456666445,0.6882694186671392,13.331760899302607
0.8554069522621923,0.433885304713287,0.37512982529141337,0.9648736409534292,0.4202505222651519,0.8884210778587328,0.06078308282265221,0.3833019598290035,0.10279402196755816,0.6363698917520941,14.27120070887983
0.6398126030829183,0.4967075958326398,0.05288848983940886,0.3738378344053307,0.40241857401450765,0.510254958830808,0.2690815037276282,0.5258921430998073,0.9317165738065211,0.3695896737105091,12.178977629650195
0.914488639555921,0.5347331974165052,0.30222882808489204,0.2996243084734298,0.9583826613018358,0.1113837009589933,0.6689411779735512,0.4656346077174388,0.869413560174055,0.6333927370457617,11.64904029458106
0.11643773525876977,0.01857669834505915,0.9990763534510922,0.007556777688214833,0.9409048692625295,0.9709867052117168,0.6608175607865157,0.6845809197264059,0.3700679361204421,0.8182212623492083,12.371095945048832
0.9391636300753813,0.901721041201954,0.4761590266422543,0.12422653189278743,0.642455646360133,0.9415524187445069,0.0003535453223578733,0.0002665217732933378,0.6874543156842956,0.6792460444524547,19.24546455840756
0.9886306579414125,0.9702722702273692,0.9252166557982332,0.7346427776668409,0.34383082404434073,0.2801435648893873,0.6688197108062466,0.010165454156472298,0.35070079858714553,0.5909171187766545,23.965664037401698
0.12658831121038683,0.6043781083607757,0.5575398441333094,0.5224162153392089,0.2621425260735104,0.6352475896337233,0.027424158349822036,0.27460631943461644,0.7743054715062385,0.15607925725113292,13.822174460424597
0.9224249533043636,0.7125284256562693,0.09071632460895274,0.024900530994520387,0.8943704247882491,0.9958218659676823,0.911934738496599,0.8914357185619087,0.03722574439219317,0.2019727616401128,10.277732112575116
0.7539676832681353,0.29759950429797954,0.21425829872515878,0.2918895555983251,0.6139380759080117,0.7685766130850369,0.3506709736555339,0.3892111245979032,0.6840443038015945,0.0754125612262414,16.500809456336263
0.4207050927471824,0.9875213595036133,0.1276754747111022,0.9556876440415457,0.11675415776880815,0.4308333825038375,0.888804146078146,0.18094136722214582,0.22120572256376836,0.19405395112480273,19.3497628110998
0.2951932034906457,0.036902374631539225,0.040853855074969636,0.22365169986013567,0.7878840108280406,0.3230187772396724,0.28805578370139273,0.2465184762664585,0.8614356410782975,0.33596068755072916,9.7687804980126
0.587446646875678,0.732353108154767,0.555752023932376,0.834283512282377,0.9909120515768581,0.9321594613286829,0.4447441696271651,0.9994436326610969,0.7508178129512492,0.5485015036020819,16.88063290236934
0.9396312144391756,0.9519042332232084,0.9110475516698884,0.49418832129882684,0.8545843555363052,0.8269474387301492,0.9781847488990928,0.8902535801355406,0.9970922494319968,0.9851821694459443,28.015123344211304
0.5527491290638108,0.9266093246127948,0.43489659277958115,0.18143920475417674,0.9164118311437088,0.20694480377229574,0.34089163468919925,0.8067832651063421,0.2890738930186242,0.37193096293879047,12.077755792216191
0.5868892053631413,0.9345221118151882,0.430272231201261,0.4059007040543823,0.8602675818133411,0.2939640761397456,0.16550788973055897,0.1666612720257098,0.39927982778888493,0.37354826923701123,15.768450608067923
0.9119547165999037,0.49399820089920565,0.37897076614614245,0.31659144745713264,0.445515239312712,0.498643602146717,0.5601425901455158,0.0032885025895993403,0.382419363734557,0.6866494513401382,14.841107551645038
0.9581979499047416,0.5791953134696838,0.10746603480048045,0.30108103357737304,0.41971663078984145,0.7858043192320838,0.19441682885017475,0.42751530585487973,0.9224315291563058,0.5598172101165265,16.592667319887383
0.7255929720204276,0.5544489151314083,0.8724048384811418,0.14762773928587603,0.3828232901517391,0.7950811363292912,0.3529640622779474,0.5744617964407731,0.7719392350270622,0.25856279248999403,12.869274447189948
0.9993970477729093,0.9788899728970829,0.6894704503730998,0.3995732021246643,0.24408341735280714,0.28979661780005106,0.6334285726390121,0.03192345377529304,0.3193524997051883,0.5864796201387984,19.892824032932577
0.19679295086222282,0.20195388993663388,0.6415293319972326,0.45642778184170985,0.6570684199260234,0.5399211120783599,0.6810545688471035,0.6460822327635505,0.7071783905449581,0.2554890805929114,13.609561958789673
0.5568420371557437,0.45529254409481956,0.483092442171445,0.4285257798459652,0.7292859893462768,0.9006282069654482,0.650307293717196,0.639847377520796,0.3945224741113794,0.7981524015734945,17.62514128446576
0.992167594367089,0.11265264421674193,0.030011015742679947,0.8643253288196443,0.5454175899946618,0.5019877847918499,0.26102892467992544,0.012858905916050656,0.14997918732831927,0.8746323086992993,24.099504752715568
0.9972510525692038,0.3083762480743937,0.25424901815449563,0.4595065390986802,0.4261139068524217,0.8707749323466044,0.573863090322041,0.6869014048946291,0.16091779028949793,0.623310238186741,22.097466192898057
0.8240195501220248,0.6218078807615544,0.8781117314726076,0.619623501915233,0.2637101507489432,0.39487746827701187,0.49080953460902166,0.02147996791889295,0.8134183173499107,0.24462683470864355,21.677924345456354
0.5206557307666473,0.8121161546006057,0.20578464312154865,0.8061378708423191,0.8920783268046787,0.7694287283950964,0.06413630439544327,0.33572038186215725,0.22629359878490074,0.3714263020013653,15.463700445424987
0.8204761446242871,0.4553109116048567,0.6916575392857203,0.4329785951571321,0.535731207872889,0.7422128722435438,0.7202086016947824,0.5646730898481712,0.2878111259566304,0.9106703560212376,21.32531141312728
0.13300720175663383,0.7364284807093071,0.8175803448316654,0.896762851839008,0.07818157612926746,0.9314412215642893,0.7735609207760575,0.5654297173799658,0.9615315937287064,0.18800261580813704,11.090990072548884
0.80904642854784,0.6344856481460597,0.2629747673390975,0.1100037636204545,0.9835029388859194,0.9089386804675486,0.83087474721882,0.8377766064595186,0.812470354051367,0.16643207659082782,13.670712638861367
0.12574343864466653,0.8922230596869536,0.8257152511229146,0.9174791173684382,0.85203398298383,0.8615962097389613,0.6885768686125354,0.9038984564135438,0.5329589839685568,0.6469293225215569,15.214919191909253
0.21387196380047901,0.1659441823894886,0.48762660760183774,0.032022887436414016,0.3780808828203115,0.7015214546049278,0.9715000479657027,0.9679110529389419,0.12714092155159573,0.8269709585790187,6.230467718155277
0.8303448931161322,0.36159793110537997,0.01450006205532306,0.6993084711896635,0.47524486266595434,0.3679523525416989,0.03471291131779397,0.8097028315565169,0.31714067458041295,0.40952478554511107,15.37237661751158
0.7120821810921938,0.5822790733927289,0.5509995993218932,0.2544842844840671,0.2611371530275223,0.4324233476176593,0.29132553933205596,0.33246951460124996,0.21035202045655454,0.42813996303190216,13.178780175041641
0.46086448159857474,0.4094493802406062,0.07019587637297597,0.30086269986222713,0.3077362120842031,0.9067668544142236,0.6694976488349113,0.34470116539227624,0.939727617939651,0.538767144713298,11.882924497271638
0.22597352860034114,0.16898782787149624,0.8257920142001652,0.590052065048779,0.2679492923537863,0.8949672354179204,0.9047881346220749,0.6233327239323381,0.5039554443618605,0.9010284621931032,16.899934747815834
0.5068438092360528,0.5922648615502893,0.32199631800294826,0.354209161747687,0.13700144085154342,0.18518594170612568,0.45847352677545694,0.5147599022281474,0.3132571654906007,0.34173762530898966,8.57404361561714
0.1020607866432397,0.23486824706567677,0.26887719789905595,0.4258285770992103,0.9370998742323943,0.45022553288300726,0.9961214168607155,0.7787954163409054,0.8688594199235264,0.6318287819909703,9.133327479526285
0.4161876802213986,0.05774746673320841,0.44765812284272655,0.3207086300876736,0.5147298556496559,0.9100868675674103,0.60415414893909,0.7676136118211432,0.7228035324642037,0.8011118371418875,17.870453195750095
0.3697940424750652,0.3732689355960199,0.6839795012275314,0.5911385431065836,0.23402549294476716,0.939111950661913,0.8259451059745532,0.6511486955046081,0.1931808026871512,0.2594456681822638,17.50827516280392
0.8922104380817687,0.5711135812263566,0.00014406997417448775,0.33120348534379174,0.8992367014592324,0.6145550874014399,0.9385279006690423,0.8061028872903429,0.34884772303568123,0.20143028083469317,17.14303295794317
0.6389266431300589,0.178915677886462,0.5481906057049079,0.03215271535612674,0.7225293228742512,0.3579958077125286,0.8717670062804704,0.7915982392410363,0.6887519353796875,0.3029959525090906,11.80016458582276
0.02119890480125064,0.873103731311862,0.3423207403516687,0.019386692645287806,0.6956626638050594,0.13282027371612493,0.4580631009506656,0.22298285673370377,0.39585237796827977,0.7135119032908525,6.24593038030765
0.4143573613484629,0.1983705994539644,0.058675239820169534,0.21087169656285443,0.2778078519299475,0.04356315688588708,0.6580230235629148,0.09994387382501824,0.24346020907837074,0.8310096791339355,6.870770544339186
0.42935853702527904,0.2502344562284503,0.4995038556090511,0.38986706887005507,0.020883950718036393,0.7392325011974382,0.8238499271657204,0.408316177929572,0.8108838325720952,0.45108857355680687,15.873902827163993
0.14988489035927732,0.548932481618554,0.5783287749031595,0.6260364697888188,0.2616910995933768,0.983987255587177,0.652485645405707,0.6740555453479279,0.4088191294482566,0.6196650761198477,14.897405072283723
0.09510712305113378,0.7725070325761482,0.17992607518998616,0.32822652224734483,0.5291133781217833,0.3956680725342382,0.14487617028188482,0.3446653172831883,0.4877315010186978,0.043476052393035314,8.21949224953063
0.8389025733921485,0.6312716365205716,0.9759413658609394,0.7006102256229138,0.4356954208864665,0.43062563163804923,0.1003781729384654,0.16639283412936945,0.4753398067057977,0.7349361761588584,21.55467227254887
0.3699303967072898,0.6676098041440084,0.7310723583727258,0.32655875141098656,0.8436666428440168,0.5866125730442238,0.009622632546878673,0.5778898738946197,0.10097383280919947,0.8623166663505053,13.403259901284185
0.6456421157336405,0.8626786214103619,0.37582986001536833,0.21335337130890553,0.15550510166928144,0.2671127858122062,0.6570180442994162,0.4045585985783028,0.521380036088642,0.8846630759506761,13.158447179370249
0.6498985319032525,0.41232139708789295,0.4309670620821189,0.8650972112160809,0.3526030604173669,0.2729538850495944,0.40002305666029303,0.7778994503155132,0.378682508414216,0.14544461693753818,14.772178272546277
0.1908381221490031,0.4937308553001116,0.6055111792893764,0.5548923752441762,0.2911629022415848,0.9508544042258107,0.02165801720257421,0.980459681861434,0.5620339165027459,0.03797683474821889,14.729243128595451
0.10888230076353744,0.3464192820686317,0.528996871924456,0.650783868506754,0.7121759488310578,0.8629209643799568,0.19977325135279267,0.8108629927343157,0.40525167446572974,0.3460893006829934,13.290913676794242
0.2252811880802028,0.9791238529027545,0.8247275990279748,0.7098208940517955,0.17928540151112815,0.6835324670684819,0.766363053582567,0.7079567108043151,0.5163756811144874,0.44887603064117054,21.746540829070526
0.8611756025392082,0.8116043861007375,0.5630858269857913,0.016213460638637045,0.7497779329389364,0.9652249030288321,0.8108425980989068,0.45840046081949193,0.44664408124432997,0.2076046266648035,14.246997774559965
0.6082673745513261,0.8387454805073531,0.7126640147600445,0.3371969801786605,0.9070947341293255,0.736441086509574,0.9280296867869067,0.4029169601158258,0.067623876945343,0.6219439056675523,18.65671583202098
0.1814104788656784,0.9294556204024894,0.6552822258902928,0.9406907397925018,0.1434226670628983,0.14110491644588907,0.23028218426836933,0.17960449144712076,0.9126776694777868,0.67051973703427,13.385942178438773
0.5915485776839463,0.45695298163937925,0.37254970165979007,0.6981826397160433,0.6907382240538091,0.9222683697400403,0.1455993947130404,0.3516575461442921,0.3307997711414795,0.025365821569871327,17.91281460649167
0.846048028782244,0.059770299714874686,0.6162080181366901,0.3687124951726949,0.7239778808520385,0.4542000315455118,0.9062336898920298,0.1701391563008401,0.4813015956067248,0.1432232642861313,19.93581212988209
0.1639450428552076,0.5582838926773038,0.006322901838408668,0.5122044666516923,0.5485193482631325,0.9194457422689035,0.0026947194348738712,0.3031155779937097,0.32917594391982397,0.08510142878169258,10.698269799582174
0.4167725238452912,0.32609776140642954,0.9981326604981743,0.9236239384108883,0.13297393917565137,0.050094591740966976,0.6900544212036713,0.08034080877493244,0.6759859932593593,0.487553097990409,11.088750575609236
0.48529475634277053,0.8665202112036877,0.29094162231322374,0.4103854750707223,0.11350666994598424,0.26701967436553853,0.13207943542660827,0.6961301490994781,0.06827373138863724,0.07989899788310006,10.732304882590615
0.1324880626324174,0.2734861607320078,0.8474168622181867,0.6479360924362941,0.810805660530244,0.4165317292005254,0.09275284662521677,0.8713264074041925,0.5871260359578928,0.40741562843638013,13.714345969037048
0.5537983435712117,0.9965415119384032,0.43284056999095777,0.19016328985111464,0.3293070374421697,0.07000879645365177,0.5322673741493039,0.3044276319253112,0.27342338367135066,0.15755285671029207,12.067092024896205
0.2664984225885242,0.9186072102656021,0.4013693332248778,0.8282804270173043,0.2522386158875418,0.3684519759712205,0.4099739739363577,0.3441615892600036,0.672764750449977,0.4033515073191626,16.761143052971068
0.7357014984457773,0.9068778754366353,0.7537261170036067,0.49605112850296573,0.11914828179373549,0.5394743118716817,0.13589452975637606,0.14076687370439944,0.7506068735718572,0.9838572894175394,22.01734462396186
0.1574974025698973,0.029778038674612928,0.8689498264697844,0.056880355251268444,0.3738439085191514,0.6611027710255368,0.23019462315726502,0.11990643073867469,0.8239609444459226,0.0478150819108385,10.50546939643253
0.8474774761389503,0.21561156697859707,0.35838068213610896,0.7152576133020725,0.0751640690289821,0.20292026042784306,0.9022717750054244,0.9113023106279466,0.014769844646025043,0.666096189460277,16.686283036760937
0.16070813590727995,0.6367186941620125,0.19653586140327495,0.4105749291809674,0.6239301544150678,0.257517806339726,0.5403647546092578,0.8834855399154398,0.7131522723994854,0.6113901938759029,6.185138912375737
0.9029912033838706,0.3503128829012143,0.1079079514956297,0.7418291935866932,0.056927190100701686,0.7114996801535615,0.4560130804047522,0.4433905282794638,0.8338979390042744,0.7719712038400935,19.560601262115135
0.6022564488782831,0.32751651257177805,0.9070914533681779,0.18035807221015954,0.16374226667711955,0.7821191297892104,0.28070376031556543,0.23528427526992068,0.43762694655145307,0.18837049232610792,16.058978876817868
0.3096834836963053,0.7374285978849554,0.3475861253120739,0.5805106081879833,0.7853698866042862,0.16642842791809576,0.7190214952823284,0.9942107940337697,0.6074158118535689,0.9227872373216957,7.617555837071391
0.8437480949597465,0.6374121026625166,0.45471744496450905,0.6861130937298939,0.43058774456265236,0.7295353623625837,0.40748024138983796,0.9455545482465977,0.40150959112306095,0.2572664682455418,21.8335954538417
0.9042980901574855,0.47081562618085737,0.724204992253792,0.8232284614255154,0.23751874168447618,0.5128321163189882,0.18242855935866287,0.28263046963618954,0.4586619900652904,0.930668179560226,22.02784841735194
0.8401551947464168,0.46715701563559386,0.3478265442367313,0.7426205719484308,0.1497618512612109,0.38973373079996965,0.3262951133782044,0.3940072008614741,0.0028101185156433894,0.03704767527860642,17.45402722499877
0.8264139622806675,0.22811439878160822,0.09072289363793429,0.16996108650984298,0.672744498292249,0.9245859301114531,0.0006869674322218522,0.6628252519516203,0.6700367223224578,0.7208498067345984,15.92861836934039
0.43169819390574105,0.7173410834916161,0.34509491909394807,0.77455175206899,0.13476712641352373,0.30023129138870275,0.8785077801094051,0.9618768225413253,0.31686872854945847,0.6598680329158686,14.373515108360404
0.37714585884827867,0.5136865535381676,0.726296230533248,0.6542952361687883,0.6362556542234453,0.7243377558788691,0.6793524009501589,0.27880220710412973,0.7578998523988675,0.8806766208294752,16.385292915898898
0.18245664401668138,0.28973972782095836,0.2924046151352885,0.8284847533170154,0.8928757431020197,0.37657688458293603,0.2849768115075456,0.11160617177751375,0.8999389039326893,0.7083809145163504,10.772690482777149
0.45713853503015045,0.0002630541560576516,0.7015759679869935,0.2944051533544202,0.7928208293078011,0.39350643822173126,0.17810659690518327,0.9667519828639257,0.5460740741642605,0.6991869222517783,17.717940556943052
0.31472700338942305,0.8673644552236139,0.4590813248283342,0.40411795982708765,0.15590807608939095,0.4491464029214991,0.28029001618428595,0.08398417868995256,0.8701541857384554,0.7330452337132651,14.415069112212018
0.18781636718833605,0.5830016404487136,0.08311694431511873,0.3689481373233022,0.224461072845331,0.26044459214646865,0.5141899830540021,0.07380557857628611,0.7361781332959715,0.3767936869931511,5.572196711626824
0.3369381395199511,0.08783410239775058,0.4870458058649608,0.4594335677063809,0.555481433627566,0.3317246808596074,0.9655278689453997,0.8141095805475485,0.3552781399916971,0.13212788075576032,12.201777278557895
0.19328757524476703,0.7514414001082079,0.21665652645083866,0.9289475845060908,0.3526877419788046,0.8398281782570342,0.7571201657109226,0.34775483119457706,0.5223826874943971,0.1014582273274417,11.509759014104986
0.43033975554411785,0.033004473755905206,0.5248574153656866,0.8483659912539704,0.6750405288310937,0.9269803540274081,0.674934213319099,0.5983960264164333,0.46212075090091775,0.31197512600197064,18.854505265335476
0.6701459392375895,0.5810040647821181,0.1952269519909713,0.412498801909278,0.7006967606013943,0.6622183161744423,0.4972411676534787,0.33949265695356656,0.9882751343086202,0.09027193750940421,16.242904808055425
0.3048986473347246,0.3719779111362792,0.6548667933791537,0.6383404426339236,0.26306417008699023,0.1486246513201166,0.318131087762047,0.98196392517618,0.5069507594723099,0.11906240976018334,10.490176416294327
0.7366239361675679,0.3243266871342948,0.9411006570687469,0.7347914180347891,0.016950040695963287,0.05643937012376332,0.9195363371987947,0.04645910472257242,0.9335930021258969,0.22139374659749955,13.563077004832513
0.15054643516595145,0.444990346592948,0.5108338964313109,0.16324057343529996,0.6045320999984262,0.21497368890665614,0.15716636309133236,0.5991365289680622,0.5587059859047789,0.37122588250970767,6.212762690080407
0.7030291587016427,0.8613604822222465,0.08740582974232058,0.24546085201888534,0.47982150943725477,0.22081867732970795,0.41486368293136255,0.550345093066549,0.3392528795007107,0.5264808674261265,10.489451797080283
0.7567144927575392,0.5891746584995091,0.5854615308955738,0.32521847475273247,0.8937499593426632,0.7032987277865286,0.23350747270715233,0.5054692783262356,0.5466669322999397,0.10100937513036656,16.206084560384603
0.9797225432345851,0.09672055703922744,0.6793748715521205,0.6190231108004264,0.18737492747599305,0.9795167389245825,0.9273198315186115,0.054126104924078544,0.5510967822757995,0.37551092563257493,25.625184716159932
0.9045883172439176,0.9587685191849061,0.12024860131446025,0.5688979545706231,0.3629968153481937,0.28946268091386107,0.2834498345731029,0.7461062737993399,0.8554649817476995,0.7734559955186492,18.227658482157096
0.3437879796186295,0.30763778447229506,0.3015554728341313,0.18974348665034324,0.3447094854593422,0.20863687456521385,0.7723633357742936,0.22945953469089175,0.05053870426345375,0.04122344365477226,5.633769163193678
0.38024729733158735,0.8614386889993842,0.6014293079701521,0.8869024207263231,0.6338567984496024,0.3224178010846177,0.8095581054930054,0.7775373070304503,0.7248469555688595,0.48332649234070124,18.988272907092764
0.8229760744943868,0.5597862619688366,0.8934738119962131,0.06353752576327154,0.25726222346218874,0.4521992808132683,0.5084135648939829,0.33211609142127696,0.713308772791171,0.10877654685690119,14.523029912205427
0.8230332026313419,0.3475305423833981,0.36959787814254463,0.786431273592854,0.9220708662981348,0.3372000165204211,0.6780473417800469,0.5437399242421722,0.6042857995052683,0.07538957740753383,17.321180017064233
0.18101613134634265,0.35696443618054796,0.9792801092687333,0.6207152256748494,0.615455502045527,0.9647582205403432,0.24788687394543807,0.3847317462113553,0.9258451015707012,0.24288791705725288,15.80757878288209
0.9311794365851978,0.16120036942452876,0.6263838391794578,0.5261299610447476,0.7418140062562076,0.9567953298177184,0.48249843051208163,0.6038493270166684,0.2746667754402655,0.6514124058238826,24.939075618513154
0.39042708275576654,0.0035821843388204044,0.06283103529461687,0.7679212209266842,0.15692086605323885,0.11233494053817816,0.3164781868291191,0.5334235064687564,0.22339496923832936,0.5091199561696517,12.127549152140197
0.3822691919854242,0.2113906983971342,0.9214006839565849,0.22844976063863798,0.3019501334210103,0.030984410535355944,0.5600719674359736,0.18250158201798883,0.8008628562811135,0.05135907283845953,10.67621581003063
0.18532750634306017,0.6252268800784834,0.47884022282660466,0.07771896531464895,0.4104453742654044,0.9069175027834327,0.1915629496212058,0.05658115145661935,0.05821245162718369,0.7016962891979321,7.66847767869222
0.06478504605826252,0.6419854977163377,0.781069270421622,0.14382612350790125,0.9865224245138989,0.315857528464932,0.6997475370566529,0.13639329292884983,0.992281392713734,0.3210017360060815,7.1046563722354135
0.04363713186193485,0.3617519952997166,0.17544621491717782,0.6816550736298213,0.4213561605390276,0.7166838797440201,0.7713333498222656,0.22430864142239215,0.922637646289586,0.14035497662206398,11.350158036191573
0.09660146755910881,0.04206113778642584,0.44258950135136776,0.04968042637334458,0.8977657336027342,0.27372178572499917,0.8744533030146732,0.8478919733209886,0.33542198707514326,0.6343266059876909,6.425475440302335
0.6026436545235723,0.8746303369266326,0.07519355678892048,0.28338965473024724,0.8164258632775203,0.33606726852598034,0.30463782270173145,0.12052508053737565,0.8740962469342626,0.27794877528258966,13.15419540373893
0.22087690975631002,0.7100460328450277,0.20046994086871672,0.3273039290490546,0.1868750094788878,0.8601719787914994,0.4458371886092548,0.13003867729891483,0.4318364331007313,0.6836153090488473,12.348811706946794
0.9726301223718979,0.548344930916149,0.39669904805717937,0.029361140133757457,0.9899099172820403,0.23849007564823965,0.46478270845877123,0.373267409683004,0.5329425177373442,0.3007337358098865,11.832277655404415
0.43563172178506915,0.0066727585736025,0.5026819952185713,0.8213195742782649,0.35570348514614547,0.01040920391526412,0.09488310869996486,0.6460521394204193,0.8361081175881782,0.8518230079387384,11.320853965891333
0.15540086557151256,0.2760923446077249,0.38985887378809514,0.5192940007618585,0.7970461630326904,0.355403961295366,0.4500987622488336,0.2789393665274894,0.04568537019037644,0.6406670275479754,8.190029778298973
0.38387527704867586,0.6757269535128855,0.06690427715131508,0.3938796841690163,0.8740580007284586,0.6041945247013709,0.579110275683715,0.09673549838358975,0.6022441791942318,0.15502395209724462,11.803755447767898
0.8819162215986517,0.4457579541830582,0.06966731299724727,0.6980597576124985,0.19042814405177066,0.33286889613090753,0.05276068762405317,0.21615433134091622,0.2582124367233354,0.08615440231969507,16.97196296771656
0.24305668267900749,0.3632122254108112,0.9607079021168611,0.16989720217697313,0.6384260446671765,0.2990294141780053,0.1259985987180673,0.7258678053289783,0.034642773758752354,0.05270212440684263,10.588338361939343
0.2901110566447387,0.1398321383997192,0.9264573201218721,0.5101761676177338,0.23123646973773881,0.6797037392802808,0.7897868640564426,0.3624893312817995,0.9836969663161256,0.6220017583169427,18.379244627737016
0.33380157251511855,0.5679411377382478,0.6992985558010795,0.9660033597154545,0.7325811387239038,0.7994741494993619,0.7474534781502434,0.6125324706101695,0.37264013432619725,0.39905678726186067,14.889240483372824
0.35201752840233536,0.3658249475558677,0.8207222027964994,0.9771594262100356,0.996318450587719,0.541853964705117,0.8172912250987775,0.5873655846300558,0.3032975655523884,0.7291472779688295,17.958712153138368
0.5209015023307076,0.6387598949496227,0.6604319540668647,0.7974933380822714,0.34699340116807,0.5200042059987308,0.32927745853978263,0.6799685460309806,0.8460118492704225,0.21174304475987138,18.857685335360458
0.8663440839159581,0.2210619512305272,0.2988669102700584,0.5450028473377105,0.13293656027589185,0.9307386301984891,0.4776600994811584,0.4397639008104586,0.5663527347308744,0.18546643218300918,21.163472507023513
0.31628533746579324,0.16993289379781595,0.9139333375169512,0.5902816040041459,0.21859693542556236,0.9060382266996115,0.07351556510818125,0.740637305993293,0.6297892294039674,0.19323451375470635,20.335893530140723
0.8515034487068017,0.0469946983227314,0.5422780856343781,0.41178058626215275,0.24364436320368543,0.5307588457128172,0.5591419825061529,0.13806762108631832,0.47808564692052125,0.011460866915736445,21.65557864677969
0.7848669063289707,0.8441677959352744,0.27567637912266985,0.4513645998090624,0.5143770045622063,0.325732668081242,0.02423455402910424,0.7714053108228186,0.5919030988354963,0.8164632401999105,17.09784464560165
0.9910820119271889,0.09818525774508657,0.7878508233994436,0.4526765063640349,0.2705437081571851,0.035135839205973074,0.43596731477387274,0.6138694814538026,0.14429743399484773,0.9497667113548597,18.488310679835894
0.1030574527312843,0.8687031622137307,0.4239061684020674,0.0470802621543458,0.22803381114631516,0.3944574570710705,0.39646327946944826,0.8829081195858899,0.33738216224488526,0.9535134404791005,6.394395485299884
0.0033475889433772776,0.9829976851986947,0.8591989324193715,0.8575959405650758,0.8105257158491395,0.0750587779703874,0.18594855921808462,0.3087999287975134,0.5731082694505892,0.7941792442513618,11.560382746185592
0.9528195522129461,0.5207482025311652,0.3410149035731782,0.369486277614275,0.30339943732887853,0.777757047619474,0.7250175563973836,0.13763831597824838,0.8190310595783853,0.44921640600784896,19.289299730464435
0.3300447161322416,0.29492461677934534,0.22315395402339877,0.7458981367508432,0.3160530595026658,0.9338623065722983,0.8125101009474848,0.118521973829671,0.04011005427242531,0.9578037789879169,14.72831100167639
0.20846474300760343,0.17001980208934453,0.3954691521211108,0.1730861841307083,0.1490611571696835,0.15017077164460024,0.3131542415810691,0.24811456684650213,0.6372154409836647,0.12793607814718155,4.923832574150361
0.8129261864734565,0.2156960527817493,0.12939729375373743,0.9691283688464922,0.9699019966437352,0.3059438768327568,0.9822259479339177,0.21408073040917586,0.009977355743657323,0.45323677873403256,17.348568073581845
0.7953089753752872,0.09954950262189277,0.07051876742679153,0.8886652569172048,0.635145784308251,0.3173433148404192,0.20626840650580647,0.5484391992384893,0.44775833151674616,0.15787344705109385,19.081313410418314
0.200180482489262,0.15905060011465633,0.5377261565525175,0.4719880739210284,0.2993806530413088,0.6207726313828857,0.0011051821598704326,0.037117856070060906,0.09880401683154649,0.27627707772070376,15.186271900918824
0.5202186433246129,0.8258884567835301,0.4969066723380937,0.061681935337805305,0.35699805857108924,0.87198858564799,0.08009756563507531,0.3616293009513646,0.9387370130041827,0.5390338373056455,11.9078384811067
0.28257882645813515,0.6362720277752304,0.45820486217227174,0.8784841969104394,0.49117774454809804,0.8154099829950633,0.5365012291196756,0.3922669817294304,0.856428323505647,0.9897611605606277,14.140057292320362
0.24544666524453373,0.9712313838794014,0.600938830108815,0.21728968776687685,0.9166512564179468,0.9410824461066858,0.023904579625839695,0.7690298990721118,0.03276960595740497,0.04639127949763455,14.532242416835853
0.8195018026009239,0.8997600370027673,0.5682815970820024,0.9042049307174551,0.5032781746580275,0.7917861456188039,0.4064746807594889,0.8312594504601901,0.059889708914669604,0.3849567665279793,23.020407405586507
0.377609020461687,0.29526170260594864,0.2614844996885618,0.31801349687306135,0.19317607686910343,0.12694434605150795,0.1892725590197789,0.3615967761797537,0.03220577107584843,0.5304209874594596,7.217573297028649
0.47299473175936946,0.24247229173210472,0.5060165655929426,0.18650694504008658,0.4210364765518917,0.4857108189045849,0.5873023249109321,0.08281821929381505,0.8117259807644781,0.15431065921651133,11.896944098603056
0.21282544803482517,0.32971988692162757,0.29332695882282767,0.3614431756093389,0.8355033414868434,0.5244144552152242,0.47956677084139143,0.35502015021094446,0.42181133160407236,0.9047244017420092,9.832985374267226
0.3498670485721316,0.3121777740049668,0.1881415097826955,0.02072205940067451,0.42671182285286213,0.26535912140765316,0.9537563056598993,0.49360121067500107,0.2544399244620651,0.8662399104259784,6.842423829888569
0.5332749559866138,0.9250437233911738,0.08483109699282165,0.15009724367636834,0.3637850037953204,0.09285764528892215,0.3413938012367378,0.22366575346561224,0.0052206471317031156,0.26692503316255833,11.184047765522424
0.03201372969856908,0.1784649379493597,0.024299675479162564,0.9818598487745127,0.7553846957978594,0.4180645245977269,0.7444760506598842,0.18777110398005037,0.13213859445529386,0.5586715673339852,12.181434848240992
0.6597394396620523,0.9703645666248675,0.9637849736917677,0.1396097784438306,0.9507091690510169,0.1240989851015748,0.9978135112689497,0.6928965235471898,0.42125685731161044,0.9167340062440045,16.231476652806656
0.5212240529381635,0.4490671168139927,0.23589748677483524,0.8185938007742525,0.4441940207421886,0.6975785557993235,0.20475615465288677,0.19463075463897372,0.362359304389396,0.1588093417829417,16.243804853580613
0.3086200376810603,0.9971077992834301,0.4806571145871448,0.7066938054249942,0.06612509873691874,0.3218307328958989,0.6125836787919877,0.5052179375361067,0.5068354244620615,0.7942617533201789,15.217653447036636
0.4434650417068058,0.7177061225049338,0.7168580948207309,0.6119108459639723,0.1473774588413026,0.27293154024973243,0.8247050297413034,0.647613573978833,0.4370651325137487,0.642888006266727,15.586548780081017
0.6897103297294106,0.13749910773065854,0.5707830081470756,0.16841867663572951,0.6490680728005133,0.9619741432183994,0.09490610175986314,0.21727558088562549,0.7276444043961561,0.1703385650305579,17.133142922049192
0.09361511501318043,0.5897416422462668,0.7609319212987865,0.8157211201095795,0.10515654182043532,0.0016576766025058198,0.750375389080283,0.3562723748975305,0.1711336233764762,0.9633058599891599,4.984833458292109
0.9627680341112788,0.6598216094771824,0.8513387705441188,0.5563853766169357,0.5169134656901012,0.13107862296124373,0.7698629754285307,0.28284773983918865,0.1287946705638201,0.3129058555442684,17.7914064413035
0.7324475069832583,0.7631112796366896,0.2880216960724433,0.6056420358135698,0.5311938768064228,0.7592855438173944,0.34295756325624516,0.0330789755810138,0.2707894317198245,0.6442972394683635,20.59507169252413
0.30420285861588037,0.4870369147951161,0.1895049067929322,0.2559132223133619,0.4398848803647766,0.4352106995479942,0.34243857762285224,0.1430461799130941,0.6109332690694349,0.8243565161033956,6.5574010804792815
0.18373060256117024,0.7462374671609964,0.5667316122093962,0.4787755109246653,0.9562638956788542,0.8122689634770541,0.8813294488461615,0.0578159079621654,0.7761173454331859,0.21435368577656455,13.66917389680901
0.5497466747628204,0.4164128000591776,0.9658747413483709,0.6095408991902882,0.728695664549519,0.9186769913341208,0.7917426904974993,0.8247069186869267,0.7983003059865404,0.3395890478708028,20.794695958006567
0.4533385073089532,0.16057584241911782,0.42608871869081766,0.6757113472864097,0.9330768893973063,0.7642584874686104,0.626416869502248,0.6460319427073727,0.7677418759767948,0.0402763646636658,20.83191145204895
0.9129364319754698,0.1304034649477992,0.2546375901329012,0.5712351409442925,0.9791886267428584,0.05043938004558102,0.5327672996248505,0.9099371797334936,0.29755447077116115,0.7520379902619853,14.850805267621144
0.0641287554842983,0.8093885607088269,0.5063574577216766,0.17665013048974543,0.013613758723181602,0.12968876858834522,0.41947380728880357,0.6292728596514335,0.7567846417135824,0.21154501229990408,6.000035089321501
0.731196926291692,0.47352789436826115,0.4855901595274389,0.8098114612669962,0.4402157918702899,0.2757464965398594,0.8889551712822455,0.05199943079424019,0.7388439247280579,0.655387234761917,15.784364046886022
0.3567824440472719,0.5039247151466777,0.14458206616677616,0.28794694574368795,0.8843922096633047,0.8494094451631872,0.42391510278739186,0.6169359978671957,0.2385604642560989,0.060311979998936116,10.919365745138922
0.13240717109332278,0.0038671685012421353,0.17455093985283232,0.6250387848883174,0.39215562906990786,0.9468580049389593,0.927441428574599,0.36364348664223034,0.40423574704850207,0.1661240131307572,17.16987048562301
0.17714152809805528,0.5984528037987853,0.8395223146747508,0.36235051865940204,0.5074942048270629,0.2401470014379644,0.5159860959544011,0.21234227741075618,0.30364660668255805,0.5534120176119205,9.275635319030913
0.7325835244076783,0.8138483406708985,0.4354193920661291,0.31033901474505,0.21252192244358747,0.30079518482129264,0.8980697418026592,0.15121020999320434,0.4381843869299643,0.3953006075160945,14.496768868829179
0.8217167442794701,0.2932456169985538,0.4809349747368573,0.7423027837643689,0.5507578195365092,0.8031654752118993,0.4641402932085448,0.45432932553198757,0.3904085788104885,0.3349774580108933,21.22804099612374
0.892682172282413,0.0700050918955939,0.994616018667821,0.7169771006804487,0.1830808281965206,0.7941716086670757,0.0732014397990206,0.1851224798393748,0.07072960371900949,0.20425447119354956,27.03118358508272
0.8618418468622644,0.8004810662734649,0.47272138773527383,0.6746546438659448,0.31837980851953285,0.7731111307374212,0.9900376010274812,0.14561719103216664,0.7911198866227338,0.5588312943831153,21.458371893842223
0.10469520691370093,0.457191760422893,0.9603781089240184,0.7761505526240488,0.02905326075658088,0.5110241255065192,0.4237352268618675,0.967458315159181,0.6590539255261255,0.7042133838085135,13.415039523699004
0.5113665239118144,0.48496744336063813,0.5151716396912313,0.352717576294884,0.20069270823976715,0.05460985043193922,0.6191437583384334,0.6990899128878608,0.02912810089510498,0.8034101675003508,7.781858233225221
0.34055667050851546,0.35632385430839375,0.4035636605608083,0.5386287076435988,0.8807827913576026,0.2089055193953846,0.022762890802565328,0.34804630407272796,0.557251669616307,0.09208385323704171,10.611223118238042
0.15770493568097277,0.9008800971393652,0.49832563993166246,0.09170228815970638,0.6584671517152562,0.34063733612046154,0.7568427304967786,0.7205407202856826,0.538768700487617,0.8024764053524032,7.100354681759443
0.998519864245871,0.7774876903353142,0.1829656982612764,0.4903514366307886,0.8292743996470296,0.1702110627103559,0.4966344590142131,0.6023308703254325,0.24116490180144268,0.9330618464421172,15.12735535977443
0.08174780927362202,0.06616393134535448,0.8937563740429113,0.1729347144747313,0.03107922048905276,0.9616722518862741,0.4994576390959572,0.827326447346153,0.3696170215325145,0.016771491919518544,15.126106337031132
0.9793422784188981,0.18645752730577936,0.7457781379020442,0.9757480109185952,0.4524247731004678,0.389958217857879,0.33606747131883696,0.5739245515506471,0.7595835280629578,0.9413900978032855,25.520153778894475
0.8231310383002337,0.8088379407176052,0.07453441068705247,0.5790207418366667,0.23469781275368917,0.5628749999702187,0.3388881243450469,0.43429685433085097,0.6475330426706298,0.9115733206153955,18.328939642117334
0.9864540836083598,0.21725377192882767,0.8017605748317653,0.39781842055812977,0.9913781748362327,0.5479099755002754,0.6688412119011099,0.9066525206457222,0.613121170897243,0.5202844971105167,21.32565639687975
0.6716684258841583,0.048781784978256915,0.719362724426976,0.825831215158697,0.29655443906906864,0.68648113641989,0.6449602007161757,0.09763075208706973,0.04419504201870328,0.018753587070796773,22.488876335425225
0.019744476083928042,0.9274552482123505,0.7139807490140689,0.9320076220974025,0.5375082812287035,0.668181091137576,0.2309345751384182,0.28153166482086767,0.21190969414188376,0.9417123335950908,17.73309059051412
0.9037519724758871,0.28636736647693006,0.5263342256694026,0.519352753062822,0.4636652630801815,0.6715036885709544,0.9304041675112033,0.277043407937711,0.2408083661356457,0.3326130159142807,22.038070637271822
0.6835573636147516,0.6975058761810734,0.20028606007399985,0.5170586018726463,0.24467693752051478,0.14571575647850166,0.8935894331837917,0.6089918811256071,0.07789898998975153,0.36272233612929483,8.606315549066709
0.8483843537672244,0.434327613613091,0.6624903782770879,0.9087974683969335,0.1441396942983193,0.7483370992243282,0.48009077863716443,0.11461401225178258,0.010257428778257083,0.4678980194905237,21.283901311921856
0.576790725157655,0.6307701902132655,0.46540673661773,0.21656399551672567,0.5690760299692681,0.21647630778083438,0.9977066722096856,0.4279998649940231,0.8591273459563703,0.6540922404859312,11.214495468996281
0.14346487110590256,0.27935150566246514,0.20085065823368653,0.9614108513483526,0.2548992726813565,0.5037064024430233,0.7108884902961502,0.9461161479157298,0.7505036208530478,0.5534977312491685,14.425504948672264
0.21730775676400316,0.34568229047749255,0.015459211633256364,0.835747242309181,0.5147983217686756,0.29404423957902537,0.5485232109251548,0.13904312780173522,0.6458099832667175,0.2528904855305725,8.534256290045498
0.02310876956876251,0.19411167011660568,0.7584934175936484,0.03729502180967892,0.17902595740932126,0.7129649163110964,0.24107317267205353,0.013105659024365668,0.760672116386132,0.8962163373071853,8.217594077327355
0.17316704636236002,0.11318576401152469,0.7550798022049883,0.4107559337827553,0.06956583928596372,0.7363647093025734,0.30890245368040925,0.5338970719304443,0.3209761861103856,0.00846764684847956,16.06998688354529
0.3316277384917323,0.31460753695548094,0.859611545940652,0.7343157774022645,0.563992033062127,0.12880707727421004,0.4022441647936168,0.08865291572215916,0.6231128083523612,0.9900024121676116,10.394926571450235
0.6612919460992845,0.5359912546136447,0.36019811026152004,0.5892434037219796,0.7225338713928522,0.6905081247426709,0.6279708705336742,0.1353445260310273,0.3091137094412384,0.6820527501814521,18.65992713844839
0.44347975897090186,0.8016257596914714,0.22460098758294988,0.4620837830330289,0.2876885141490302,0.9259219261247325,0.6892597821378328,0.27211320451951315,0.810871779791305,0.9607549713070767,15.749882068832816
0.9964381932622366,0.5409615065147976,0.47549133469802496,0.43518944971237417,0.32961493325911484,0.6257442083271775,0.8295758717676268,0.25152882858582104,0.41648485276053704,0.17523287295219037,19.355658722448965
0.9396734965372352,0.8656092146492638,0.5470301912271505,0.47154746602384,0.2721428903534693,0.7105578469126548,0.508399895776965,0.8536858317651826,0.4389092229093322,0.31647659566400754,24.285629973420658
0.9667821894035706,0.6950296594083549,0.7494770604282642,0.3881232096804319,0.8043901895075902,0.8400631940185314,0.07657881482033857,0.5078951362748483,0.6150304515505924,0.8886134540570082,21.28086974651123
0.16456831664538318,0.3780131808970806,0.022572639851823895,0.12323596645517265,0.30111410783514925,0.08631711205826098,0.7265501760796759,0.6974230019574882,0.6615609694942746,0.531819069355258,1.6419998891316185
0.8058016786754099,0.2741274980821623,0.3693151850541241,0.6209891622397407,0.5212615731904028,0.47606393291477633,0.7832782462795074,0.8692489413725416,0.7199116230840664,0.05618264939536288,19.001359698914012
0.9740341516655535,0.10233195747584456,0.2648541703766427,0.524438467397532,0.12149879322220425,0.8197203984461497,0.6952665032643454,0.9760900121806587,0.415130638942507,0.34676880691984036,24.167182334152873
0.8382419309760487,0.24567758073391566,0.471310795605003,0.17912639072995085,0.9356836030178269,0.7951698227503697,0.7347795791500026,0.39623816606675777,0.6879398257679538,0.15167592671901198,16.33480884017345
0.6579067877903597,0.01048208307016052,0.8671120427339882,0.869231653783246,0.09794988428966978,0.28045717586530605,0.24779547372318045,0.02133206372337393,0.19625656990670093,0.3487109669795211,23.841355116556624
0.5392317244047878,0.6700450041023629,0.3164972414911875,0.40008632415031486,0.7572609691736109,0.09319078339225495,0.1621332464890919,0.9880356409103052,0.21276019425014336,0.5482054461883069,8.47325026012783
0.9454290866201394,0.0035271944767831798,0.9456318030779305,0.8308234373630369,0.77414208822907,0.9267576166368025,0.44148582305683903,0.859385481397547,0.6622288339560217,0.7414792896145098,26.17147312064664
0.561631879949491,0.48045830592172256,0.6173178791459599,0.7509652469394545,0.49849877798868525,0.36027102714440407,0.7136604715032413,0.6534035623012614,0.31638147285639984,0.30347687765123177,15.700400944544702
0.0791458981874873,0.12889460262119878,0.40257828309686694,0.284058501958786,0.6848704996306535,0.003372080538576072,0.7677673316651169,0.9665671857772203,0.7802280459439724,0.3180685052962846,6.705041151787577
0.7659844740732794,0.8046526388717383,0.9709376015646883,0.27866807023079165,0.5447090831787579,0.5310302470009464,0.7077688029390986,0.269939575169317,0.7485011047109313,0.15562192795169993,17.84955906609743
