0,1,2,3,4,5,6,7,8,9,target
0.9248652516259452,0.9486057779931771,0.8924333440485793,0.08355067683068362,0.5920272268857353,0.4237474082349614,0.5300880101180064,0.13030294124748054,0.1919971575392927,0.444573573873013,10.834147077559534
0.024766967489568525,0.08577408627625116,0.7100082002449101,0.4212483616141941,0.512633924392356,0.7342090787834955,0.3589963597861997,0.05755452964921848,0.7831023561605042,0.5891234827720049,8.808112674001965
0.6579127100998954,0.620991455138067,0.9707352275789571,0.36279251847810845,0.759786612243531,0.3686838147682068,0.5720467811917809,0.660532109250318,0.3143911106361865,0.08573612432387134,19.879027524041
0.5906096979341702,0.44745155927333435,0.6423784655599655,0.18202921598408917,0.17853995065083117,0.32341234887666004,0.8158734926586414,0.19560785280390003,0.11430120529478138,0.0986041979949358,10.757355680899273
0.03893316960342308,0.27556446150015235,0.5728218948884378,0.8206631808725244,0.3308048479932988,0.3696539320060992,0.2884843240838961,0.30478743385180296,0.7775824997926372,0.5489934699110331,10.278532723068802
0.7838090667083399,0.7071434542170243,0.8285653255359399,0.238026397885845,0.5454790230277932,0.918743176350847,0.5926957361426061,0.9454664467501246,0.16725975609804233,0.9750064688457487,17.597180006778526
0.05591980837919641,0.41622332031564313,0.023362801690173574,0.8095632659318523,0.6872053594346041,0.973735647068935,0.8049637357931282,0.9488281164830427,0.538596123044485,0.9882175657531495,16.8001694687843
0.9743911533670708,0.37699915834216136,0.1933138894810783,0.07587707239625474,0.4659578021487165,0.1966449078541198,0.9335781295521987,0.950453685936658,0.2159511081252543,0.10350345489636059,13.19199287000458
0.5289699856154855,0.16967994489229854,0.5436483365147498,0.8128427582877767,0.25306235328324966,0.421751604712983,0.9008700103445277,0.4446925279641446,0.3427762214585577,0.8923288689140904,13.04262971620101
0.6877443403786335,0.412622206431442,0.6930229437396931,0.8298196188927971,0.6395121495853766,0.23842417855410525,0.29525317568412635,0.40961641295891305,0.7716656614873332,0.5570906297102496,18.06539420135418
0.5499374944829646,0.8265409341816413,0.10844627041598343,0.6312385435343704,0.33250230524638924,0.5593552122171377,0.8353494661335298,0.24835222337637908,0.9515180338965393,0.07857539756506449,19.78368502582545
0.23508059149180016,0.5608482134164793,0.47072697281491116,0.449594952079013,0.7183801924595119,0.003941985504103074,0.37717684375976623,0.7856009524807854,0.14186334423108793,0.8673907697331578,11.654937255436558
0.20359060014472252,0.6811271535618647,0.1731654305355036,0.44932399500785847,0.422550238331346,0.08179972633696209,0.6996066590939685,0.48017493335409633,0.6890096142291893,0.5391333678397952,11.814780769658647
0.2977945377336898,0.8987534939785928,0.08639060874653737,0.8766161133513528,0.8634640715275331,0.49780648482847956,0.7769482286114411,0.6733666766944025,0.6050735519220211,0.29162667454214664,23.53662030999326
0.31964886492016,0.3493801713343241,0.30217175389594664,0.9597026924056964,0.3412769746813654,0.3875502202122807,0.4195594555652403,0.8164939259581363,0.4777587932044156,0.5537523320570013,15.495292496519086
0.08908800321831878,0.21725867609083382,0.2638881503644658,0.8522706266214602,0.5024699000347463,0.1103891478513358,0.46272283784876267,0.12092933265517947,0.5660268945222839,0.44213404512100407,13.564488979686011
0.8582843842882123,0.2592730729491233,0.8508620121427697,0.2476025802077737,0.9826140147738072,0.6341795583775959,0.042679625800685184,0.8071757560941574,0.2756465837391038,0.3622455937062239,17.439699388348657
0.09037399426359216,0.7382665612478667,0.395725090882484,0.67944245309505,0.2930658980166231,0.07827666867306438,0.9151699371368324,0.6547517300025448,0.16968254030507346,0.9761917898078775,12.075668750652966
0.9118177424793897,0.18260229368366476,0.019099907100837088,0.610997905455284,0.13915169933596128,0.7318900473008336,0.4688756309200727,0.7090641654658351,0.5697913825132787,0.7707070637306878,17.017725978893914
0.5913980610848263,0.32685911677276214,0.13409002386426083,0.09248908728385874,0.8569438398947028,0.20608956342160878,0.4265644400720323,0.31675022659843166,0.619639547336709,0.5333463891369898,12.370020704396921
0.8590396489111236,0.43604137497703155,0.3619056756172476,0.6512180583135931,0.7448025685616415,0.9254650454324426,0.3118306432402689,0.8864766110457194,0.9814336371097944,0.9823735850916863,20.52435907396138
0.7739895828840441,0.8310253241817059,0.03951563307302741,0.39506487809320934,0.7241559267815348,0.758279015502206,0.5350917887820152,0.21055400606887376,0.40680776106341154,0.05854503095652541,21.526805586051218
0.3156821112032354,0.42736865187083795,0.8229399484417386,0.5893346364128841,0.41436569665776746,0.2459331300491867,0.31527863469024475,0.6707505382317501,0.44545856728018873,0.17312375008157121,14.733950592893041
0.9675191642069657,0.536384931940919,0.6230678977914069,0.4276481107905453,0.6082834987469049,0.9188345256459852,0.9812900736202768,0.6609544215590214,0.4302393196607298,0.06268065017761593,16.424534373500673
0.840198673331418,0.39142151651598134,0.3824477438225513,0.057113533743303635,0.03412847534824459,0.390536392854537,0.9747295449899014,0.7405757805086259,0.7088048084113308,0.6684461450121966,9.52042298151723
0.6023534386154594,0.06356147491337238,0.5880765528350703,0.514479513944557,0.5424983184854074,0.12133486515167924,0.06759950834135042,0.47323257242508254,0.14557494207478383,0.6414547398585007,9.81387497506489
0.3095359810990521,0.6206442044506423,0.750210385919765,0.606436574522934,0.5315832171257278,0.19732143619607578,0.34718910442957096,0.9779480346454684,0.268569221375355,0.28432820312907614,14.394456852057974
0.7907443832001685,0.2952431465549711,0.9628278072103496,0.02222673759013527,0.7903625269889178,0.5697289540434977,0.9011644092355574,0.15306533920259136,0.6892199797978884,0.9472128237758983,15.205588566206876
0.6670558968679089,0.11238704395700871,0.9209353797918614,0.9696373436645092,0.11080402847588156,0.8272681726701441,0.07932868472694676,0.08129261405751609,0.7953746395841441,0.7199160492186819,17.49061403425891
0.5116980244541877,0.2720685194777438,0.5728554459051112,0.9924581098196317,0.6466655657206974,0.8755449348684013,0.19744817853349894,0.7349667374785006,0.7317762648853997,0.07085461658968295,17.123832318831994
0.8201994458711649,0.17607112851299522,0.21734200782120727,0.06121243340103677,0.6626701794384527,0.1422975455223201,0.9756978819259013,4.080385028870648e-05,0.809490273789777,0.7591674927292515,8.725024661042507
0.7979782525136984,0.6363623143576983,0.13937123973325294,0.7968463824240255,0.35387836132892025,0.5837667430974551,0.5124346506426877,0.9040349571087279,0.4143607095508015,0.8534197471784524,21.786416457969413
0.08180602234970846,0.3261687180856515,0.6705743276931457,0.6119480135625315,0.832319119322727,0.20791046550246273,0.8041921842189662,0.795620323084077,0.142925263624341,0.13982943311492102,9.339541107434636
0.6137313011179086,0.42795332336567116,0.5068662628284791,0.8095504803308549,0.5222868001237068,0.5367591056760973,0.5932844251439885,0.9320951543167543,0.8003977627027129,0.8391480301632919,16.69221333004402
0.26620495063680405,0.6001483507377102,0.8230860202336509,0.7181566790337388,0.9518163415586763,0.9152110796639998,0.12762840923027907,0.508201557623322,0.3577615474476913,0.20513628183068688,15.972157119236309
0.7682725847685862,0.09913251333787898,0.24773006996273395,0.3696600394764681,0.8851495044316634,0.45949733419041383,0.1595214497944747,0.5501958488912262,0.24722623329847027,0.038338494030847325,11.750635913705226
0.5926676986604599,0.9908616773503162,0.7759162718825061,0.7362041910307088,0.15263555996342526,0.5617122826928642,0.6369257646159225,0.7591271775637406,0.4467081413931687,0.05330741526955729,19.980462568950312
0.7384206146459694,0.46421091039388895,0.7791952913511753,0.3377284951560049,0.09246189744597633,0.4280155666959543,0.4800171240396287,0.79256739545179,0.4037549162800814,0.6664509279857781,13.858728885755328
0.3763097274410562,0.7326608450468343,0.17422599766711577,0.8800658781001336,0.9443905284094882,0.023709781735423707,0.8583974534791329,0.778064357702276,0.6930043782787058,0.10590105392964999,23.078908976042587
0.6262776616912261,0.9636568079556821,0.9469508036352925,0.6336036544169322,0.9250222273148494,0.14378808743873173,0.2982930699558476,0.5298469757627728,0.5226767029110806,0.9528411373296566,22.723545122117816
0.6359404013425473,0.6213098210810987,0.6212703334707314,0.9455768727655123,0.4004178097480774,0.7394254369873919,0.6001559739468745,0.40243007782880247,0.3390210250538478,0.15367372197080142,22.116862681841113
0.3002076264368181,0.08122081964752115,0.4854787176824077,0.3508937412205363,0.9260048274288641,0.7805181399970712,0.6650834139948703,0.8469887903250958,0.27466999126353386,0.11627872302433928,8.970416469395932
0.6096951634499933,0.22747550087342605,0.9850494069246446,0.4249978281190404,0.8861233430529261,0.24574735464475006,0.09372945736458516,0.6270003953847924,0.6928980816952637,0.256027496943382,20.016745376086075
0.6872622607065757,0.9813406880029069,0.9831634386119883,0.14814369001808636,0.7303591320020025,0.7459685561915572,0.7318798334021669,0.3395456103247002,0.543318019966193,0.5880673037930132,17.14390708578998
0.849954491442225,0.05146777441418737,0.37520798219924967,0.3148721351563517,0.7915577794277177,0.1166220908240283,0.061689824815205685,0.1154289929870802,0.11603043874968033,0.43518801990200207,9.410485834464335
0.10114816506230395,0.66997403922214,0.33266768079034215,0.5711723407193032,0.7476268322114025,0.4558906250995042,0.7332821413810426,0.6195617780499978,0.8517841887861665,0.7623497500773533,11.422851071904907
0.9012004256154872,0.7462942495884445,0.2822192310610956,0.5045968445906525,0.7722738135943341,0.7846609738684818,0.7303528013863781,0.8430764752479696,0.8245608244620363,0.5410429715827825,18.232065433089314
0.4774537758035391,0.7267703962429694,0.9135124741644308,0.8483328345442711,0.43930366470875626,0.22961351680147535,0.8855625401495493,0.6572912537651848,0.1915906571150927,0.03769317478338008,22.735347468857302
0.8780534773961934,0.576711387888123,0.1094696321198787,0.9899206942783091,0.5872414923327137,0.7586408704755573,0.8064109405083366,0.25590865675169805,0.5223887598568654,0.17219858503592111,25.07134823381915
0.7900045603564217,0.11579953662919629,0.205536871679302,0.38703291843556475,0.0015718927144462436,0.4065687367373543,0.9625661949526075,0.8657189329815675,0.18004216452164734,0.8317250148647959,7.753764194622491
0.22509362710789038,0.2396358475621133,0.6375907710511957,0.29408804710370573,0.2012615905307007,0.08562973114739358,0.17677197912061005,0.1924679517601211,0.9118708816850428,0.041961593962096866,5.34349172513577
0.7202779354157134,0.0030159591226358584,0.37141802190889583,0.7376916600304159,0.02590313192786242,0.41133014633889964,0.3259815914654246,0.4841778418132411,0.6286586729115744,0.07992731695349986,7.732933360618003
0.8659231977469637,0.2700390745745991,0.7720650501977685,0.13291847708788196,0.09382201031166604,0.1936813526482597,0.08386991172385849,0.24784499365474522,0.1395536277411582,0.08649700652521908,10.713937287657371
0.49653865760694715,0.5082755142235091,0.8105278372763254,0.04590808504346733,0.04535245562966972,0.6661950809585253,0.007019835119607576,0.505688330701005,0.6249083614014979,0.8495017351309622,8.754634438990452
0.0006662947737222646,0.401953654303116,0.31295467621307194,0.5801627089276515,0.033017324894292654,0.754025645030207,0.9569905141076432,0.5486799690648233,0.6662169465805551,0.8351273052708886,7.702905711738379
0.48723512415063797,0.0876337528530482,0.7944276205181561,0.8437011310814196,0.7009387450375201,0.31464273211950533,0.9749561597679176,0.6228378470874785,0.31240052203346547,0.7861123662753513,13.474763823024476
0.2241321460957426,0.24071880915438526,0.9052473085699734,0.0551993256377592,0.8697793731635655,0.39676528894290886,0.5720223663425846,0.6909781128686732,0.9025798509473459,0.21987346246799022,10.871867555124508
0.2241011351483887,0.4241388417347022,0.11023325131656647,0.0900016534974456,0.5674830948139349,0.05179404825084466,0.26660177913218974,0.3881816180255656,0.09495664033979112,0.8055878495175774,10.378248242582911
0.9015626253637118,0.03211210177349233,0.8068438541798677,0.17588039139977907,0.7295353813772093,0.060664517476794355,0.7454943208330459,0.9324646258247853,0.2590644504555142,0.16506596061769607,7.130578473594181
0.7801840196667443,0.15671840919032642,0.9018449960094521,0.7391332217783425,0.9571460853722503,0.9726977533005623,0.15843197540188092,0.7276021271266334,0.024473145943197383,0.19176662632889796,20.82460538108826
0.5364647018030302,0.23320866801411488,0.21827013724449196,0.35776090731556376,0.4594305003253457,0.9178743290146526,0.5812251855967947,0.5560926467163102,0.7192674166143745,0.18837702442883142,11.849754124517995
0.8142856726538976,0.4501609710108133,0.5418300960257476,0.07481578067447847,0.4584848236151431,0.6437129661107422,0.9499282133413182,0.8961323381839281,0.3392291149932789,0.7563336359617595,10.607599865889258
0.85605807840476,0.961308152681777,0.6805337913203777,0.32956552411971773,0.8735659136957604,0.01626401658148946,0.567512785425434,0.458059879331735,0.8827515234852634,0.6211498174284464,13.77923340072657
0.03606007965521829,0.7522400397844271,0.7832382542183995,0.3733776292119617,0.22366157972686773,0.5575007281687433,0.19548656331337888,0.5266685568557674,0.34359417282968185,0.3190980002644561,7.880521974755219
0.6911193364594155,0.24870249156309376,0.33143088317534153,0.5639160219359168,0.9418402050563065,0.15015687570388014,0.30649129862089874,0.2726377629223118,0.31499067477995035,0.4876900383003443,16.32820350860427
0.7187802994270966,0.431990120822643,0.5719743167430108,0.5026628464013819,0.6029583876560402,0.17949471380905335,0.6160521709495478,0.40209719258241683,0.7840853735380366,0.5957515221145527,15.85300801177075
0.4079322614364258,0.9870642190214441,0.1790453150296899,0.013774815753215264,0.12317818099428501,0.6898154452686208,0.09187526701648174,0.7353970841434501,0.08829265834696554,0.2973442290724033,12.202484287053116
0.4328706646518361,0.9993354863168159,0.7278902630671178,0.3892392166869759,0.9084272434472608,0.5692109298086482,0.8109017583636671,0.34382957049323426,0.3816339765181527,0.7005271937773186,19.10732171818802
0.7609136790779218,0.6926254882887243,0.1503315243494534,0.42138575727996597,0.3182337610790743,0.23146861890209902,0.11627676117968522,0.7482438490508514,0.14152136958757366,0.35378383783851874,19.76554037060782
0.6253380143568517,0.07810750577676717,0.9501685105938821,0.9949934915057781,0.7500264116850793,0.8057576504405275,0.7035455405522502,0.022023174590364736,0.2731044074981379,0.23682643149145166,19.465320703118095
0.02162446192258949,0.6383439197598265,0.5912070669431163,0.3621488445553175,0.7482701135455969,0.2342755457445881,0.2807893518703646,0.11506686729564508,0.2352241859748675,0.850783991930212,6.332279646411867
0.8678114428432888,0.6663913090788037,0.36116692795976846,0.9672641014809882,0.08009383251884727,0.41311464972926837,0.8850447173681493,0.682196505916153,0.35365251116519336,0.8271707076168773,20.260034845454506
0.7578671180671824,0.7234087818408733,0.26648985557614,0.6800033502839722,0.6558255927023805,0.8400200067118464,0.5129131012912025,0.9292962746433875,0.7201274627711709,0.2094837720149061,20.47252577418583
0.6174335370338042,0.3256443066816572,0.9979468724065319,0.3422269234452774,0.7898227067391883,0.8359236992290078,0.37341158714891365,0.5890080110111329,0.23276131085425555,0.37535380578988287,17.92259112961807
0.43919426173440623,0.7115495935276936,0.508189597895572,0.1608768330201109,0.6489712604885268,0.5160542416429788,0.5251506179213743,0.4455757340501635,0.8667878175785252,0.6542789328182367,12.547874497829508
0.40178194515434906,0.4270732946359692,0.6788410520444876,0.4379101233902679,0.06949018940183849,0.22073817688827646,0.053480331986757834,0.04911529672716719,0.3592527294294865,0.37779274961990317,9.497192214990786
0.4564208031258986,0.2011558647578261,0.23304668948944773,0.44711873012409453,0.2904367707936776,0.2609072645423184,0.4916039033746683,0.7636305153580674,0.060732611274167736,0.013600616333074633,8.185960324761032
0.6319432972501215,0.364900837639502,0.9727579773058987,0.6788124235045113,0.8254193093655438,0.8422108215177805,0.03883854062934733,0.1948999744495562,0.7908744703949897,0.39117561615030805,22.693402183899018
0.900300813411824,0.07121185965253052,0.9379329383263533,0.6206031697554689,0.41142266277357675,0.8295988148629952,0.5355023928038267,0.4594926634005898,0.18430586581463848,0.7839335101501491,14.611974863945392
0.08809943502016881,0.01579451052680725,0.29707942058517545,0.044348183961355425,0.46921865907456817,0.34694157528438796,0.01808722864709067,0.4639179930339743,0.28638606956241264,0.23152515214566727,4.328382501228209
0.5411509259196344,0.33261311107751623,0.05445699194269393,0.9309750725578825,0.9716643484731479,0.23687784133866863,0.6593068986757433,0.5850303543770405,0.2485817571757004,0.5382189069181041,23.418939872569993
0.4534146671037429,0.045066714698702603,0.23002078338038334,0.9837630547930352,0.7701700042949398,0.33147442792361925,0.996684419398952,0.32886661767581027,0.8512227988067912,0.3224806287683093,16.5863908887065
0.8941218919462757,0.4520683886882654,0.871859742781775,0.13689465734246498,0.3944079920446907,0.3446077758000372,0.7817197037774913,0.8654769453953389,0.13558211742851645,0.41006737391621007,15.829636429557162
0.13013234292543607,0.0737859969905369,0.30175803036983406,0.4307488762392334,0.9045918157589,0.6519029782136906,0.7607869955892413,0.3305912982681738,0.3217236066697462,0.4120082508073085,10.244353831247166
0.23272393110655232,0.019976930455344877,0.2753906907267265,0.9284398914868547,0.051062009364026384,0.5040322532469745,0.23192637035899544,0.7625878391332166,0.03810844466128238,0.5102786242877368,10.520310234737364
0.14349756905187483,0.8888991562009855,0.01914569876871386,0.9266653231413935,0.81817128277668,0.8839313046059436,0.865507732646275,0.36969976504318547,0.626149479863067,0.4700392738928795,20.782464962923953
0.5849556755965544,0.37984787290948363,0.8546269932788294,0.3078248899290704,0.5612108289946327,0.06817028652546275,0.05862000778683951,0.8850582324814095,0.3566573804673797,0.37452071634376494,16.421319096485632
0.1554399945605235,0.5429694261518544,0.483077045177038,0.6045421118357102,0.2726394483468485,0.27569016454409356,0.9446912877058007,0.5960576955059104,0.5508271095385849,0.6916961080788204,9.89076537362969
0.7521669524108922,0.17893119282411285,0.7829196325265225,0.4827365493172444,0.15047097331159365,0.31644738163456076,0.9907835896933895,0.8450540647095257,0.9033548943757564,0.5005518867097161,10.625760447314727
0.7347642199435629,0.5356941954779163,0.3575550307200619,0.9774013426000185,0.500944004815033,0.04037751355646557,0.8142882343312543,0.09591088477529008,0.2799578008416542,0.4530396754825321,21.372160686280562
0.2116463494299945,0.4493137632438151,0.43985407055682435,0.5301323860851583,0.6521195484598026,0.685446340897657,0.05038440350036,0.23712526905015474,0.11662553175613222,0.3328793578548266,9.69460284499544
0.014120471387056077,0.8102263697641744,0.15576344430962985,0.74066266998002,0.848435441148746,0.9861135320864104,0.575629161794852,0.05538932191357038,0.2874309829678421,0.43572177468991213,14.90069428231909
0.6745390674732258,0.9686108583816087,0.8764973921896417,0.06310854003394284,0.12866796638803224,0.651586460175802,0.20715299821133104,0.5835354489349935,0.5092062601350886,0.5449526006557665,11.689951517925788
0.2934559366128252,0.3609210700445259,0.1616973410692325,0.2897779316608051,0.13286005902194575,0.6393774932237832,0.020527172673318606,0.24269456498592512,0.8079486588964392,0.8519701668302132,10.900979875802717
0.3396783208096805,0.7346900247456545,0.8099682359325422,0.6501551223880536,0.6210911323478365,0.7538147217531816,0.31957691802950616,0.33099983903624164,0.25634021100273163,0.23091930252678905,17.349215676659338
0.19081761944364284,0.085331055786949,0.024658539919898526,0.21312517000962994,0.15611876881634068,0.6210964068129684,0.8117026480395778,0.5344458286496322,0.6439709781224674,0.4211942729104441,7.838219462247695
0.0744595014262811,0.7472145611920167,0.765810047760814,0.14767919714226208,0.31048765674224965,0.6825652426944508,0.7057035589172109,0.16396370531066762,0.38710655540795946,0.38555699320975423,4.4051690624266735
0.14641175145695495,0.3760212586079159,0.9226375113600641,0.1774623070726835,0.1766822966069027,0.7860081991550694,0.623886601409263,0.47595428856493405,0.45846686329717634,0.062292054868553826,7.425746558134101
0.6409559580255768,0.26445600507760547,0.44136083672960025,0.9288153457256204,0.4959019738921099,0.39473307061774765,0.35253692645088486,0.2847265533164115,0.6179602278886871,0.716378083922453,16.98371198589888
0.39498516743556644,0.16551160503997375,0.5987049256336759,0.16091330883007904,0.5043077737585742,0.474581470233855,0.9732058341348737,0.32010626702319056,0.2621041596841809,0.3375324205557034,6.427104049411495
0.6592440182336207,0.24037956470464328,0.24174982833466763,0.7112146223195617,0.5295401668874936,0.07142167933717303,0.8464238347558595,0.12678958163013532,0.2963104746204912,0.5461143746870725,14.228183904745002
0.14823135846502145,0.6546852646492334,0.17907121941264847,0.11626959938492398,0.6988711883632853,0.7760307855837529,0.10792942355102719,0.03329276439624451,0.20074011144654136,0.5746750347661708,10.177300754757077
0.03165227206202026,0.9505238468801651,0.018231453983197587,0.7421490710306627,0.804906723744793,0.38420084046974556,0.8150058009264329,0.1754242464665785,0.7749959739820363,0.5747850212886588,18.08904173777664
0.7869109719770022,0.8638741992598965,0.2543139026642034,0.031423517679048496,0.1712358503090491,0.7473935807515736,0.5178260600195315,0.49358933823594664,0.473176430371398,0.025103415119387518,9.395341699217433
0.9260090381923483,0.5689293209905669,0.585207795578189,0.49430542400483024,0.8846941654770216,0.4726469480561134,0.5389630682055763,0.7985062695194276,0.1482602691968199,0.8257774068914134,18.838419253271766
0.1485202634876165,0.5151611908209239,0.2935083125459719,0.001864342569057209,0.8246287086071773,0.7479186757799758,0.8996434755002065,0.7625206706677516,0.40594911897086783,0.9140833349612151,6.741342914563211
0.24029412081880364,0.2577176990094481,0.4686323628032262,0.6777770879857848,0.09918391600921861,0.05762706472394541,0.9314877616334747,0.013864708012365057,0.7424719340155489,0.46904989767356553,11.144133854117472
0.4641820963189116,0.5468510696242574,0.6969355417965836,0.2613582871616448,0.019426837606112524,0.990978259739036,0.5436403220998818,0.7999392523830327,0.5381840780600858,0.07595646562950364,10.148575555203154
0.10281583689461737,0.23469641859222257,0.9653624670720972,0.8158599263325985,0.2926296141863479,0.4464008436780337,0.9681918440905947,0.5054132079740149,0.31679148271055935,0.528735781205441,15.345209511725788
0.07171227454444762,0.5203195591982314,0.11104907672347664,0.03923807371083532,0.7551203786633404,0.5050287209664888,0.15971998022859624,0.3987683132003479,0.8876650676361658,0.361073537009978,9.495724646778552
0.27305200570349497,0.4801975755076784,0.8952744868232633,0.6159383462985349,0.4736352028080967,0.6276752636070417,0.3527189483075447,0.9345619462361892,0.27233864491723836,0.21867198929266818,13.865048231048531
0.7722147965043855,0.6605620671346101,0.0021120675178659676,0.7993172626114851,0.9117100549867829,0.12581087443692074,0.19644570414191376,0.21845929833351385,0.13017273247971894,0.1455762112304233,27.645190306666553
0.5020326263502377,0.694788108010869,0.4644779096746381,0.5403071823355902,0.6870849373398379,0.8248920761122024,0.9727535307471026,0.7061791460675739,0.4969013161354805,0.056287723386601374,17.576467586744354
0.9592908834533721,0.7278032768437813,0.12830432750182952,0.33798465807285716,0.4217989818539485,0.6281924803670469,0.9741636548191295,0.33294401627088166,0.6988210651180058,0.4128133201949472,17.004626381651157
0.904245353840221,0.5011108257054774,0.766695521795308,0.5831169149988791,0.7197258349449217,0.7549384056057105,0.3903516190332872,0.4463200310383846,0.6205596019214947,0.7145023004286389,19.95607677598097
0.48882429646355907,0.5097053233357862,0.3813994784602409,0.32117624051675386,0.06486497429657612,0.06648917078662397,0.1556243794787937,0.0873104642925735,0.37255718341392074,0.9690510418229132,10.350074022470125
0.40072145973804973,0.912440576223871,0.6885073703005665,0.9306567347086591,0.651618514961669,0.9574691119850552,0.8048343743140438,0.07910834694610225,0.0026047129623297804,0.9612619104256364,21.609699214510627
0.9534019837989407,0.9866017859619624,0.524966095539529,0.32866406808556126,0.590552479238035,0.6969700366424292,0.09369961491400214,0.8033947653728222,0.003716498757402542,0.387932123409908,9.332189154293308
0.8437090687256928,0.8871451954441405,0.8618558250133008,0.8649118041300421,0.4549797406797431,0.4248154871402181,0.47849062077030224,0.5168818473704292,0.21732603157838393,0.3713888554872311,20.454688204113808
0.5719481640044916,0.06449378325093602,0.5594247972069875,0.059246177454617466,0.18491409160796402,0.45811456631227354,0.7599193359043829,0.9884390251676372,0.7657691904807205,0.8182254815361255,2.769212428330054
0.4354012708764968,0.5177672264719786,0.5467509235548118,0.9690722323552738,0.8481778039621732,0.012984415734842325,0.6901392972332215,0.7195079462801308,0.8908466244993135,0.9302454953094313,19.6575430981315
0.2354664955600725,0.19226177643290798,0.8782479153512688,0.7419888624793302,0.8301879670998056,0.3232970241392198,0.7636684496111138,0.01612948946908832,0.49832772916135737,0.3123814780062093,16.477545266333298
0.3003959354488548,0.9890772104903135,0.0031909787694854863,0.9549996747798447,0.668293999003359,0.9931509758525482,0.40557228836510784,0.8997148415894279,0.5516327999148194,0.5759902634076262,25.323072676032353
0.6053797206182326,0.1756905209968569,0.03249221849041217,0.7210641125767056,0.026577760003271056,0.9213850446151696,0.22660204987023003,0.9111602603284344,0.30747451636300205,0.7155011307442506,14.434609798181869
0.33853200682242035,0.6946144846665304,0.18045037516949214,0.22820681702898382,0.2667962119046514,0.9823761755875756,0.9016643786527664,0.3866860457393687,0.9577780292019564,0.9348508522532997,13.261462234861812
0.2123191234427767,0.34466260987958175,0.30462156584354405,0.2239016977598749,0.5865449438892892,0.217330750177111,0.33186975937390895,0.14098260878444346,0.2673191536719296,0.7744436909108391,9.296896003149913
0.28706467891941334,0.9692913512211376,0.11071709297101917,0.027665477355666046,0.24909565973470627,0.5147665507025062,0.3104753826561598,0.4002248119906807,0.7479983502343068,0.6626607003741425,12.335242236204872
0.3606969065251532,0.5708590147291851,0.36023909709852076,0.7568224143032065,0.5782758571889624,0.4983294413687094,0.17259024000986145,0.0770241920389908,0.26100842756966347,0.8500833353970997,18.931066884147658
0.925394066402193,0.40566620846242507,0.07258649626344904,0.1988905892758065,0.9353266911208734,0.128337018476949,0.4162548843831688,0.07248791393209641,0.49609434577973166,0.34468045006617154,22.407497877083095
0.5030831373554403,0.8353494919900407,0.6738641568152406,0.4625278965679612,0.770649996823218,0.0342939288035401,0.16820692704626228,0.8251511412438707,0.5175548478952755,0.6833629558947402,18.47797944255436
0.6049993863642802,0.841525641226172,0.2516727835365743,0.1769803568963405,0.28918409518543786,0.8679941325627233,0.5040038628698914,0.7635205038934563,0.7720802397663442,0.3425748540514396,14.30234815421108
0.5099487435954726,0.5258780498202402,0.47085591926172266,0.454925714170189,0.21062134089286988,0.5737542877247741,0.8566514388136434,0.25468809842231177,0.4176035014018882,0.3732541805377245,11.329268115048572
0.29629203422283434,0.9263431032187761,0.7280246154015871,0.08652442735173704,0.5166206311085322,0.34934975764427334,0.3653444855673419,0.1103689996766195,0.60238010407088,0.35945437603671937,11.858719011574065
0.517773303839102,0.443526216833776,0.6392088138990775,0.06254793865604835,0.7877292837780383,0.5257212191040974,0.2515684373119569,0.16695020852569786,0.8136881275704552,0.012788983213296357,11.101956063833233
0.5863560242121518,0.3070136104472516,0.3430571967607101,0.9662599641994024,0.13829416839862163,0.18437481403459233,0.011355373571411365,0.36569809046560886,0.07580277585369322,0.04414514663648694,15.229306165440526
0.16833074612612808,0.6008356098498222,0.9633665756680566,0.17699399738060329,0.1548089602392977,0.5052235539600929,0.05196418267015945,0.5799297792426348,0.8339511600594132,0.8799943652266897,7.763647190105922
0.11382478921474437,0.5566404264011711,0.5039995396572287,0.45094150491963503,0.18386067568932463,0.6057240824507855,0.15232239472051212,0.6822423361514224,0.08905095777488403,0.0009853354162902006,7.962304208213624
0.40868009962788987,0.5131946945267936,0.4788756024102572,0.017519245440033693,0.8188012041910163,0.9783257108208651,0.3034637451373463,0.286379191462915,0.2779544177174026,0.6602296706242534,9.684448238325665
0.5271851952201967,0.5590145703557262,0.6112759933469023,0.259438585051905,0.5198956196648745,0.5324380836235985,0.6261197478330732,0.6398016901297862,0.9812593122929464,0.13173163258274068,12.094870600807086
0.1611627849437971,0.3705322287137628,0.24573698648373232,0.5440815586900264,0.7025600257687731,0.2651850554434826,0.46244361295040504,0.20682608821296844,0.4095652742694119,0.9905083728111005,12.023345073033607
0.8873639599910126,0.36196137361084657,0.3407547579990804,0.18191713756947814,0.88223255551249,0.926040028061363,0.046143704428628696,0.4475136410831002,0.3999949788968781,0.23913147745060215,14.245023454627178
0.36817017240088745,0.981599731682296,0.6088837392678297,0.24210320841899313,0.6841534069216911,0.1333035857639704,0.41285405735641834,0.5791816647714743,0.18456202327649807,0.10667836753043891,13.534897120645402
0.3792517454054407,0.8569229833802093,0.20350400674370794,0.47240946321431865,0.6101314124566259,0.18578223612570577,0.37425985324404887,0.8669423997877796,0.7907151398195318,0.5587391087056782,17.979326113584317
0.2362129239676295,0.3556577256968948,0.05706434006024441,0.4504025619756262,0.6134548301653391,0.6652095695671069,0.6083886060673538,0.5115027272307423,0.83792449147863,0.24184169510928621,14.02265594908727
0.2976547390174711,0.23779136700572134,0.29584750103912805,0.8689789599396924,0.4568628900391769,0.9119510572521983,0.4858899626660953,0.3873297082755698,0.616207441155795,0.03442727648878452,13.08975214883658
0.48327696284946065,0.4071413802066478,0.6637605503907011,0.6499972337926827,0.0011379756077041225,0.5232090156688298,0.41551841378572274,0.3719694118449214,0.18582254468516013,0.8089713636877258,12.957888625796853
0.17887795487557978,0.25881629128311234,0.32719744539369466,0.9130942249685062,0.47959555027364154,0.15544293876718207,0.21274599269885086,0.30723571937045013,0.8219249282368355,0.0038328321936129672,13.652635577192473
0.08582496571672305,0.5855753251051032,0.8390999865010411,0.46006243584956796,0.6961482820870338,0.5612904446410313,0.882039764331205,0.9692118268741919,0.5920213779669329,0.723812452761641,13.553142708687057
0.7046522545896439,0.8276737819464172,0.4068164905141648,0.6487002048508796,0.41475575363130046,0.85745710134748,0.8188376610455635,0.33224416818358427,0.5428908182856692,0.9867085269195296,18.323921936664497
0.4803497838751766,0.07979219617658306,0.26910774836297635,0.8043652453736259,0.17847783767132952,0.6155659954682459,0.7591892710211733,0.9542339266617849,0.4263500583854217,0.05694298126732922,10.49596258241921
0.42138377151708795,0.6511995397556349,0.7608494297063497,0.8561619142781153,0.06551593569597636,0.4341042279916568,0.7298543250480265,0.2727702228756408,0.8110904065033462,0.9823729400832392,17.18893509259647
0.04672114677362227,0.6701821012200698,0.9524624078488648,0.7769500735541552,0.32569307179084184,0.9262201595491499,0.0030790481135239967,0.5629786066337852,0.06069274851214301,0.4106833753770467,15.678348203326118
0.2701508501280796,0.12467266239780594,0.8771945783561235,0.8121749186564368,0.5347367219551575,0.16385276935654802,0.5099357222576845,0.22551224629797473,0.5486150721435941,0.6727717902249837,15.404202146801461
0.26667494085177623,0.18642863891483197,0.943412779663942,0.8032688943400438,0.35102972783941455,0.4309066280893351,0.8212159039271736,0.5828832713777427,0.5872176435051356,0.40920256289923385,15.019339487932825
0.5931899873252579,0.0005995883885473452,0.17454079944601864,0.8395526275159809,0.9230278644353613,0.5616804116965607,0.6589590409997558,0.43492327821563503,0.3598127389041268,0.5835260323820394,15.571890127900712
0.2543099999148061,0.4552510957441879,0.4405260044316087,0.7479647746304957,0.8719996974271703,0.9725647174449903,0.6695425409829852,0.6035451973465513,0.11232519456120194,0.060192098770723956,13.325059472011144
0.02148940847180203,0.6199938845746495,0.5767331258803456,0.03843477488715008,0.8835945959678193,0.6903276955171375,0.6885743076378156,0.2483945018565087,0.30324831093833593,0.5537509199917039,4.712200443422244
0.6535544990191832,0.600657884904928,0.3248528713776092,0.9940631633311946,0.2550132793519859,0.5590186256368695,0.3825184485263128,0.03620216922953956,0.35267342754819353,0.6542933533464691,22.346386221697458
0.8696937326702671,0.3965700612801023,0.15898940849350351,0.6335943719449108,0.0486234372217168,0.5159919763255044,0.11637916957947747,0.6981215978493646,0.7597374452486642,0.7780262325595646,16.772336926402076
0.5142705814810399,0.23318962850105618,0.7074266623984434,0.2168423320653341,0.9501207490569352,0.8178852455455111,0.010982400511206247,0.6898799656912432,0.45222944254077013,0.05184129746770483,12.932246685270059
0.4728855021830143,0.5960460129924192,0.02525153270430114,0.15765227747401678,0.7667366550822384,0.2597015352874641,0.8651040653932818,0.39483302909663975,0.659393029532684,0.37171910069070635,19.142905075254678
0.29066212685057435,0.5578917393586006,0.700993711562595,0.5512763383727414,0.1891730737302203,0.16277990896081163,0.8281136020866022,0.8986026517047954,0.3362441291110716,0.618512348148593,12.30767885759335
0.962037706107898,0.15033696788545858,0.505720551208368,0.7863379801690363,0.6534198884683605,0.5731286961091533,0.7909987607370744,0.37149104103211317,0.2239472247700287,0.31270677411380576,15.087126462074432
0.12030445621641506,0.8413418770363258,0.645272791713284,0.7031920260562531,0.6581563127809656,0.7692429025184109,0.4469473356623165,0.26151041958085797,0.21895451671425914,0.11351077726073544,14.86088287296529
0.9663186806007923,0.6787629627040804,0.6348468358195962,0.6062335302627372,0.4317857205355672,0.5220144946712484,0.040710079528719856,0.6881441721923653,0.42725649404706856,0.08621353146567812,18.535045018440222
0.0158756738585214,0.24304288255774997,0.32053595817907043,0.49651240060666946,0.0007316282276436104,0.406784911074761,0.660729452905687,0.6635257268621674,0.33998912788188596,0.7223440570291495,5.307838469368938
0.14607935692348872,0.04292215724686821,0.0208981946561293,0.17139700000851976,0.8225231214089059,0.3153359197718065,0.9065842278418924,0.7307040523525801,0.8012905859655676,0.9689521144304197,9.73239177623283
0.8116936078473584,0.6636938612607387,0.427575548410555,0.6830234000513777,0.08303993565155243,0.7865397187104338,0.06309789122097076,0.9451336147067765,0.6729428472649014,0.9409870356491149,16.06461742522317
0.6392979594351283,0.40238753366999136,0.5023947937142634,0.4500789993013654,0.09360584670446082,0.834400050040499,0.16932175781758207,0.21920307566239383,0.32847914092772645,0.6939134954649385,11.474182917969886
0.5847180519811008,0.31311232449258686,0.18179696359613706,0.7974094433168875,0.4532650404144901,0.6896039998368734,0.028473467074615066,0.9829794693035411,0.181241955465972,0.5489559259090687,18.166121436133977
0.1740011613030188,0.32561376780648854,0.7791510812968612,0.5182045846219836,0.9826931124238865,0.1140930205349201,0.8747480276858279,0.9078997434985095,0.3240168848401255,0.9178052790857267,13.176117661571215
0.33004475008789214,0.5251683036343741,0.6290265803696274,0.8516228226735509,0.32349515577256927,0.081570688198913,0.28010627546007505,0.7408890277069543,0.3393930799749828,0.4551259706717713,17.192804941779176
0.6539883126631132,0.4080189257547966,0.8829772930390742,0.40417752368834625,0.48356011921524833,0.8731999129299866,0.05403820164052675,0.3837723721816233,0.6711747233877026,0.6598216987884056,15.828840826599611
0.9083065237804132,0.8986481667115244,0.26127982591435583,0.4376299137038383,0.00911587939582581,0.10742425238304054,0.34868807349217457,0.3678181748443333,0.7016564188636298,0.14022868204218364,11.410101488533437
0.4519642678304624,0.8424370602184551,0.12057272764226867,0.21657880752870484,0.35412939804783405,0.5795861207759331,0.9414594703602122,0.20586238618781927,0.4548897945821736,0.6031977711121144,17.0999992147044
0.9000385496238191,0.1657513604043782,0.3341929012618188,0.04596331315096869,0.03353507144901691,0.39777777554022375,0.43627645514660607,0.6128976368853161,0.9428956623709949,0.11766901734318413,3.6753028728383885
0.9660636537189714,0.7078276597213053,0.13461453209672358,0.6866327776244232,0.12136257982232268,0.07261684906793897,0.6582307599338608,0.13994701047621672,0.6638319240259617,0.4265573482439018,18.08190004051545
0.6123797834216219,0.09620247815710659,0.8615169507939628,0.7958249803954006,0.36317900646749035,0.6487384543339483,0.0938566473569391,0.6268673578082898,0.2385572073038068,0.9611822012860606,13.47728108127511
0.11937919018969789,0.02939714474934141,0.8908266203752748,0.6848328533066184,0.6197619784341303,0.08791878860383351,0.440871201273756,0.7299805925122089,0.07112982162298431,0.7961804100852796,12.679547482594131
0.5211764948869028,0.4167995686589777,0.7976898374019195,0.5647815718168819,0.8355546060023658,0.7599902760491903,0.4986912714922547,0.19875772271178815,0.9909505509219424,0.31778453098986603,17.6242891090099
0.6297942410905761,0.8358636163521761,0.1861329691709741,0.050443343851969136,0.7885640428335564,0.7316905524403797,0.1619222477111082,0.3032545823842693,0.6193219677760747,0.5654633674542485,17.060033839016278
0.18866843572788328,0.7646442254368193,0.41530507768702185,0.2672713012038259,0.141159037442961,0.2505568842606204,0.12439403559853146,0.15486120310462226,0.517743978023326,0.11139833987936454,6.976060905397374
0.17861935370914728,0.6984735638041697,0.18004998900902436,0.7552237886149012,0.020350669865019877,0.30731731512105254,0.14813767745348216,0.5400279373409782,0.48578622098116053,0.7486039963737902,11.727664494075546
0.05862890749250693,0.5970601339266863,0.05910665773989843,0.3403192565013553,0.9073976097828648,0.23589557794643168,0.06061596120714274,0.9819341797669767,0.012743439123737765,0.60267202734238,13.699180885801452
0.14899512800099657,0.6083340040462167,0.824473671424293,0.1206909734799585,0.9196516783987553,0.6777885400663681,0.12064856791560952,0.18925084019643312,0.3906540736106312,0.7855236294225338,11.144169597527299
0.8698391546067715,0.6152335431646847,0.034969097335997734,0.5346469312645363,0.2814168901738523,0.5695926696840451,0.775074323340794,0.11689206527746476,0.07775270204358053,0.05822571843674096,20.538827825807907
0.5372250150543143,0.7362345662294192,0.2699864572307501,0.7225708245970345,0.8701137929806673,0.4866768678543125,0.09610536028398775,0.012931503958604429,0.10687523439633373,0.7481324406829705,22.151890135254437
0.6361209393944547,0.9154698335668853,0.2974170210427244,0.9592992956257513,0.7848934630731804,0.19062259413731364,0.1868938979178909,0.8405900460873432,0.2916123034187237,0.031441149037509275,23.88880430482193
0.016501510109276474,0.6793058290451146,0.6809095961591679,0.17410806630753983,0.9078729503576427,0.3509833769405659,0.24932982759523403,0.24065037910592024,0.6518149450146339,0.7632260512199666,7.5266606108897625
0.6321381333950676,0.3238058872909697,0.08567800048168983,0.6541354592655025,0.17024594997939735,0.08566470546368488,0.9715471441984634,0.052483246468651545,0.4848760864947709,0.39125680628348847,16.523223613352904
0.17539492664367018,0.985807800078377,0.06500619120016837,0.06036977487127848,0.321337690716078,0.5877310763339699,0.5607322819212727,0.708376811289149,0.575475621291497,0.46861510541367457,11.641769860468271
0.46818404945057845,0.323567322808488,0.9785547849928277,0.4943831119650711,0.4998495693040388,0.7871071025701906,0.9881363307801313,0.6692474812541234,0.03816248225842678,0.1550843450132111,16.54895764084156
0.1280797623489971,0.051154502581747696,0.035538068869157,0.9520006931958868,0.4088000418723793,0.7473177926574728,0.26120987726793454,0.21012917929806707,0.9841829995327616,0.08609243485670859,16.31857529071538
0.4781958768217762,0.44275701459906425,0.5655413605874146,0.6079071816175666,0.12645465013421575,0.8680667774871561,0.2031698949667402,0.25451089345906686,0.051231708274468435,0.2222373711484127,12.706732329422524
0.5851287273180421,0.47284114387139786,0.9538421309052443,0.8212553278839945,0.35519796386534774,0.3097835414492317,0.5033849141190105,0.27566918376285243,0.35877803672550423,0.6518671395681007,22.127950862098743
0.883745406513345,0.671130435111826,0.7199873716753853,0.996371764321219,0.47882982630056803,0.4174308175405802,0.6491480762097149,0.7768029747537241,0.44019554520338156,0.22042613562494673,25.29147061308028
0.9966103321176596,0.7161499099616294,0.6763290673875867,0.08746705424012313,0.40897838550312315,0.6202282472013337,0.8721135829371873,0.3057901769250997,0.08765633421403762,0.7213147842195042,12.170355757017534
0.7130830427557219,0.33007744898193503,0.31760566966681625,0.11738353841818105,0.10317186217541596,0.7927938643451649,0.8172725993868262,0.5711702205418977,0.546257965758195,0.5155942815833517,8.118812466435564
0.7994307529594825,0.08541034929952174,0.216371044469028,0.1510589028322532,0.9820707345010814,0.4934015066729426,0.7064714580576987,0.3065236804908893,0.8108711180615717,0.7790913915298426,7.443044660856851
0.9854869934782536,0.7587411217086244,0.34111428124020915,0.9462338792729361,0.9670379005805494,0.566770089838321,0.36086536351323906,0.6258547884319134,0.3174157339517504,0.1169697533581362,24.009011541551075
0.30347118680528296,0.38480841222018214,0.4825339566541973,0.5382049386469967,0.9267173350864664,0.646802948499083,0.45092484290506274,0.48503292944548215,0.7933976540501246,0.6341628616582801,12.761976228696762
0.7407678504032872,0.6522948464460298,0.34649022788800876,0.1459561173343532,0.16824737012970925,0.02897253212994122,0.7178460244500453,0.8416996935233008,0.5705363725063037,0.029739147728708226,13.236707248151653
0.35363268282879623,0.22455405089002634,0.09713306951774392,0.611974849395662,0.8547911986525988,0.8406906790697329,0.8111687553694484,0.2522711702408176,0.7338718983661466,0.29247379860808087,15.127632197324527
0.01953525249939181,0.6179021136020494,0.31750430874198654,0.47194306466879177,0.2286090896292483,0.20077587169951971,0.9644089077654618,0.4643054982132042,0.21197237662307666,0.6487113580393101,8.31228194656166
0.8815062241895547,0.4945666034858134,0.5849448801623216,0.8208071942522905,0.883854562422115,0.4664233008338031,0.565102958022852,0.151333258901323,0.1553940456805466,0.9634611793160943,22.632421130658507
0.21813900984559298,0.10942938072863773,0.2660141391325038,0.4242180310979552,0.2451333688959535,0.9198501133492024,0.2954325318603409,0.9119386438721508,0.6580647634206681,0.9049048605171804,8.558229243422288
0.463086122254006,0.020085348027956362,0.15076148198670047,0.07830688707696853,0.12809040247004788,0.05228160255707226,0.24321911115262596,0.4920924232752609,0.6655398897325848,0.1952861434700769,2.767871790011463
0.10566860311737736,0.6986407700148876,0.08557037651407962,0.013245988505771855,0.7755605272983904,0.5354454857333961,0.6021124324731508,0.2917448683195548,0.15177298080144574,0.5679329820780077,10.612845548441037
0.3071646878250103,0.9883677095555011,0.7951117015242662,0.8951122121123511,0.17876153407785733,0.3731260549918525,0.3791002901856063,0.12075437006002165,0.48016611419015165,0.6030612728494228,19.56234006341214
0.02763151367422423,0.2313358910239497,0.48829286462051613,0.9893732809736233,0.7132944066824621,0.2498567710135653,0.26573879686191193,0.203019291796118,0.8757969833656111,0.006266332386108409,14.26015037070534
0.911345402968239,0.7721873669811526,0.2980443782078608,0.5585454164061693,0.11198659045430226,0.7034151331941357,0.1047191749334967,0.9688620418286938,0.4130255690184329,0.6345824398294102,17.075822047889165
0.8216795890384977,0.6164912146872127,0.3740013080682456,0.5301962612763936,0.7546524308430318,0.3163092656680798,0.9405801598411226,0.6157919856661405,0.9272102284142629,0.1494819044178699,18.914166466421904
0.49585790307470246,0.5098266787630833,0.2970307475054029,0.5583400358692526,0.4985328607823041,0.36342289075967593,0.2605853443151319,0.5166041061654232,0.3908595029560241,0.2501024263792002,17.079044541530887
0.6754184373193938,0.1325146477322533,0.8972984351626669,0.13735562622711706,0.10532793566203547,0.04782099239991855,0.8108943196087569,0.18770670681351798,0.06165294773134067,0.6924574673887721,8.17076359181306
0.2403620453424089,0.3526073187997186,0.5728788391537689,0.28538686693373794,0.8838754129695054,0.4212710124275174,0.6325609790635023,0.6635358706342379,0.5486314008226869,0.7477951813905005,9.827431659371168
0.4539525961095514,0.8314141962916459,0.47643283778870904,0.47448622086531755,0.8956092312757873,0.8426260299760002,0.9500636389253679,0.7142853920256618,0.6767114409290987,0.4142309355733349,19.081005381008218
0.23509942140116913,0.8599576574694817,0.6565277875687692,0.9724577076347604,0.23962201129580418,0.923119807320093,0.20732551142207722,0.7440073010246456,0.4366894364332925,0.8329667281582123,16.713151822469985
0.8052435010649547,0.19123338972366422,0.7332894988890483,0.6315368447838207,0.7443650675023941,0.8650668184467333,0.1382066371987397,0.8744464544912265,0.7542328654134242,0.8003338292456493,15.230900191548033
0.9653126846262375,0.591990202281265,0.7795583057772457,0.4928619268625325,0.9439941427138857,0.4969735114027922,0.5347493909532011,0.017114549618061692,0.4105247398977334,0.12191726484285303,22.17516516866039
0.07213514193436554,0.10156273160250073,0.9659255040787952,0.21432725095122773,0.33630856606199566,0.7295376714097734,0.0356375155685994,0.8614801862355496,0.47466896951198634,0.07134121605323651,8.45746051908396
0.09664561802464233,0.31768455527466466,0.6612133504498116,0.5148675199732614,0.3072998880517739,0.06923190486535091,0.721147383440635,0.24965902056595535,0.453038051638214,0.4193956190811844,6.020766075187725
0.7990572692824361,0.8872910119242445,0.2726415184687594,0.6399785306039525,0.6749340538767405,0.7579110865985653,0.41659482531370207,0.9223659128513869,0.4812682550286239,0.879463944864753,17.707919775531554
0.4734865017909128,0.716983859032611,0.22136201631783603,0.22906651727466776,0.5388605982374469,0.6291169623781039,0.5055759152382446,0.8446442232640259,0.8601799282111575,0.4304627116864784,16.15432616119724
0.1593184205270456,0.8252741054179342,0.26926107416790657,0.673256807069954,0.7255968473671233,0.4609350884846467,0.8806586810900485,0.3714567470356296,0.46591224839807,0.9442252147230838,15.87012688317773
0.19286180355058558,0.6902324560367409,0.03216091701984691,0.24261814903522794,0.4890732063676819,0.9263353731874553,0.8704850048015079,0.7877348338381742,0.136486970175276,0.5789500473015586,13.22075503189158
0.7391466411152064,0.8181298791222785,0.4382043978133603,0.5815546349754227,0.34636100382751345,0.33918127927211805,0.0802707638752933,0.7441610442883808,0.7222054677452457,0.2933473078729677,17.52079843452672
0.2932820406466937,0.9886512166546375,0.21721707922690325,0.5100650743032388,0.07220879911429778,0.9249780769136116,0.757557098218277,0.5317495855638771,0.3738671094342074,0.1561976091582271,15.705551149178357
0.4627274273921923,0.3589747224250529,0.5391451691298745,0.21226582070728706,0.827742408488762,0.6122152948913402,0.13074004569699782,0.35747807590673153,0.11729727114596411,0.497261880247704,12.525567762415669
0.4487451137011371,0.20762995671176965,0.9833233101707997,0.7038843921730334,0.3749113261214141,0.6168744080688817,0.6415379779898591,0.0894231269493736,0.5156828895265461,0.5941285751497511,16.17164053048111
0.6508187487118454,0.6432511434284878,0.8981414945265306,0.1953762206332441,0.36228226515441664,0.873715151544798,0.08651672724742032,0.0831943581493505,0.0643457411046301,0.27530727048905135,17.541630018817347
0.15901188239648933,0.3713150442985008,0.49008595237064834,0.2460489881786535,0.5798518508245966,0.6998223219957765,0.31890088687328333,0.14317601154116077,0.9838825899110054,0.4323241288749812,7.633750284862753
0.7256387113935188,0.43547334505574253,0.9373140773455355,0.7467203692236689,0.08198262861421568,0.7559870025957207,0.9650233651561879,0.9990110689891837,0.85016506226435,0.626118297446919,20.30879118884085
0.9215120092178051,0.7951356165364191,0.418922687008737,0.2872627162184299,0.013539394624113243,0.08733744832396384,0.3996164361586042,0.08425037018810422,0.13169422173694145,0.4523909871376104,10.412001468498424
0.18558245541508167,0.5566214563145147,0.519996773766783,0.40621771719385313,0.7900721248345596,0.9527227836483926,0.8345233839376364,0.06423447896167123,0.35430585842224593,0.41723062419976586,13.794728798469766
0.9125459539767512,0.6901811513952948,0.3722543022294169,0.7160287753403046,0.9742888059321912,0.08568116277905435,0.9728687295314795,0.1008026136674135,0.00910239703757143,0.04847735417590937,22.095780571435668
0.8690367250233761,0.6154591066046277,0.050843422454371456,0.9663883766965966,0.16134473767059043,0.9463061730585418,0.8900673613547724,0.5450317451695749,0.07911497997029082,0.08552247071604513,23.78950542602078
0.23271638933394034,0.19881699382227802,0.7491411186391608,0.2085340412574197,0.43689666687255624,0.09226129583175324,0.8436107762814916,0.3398589159661971,0.02522690761233526,0.7304792451269105,6.513484042099549
0.75723755960461,0.3267541928650597,0.8083849310488441,0.8073718983680317,0.47140709467117636,0.7580703342183064,0.2963913351218165,0.5467469886292919,0.6226535845888296,0.056818910995548144,18.25904649193484
0.5990571685598726,0.8095672554580498,0.9817177911059323,0.999854917581065,0.4127692789760109,0.5939682758921747,0.10164103235759325,0.9797937934981179,0.04800054149617983,0.6418307874799168,24.955839899214148
0.928494672786175,0.930600468973168,0.9735906074607563,0.9102938843950263,0.019437179081168487,0.1066511262123837,0.4808217882532959,0.6661797035977906,0.8541870585255534,0.8214191641895996,18.379801599030653
0.7508252868043837,0.4739358102513789,0.20217125728688223,0.2200190785397712,0.7520285437391,0.3225815104812737,0.07234732119823739,0.6735274712013761,0.5804412966067047,0.6816924104147405,15.996827192198372
0.9721628014960341,0.5029321205208528,0.5708727755079052,0.6581845805677132,0.010262717380891018,0.17649088901347476,0.3418566967436959,0.9471576252444758,0.04274838697828853,0.9470077374016183,16.838254103147197
0.604207561561842,0.4255047642534473,0.7396863840387111,0.8763711773376329,0.7812246784835256,0.015167584177526283,0.862109130221622,0.3583801623063594,0.8411849911554201,0.4970903220343751,21.287151120469026
0.501227744999498,0.8322248430700936,0.3164542519475114,0.8296743564045423,0.14677690274758348,0.5565494631717203,0.021028294060741692,0.7415429852089153,0.2678263139142758,0.6844108436978078,19.079729956020152
0.08767734619203438,0.4278552033574845,0.5594262885945757,0.15440630938121325,0.2995639753908499,0.684440542979807,0.5547310330909694,0.5931136200711598,0.04490715876153828,0.7508476189613972,2.91838197900908
0.02668211417336852,0.9101947306041336,0.0404712074136685,0.5316998764130316,0.41606317543190563,0.2689253490763649,0.10091073799232542,0.2461313106903641,0.8111857916755847,0.16292955972488343,12.546719340821701
0.41035796195935537,0.8869347618517855,0.29363378842739407,0.847808134978416,0.11692844829496152,0.330191257370833,0.3767975630266235,0.05811671440631461,0.15794216733710797,0.5789828774145823,18.96818408673833
0.2503216125652473,0.260427688584586,0.4133463129692705,0.5555876478434665,0.43764552704311654,0.846714027798304,0.8421628313599603,0.7061707925920568,0.4563372085530333,0.9213270361817213,9.965117849794202
0.29035776631774846,0.418130282556453,0.09041472152422769,0.4290969237248283,0.9953764295263468,0.9815501611060622,0.30510237142995333,0.45737578078023555,0.243033332775776,0.47244100906438724,16.497416518108647
0.9930980055664955,0.9941548242076519,0.7477206825212871,0.14139454508369464,0.06855616477932536,0.9697462972645672,0.9692243949650602,0.622376674964406,0.26212876116103545,0.2524904093817507,2.5857404977263654
0.8542588277159181,0.16278088618443376,0.5042171530539937,0.16722291915224352,0.18948781933341874,0.8826973015265052,0.8947298505932029,0.6062215766354897,0.37151461800046826,0.20439522956131795,7.292189587280529
0.2903499492139304,0.059934066184471946,0.2938418956569644,0.14855454824494352,0.6677261601993463,0.7150005291639911,0.9609971577597446,0.16189349734288527,0.8285845410513648,0.827122801827006,6.481750911886851
0.8922507460661637,0.6653795267908258,0.8052311964658797,0.8439706431270403,0.051076966319910766,0.7505925416787964,0.8531858241317154,0.9373374624097861,0.6333829698724796,0.45303955098946114,19.23565333885914
0.39158829228102043,0.41387759183157025,0.8333948220987184,0.712251811625521,0.440744964462364,0.7057435356323044,0.04478569680520872,0.7559597778847641,0.48706779772013187,0.3688064187071255,17.312684255313826
0.9923348231561513,0.24378761088817025,0.23023965839746152,0.980724151673193,0.7538613851661423,0.2599814919769431,0.7281751018011072,0.8941436374968863,0.6118001633943406,0.26865166009427277,21.752329288008568
0.4249856629407913,0.9993806450371101,0.37725435338639346,0.7189513486060695,0.32798596718071193,0.0373003383163093,0.06726451573707515,0.9510003216903344,0.4155311206210548,0.6984892235668554,20.046655906434392
0.3763438583537936,0.18357577336934394,0.35591923640899314,0.6336826289788432,0.5344998019352057,0.4516940999060761,0.49781749059156877,0.4290848681029593,0.8574599300099088,0.13739475488702624,11.47012292561073
0.8733592971062499,0.3183933352640873,0.761963688736515,0.026848733537649716,0.7493081906062238,0.11138242178985092,0.33435269499233045,0.37142949378528023,0.5451460076276865,0.8159290717294261,13.37839456628731
0.9227011668631062,0.7396103235231315,0.6508374560732751,0.9144038015501265,0.37947989002460547,0.353529522417794,0.0663269213924852,0.5068881105414228,0.798947300866516,0.07089369604373785,18.431726607828868
0.4476281646475899,0.2556199323959285,0.9305112622496504,0.7731204797469705,0.04586798407478809,0.27520361287056927,0.4911846002488076,0.40665021680933844,0.6648130281399994,0.328226690662874,14.93367539647607
0.24738238890803999,0.2159700761457084,0.4124291045119496,0.8575514733215074,0.5265605737045655,0.21799972941803947,0.4699188335565414,0.16057929188063425,0.2045696758096287,0.5535926392864856,14.457654235988816
0.9369771296880248,0.9114383623200003,0.28249492582756475,0.029798434359014525,0.8946789364167433,0.899410445936263,0.0974586051927182,0.20303710254155138,0.2740158139962271,0.79731177017759,8.911537961452836
0.2605247848707192,0.14000839907149631,0.9581896934577743,0.15718740412977594,0.8094104509130637,0.9457908408302181,0.40918075673659304,0.3631183669764968,0.1002303114959795,0.38457023448264505,11.003455118351233
0.12254478338931718,0.6927951025032971,0.7837764612023539,0.21602184170069982,0.7036660295498136,0.4215453779278572,0.41185986283961096,0.3644261521384278,0.22907657450532992,0.9821913776520116,9.18685565988168
0.6131915080816926,0.6493165270216846,0.9091796828872931,0.6663307643454454,0.060025707656041316,0.22742295250995315,0.09420229544068381,0.037132799939733396,0.10576348115293976,0.6771063034275028,19.219151900324427
0.9360113983889444,0.04719333151008165,0.4996618921131709,0.9666094558979013,0.909371675503986,0.847885272761205,0.6737454391316533,0.6823454923600015,0.8483948640637945,0.09475672629053611,14.888102055109188
0.4550777358107235,0.41199601424398613,0.9085407151083298,0.9630760189507258,0.9251598902353114,0.7575381796556399,0.21390858753216513,0.2195176494795975,0.5535958938395167,0.026668499361884757,25.584363054714196
0.28467088228071646,0.5085959393893491,0.9503035057581142,0.18342527505758788,0.7225043667371173,0.5595142937653343,0.7052118046202193,0.7708137754424894,0.8113230792657948,0.7183274935751494,14.378398491587586
0.24558184212885137,0.997028595567183,0.16663416213052928,0.4385793935995521,0.9294692734642579,0.8719674799634763,0.3392524655510458,0.17441989125932467,0.16283196135568012,0.8588580765783266,19.71361512486133
0.35998111413734646,0.762404893464413,0.47765497869898776,0.5367130622484736,0.11548327312577622,0.6584811913932295,0.23567216463819496,0.907889447009078,0.27346828383998245,0.7629332507369441,11.712192926981508
0.01767840604969806,0.7840686966337821,0.9230257846729178,0.6260284342513427,0.8982944527892975,0.4680382255883986,0.4859319959905991,0.9460700102592259,0.18122505972581948,0.10117358966251855,14.954810197816421
0.8784478865373528,0.6420475629805996,0.8498401547352482,0.7564913095627928,0.5576091860577165,0.641172248450824,0.7154777074201742,0.6787790439465183,0.09416947060121794,0.2010994784148672,21.983977964810162
0.3953328200373398,0.7359533240923187,0.35722226649227906,0.3416337608030201,0.5267010143197234,0.23665680575248682,0.013278324545188958,0.01166853712736049,0.27393166659286017,0.5645635801196275,13.531140030903817
0.06928703820448412,0.5743854208163517,0.7363321535647053,0.6016405036942315,0.7805191331426806,0.05336537298440358,0.03247508356232576,0.19225932710474603,0.6788361462222492,0.5604879685012727,12.23048042280882
0.5661228418725327,0.01782013739126731,0.0816458036797465,0.22919311692995326,0.3170361533663413,0.07590416648344633,0.9268047615164069,0.8659681696539551,0.05196614997776472,0.8679856074166292,6.952302494658923
0.4189620120296901,0.11880579994215335,0.8022297353099933,0.24819748449835144,0.28835531020195504,0.1312071577124715,0.20418244739412772,0.09912555380469312,0.5889433307507864,0.046661621806192044,6.116612491756844
0.8592792677980025,0.9667061002858279,0.42365457300615583,0.11740165262706648,0.6268714072483584,0.9513082566236846,0.6433789611773425,0.37984807079046023,0.6291126146253432,0.4457360925569399,9.689566253493377
0.9120190372995769,0.3231570105185989,0.8452689336835733,0.2525266430336628,0.6491938186267457,0.11712363829229466,0.41783367188527554,0.4620105406621676,0.3457307453457267,0.42390459294529026,16.072868439085838
0.04732794434334486,0.8453977162371875,0.7712432621549521,0.5880347835592343,0.7088736062345904,0.4143112323572856,0.585895782507289,0.8920475887197953,0.5774424780703314,0.024153005256439042,12.433818856712431
0.8002186521784816,0.39008453713918423,0.45175847365290356,0.3640074612882469,0.10219015829131228,0.35546574604143677,0.6394764403525185,0.9014118705705901,0.41127939786296486,0.8991043119650065,12.9191330476779
0.41371350762260695,0.26165600512443654,0.9920370032640494,0.21675382069953264,0.831209227446914,0.09375111984985818,0.7045669025970964,0.4873640500419456,0.9013326342020033,0.0625245876897279,15.828182201534654
0.06277270624369735,0.10412250181323457,0.1905686693125801,0.8283377332965365,0.11420447800599609,0.6895764976904827,0.660372638765697,0.7039088270439176,0.5026242165758065,0.32741280411262197,11.156044091698934
0.6159676595101733,0.2981345032880408,0.9689927093136441,0.06853729214397641,0.9040504434038628,0.35408227398962044,0.8059103873838593,0.8289732796879423,0.9769382658728043,0.0037495213806795213,16.358714676762695
0.3278540331771751,0.7901635847897598,0.7007344701257995,0.7491475973424394,0.9512925052234634,0.015259813496524166,0.0770641510632123,0.962188402763687,0.736524851851227,0.7038775947983014,21.36034002191771
0.04203366045109791,0.8080378546592625,0.7040905785200036,0.46151641428304824,0.9356695886199322,0.02523506320040325,0.3512789587994001,0.7596115974033658,0.42864515123280866,0.9535858468880719,11.486769195630467
0.64170889508684,0.6507252508100089,0.9849843377699367,0.9164628303932223,0.17905546308197773,0.9137573329916587,0.08457908023912397,0.6237284032807955,0.07945334491689793,0.36265395638569886,26.472555325141744
0.9039289472610964,0.7077965418290275,0.7107645160541868,0.15599487410745683,0.9194516419245526,0.7411169539160024,0.7137172474681555,0.4787705513306837,0.2550455644245483,0.6677030533667561,15.043214472324673
0.8359213468727371,0.400031673442409,0.5986622923497474,0.9893656456912426,0.16640941706105095,0.3919768631576551,0.02674320680206055,0.9212883050141858,0.061937344399951244,0.822138113250081,19.284331775914996
0.07900942210570183,0.014187841512328325,0.734348503304892,0.6681779947227277,0.5403605406302769,0.4778625674401493,0.16509117747507596,0.06832465050156111,0.5481423632886925,0.6825456004017438,9.77062384456313
0.3403854852989723,0.1658814135431489,0.6130286046047716,0.5079744297998041,0.9457159361761005,0.646104840845356,0.6257104545109455,0.19889394401730454,0.15055332754511286,0.4699122460890427,12.432755466902295
0.11013137852709287,0.01290598382194108,0.4096860816202845,0.023552150502170854,0.7920080983991197,0.7803311496228461,0.6114986249657267,0.1893153078051295,0.7290053085084844,0.48993478039073646,3.5316970504162173
0.6813617596842811,0.6301135727500221,0.13327884726506556,0.31120203610329555,0.9230219830580048,0.6637345385932901,0.3823127042206146,0.9065159527828557,0.9279267130745272,0.14790263913057533,20.915480600036275
0.5198193235153675,0.8977548237303321,0.6777579828587893,0.11298704044755303,0.8852269580351374,0.2575498883164389,0.8857158631172164,0.3779733019649112,0.711938014587841,0.23300713113531535,15.5826167772145
0.43194763080911025,0.6238661604287218,0.873575268451762,0.13087716043922426,0.38416136683461666,0.26363059021340174,0.5254010697421906,0.24915841975612307,0.8500770190925696,0.12740322858056674,14.769313770203595
0.5307484653269396,0.7711384598496068,0.6232344337157273,0.3759776349861881,0.7104491676815307,0.9737577602087613,0.36860181801185543,0.4320815477975989,0.5555085262306766,0.7818748409667093,15.893990018475733
0.8349804786905775,0.5165300206668191,0.48342970665233786,0.1975746357791046,0.9254002111880555,0.35098457995424515,0.05418676196710759,0.36958971116449446,0.35430906857091493,0.9515451280428796,15.023939973575839
0.7898198875426838,0.3302269874805913,0.9442742483487345,0.5888633006061423,0.41393863359735306,0.915483611698442,0.6490861094335161,0.17853248103661468,0.02401746500206925,0.09983791923416041,19.055574909318203
0.9604492554694644,0.9388256435604051,0.5603080136528621,0.8622465093208717,0.8868289926905993,0.9739275872296964,0.1916587374157589,0.42932179289893124,0.21982425576723041,0.7771972178118964,18.21930993801425
0.02471849549199623,0.7833768172479644,0.044104418117182576,0.5036234651376004,0.10023347946573236,0.6913003161894813,0.4823342557863376,0.5201738030300631,0.05934472540888047,0.06271420715030362,10.826221444179925
0.27349510531286747,0.3082065998514635,0.5509961080507866,0.9825132198757436,0.5459637129951189,0.519975336700411,0.46057626998151413,0.7603749496787308,0.7063114445278433,0.8233346177934301,15.8534007408414
0.3885455606063968,0.7992671561989122,0.0240330708552553,0.248584857044572,0.6253210193565035,0.3447464756188994,0.06029711478253197,0.7622042682719092,0.9043347597006058,0.4454177799867026,18.737125437841662
0.3960914617847129,0.881637592664548,0.33444969117695345,0.7005872833614597,0.9812552568052393,0.8900707193089018,0.7926535759387785,0.27096451395542065,0.3361804568991579,0.8350404393177645,19.933479550408734
0.45286179211511524,0.09932789150629873,0.40050438768946295,0.6240499323091421,0.1557996972902651,0.257437063667469,0.6284953785903445,0.6133739694198227,0.7763272415492063,0.15031298506049828,8.007111302335145
0.061175450670613696,0.946182867481344,0.9609205802829235,0.8048722216483892,0.4814702280715579,0.03100795208226992,0.023678914009056085,0.8660258462420919,0.6267353376073515,0.6772501961866256,16.37271073620169
0.6642428496212474,0.6129736171324213,0.6785086882694725,0.6245726410495206,0.232406472922154,0.0983924411228444,0.454260373650912,0.48645801712073933,0.03126162502386076,0.8473070208409039,18.213595166885078
0.09911266799576413,0.5642862498375794,0.030929106804762796,0.7087762469373866,0.5360914301472377,0.48393604448501115,0.05500725977360765,0.30176253508451334,0.27171156229956517,0.7603654529792473,15.342337088501917
0.15224375215259445,0.06760229204126655,0.6809858361630854,0.7237740086576901,0.07644837344628919,0.7871226924606494,0.9745155504024923,0.32397395577861354,0.4197127225245967,0.6759369041419946,9.417008696223988
0.3285818737871392,0.5088375191900846,0.6737065932241134,0.9174340331538463,0.8131260321418547,0.5503675109010686,0.09845053291429884,0.40411773863021105,0.4571040251347429,0.08668617744206286,19.247337194489727
0.10785004981602453,0.4665999355159759,0.6649536274706281,0.2444360740849708,0.9992277688211403,0.45381046579704176,0.9824900698299889,0.8107967908649051,0.07902701469991558,0.7803945328810606,9.157406773883508
0.4144110105718213,0.7083756774162245,0.39962676188959456,0.8826754741135558,0.7309891335685562,0.30191672255353363,0.4349674692273071,0.9514532445531417,0.6119067513326831,0.14341469567131893,20.695551320559044
0.40610804096444564,0.18253936063086185,0.2518227494515374,0.5608796736186408,0.2785035260018335,0.9750988328715197,0.5533906047841799,0.5319116289983804,0.637555854143082,0.13098920054654262,10.049789073429041
0.5929498896863233,0.08499338725423333,0.510477326322063,0.742755789560403,0.3207708139524049,0.41021803710290483,0.8926427208011488,0.07488503080391073,0.43976067038965205,0.6179543790194608,9.46089572525155
0.11766694931660882,0.44264452787367703,0.9616807177261505,0.5363315714631888,0.3532485448288887,0.2642474773084601,0.3375231857775087,0.44794873512492384,0.34653492307656364,0.5091927940268656,11.858616708154377
0.8152105868156231,0.22353165694273835,0.03008178921164406,0.48925698883838786,0.43686483634924933,0.16007962559436595,0.4914552953873118,0.43209599638242047,0.5979875986167722,0.3349317175730522,15.797926482636107
0.3838744783056687,0.04519678570673047,0.13671862096202447,0.5045949408206737,0.14841918463593262,0.9609843123646497,0.1345983165752579,0.9891996224723055,0.8086064390234854,0.45902172527680096,7.889764255284237
0.3420965741638208,0.2510035971804918,0.3645356769556274,0.35976594499967096,0.8033135485465933,0.649633474113189,0.8966900659178149,0.9849771015218872,0.2827605833683674,0.5394554843456749,10.965551270831792
0.3681999678829778,0.1292180616167381,0.8149741365678714,0.05763899961640784,0.2897107346364787,0.8663760345552316,0.9692620326667728,0.42144141854496386,0.9303106680281144,0.6619682499211537,6.4099602984349655
0.7698446851435216,0.7596390673287701,0.609082752540231,0.9912536263114227,0.21319169980775232,0.461886593592993,0.13710195124163493,0.016903229055861058,0.479856041538841,0.741666809903454,20.085586370038275
0.9124878412301577,0.5997627185322009,0.6046056106434408,0.7984834950635755,0.777377569278077,0.10804937598566111,0.08179738723180774,0.9302511853069224,0.16236037088193256,0.3291360566209338,21.82312219542467
0.6595400207395649,0.1016743766992616,0.4267495505385218,0.18995036975545698,0.702574342425245,0.21037541611765376,0.9817198376193336,0.5871080578247883,0.8620842920998424,0.3216176883878804,6.607826014681519
0.9616309360624917,0.871992029842982,0.9453408476333387,0.6803136896282852,0.8243085096599895,0.3994267226611218,0.6568896232042458,0.1866111431241524,0.19899115949843726,0.2204358166234479,21.560436828170815
0.12708774326969052,0.855101019889245,0.5415948917955651,0.38824553239884196,0.37211296115380277,0.09362407917359006,0.7590251871850412,0.8788591677149523,0.07614169257576053,0.959048503743294,8.340177577597608
0.4546987069012767,0.2777291643381121,0.19128938961221487,0.10083908402679187,0.7711810965413215,0.767647758475255,0.6805052305141658,0.06157209753709092,0.8494624780952812,0.5863800597250934,11.22438735017864
0.20867850759458872,0.5662719883871496,0.5171589560420657,0.7674671699846584,0.6264494487422652,0.3568829942600369,0.9470672800621464,0.1626153794753613,0.9948654746776872,0.6538494875913712,12.852177002526062
0.1357538988008603,0.1604754774635735,0.7517854413627195,0.1594193742769936,0.2736577746518627,0.22771700010496898,0.8613067242418546,0.7549872765843374,0.2808978350018724,0.2443485319779073,6.5438632392740335
0.13778510397025123,0.018145641381330124,0.7195441884240952,0.13189758335820922,0.6578909487862608,0.5130961108290258,0.9708580759308613,0.48813705088615045,0.8589819069658868,0.8684002065093896,4.9080121223459825
0.1582754196577023,0.1900623570431561,0.5929163457004897,0.9677401358721365,0.9188183391028194,0.5488026540032834,0.6053954122577798,0.1729714067520226,0.23722177887358153,0.3787905862568456,15.358945398136417
0.5778176216275075,0.6469667523797238,0.26249461066890234,0.3885143004884881,0.05134913769695959,0.9651484103607655,0.9423550656924548,0.8863484057618575,0.22025092117976608,0.3409881422805867,14.07666459542504
0.44401997499234025,0.6413011346133272,0.8354883264021398,0.15131367200434542,0.6736854913281894,0.40764423342266454,0.20221740197152638,0.6468753525095059,0.03090795540088065,0.1465022713222499,15.549006924819029
0.9628888598820067,0.44033819298071075,0.2918530857631313,0.20502968661456888,0.9725523190516235,0.25137995481409414,0.5855155484393438,0.46060144123560276,0.4633721832369715,0.6911905460320571,18.49013255885021
0.7758294015026287,0.2167456215819238,0.4176476318464002,0.9071256214092452,0.9260687168474997,0.8360464593355169,0.5504299692734642,0.31110309569646755,0.14507099144120406,0.550299845293625,18.6620593879786
0.20494835841438963,0.5879639027348947,0.15970078959605716,0.3448722204585052,0.2997363884083687,0.7013446977988617,0.1575979508005425,0.908307420880071,0.434862569563231,0.3873812338964647,8.666150168961103
0.4770267189491373,0.522327837992319,0.29079000939288635,0.14157632984286606,0.5413790735953925,0.8284360847875816,0.06897257316425487,0.6640121731459406,0.8355872848491096,0.3873695894324062,11.178472671021684
0.285196114491719,0.3959762534616079,0.04687759828175553,0.2708385301567041,0.3032175846116941,0.8211476376323461,0.23249309132391183,0.7483670580015657,0.3739014347434405,0.14056794194143973,12.615930003419832
0.28268844838317153,0.22857962825137157,0.887255784825427,0.46770261054940765,0.16766489168915288,0.2429339107974503,0.8616736916396872,0.15797751982068164,0.8748068783285831,0.3762272942114946,10.551012209551004
0.5911067812298262,0.15640746907227643,0.9593349984079778,0.17580299147745226,0.7221470168674841,0.3728410765503559,0.6633972327932048,0.7325721769150808,0.4460589350104198,0.03181655335838052,12.451859046589925
0.7865003429357217,0.9047655164878018,0.9167597855732031,0.36442171364832965,0.9488113252328388,0.3776130923759393,0.3303849524721453,0.8354633313905889,0.5149328016144186,0.9603640647996952,18.38046675837912
0.548481829745533,0.37380517966233895,0.29682093319562985,0.157209219625987,0.41536336572694543,0.9844756751160255,0.8466194636495523,0.3604057119951042,0.042116284629438505,0.07091365160886032,10.808688613466101
0.763065103336709,0.02957289817909592,0.34250200823502597,0.9274934722950098,0.24992084067997788,0.9363142164002055,0.6833528571439279,0.17568489638546092,0.21424941046857737,0.8385471171337944,12.323759499790661
0.2213035451697667,0.9848981175295698,0.3821484699911061,0.46229678513925865,0.08946444257316899,0.12419857765501008,0.09238150216050067,0.5437822537441824,0.8861447317893533,0.09538968868646669,11.225440441889933
0.9388038524314063,0.5075153280964844,0.4180592497759066,0.8891931183854285,0.8574295322311988,0.8077909816826857,0.53558923810156,0.9290085862989743,0.5950610208107333,0.08424187053710042,22.843196061941576
0.626580058100302,0.5804285837709833,0.4540409821808147,0.5215229272377374,0.44306557770093025,0.4370940505229053,0.42274617282841465,0.2384469867195399,0.9134193986276573,0.6509418141685406,17.259537424861364
0.9186812152663437,0.04589293552914231,0.4430914249202744,0.4896147797016076,0.6240738918012605,0.9191427083616555,0.620530697325898,0.3900950727814947,0.08698275865480887,0.4813573630349417,8.867273102846585
0.20256089585768233,0.0484502846368674,0.28638881130759575,0.3863263292744201,0.27744800629418753,0.33411624901326,0.7893609856554357,0.5743250470795646,0.37802586271303085,0.8257977713500868,6.142432110653243
0.6972951515029538,0.6581090942197344,0.8822934102320512,0.6971272518867271,0.9725677786071182,0.6459814694533497,0.9066216296649859,0.14657935285394796,0.6280631922661978,0.9512917149384612,23.19695380834633
0.756463253763292,0.7020264229277902,0.9183462447071272,0.67915856112129,0.4265972364389101,0.9958027131904789,0.9456905495899635,0.42513659966281314,0.03530118990937381,0.6121601795516057,24.772753210278
0.6877061985591006,0.410129416190647,0.031657252757596455,0.08166441050796802,0.7256555816463436,0.3264116023866993,0.38693358862460037,0.8191017621940514,0.39765601998550515,0.9495890908875613,16.25867659666753
0.41199942993512717,0.9429198105024252,0.01231656706419093,0.09060046313119918,0.12047955907903585,0.34309139404352784,0.3029222657453726,0.8231756352612349,0.5279782551390154,0.9334490208258961,16.11529891973316
0.42160980697697525,0.7483537270788103,0.7184334495986932,0.6464880955040194,0.47427933582171444,0.3747662280312979,0.15938374995713755,0.7798741188528898,0.8944787855816325,0.16905626626458525,18.20858307320352
0.6718186393938369,0.4579207353335102,0.9474704804497625,0.3215779724176654,0.39249798418307,0.40092944492318716,0.3427281106157357,0.31323039198315805,0.09493091807830356,0.6743071550262845,15.537287497402911
0.6751311512601019,0.7605533792731233,0.6152739669377549,0.7755467275824969,0.8832693140245098,0.24512826928953702,0.2535162785699093,0.6361398141479465,0.3407730687663808,0.661806052641227,22.443653861364016
0.6444265768323993,0.526646037230182,0.752196962623395,0.13106529653714472,0.23292476576170162,0.21045501525331234,0.06841178331743292,0.683804099768222,0.4050215937184597,0.8144803835205776,11.663443970536404
0.9376982522978501,0.07892276761999883,0.5009897136916409,0.43759595512810323,0.5585956478654036,0.4376423593751184,0.2708921794132715,0.7337439049672079,0.04516029221034212,0.998077310029771,10.482506018348625
0.8361764670748638,0.7172071278707852,0.2596829147110483,0.1620545628010165,0.6479750298373884,0.7030872379183457,0.8305203183295379,0.5835265694156705,0.5684802713815645,0.7934619056807337,14.882522569904616
0.6792385332630754,0.5204163406372557,0.426541870041526,0.479801938374919,0.5352698318985817,0.4112181538627656,0.9254834985297237,0.28406047343781604,0.34533152823263835,0.08448113996545814,17.241658026425018
0.7316673275841254,0.8903872329166851,0.6523827348617083,0.8244492931341084,0.2204320422967495,0.06394921135915377,0.9675061342341542,0.18708455919237954,0.36054177748575356,0.6640696846593442,18.859710789438054
0.21751041106708457,0.020127886971269104,0.7484013459800485,0.9806622878542516,0.9318652354004587,0.22053705589709538,0.24962507811986956,0.17060892269612105,0.6469014233492069,0.9232869534500799,15.210168504189829
0.8552952543129305,0.8309977268485412,0.4896194447874348,0.06511329181678194,0.7939162117263301,0.3286627633970418,0.07376649597313345,0.32424902901051356,0.5667891184494297,0.08260313798506103,11.809176123934142
0.0710475596358433,0.7541589853686514,0.3169532965952421,0.38183926650400035,0.7199342828367902,0.910650795707755,0.8214463159126234,0.00012143214231874477,0.9083985069833788,0.5406572783406645,9.279942916583975
0.8238983257746513,0.30248781042171824,0.22014867381711023,0.41759879713738235,0.9680821244171475,0.26456078952807005,0.5274277972924473,0.6813575244675671,0.9450383806403819,0.10047320946272265,17.38725174062262
0.5898385366798312,0.8874660515795147,0.05242849912155079,0.5177085963189554,0.2618805277122067,0.4533686835968882,0.8484584917213844,0.37504939259627057,0.9250558130691738,0.7658646457799938,20.900886332272222
0.3955011395707869,0.3427103612594582,0.4485297547206665,0.9974914242744375,0.7877397600492404,0.5576940003442291,0.06866041120939348,0.3588519330287784,0.016392462739379,0.3546751643497055,19.69448134111762
0.6569483604167092,0.17897295892506693,0.5118639061739642,0.05298533822993645,0.6331050551928975,0.18354436873834568,0.22941966591440077,0.6310386277867754,0.4053492999634559,0.4641830753635824,7.059688963352569
0.07269653803895626,0.400185025091522,0.4723155886891335,0.14537140105490132,0.58185200177721,0.5163899526104812,0.2767444993094562,0.07894456647445303,0.869785714089878,0.7871921929917255,5.209326055361425
0.21628073615630727,0.2588516885534571,0.9009991315757979,0.15815937039161587,0.7033872959771332,0.18988348330462013,0.6069127497610318,0.7997244726062634,0.7690216078004661,0.6994424364274581,8.71165044285715
0.5265456748254005,0.8313222992567605,0.5816207675837171,0.7595006408999668,0.2903673348529232,0.9928129411911913,0.43536097964338594,0.30965947541898,0.3650125256677472,0.6188241552094077,19.032916070949447
0.12789438648671714,0.5302094401808628,0.8338032540494537,0.3054840777806399,0.13603359185509378,0.8663968416986436,0.6782866082997769,0.14445513886642913,0.11527652426444379,0.8976571764286385,7.5042678578444235
0.4986109733629944,0.23862513657524032,0.9671927118361657,0.07210086855612408,0.3779381226262254,0.9359233126508776,0.18066396700041898,0.6362701327151519,0.8665910857727049,0.2048196736587029,11.112212903775246
0.5191378098864163,0.8311855012696538,0.2680938822766713,0.32341542990652616,0.5857748713918666,0.44167706417644914,0.6601451342416506,0.9535325936318461,0.6293114403682806,0.9205839226142977,16.717880933667416
0.7879246831097704,0.17642030079303728,0.8702111221038171,0.8527589885786803,0.991416720540936,0.6700320498404635,0.46017852680766225,0.8896898031226435,0.4363911836261323,0.8126509046976357,20.88425401790082
0.1838805220313222,0.6462139343873298,0.7237255247182135,0.10786161097344527,0.4248234144411852,0.3997198947440842,0.013230219463660653,0.32886712224948,0.9775953284844083,0.9533262628196085,7.7121659581047455
0.5458735591149256,0.6459889302057621,0.5330247423529676,0.5213308870032397,0.7380485853901662,0.9345468004025398,0.7099815221886876,0.8121422370079321,0.6568520139753651,0.4325498540682482,18.64211553691554
0.8888699062022614,0.9313123952150388,0.8840415037974622,0.522378477463433,0.5979584435003656,0.48626098873572055,0.13534936710971646,0.45028813549440194,0.8291619931300246,0.19341227759445645,15.749045833843534
0.8489347759659097,0.5699270308304275,0.27579414219791787,0.553093331993326,0.061797622349409886,0.30654303911134595,0.39442323831139126,0.19976680606033748,0.4022350809042776,0.05099457777271976,17.00084341403386
0.18125279383911286,0.6376513913426469,0.6408244361045026,0.2603303645277659,0.6900412780385355,0.28193571029653675,0.5015104572489614,0.2178729397292607,0.22668302948927999,0.6640004199194248,9.88671344056961
0.8054196527716495,0.19871870193147867,0.07892776441378702,0.1648017796351825,0.6703549893471004,0.4173272664819486,0.35577038127193616,0.058022891159612566,0.7299904030301299,0.8560796213621856,13.087249043609413
0.6272267765696791,0.9915188361896168,0.062308292748099126,0.6336763445501515,0.1508542117838354,0.6113388438157509,0.8831153268893422,0.7108153138035476,0.4159234060459269,0.7203262246815476,21.486291084785965
0.25275680406398005,0.3135736380297134,0.7269898916765313,0.972126692256984,0.13069443478431697,0.3127994246187249,0.4128406236281059,0.006770066911279571,0.67100461581335,0.07722267652373094,14.398059709052786
0.7790944773648811,0.5217271227333283,0.5490899740489017,0.24704786338742002,0.49768925391450736,0.6666352744095773,0.9365358885218908,0.17764997967522267,0.19182871081339836,0.3013360792334776,15.697254328291157
0.5936628415379349,0.40416033478139823,0.47249518776873123,0.8730901466019522,0.36039196980383215,0.3775561808579396,0.43038501595503054,0.46288801909005595,0.27819883103527143,0.4501957225089096,17.31521313799567
0.5416081178075959,0.012710462280590806,0.5712395008491278,0.015574958115201376,0.48234560275727323,0.3550885275026687,0.29513159607265016,0.6225068557706489,0.523515382653436,0.6269281042913086,3.4903003530040095
0.26590400228352273,0.5370211231197729,0.5157432355588514,0.5427859664322996,0.9489946833701572,0.37327914208071744,0.26077452587243755,0.9846544175139786,0.11182160860500545,0.8932795564768093,14.805615272501486
0.5692305173768551,0.79734313891882,0.34063580477155087,0.5955133452939156,0.34164079351394805,0.6946212223466907,0.6031689739705021,0.2957427003033153,0.8196481099390603,0.1304852527024487,17.625130795297093
0.23221610568376927,0.586502572473206,0.16424040881284863,0.6916906991111275,0.8719718296439781,0.8725191698497048,0.1631017901533529,0.5134489681244787,0.937328649648587,0.49383731094316075,17.342487768440822
0.4399447862015222,0.5170611605021828,0.40599359609960173,0.22585126193584726,0.26680531377842054,0.8210428684581887,0.8786776940303093,0.33459023217159045,0.5148993880030658,0.044749381633700236,10.730278391202406
0.792237255337673,0.4858698405473001,0.5577216724192595,0.000863447822312513,0.8717990287860204,0.37021048717693783,0.40307542724139056,0.5116011415376374,0.40758403338602,0.1760640930913021,14.891357331182542
0.5587241117160856,0.18893874883138995,0.385593967093082,0.810985356720388,0.7976534115362625,0.9298957214528969,0.5742671453691891,0.4766010696159413,0.03562960912712354,0.885972334908842,16.148497723028886
0.41948751147499175,0.42534080911299355,0.9027736167242945,0.31592594918708616,0.10929810789328176,0.3071554357647227,0.2526167447128995,0.7275124086382386,0.9350553326179263,0.08995143586484744,9.723063510862662
0.8803131351227678,0.02108292168617032,0.9352104829895727,0.885063326019549,0.266439092859418,0.3812953874078474,0.5765636435296216,0.8072536289396606,0.854366955554636,0.3441392755325817,13.197614237075378
0.5101599664743525,0.021208227629783694,0.6640299340338809,0.11200224074443721,0.516267347340341,0.35760459303752634,0.41179772743520293,0.09419583390420805,0.04042982965001085,0.05816020416277068,5.632291711173693
0.9526229997964909,0.5847669911529217,0.7054485416701554,0.3526608744785099,0.8138085317076161,0.9029184145902599,0.1375168879142329,0.9058254952786575,0.20640008862138048,0.43258163065744004,19.948266626602916
0.19108495870740805,0.49489861758876796,0.11019363499482371,0.46467680567751257,0.31719659492694485,0.7188489943993819,0.9275283842617058,0.5713913589974302,0.7884983195095793,0.9854915405703922,11.241429946639894
0.15666675090710636,0.09914497857016624,0.3090764542036001,0.3431891985247332,0.9198449124729041,0.8908509957149207,0.014843599183955059,0.8705900944567164,0.4673259843630575,0.8751941274115456,9.358419364253889
0.20733678708452152,0.30454255192444357,0.4487721698616385,0.7554440177374271,0.6568346620343987,0.6168882941047813,0.42162812576736575,0.13819814422558618,0.35966341675067637,0.4342632369556436,11.730724953361545
0.22965727831484462,0.6017351273233916,0.6325918258764841,0.6099754597803031,0.07775231954344186,0.06342199701703899,0.843900031727808,0.48584388600259154,0.9790206467423088,0.6367348229419196,11.017653131113713
0.14116555500955696,0.6778169053871246,0.20262047298114416,0.7201249643205985,0.16787808462781117,0.04309084661678508,0.2678212637212798,0.39817992071382935,0.36072386331599493,0.11548663372837242,12.40391661771921
0.06582628155882708,0.7923418605910233,0.19700494593737505,0.8000850945436047,0.4706957281795767,0.9089682972017814,0.7690091963276219,0.5955618874984764,0.18258133815106814,0.4225817694030872,13.438882450705902
0.03478696353544075,0.15575757163521176,0.5379427378635527,0.2809839191646679,0.08129980320770014,0.64569857023641,0.7998696688031454,0.6538537273258851,0.6174888848337168,0.6743943505847765,3.178845651623304
0.749288989040936,0.8010899269908903,0.12810196975154065,0.24113283686297737,0.11502192473208883,0.538445567348648,0.49076251742105026,0.6875839510410517,0.3118819525861509,0.6666444603623793,16.061160398124844
0.3441974042922733,0.048960858066579904,0.04884251535136286,0.10113948262890393,0.7623807291966108,0.03451768322174187,0.09513026238340672,0.3142033415794194,0.6660192631567387,0.36324393547820455,8.910598356783188
0.17370101186127607,0.19226977197147954,0.2509915379540524,0.7335848620209239,0.626763912263928,0.2675906988121638,0.6271471729925094,0.6432401926465894,0.6734540861659077,0.5801420360633928,13.986019522461486
0.48413467913868313,0.7701116639660839,0.4742426960233591,0.3924719255651231,0.11115716001289677,0.8148690121270877,0.5493621482847171,0.3584390476839502,0.15841307776518698,0.4175902310544153,15.489327593453837
0.6783871302158634,0.1352562669658428,0.0015046368332484183,0.7995431072024499,0.9337301440199658,0.9017858135383763,0.03757734794798728,0.6150664422059687,0.05870446060379331,0.1694810339764744,20.938505606970836
0.5561754514151692,0.4591331167615492,0.40704942459337823,0.11023203928981473,0.1518043768311389,0.8117609647318407,0.7320414704767658,0.18321466449703427,0.7156792471560967,0.3551925579182339,8.02427415870063
0.7615449546999549,0.4265803390533712,0.2622940520575423,0.9780572064627754,0.5732008224097999,0.5516700195329539,0.9192098022850544,0.11246632299737103,0.7731301578673708,0.7326548457566366,20.308966681626817
0.9364646497087468,0.9406204399608091,0.5831146218080054,0.4048948689896097,0.17011097005475084,0.31165307583081003,0.33512232360109884,0.7867889446112377,0.5094470592629917,0.5970513908796449,9.213670893620606
0.9279063774501123,0.3440919648602906,0.17612078593953873,0.896641517660093,0.5175121028399181,0.6939900439307918,0.2858391794175972,0.501630238563474,0.8128854900936863,0.44127465323357806,21.46189492550533
0.7144132106839409,0.5590279411337049,0.3199481841520274,0.22014809944973823,0.08189235919688975,0.1355698871044162,0.5380205570864016,0.917777966792942,0.5616509511610105,0.9967960420924383,12.157944500899855
0.7270579068502294,0.19960097224466322,0.8980408515860763,0.37617769270061374,0.08968907305532958,0.9514892331503515,0.46198954097103295,0.9276596203534726,0.1767257658860646,0.8531916207823116,11.72538274666728
0.40434724883584416,0.6661681358791776,0.9944741669192103,0.33602684423956297,0.7004785946594192,0.6781228135902244,0.4336895515785679,0.9568325336160597,0.35519427771363,0.055069842686914616,20.192370701637294
0.5293748513900424,0.37635970677489505,0.8154746396564713,0.38317081933681296,0.3765886646215849,0.31312864108114113,0.15691560202722032,0.8882353741651352,0.7871910701578927,0.5123204423881459,14.783393298933092
0.23442692067270465,0.2401100933332715,0.2701739954527137,0.5144877559325225,0.35917310793684465,0.32498157446547826,0.7025102691931677,0.9908483640636108,0.34622817720567156,0.11395402244602437,10.678501292906853
0.19966211521668764,0.05503198480101146,0.00674407129233523,0.4648434460127674,0.6772623078704347,0.9469189953440206,0.28752540242828584,0.5937428463570262,0.9175247509096901,0.7306724430290624,11.550964940796852
0.5281579612432861,0.18973727290006182,0.6188183148770888,0.8304955580826158,0.6522037326664921,0.7783655769782482,0.6386658741185259,0.42098045825991204,0.11810741083961118,0.5773988302277105,13.400706685012807
0.6761520921504437,0.6754341526703035,0.77626301866285,0.7670360536913148,0.5894947409202058,0.8293168703762794,0.5346691295075283,0.5426709340184988,0.7655773639107737,0.7752030157721069,23.62299210146509
0.6181412980014807,0.9287417456992741,0.137626595287905,0.6500763575676524,0.19647687926334434,0.30973764048494157,0.4857624966469104,0.6408401059986137,0.3904481005383408,0.6199678191098116,19.63115493523467
0.44564441034732805,0.2198152816068618,0.10952108921802184,0.1992920819905294,0.3726389687866576,0.5897878096506204,0.3119425505204172,0.4191528440179204,0.8117306879450341,0.36262643500433,10.485510161590794
0.8101501798142036,0.0798810198900688,0.21673698081477966,0.9333247467617986,0.45990703398324795,0.6871212221332603,0.15991878226354117,0.44699404875719295,0.29656778947527185,0.8745328136105899,16.18128608792297
0.8163384819523111,0.587672274117601,0.30987423592299057,0.846729092070131,0.4272404149828607,0.8104025765433395,0.509226486847126,0.15784421540838056,0.8201169657785442,0.2834545187232339,21.60512897682151
0.4642344005696848,0.27940817183604505,0.047531766041520984,0.18578133182432754,0.0304929926155606,0.5296592178901108,0.3121990325896191,0.8962133861205276,0.8747921546581079,0.3228237343451331,10.42800618431394
0.03598867771636638,0.8524881171688024,0.02789291887700107,0.3781408276988729,0.07674195705453946,0.5120353349130085,0.4320615882928822,0.5018238139128487,0.8008376466453067,0.8178391607166346,8.830186183100922
0.49620872299875074,0.9339572844143479,0.25453523581271054,0.37030273893686416,0.29996336344574015,0.048890217997491936,0.5071806178204606,0.6169979537564091,0.9281445813765606,0.8909460110507423,16.859897877453975
0.6287860723252393,0.9240881303906301,0.4504371301369954,0.13092658840535087,0.8095962290650273,0.2766618023618478,0.4342535642844083,0.24356134592386436,0.7589980397920597,0.26911311491663137,17.163185015926338
0.054909007363025064,0.44180135683774135,0.9323178462893368,0.05292761670570545,0.9566803111858142,0.49228268471788417,0.004364748198380175,0.05369344600616999,0.5730730672924905,0.9952302734415717,7.657052006058461
0.508950716212584,0.8137118413893905,0.7120544093973594,0.1042597879171474,0.67278197635336,0.6528234990377654,0.42911526409263256,0.5003451370099244,0.9140294588510496,0.9203175124778286,15.302235788069657
0.3698406335612757,0.8502516323054732,0.15431417163547567,0.7645861289040934,0.6638998625706417,0.19077964564206162,0.05368432653563826,0.15049523499920536,0.3197001955940948,0.10924687767664021,23.335740248755368
0.5739186232436193,0.9906899188405132,0.6171659355466462,0.677775880643103,0.4071240470059867,0.27780374339375413,0.6308997652842481,0.8873516069481029,0.7466182377907004,0.629156216870416,20.886321024819644
0.20501931312825317,0.5891630424531645,0.6281035223226402,0.008362489169767562,0.6697502666422589,0.8001311615957601,0.32759621321673493,0.22098358630570236,0.4146147992796414,0.4640938698721184,8.337373038349304
0.8587521133138502,0.2997938425919061,0.7706309890664402,0.9859460754590439,0.8302171317871773,0.12246157436377614,0.8534958643913994,0.9565673613466045,0.08743815511555297,0.26593515390557354,23.318410375493272
0.5045989872106659,0.4997097011478101,0.49577623294425566,0.3424114198823014,0.6034404781787862,0.8630179206946971,0.15289316238097272,0.5841371520188997,0.06006925091851367,0.903832540588048,14.351940106337056
0.48662898617478545,0.3457809159322417,0.18603333565607838,0.43155192762823713,0.17528465487702205,0.23910359391015512,0.13830087097430055,0.25869031265464715,0.2992066566612478,0.4568266327296914,11.777409493394769
0.9099341113974095,0.245660814707916,0.45992544302663396,0.12344443701359264,0.3610495358717364,0.5306775055053963,0.3532450155366129,0.711859981893485,0.5671945227659256,0.7598129447118698,9.008601218133007
0.03268926674215111,0.5573688429153992,0.19553939179970936,0.7025200597856215,0.3551238129386709,0.8739653825743294,0.33245885440296963,0.908108438881182,0.24033496857993597,0.7634281673016595,12.53275859498539
0.3834384751724881,0.9718948009668666,0.7493733943995246,0.20318595295424335,0.6880493805603709,0.7676321532957119,0.4738626059785652,0.0028696166418971103,0.3817521776938301,0.8907123646752446,16.204886836506443
0.24585205316171777,0.4507126227589463,0.13499043149825207,0.5132290437805116,0.6022601912120739,0.7272530819246047,0.9397822159772353,0.24980213441927024,0.06057061480193893,0.05232294554566319,13.690902006686466
0.6937598690564667,0.8145285352250069,0.3709531637536613,0.9960413599910117,0.6311797752697742,0.7117286794993477,0.8508862817893876,0.22736731577627833,0.033641106153475264,0.8739015600816529,24.38512605963398
0.7037354530141058,0.6844793257127091,0.2091904952013971,0.3304229582717054,0.2678339991133202,0.9437265671957142,0.08087582923874581,0.11300890120664397,0.9063965645330664,0.23897058585059394,16.880783177607796
0.11345940149204381,0.011325919090753422,0.05148516815109527,0.48017778658842114,0.74763733764571,0.1640251889328217,0.04200906061388532,0.3555205902007873,0.9269359222443552,0.8343102606505033,14.693674302999504
0.07943177667865498,0.4286651547784299,0.9898363158884831,0.6260270060778248,0.9046298296251385,0.009587718785456611,0.42757723256284674,0.19850893396930658,0.9697433756788352,0.07933057964335921,17.35576194165121
0.7857048987296146,0.7689510132481724,0.13159690175471683,0.5839421377366787,0.8644411073493691,0.16242330804822214,0.4309900745898777,0.8390008977996323,0.23122052988631514,0.9673923876443077,22.910411421595597
0.6886765555701599,0.4734767277139522,0.5823361080606869,0.23288817488912983,0.6374076530421868,0.9061209957148731,0.9671358151876397,0.19613680588774463,0.17958090480549938,0.97726540338973,13.1108257029327
0.03130248384018308,0.399774037450344,0.41174395739705927,0.39593887854599974,0.004816572932359819,0.0052774091714700155,0.4311708651458418,0.9733454405544909,0.9670888015228045,0.9841601149758192,3.2060255409226546
0.6613685122834994,0.07030343119319471,0.5430666826491802,0.5531571947040784,0.6384066985451365,0.5488837784834069,0.9715989122501526,0.7463290609749312,0.58278724197048,0.49660889894477656,8.015595301567071
0.35819217226852185,0.8826070901654064,0.34120154052475715,0.9953802800506358,0.7616156645024784,0.7683263380078845,0.6172600092622517,0.5336356525494201,0.5851991882353749,0.4587251886347071,22.67336415109655
0.21608862933810613,0.9507014417368658,0.10450889073387826,0.22233356655784464,0.6050712905268022,0.7697081366435674,0.32991496201377524,0.9509401786342132,0.441127166958448,0.5387968602138699,14.479830585469593
0.28254961903032383,0.16985447102049278,0.7306951488378656,0.0964368477420604,0.2608218879881381,0.061930609602436903,0.8967404035356812,0.7838230550520325,0.3983055440026291,0.7441808207016603,6.660619523685202
0.6366876270560343,0.1894683462848904,0.023262898962643108,0.27236017700393955,0.12604544926474426,0.7631574627041567,0.07379447519950155,0.26988853463213014,0.10345040517636772,0.12084841760055032,11.291816375375918
0.6509051921536322,0.6945823110420511,0.6148670724347003,0.24695604771638668,0.454721463109639,0.9157589524559108,0.4262590337148924,0.6591298691718163,0.1539799368587842,0.10880987333763614,13.492504875971516
0.4102524454138238,0.18434538226441066,0.5449925725896858,0.8990380082349538,0.19682754967551086,0.7079791265953014,0.42148334612597926,0.43036719107962174,0.9969612102267592,0.5275722162485921,11.689978752935374
0.480625316619819,0.39417486040781424,0.4173623561972478,0.872278098687432,0.24552109508964248,0.8189625765111117,0.7714856264125489,0.6183645180248857,0.03525247410239718,0.35591958187104566,15.162306100149433
0.6835841057378701,0.7664415598220102,0.5759923468006424,0.027144294232635202,0.28566853985070184,0.7141705683448301,0.5697694604665645,0.4204692434421414,0.9494813470519478,0.8166836746031048,12.253587507873778
0.16207789601663303,0.9419767721527036,0.5141824167451214,0.3615278281945732,0.20229345800467802,0.796343849977475,0.4686351286403059,0.12870800143143013,0.1396581746322869,0.3065276456600283,9.811173473983885
0.750425454700365,0.08661849744196293,0.9457845997445393,0.807819588842308,0.31598677989055357,0.7631487671570372,0.3007024535322531,0.999756949621023,0.41032605306834347,0.3652521707290042,16.209812251615666
0.5126056816257412,0.44221487760406586,0.682051674006169,0.603841395058773,0.43863492724279307,0.2308742072537877,0.24019276898980224,0.09229658182791212,0.4866768365305725,0.36560323586809385,16.415683293582376
0.6569860623948484,0.48138753813939716,0.12973548635134857,0.15478179017174476,0.49207267050183146,0.2118870495341052,0.9521432235778953,0.3613422456233435,0.8960504176835381,0.5766414030917236,14.305188858037912
0.6833106879143002,0.40714796517819984,0.010680670154207594,0.04693368055938507,0.14553504894465508,0.7708144269475636,0.4050407567801334,0.1468974937539984,0.30741316910959837,0.6335108551373313,14.832855871694344
0.8022202708794094,0.7767827954773711,0.6356170843030249,0.4049043808877244,0.09985480361091881,0.3285857829216716,0.3105432098520021,0.24757807071255744,0.12114475933505908,0.297636371500244,15.012445583740746
0.23633313005462253,0.8795336964395642,0.45220770366454366,0.4473864248547227,0.3614411854519657,0.3318819036899243,0.05391471805578685,0.5788132094361919,0.39413455651801954,0.20474014641792204,12.218413670666557
0.6004039225284091,0.1798042980565373,0.0034345758408693694,0.6763842574674453,0.649774697643074,0.6382076939425521,0.6524556184901491,0.8818616169298147,0.7321408964176482,0.9913910798474034,18.711116765532072
0.5388202923310876,0.8994400878002256,0.8003447518221177,0.1637636838390133,0.7389928661353916,0.48893300174039966,0.28031478701026624,0.9243636199030175,0.8513688578669533,0.637838732545599,16.412677159922897
0.8383058089125025,0.5850932901925081,0.8733828544505473,0.35061441322583964,0.3487540233821379,0.7005092751863229,0.022611582065110714,0.09654320481375389,0.9393720340320006,0.6283395949096905,19.37849558680331
0.3468121746879673,0.01717560074997959,0.20734217228882446,0.24159091566508384,0.3587482927851967,0.9892075971017557,0.13610385309772588,0.8523877262204212,0.42763405317630954,0.13709490190381146,7.128017393706445
0.861292197257942,0.9221934747780672,0.49533227708860894,0.6212336602105388,0.8832952298481321,0.011132249301929131,0.7760334519710135,0.18402185199841625,0.3129374577953502,0.08661834781404087,16.006939837926257
0.09643979773507094,0.0947068112877747,0.5391441116679542,0.6631596718647472,0.9004891658563562,0.5512152920333978,0.29563549849730264,0.08102209926407122,0.046065441993424994,0.23494222326160386,11.722154827689865
0.581029456161873,0.8532074693793419,0.9256930845491631,0.05631648680208501,0.6846322738510748,0.7190250039644756,0.7272667269759756,0.5535038296854168,0.8473507315394503,0.24892231159110156,19.184584273920848
0.19665221463987081,0.7155495348109141,0.8320660432948563,0.9902908904176643,0.19139593592698245,0.9848900222498165,0.1909984471346584,0.7005628046333969,0.2732541277687426,0.4744082279792363,16.8351343570058
0.30407212307968456,0.815264373913214,0.5848279042375398,0.5918779224388367,0.04339560290434785,0.05241115009355879,0.4186333191554995,0.9563403387032221,0.9762970458776306,0.7389074526080366,13.92325528756048
0.7497156949773449,0.5038820219873227,0.9188425498029619,0.9601785455166177,0.8777168242660345,0.7523111381446472,0.7296670856660991,0.16321187541992288,0.278875539753057,0.9250399247149721,28.362243821795218
0.9783813258187959,0.7114739784006645,0.11727901260898355,0.5691735599257497,0.525263658672985,0.1750968031820398,0.9881183321463823,0.32981237453569234,0.6619425135115383,0.2556299468704084,18.862055485703134
0.8576743847023385,0.17638947693238383,0.756337273114568,0.46379110046252203,0.4426398455742343,0.2528762300220514,0.06955046727866732,0.9977980958175837,0.37623677634016306,0.016184458202418872,12.8098713531146
0.48948569007498965,0.03477584886796414,0.18338508636490114,0.3182344826173411,0.30706583788033115,0.7871427445636106,0.1432841642822329,0.6681269431618576,0.31892685518155917,0.8225326137190269,7.628484231155103
0.7476296896897592,0.4840396920930127,0.5868396837778437,0.7883047431737148,0.2384931657580427,0.578426985587514,0.6157242700178903,0.5182221022806167,0.6887961483682361,0.5666764857059419,19.162169607931993
0.17028550672944542,0.8073299914610416,0.7119943412835716,0.23909524528408044,0.06661229426694648,0.2876685240409671,0.7236168537812485,0.3051289080759887,0.3968435119640543,0.9736380026632644,9.228194125670882
0.8196251956947513,0.4994134581589884,0.46384857327699935,0.3579806136325898,0.22774121651412427,0.0525958676967182,0.5381713333320531,0.6569327605626885,0.6483078601444371,0.9831532286132607,13.230358512185994
0.785710205102336,0.9069334281506195,0.7461989831128768,0.9206311969092124,0.3038286943874674,0.44923696125647694,0.6586466929809709,0.9719897927543615,0.670664891379542,0.7412278055138164,19.93683179129971
0.3378801236792476,0.8417334185076274,0.2711749216653544,0.5217135402637003,0.5847942671983785,0.25883383487024003,0.24812205874734794,0.8500054631561769,0.8766736352492652,0.9761664441274424,20.769572501040333
0.05271918788430874,0.9028506046342042,0.5691054578256075,0.26020151115278944,0.9044869553272095,0.7992226366400089,0.024041041114318373,0.3946246489802404,0.7324961898732958,0.32409030107088055,8.282774952609703
0.6193693954246029,0.7258001600579148,0.9102913675230129,0.4074312622222387,0.8602292084332817,0.21142485728075378,0.42848172433573206,0.7260552742072178,0.016487444292269116,0.688221917491661,20.955741773924952
0.29187753155052776,0.8667807809012451,0.6816948907643305,0.06331869079916597,0.4556396133474454,0.7122810341194153,0.11005879835229648,0.33979311550222513,0.4654844717594896,0.8628512559162106,10.189074475509337
0.9730085148019955,0.38745469348595674,0.19897599255317744,0.7446317601030445,0.7748141081417632,0.11752284222135345,0.8191913389163322,0.10969832920767408,0.1278988220002637,0.7579033261855271,22.215014236009424
0.11932497299692713,0.9086757779424347,0.6591648296592441,0.6416481375802394,0.31212728765145137,0.001157566863393522,0.1607596798295826,0.5952762139733685,0.6382977024945021,0.6798267056215668,11.70381115617381
0.5932733811245889,0.14439857161438485,0.9434750258081758,0.1520374666895904,0.9081761183591115,0.7279936312612678,0.40900614878879393,0.6792370683936962,0.8429332181624879,0.8079200969774144,13.305597247188437
0.9333838444080919,0.8763705887290659,0.5558020161056287,0.766038186033866,0.5072805139620585,0.11612788000756014,0.15168015063244644,0.11960779966357182,0.9495227377043615,0.8634725433601887,16.46313435784779
0.22563284555844765,0.5388111023417519,0.34865706050226997,0.6795390670333439,0.8717032115667357,0.3009974432822822,0.16029211784937936,0.4816864420395808,0.595177384984105,0.0006850444214844265,15.24129628014589
0.05482397189470056,0.9072699721482308,0.49594257836644307,0.42689180318118414,0.9748634213761859,0.15590646860831914,0.494941890203331,0.7009368015609206,0.06344064774403335,0.21557297074483217,10.524668526778457
0.867071957707506,0.5199360307400797,0.4021632056962152,0.5019360164832963,0.7280179335728361,0.32070976600804635,0.5610079623568451,0.6962126035160466,0.7457537215421308,0.11474854726294348,18.60301300640093
0.3545854370409076,0.3576056831286898,0.7817607908976905,0.6124108913480758,0.22072902336663403,0.9565266961139578,0.8653803157898173,0.22574797535034763,0.635241810703416,0.7091465250527222,12.466463422494895
0.1741597335559174,0.33363716055893466,0.1818758354932255,0.43227556864896144,0.18310252400379223,0.4228827473520911,0.951834340859747,0.9596874654011952,0.1780736652392646,0.8382142532613391,9.090744001352082
0.003612290064418433,0.5017305366224818,0.9677074068516792,0.05834743108298179,0.05019875039607591,0.9954853462556815,0.7189166675972045,0.4841807795104799,0.9916346723101608,0.35966575223429187,5.9436469681484265
0.911572327027312,0.4807924360486008,0.8762301058671421,0.9327186508088031,0.11089914992208538,0.4702999120925826,0.5651972674339958,0.5642327892135361,0.8957010600372007,0.1614723207295421,22.98947361661034
0.17555996627310966,0.946296476311867,0.2532017128971148,0.9480195222140634,0.5927410481651244,0.03250864600745018,0.12878953281149286,0.7597750111774243,0.5666247959295468,0.5755164186906365,20.08694525832188
0.18248451883621197,0.3129562336248942,0.2589949032229636,0.4300935368932497,0.5145186097264324,0.016048016810081722,0.8392047515506834,0.058373878924378064,0.26737878292802375,0.11093877187125023,9.090703917447659
0.915907015845581,0.48465827686704854,0.06803533392725347,0.5361691102811417,0.6098803288754296,0.3342933648982127,0.6493931017540345,0.18458734253795162,0.5646436322714337,0.7900985476536045,19.244752092137098
0.9044687915342037,0.8122885040865284,0.9260795804219487,0.2221027380153271,0.07337937741462086,0.30670004180119614,0.8701757193852224,0.8721980294336288,0.9939978539796986,0.2597058597139412,12.919025416899915
0.24851122352375843,0.6658485767027618,0.5862295787857472,0.16760189699243444,0.4346852951145501,0.7873754759904354,0.7802112643916678,0.2807405503876039,0.4034579103899678,0.6886526468007538,9.91297141295993
0.24652075252705885,0.8827119783064141,0.8403148328154403,0.024746218351834326,0.14304716920983374,0.7427283892801422,0.6217544079462071,0.2228569736885847,0.3038917234671905,0.36540448141848825,7.971372325987203
0.7898684538207674,0.804802939032506,0.760527146176313,0.5608908013305641,0.3267591718561047,0.29689922177593475,0.7390188482451949,0.2650997575275804,0.6252955904809576,0.4941587942306038,19.173965104453416
0.12278528851859416,0.7079221317711591,0.14159557344085927,0.9715233753886641,0.6591244225281342,0.5619033082900295,0.1747307309061491,0.5435400349192211,0.17614765123523546,0.8140911533352893,17.377876413941458
0.9606675031776147,0.6330269874016636,0.5313139671193206,0.20744565314623298,0.054793364738492945,0.7938604676077572,0.3803150913695521,0.9263587794328223,0.7518506911707915,0.8107077353147639,11.040017981489795
0.008244878844726689,0.3258923758335791,0.09753740606294015,0.8537888527962232,0.22588844954598153,0.694617924212287,0.9763222343099806,0.004084734968162307,0.047829547671993544,0.845330477553347,12.14199652303252
0.893095882315937,0.6985166875662815,0.7530685128767762,0.9068830132117085,0.8970996898286876,0.4292874003125411,0.767416214384463,0.7174118666792086,0.007776059589540085,0.8980258231901206,23.224019856392538
0.7148602880240094,0.9185132726938365,0.4929202860013103,0.9436656138592376,0.9351643242968227,0.40354824566623637,0.30203766303250323,0.45117456578119264,0.9624944432901608,0.008073127543279601,22.842425271413845
0.046233726684019594,0.758502405235855,0.7729594030293699,0.038593941565129075,0.537725156732651,0.00046190382275679287,0.7597078194787038,0.48799450898846386,0.8601870923826243,0.9728615542637171,7.774976885104783
0.5512218902838444,0.29642953241723824,0.40207400987751873,0.25078019878616153,0.690280713286964,0.8438365831467557,0.9157108833879274,0.8485997371518218,0.18014474824951254,0.21030723457344935,11.92300117630231
0.8972195442976222,0.18349426426180704,0.8287471664178013,0.8485877766430314,0.5355354503695348,0.7873508398540647,0.4683844687026877,0.5909012300147267,0.350092308161972,0.3326324746410838,19.90999364221128
0.41851693927430145,0.754676625257432,0.04037658978490599,0.8612812092140969,0.7041025296872188,0.604922984386151,0.7282473664234264,0.8609798297236883,0.552661037267162,0.059444264095232846,23.024246365989516
0.6730622750358932,0.41213031115905585,0.8454061251731225,0.07339631699993188,0.5546934757125338,0.13665528331983368,0.5877606765546923,0.037075146110003954,0.959309996075955,0.41459024880448725,14.589751675656363
0.9094551632796556,0.7827153680621063,0.7269108870118473,0.6585343415570656,0.7763934176548288,0.4891973331225459,0.059906438469979895,0.26938640041047135,0.3339219869477874,0.15167842421345923,20.958911828130137
0.2625329027653879,0.7185864772973304,0.8788405305343547,0.7451313075851956,0.1253502071231104,0.06112781372584186,0.8092394585666353,0.8709526032922054,0.2748107623486187,0.8606461398676316,16.32989518277844
0.8593181721922637,0.03970708386571198,0.9875356898200757,0.9201483722440414,0.9901235949165055,0.634113653992468,0.16934377774033682,0.34468359326511167,0.7635334505449292,0.5618498673778524,21.490636905291915
0.29309148231488724,0.9930811633464687,0.5539600046096549,0.34896691514367295,0.5582681883146412,0.32401240529030095,0.5119620646557451,0.29072091452586846,0.9382931208213952,0.19437491041009736,11.988360965310365
0.8207529261015382,0.9828501194965329,0.30270914680763683,0.4342970191009634,0.054394571282354254,0.111927529136568,0.7955856792790342,0.19077333591564816,0.03839648523975858,0.7932193533044113,11.440946315155413
0.214396622131107,0.055617322469683206,0.5642890931613751,0.06645351226761975,0.3250624018881706,0.4757201904310998,0.04766251771274432,0.0815706046231589,0.13500784091635365,0.5252459725981249,2.55517595782608
0.9961284548129368,0.5229044742469405,0.4701783183374736,0.5525624191100077,0.9017415944412726,0.6833358417431066,0.7115306232011226,0.07844873509549755,0.8721608520717083,0.6709017313516814,20.886267537949468
0.7486826938095186,0.04965828567592134,0.04172436210948016,0.014455989008640091,0.17972833566850954,0.34975478112383407,0.5068591742851094,0.5684359916210842,0.1685530316580286,0.6345780588603005,5.202557538441614
0.5427222803728354,0.8823879519751481,0.8715151771380532,0.8531234023920413,0.4131896902735466,0.04725171483393975,0.003993233281397335,0.7377637176905965,0.9192280695396904,0.4776141812117143,22.612284250427322
0.8901969567095723,0.40598767843704464,0.6999257886121503,0.8837072032278324,0.635968294933317,0.6827497548288117,0.6943868216597796,0.9674688911049413,0.6313131029418696,0.28480632314393495,21.8771255268808
0.8666583571172514,0.30559217033008446,0.5534658305233873,0.7465386270551093,0.5383559747851163,0.13207320616174545,0.029569176709360656,0.6961909289380125,0.6856964457164643,0.019043341514867196,17.63838645892093
0.772433551148762,0.5075583057521361,0.5629475806534536,0.371628687964658,0.7287015723258704,0.6434881966146402,0.04112647697609251,0.2614714397042681,0.9582704311234445,0.37943304065971784,18.510086857794423
0.553075600453837,0.5392646629806431,0.2602652598021822,0.08717459568556485,0.30633618527179884,0.14953667248106783,0.8194298718957272,0.9859650325502555,0.8110235767505076,0.653961490755363,11.415306587493562
0.9495322041359279,0.023769503367650047,0.9986521869819103,0.3083612688789019,0.523466444062172,0.28549084165620686,0.6132408786101082,0.6835232643109788,0.5444352317878832,0.739934823105629,11.941705261735347
0.6378047130140259,0.20678387767498252,0.6514793774911309,0.4835954304131703,0.0783875306860875,0.10289839101021947,0.6225526269796844,0.8934967356758763,0.18999994522393182,0.2599420186527164,9.585144458801306
0.6214438826685954,0.6663802676499117,0.8098022749424859,0.6537577694797538,0.09352011235716495,0.2730196909795254,0.19925980437706803,0.4939319218331405,0.6225496396317047,0.24204637005551977,18.016142788810207
0.3963454422750412,0.36129316027252856,0.6314005388734399,0.3353217092875058,0.6077117656102511,0.9577388622293332,0.0614702136803148,0.6168431449767621,0.8027670606019471,0.9185055260410331,11.871707567560108
0.6113135388053723,0.19880348418781923,0.9786065025308999,0.6889957647817584,0.39923403228985954,0.14308016241504495,0.3341666500243222,0.4420825195544472,0.5869078400620781,0.08552205525481371,16.99869673207045
0.22894534848860937,0.4166993299209186,0.6029691089262574,0.3154206598053996,0.3253673924292253,0.5869015055436353,0.3509643118149811,0.7993911427315613,0.5688482758771577,0.6845088910573589,8.57642112360938
0.39284962340999896,0.6994954797559628,0.9487452450685672,0.28338395052079945,0.9755832516133388,0.4008305543221885,0.8094442129541479,0.9396888852818643,0.4402892372032374,0.1461596896985753,19.302654814551154
0.11627222806716131,0.7085217085080785,0.813423021911442,0.136667507639043,0.8308402673397337,0.23169919547351825,0.9181993161431371,0.5602983064175195,0.23617931390659674,0.6174781313663343,10.139481272733073
0.6834552456733188,0.22534161152018317,0.5186157415411277,0.8445929116421083,0.12673751921998555,0.9983552511402586,0.08723595749737145,0.16634638287703585,0.4316743580345995,0.3340777884242112,14.52872244795389
0.18226962352061127,0.19980767713759917,0.6416369365853632,0.5263975240130875,0.6252559958577955,0.14320944292691706,0.2944289377747309,0.2163582499255764,0.8237370428609869,0.2381431088848487,12.76751032040693
0.19091187833823442,0.6695083101684376,0.4352348566358678,0.047275092617068304,0.4205173244050161,0.35737561426113673,0.633095606003653,0.2674000938150656,0.6715497432752812,0.3388222456702167,6.262360649366022
0.015650347483866622,0.8643745693883206,0.5249155920865062,0.3276425641621603,0.2497254142738793,0.4367531541190499,0.9941619512972902,0.44704751953916355,0.6514885265065263,0.2919410687688052,5.284973649982951
0.2776770388838137,0.7832868219753392,0.5891304227379741,0.7890569008387078,0.18625475198960795,0.1089734647365519,0.7649988217704058,0.3771238959514992,0.3014936535351863,0.652819058232538,15.582407192540044
0.058668445856702944,0.22006902096707937,0.9567936495212161,0.46431697673637007,0.8439661470330725,0.8435904981598344,0.5828542243892468,0.8701808469691651,0.8409702836450005,0.6317765633038934,13.700778596945627
0.6428982031484884,0.5292913803003285,0.0913675022212862,0.35617244242828516,0.30507035895393475,0.4496147247071022,0.9998647755500736,0.42578220902254393,0.5870567375763355,0.6136854956835793,16.670507488508918
0.9601275010756364,0.1165519103082363,0.4286018726861772,0.886959285410702,0.9328356518235428,0.16929738275852035,0.15311501274532924,0.29921287987679823,0.1168073421908915,0.55476543754956,17.655608782214387
0.39422988245674806,0.7823515631648885,0.772617170871857,0.3041839885317824,0.39282112597513374,0.8944226706947183,0.4388739689547809,0.39561152623173756,0.7364430096798438,0.6531424571388182,15.855002847384684
0.5208437079293957,0.41309116111673394,0.9817860134062113,0.3374025378359372,0.43547130263384737,0.2808848725600037,0.5480042690707599,0.5618964303787715,0.3240557628717706,0.3093700458591163,16.37279851041252
0.17685205708886242,0.7930292931117966,0.4023315369048751,0.339919697887061,0.7559218566729489,0.5366530451648759,0.011362678311528596,0.39015645903084484,0.7920606735969172,0.634152465667294,10.954864276418832
0.9731912898189292,0.34942127503898124,0.3872603087293265,0.715485782731341,0.09806395692251801,0.36510605170885646,0.7701570478459758,0.46428531481325264,0.5009545000859522,0.2565654080588614,16.057424594389694
0.8069823079618557,0.6454486705207934,0.18771747972950292,0.4782250787576159,0.7407207100143619,0.06043994543370479,0.02413272552493495,0.981959992731101,0.47851039175969823,0.5221630020738729,21.70154365879353
0.6434523789668616,0.07900416490902107,0.9199344859455628,0.9514485332088164,0.7363118434586776,0.06932181648716707,0.49076957667387533,0.5092881707384436,0.11325049428050116,0.8187528861059851,17.26141908279403
0.7994870430992735,0.10042040931760599,0.31150489098216283,0.8291550077702963,0.6506246612164347,0.7728234422127676,0.6998856094248318,0.22544630889443096,0.989126974358414,0.11737080041739845,12.899503817512286
0.7939884544592117,0.7953172702520148,0.18224609241766765,0.36396212347711987,0.6187533698667982,0.003508516810473594,0.9142724999246854,0.46686954262743563,0.8878000901639054,0.8463133407150948,16.437864688069116
0.1281140250918139,0.19376247474565877,0.8468225005156551,0.7896140750773218,0.9696982322613709,0.4929243274694721,0.7863159043992478,0.5659560957691155,0.3538177701912065,0.4729829939512644,15.222324479925673
0.04513778023006887,0.9377782754716794,0.0072190207144994245,0.2608570405185313,0.061398704412804705,0.19790034788229582,0.9690254272681311,0.47431300771465756,0.16287010116887368,0.6060801501288136,7.9836570448590685
0.48143035927858246,0.45720994101370305,0.2454553045358402,0.4100369288301251,0.13894170989033083,0.11970524642878833,0.7959391455546151,0.4565587088452039,0.061344386160335995,0.7904832589786029,11.472060245134426
0.9913937922713232,0.8736339486320872,0.2798459084610665,0.48507810060091827,0.4492796766674316,0.30339041567971403,0.42328300973821853,0.987196703227326,0.07489212846726467,0.7089231388342009,11.742066332891273
0.6614143348100543,0.6632107347953721,0.4135553341308098,0.659418099470309,0.5858307170745595,0.7525048688881754,0.5989926554201817,0.6463484757766766,0.2009212470710099,0.5340606398427178,18.999776415963595
0.4415859221015088,0.04333788916116077,0.5366440051098399,0.9786128405960167,0.6703999256575729,0.12606547437162618,0.817061497070462,0.39231458423392096,0.1318978293331332,0.5500133061469746,14.223836787908793
0.3969711275051887,0.40314149254295206,0.6151620085795538,0.050136665981128425,0.9019796066227813,0.7786911673385815,0.8931051200226533,0.5835028393614193,0.913535199168819,0.45346185130087213,10.970267217722933
0.6427816267295998,0.2528877525440836,0.9540069806121082,0.30498557970624485,0.23760088851798067,0.6472272460842814,0.07363311202598832,0.2378173137583377,0.4701168806080821,0.5389427607796704,11.88304892122769
0.8641654759531603,0.8310751254096281,0.9449370014570834,0.6410052527667467,0.517801033731232,0.25986375916750026,0.49657697834817627,0.7116937775429588,0.9980940946121364,0.8033710946863009,20.13197244651116
0.6991453225047759,0.7879217178839473,0.5650516000450586,0.5773202552528013,0.10976193234031895,0.4574938232328133,0.3977033012004988,0.029732128369885147,0.058734328858307205,0.722558358373185,16.428118647075564
0.17282522950841384,0.9644378449668454,0.03763226743488379,0.7865052688531113,0.2616583599305591,0.14625007701480897,0.6621745355410321,0.5618167205584514,0.29335031503655484,0.6251902178054541,16.874698628845827
0.6162879556358895,0.5353768566574516,0.3489023497431025,0.9749431036096534,0.8808761268155532,0.5373949907196381,0.7093667244116482,0.7559914419323012,0.544374354307768,0.04525922378426839,22.660449279425418
0.7531572922855115,0.7304641855912316,0.41657640289389886,0.4463745939292715,0.4025592793344205,0.7941069365448914,0.6046635282502724,0.9830074596738598,0.6745953641287495,0.3843160722874064,15.926576742149205
0.9080734947568752,0.13554050683284313,0.09380457307894818,0.3783723838965727,0.09553412124873872,0.9034759370934942,0.2632020017180634,0.8685926802798314,0.30070812321393625,0.016456180923333785,13.70719113130153
0.8788435794554846,0.41186494675401375,0.00767847483678985,0.18409666506078237,0.8746939492703042,0.9591594928485726,0.9635012730538967,0.6149596498858966,0.767024722022502,0.9908546965437657,21.66990260080397
0.2713313014716905,0.31845699235457425,0.605532710123946,0.7349728229516074,0.009368782794496266,0.5494420229519729,0.44689244606278655,0.8176942301513096,0.4567050859147992,0.7852599083821106,11.695267484152675
0.4024452134326115,0.43776571033585,0.036070415621311525,0.5788664024190747,0.6110712220895334,0.9606088558642394,0.419115299056924,0.9312080766500557,0.7440038892652642,0.7293973912617474,17.067830896969806
0.5322225285094423,0.3128781686920279,0.659421937858447,0.9438696811082667,0.5723789875863573,0.7143433473657975,0.3174890705152579,0.4497948728318947,0.6866413900437351,0.14043035178206786,18.562317679647094
0.6503526702707725,0.5892064839208455,0.8462241337547914,0.2199748455100069,0.9943982867351567,0.2618175768159159,0.4229709511740076,0.8980722522289623,0.2620639807220101,0.6816073582171177,17.896724951236468
0.252677921137866,0.9040026704496765,0.3995733846817644,0.8231924022532162,0.726468224258344,0.12237107307791484,0.2643924069535707,0.44989644892625547,0.6145546171305623,0.7153580673472617,18.72262778083835
0.7416243827570037,0.14246157937805792,0.7384317532320279,0.5412345073044246,0.5172783705594501,0.6741739395226088,0.7949139803728661,0.457559390529071,0.17852996651237463,0.8805489216603339,12.53109372841917
0.011379525645022204,0.08921913531143655,0.1791260178257873,0.2046842017733974,0.4169311467288541,0.7082335020390123,0.7016605854680585,0.1489207053530145,0.4928288924516103,0.6830325017731256,6.982524781670489
0.8235900869522668,0.5606236606231761,0.35176587434601114,0.5209854019989545,0.988956254857153,0.08601953891016789,0.6617204247673626,0.33063622707013285,0.81119152435596,0.24558966558089945,20.11012618315006
0.3625456581490464,0.30375215097942365,0.5559250105452717,0.01932791166381409,0.913791325864751,0.17992051930371655,0.2374062948252773,0.9733861008071784,0.07584144056599995,0.5127084095291121,7.271560200068113
0.5478385613837852,0.3858340551010858,0.17989662540561036,0.7725538505996442,0.46034072409634497,0.7954063611343686,0.1572431634715341,0.9199425030410486,0.8864980133628912,0.09470470239523054,18.25532519145113
0.7837230922521387,0.11558633966379461,0.6288931989616205,0.9331137116848031,0.47694760210443177,0.9376544646849925,0.3362496285172347,0.9259329784721079,0.7949182161455547,0.7211832830698761,14.482758002414501
0.5938333824180271,0.638141027897062,0.4928752385286631,0.23896290174529922,0.48761602567959594,0.8830271616679979,0.7745434013428544,0.6106785187221413,0.0071115526379174065,0.7932706730867801,14.522384952226291
0.4456565020326472,0.5832519242753049,0.3170977679851862,0.13849700822751554,0.6421554463958341,0.4995210729854811,0.35548443284824094,0.5811492161405252,0.9363475211171589,0.15780373320130026,14.768587803951178
0.8804053904950121,0.3890696060565648,0.7496115292498579,0.5907255314069217,0.4630366693725073,0.7862442545467393,0.9001656934567637,0.7999095884575657,0.06862373917109976,0.5406104417689195,18.501447814875625
0.9879568777836429,0.42931202593412376,0.9391343123232805,0.9162663362811005,0.5518913235210539,0.2381962378837601,0.9466018646099471,0.8290709462449793,0.8466371859297294,0.9789053717761462,25.070401668050568
0.5222903725977499,0.041938228906875374,0.7803120847450126,0.2308173328041192,0.5885050238839907,0.04919147032164939,0.18854788775669773,0.3259139500993098,0.23183891704121806,0.35503853310318334,6.633473596785761
0.2480141576505872,0.5602357868607326,0.96166677903665,0.7985302960227036,0.7026140299686672,0.14679990902424633,0.18457243644442245,0.06012690004419741,0.36778815494690587,0.24882199106136094,19.729578613580312
0.24588265937821707,0.27644251441446444,0.14400277693217578,0.7523320603411643,0.11497146255230273,0.8288234991658447,0.884146374159862,0.6817415658011857,0.7031266569798976,0.4753742521699036,12.322600404515173
0.8364055852112033,0.8982190070688433,0.2764361736385267,0.4832902832757632,0.9333338811746751,0.6658915760661076,0.8849679144637884,0.9167187887652968,0.7938042893348526,0.4381689070632514,16.38378495771396
0.7154279622125116,0.7809995512831623,0.4798610678643157,0.6086721366254462,0.8855484613558506,0.36914125095413675,0.5868029010643016,0.32172651074930825,0.9445142085947718,0.01690878899759074,21.041404827322946
0.015223036205191054,0.9367098413161471,0.723932724224486,0.7118551238653368,0.5334482260473777,0.660960281125429,0.16295830619694984,0.22241991667960903,0.3504837221975451,0.42721312646123466,9.986216855776261
0.8696825388110043,0.07385708884851416,0.013691762614507441,0.7468834284096328,0.965231457895042,0.23565332076505618,0.8990344877454549,0.2061761145024792,0.8307563064782844,0.33734647120658023,19.58288703880658
0.994676300825023,0.41616836426990855,0.18047891183351972,0.17329805781716356,0.8699109247734551,0.7659798502284133,0.8342335882434534,0.606005078670154,0.8124251638811243,0.3532306809465028,18.57375154375943
0.2424320884028841,0.7978117015070728,0.5296396174257171,0.41351454340467775,0.17268336818472696,0.3754165268047066,0.7663268231590563,0.7510631312243972,0.7594818700332775,0.8642170819293571,11.289267754291316
0.16358614420947148,0.16419161479640587,0.09445037791292066,0.6313623003668895,0.3618478612549143,0.4438548296726448,0.7624139478469678,0.19255543013483467,0.37422496593180066,0.9609991969405957,12.55208536910785
0.22312445981490814,0.5874739073183286,0.4107564921731832,0.0829618818979092,0.07092813211076754,0.6516707017098994,0.4272402628488131,0.004375738205709467,0.7783739073498751,0.20444054410117574,4.8883275350492985
0.8517871708940941,0.18199588257959332,0.13064912728563494,0.47238836771854975,0.9823596994142502,0.8265020496887039,0.9460412098570393,0.928320589400894,0.19190906632004145,0.21132650095042727,17.377981522675807
0.9265283825583666,0.8900285707278708,0.7304808039707162,0.3287544481893012,0.16537285171405203,0.6302870986690686,0.5174682529724731,0.8434027831786939,0.6795722511845409,0.804967533879667,11.580756498383055
0.30753411331165603,0.6329829023704023,0.18546090757793587,0.057054568618196355,0.483397730335132,0.3228196273676015,0.012187585372951837,0.7847981448446717,0.39625285103748153,0.1929567286333611,11.059099701332695
0.6231537266195301,0.6629280726723045,0.9323791537034277,0.7155612204507803,0.5074604421927686,0.28130274974381,0.5065595072675052,0.583065479249267,0.7678069770156221,0.5366519215624072,22.975070395438806
0.36221771414394743,0.6312338591579659,0.07485099204973156,0.20500272843659662,0.44219766907243174,0.4077906337339047,0.6611818720052709,0.3251579385427191,0.5774746650087611,0.6703789202020695,15.040547444298294
0.07869284405765076,0.9227452018641473,0.32524115620885263,0.8953043742249788,0.24662548834478681,0.25003174923325755,0.648326141520476,0.1387508962353301,0.8452688875473847,0.6424525840975819,11.09778565022833
0.938845578510984,0.7911147931877431,0.8430427101531409,0.07177391172046454,0.8582968800448191,0.7205241973144402,0.6109779663305247,0.2129123586197148,0.5797034421857807,0.40263580876681204,14.546007419051552
0.015769219947430413,0.7072948913837122,0.745443918692686,0.1441556020848931,0.8292453170912549,0.8739814444614389,0.9172010319371363,0.8435205192128816,0.6763211812094513,0.5736848577739435,7.808755321337677
0.7904088337503277,0.7269785952487327,0.8490633491681321,0.6225372415410771,0.3849259675689213,0.6262376756098421,0.612590520738517,0.785742607702968,0.46289317513349193,0.048880056224014146,21.46423768186033
0.22877672323111808,0.8790875725342894,0.4493209813132656,0.3062872788577927,0.6592058997071576,0.8603045492958625,0.8829524490402276,0.848121785793978,0.01476735836106291,0.5352794721989153,11.93043953600718
0.3868881217864304,0.664530524447292,0.5568118802921737,0.9453542998815215,0.46842133878840386,0.30309363297038217,0.7909893461217878,0.38177298650745894,0.9035973768841079,0.4819480331736702,18.54882484344127
0.9777865344719285,0.9889252101030526,0.8023484269003348,0.519001564360402,0.1474832352430736,0.4313273262144438,0.19408504749960243,0.2416794258502314,0.3708178869065577,0.503562829857137,9.406169464222359
0.33459854947916456,0.6793450528266619,0.28216582581636707,0.6011619013820426,0.17557490704732703,0.46881498066235594,0.013499389219996272,0.14075536859164928,0.23060970345738896,0.20304756005580582,13.77317332706024
0.6196365408957607,0.9024702945078085,0.5714493565548432,0.9273239270184711,0.778701376493404,0.5738746174714937,0.9853343091908985,0.5860530157332295,0.49445603453195397,0.5016848495541598,22.956507211540412
0.7975240256245584,0.7366266118371172,0.9174567368347774,0.4389512103433282,0.8188020144134127,0.6412106952417719,0.5680104499149978,0.2201402567848838,0.2964616853389609,0.44138197791166145,22.072687457700827
0.6926932937024773,0.7739629679221308,0.6718105400391827,0.8816258659298356,0.9108672727054609,0.6596881727173319,0.24155024856129015,0.844979299690715,0.6246677083580334,0.9464337892931433,24.809506021908383
0.503874291080448,0.8151531315228614,0.8150674775824813,0.8626520670499686,0.6625769085815978,0.8352430971627145,0.5855621760392941,0.6316203614934347,0.27742950614313766,0.3695651333853599,22.17405216028737
0.8179513708876298,0.5471661284849542,0.4270141821325445,0.11861397160516385,0.726945600912067,0.16861464491927913,0.701117186144853,0.2561994067305511,0.15774797140213592,0.5094589609637871,17.706997220042975
0.22277588700578888,0.9980132992855996,0.31715472446371795,0.9355466910605823,0.5900664889206624,0.6958313799353649,0.3732958738320882,0.4658730229458973,0.3692659816912989,0.5009380459012487,20.902378006853155
0.08475243127797616,0.4059748327693423,0.5176918436487459,0.8895384537417549,0.8652780578443906,0.09572810145661759,0.11631802191894225,0.20046175203242056,0.8483105071560126,0.8360481529060395,13.185288712022391
0.2905402193553196,0.97800834948876,0.16833654029850942,0.2897737891347876,0.051886003932616,0.30889632259592337,0.23826509998021428,0.717015165372401,0.073731123630139,0.39430713506448156,12.72941072630377
0.08364705866912692,0.6866645517034716,0.018084521619681215,0.8479564438154991,0.08403777497160614,0.5180108594462992,0.8266434955730855,0.02869711540560127,0.09694301979320696,0.3556852539681904,16.48153160530921
0.23154475016972742,0.6949151200313639,0.6072842873115332,0.7345490337124235,0.06819102636421415,0.14301611491424393,0.6852108897439289,0.34961321094915987,0.6476705115893963,0.004862900676781079,12.342636448220071
0.8730303945987038,0.3133002636996265,0.09983812868501363,0.9235266619243147,0.9998620763947517,0.11848793305506111,0.8659768067395249,0.9746931901627058,0.8454625123873918,0.7109175310365928,23.41746929347604
0.006273448024760486,0.6045091621359966,0.6956692228210746,0.6738873863830679,0.7946155092296949,0.038576834477833444,0.7189300313913318,0.13999645552145912,0.28526987625016365,0.6674325936831784,13.584403853069162
0.16317427278801622,0.5273434871693279,0.0625064753519794,0.9067230434972748,0.30277164627999387,0.246727518308405,0.9282546614979106,0.07561398499109673,0.04071654414950221,0.4066966622934288,17.600035471797742
0.9682018330036369,0.3302056506715755,0.485671125668234,0.3442792545584499,0.21965294661051415,0.08327708238387688,0.1393354022232094,0.977266628949169,0.11496525404373803,0.2537685162648333,14.791283541780667
0.8698966554882641,0.5238153959604432,0.9924735648597672,0.5176518533629982,0.48381186981182056,0.4198659866315688,0.6366128414560793,0.6712970984163857,0.3276871196384442,0.16070514522685786,21.764479525031152
0.5191055609117368,0.1892514025101062,0.7932768542375461,0.2657333524930626,0.863046670020359,0.8496680072853271,0.39621292294001664,0.2670690255137843,0.8881290095867377,0.03263762478103427,12.332903339829258
0.8280235185092923,0.6639789224240239,0.49439466950699595,0.5171234904522173,0.6347414718512644,0.8563700176917163,0.44918660219810047,0.12230239200890536,0.34165467042560815,0.7411506408355758,16.88625044815496
0.22484371519886504,0.26935217977615533,0.3789794706589926,0.03307594440080974,0.5315776252919662,0.942103379934003,0.05042701525045967,0.019540932432671743,0.3229421726728008,0.8133647006481192,4.790371896182169
0.06870448430499376,0.5304178892419359,0.8552613683967314,0.9646786358404027,0.29794771895495575,0.35348747378501744,0.5498878235956833,0.6807494048335077,0.019093020729438193,0.5754635462939084,14.710863416781944
0.10482612751029396,0.695651753924188,0.4651964650252133,0.8751008286114815,0.6526694407339874,0.007732266648295627,0.4893890095013167,0.01720673939356976,0.1342735712519958,0.19078285637876558,14.53776177081058
0.8369737140509776,0.782085939683105,0.02316756842846468,0.3454519518650051,0.38323930456942334,0.6596435073542181,0.9512499539326729,0.5171236968306624,0.5156720032374673,0.8761382734093273,20.660353160066595
0.29332002401025237,0.8530959356352505,0.6347474176578759,0.07928258512875341,0.5634734184209693,0.049036735582525526,0.9384233057244467,0.8846389676944846,0.12576738458315406,0.5425443977420037,12.64453201572148
0.6487515048874243,0.794337193658304,0.633350490259484,0.20567341228019798,0.9341718800478993,0.06869866658020496,0.26274584321305083,0.20817078298910563,0.4007190393617903,0.3107159908526508,16.22789577666006
0.9237247422106504,0.5613335935352237,0.21465853293944293,0.9571227289403126,0.511104996505444,0.7243083330142008,0.24493458341555163,0.038615687653129616,0.24353199617404964,0.34356264744213694,24.624105340824727
0.7805956688969604,0.001929447263830819,0.7967427944423221,0.9181632884124296,0.19297060862869464,0.9682307760243214,0.9413709665631449,0.814097530920589,0.13821723995474156,0.9115057085936191,11.060436726794226
0.7886526511556065,0.23366444335121495,0.9392511984713264,0.36541186906627543,0.4642333795400868,0.695446888847382,0.3882984275480523,0.6216399664658195,0.7336522897819718,0.6394758801235809,15.73961857238193
0.6107303289629598,0.7088289443131692,0.955934083765813,0.8948720575824466,0.5576857400700738,0.27231076003048327,0.7185138111558076,0.7241920033275969,0.6264199232195269,0.33085480505943055,24.736219356531844
0.6477959047571494,0.6584492515194774,0.05564402555021519,0.5793124096242303,0.28738098545281876,0.9449732443195399,0.4987820221105007,0.2916491755351177,0.7016692151992916,0.700117789646319,21.230812443715276
0.4822640442326902,0.5604188440090714,0.012139694617216756,0.1082225059518862,0.20502263708370638,0.1195710174958573,0.6437593453371718,0.6068203072855018,0.971045376350996,0.11245942588877089,16.23074618239392
0.4930875658532239,0.1690830183909635,0.7936450354704917,0.40059301958081306,0.6099578105527206,0.019823140870274036,0.5884767165913924,0.5501379744559799,0.4940641453918143,0.09008504125573547,11.769739085453471
0.6393830336445535,0.9649620771257562,0.7751269218283846,0.9924033594704267,0.6792904365328378,0.8497610563250297,0.5309624088646666,0.1061479267387545,0.8945318503858969,0.3146145154638188,23.850838245595874
0.013804815383299585,0.5367390137006779,0.4156628109529036,0.9963706252132594,0.9245412415552444,0.722195682741552,0.324252658284627,0.006855832758465241,0.9794548324240855,0.9114862478033696,15.307715718814991
0.42705324303314474,0.22576030482093157,0.5443079902166289,0.7729581395631385,0.309107396187447,0.004706950084455985,0.03223116507400903,0.8982969673607012,0.5383178052981096,0.16685889875421478,12.33660072717886
0.9088494349486372,0.2908333774769941,0.5426878526900863,0.8185833857522126,0.994420412284371,0.188302166627639,0.4727348545148685,0.9585790942622731,0.1205161685592312,0.28111781576821027,21.059810166856593
0.903565136321346,0.615469083640733,0.6606166436625126,0.9836091228785157,0.055409522081681484,0.900381587439263,0.05597816430746938,0.7988938972893462,0.4821361185299444,0.023228427917189265,21.801262740767402
0.6790288492893193,0.5609936470607302,0.35517722098610416,0.5710593110135925,0.8390369363678107,0.31406991709307186,0.13079695030335037,0.040838092567658024,0.2183148502400971,0.11962083750906027,20.55485081338532
0.25612875323343387,0.7858811444214882,0.05022079351706532,0.9027613655686644,0.05008597100234824,0.9316569131281702,0.016904357375028378,0.8429810819123853,0.8390945642598029,0.8531801522977693,20.21665081174955
0.08893449873289772,0.966788596565689,0.8256057428152624,0.4183137623247567,0.7362065602606607,0.8950592105829502,0.7918483207439827,0.10025986128767739,0.54191839159032,0.6617969239830723,14.075671993216897
0.2964473426977139,0.22599044735317098,0.0937987140320925,0.46105104053176593,0.09130528385119985,0.23922855322811598,0.32726218677475627,0.8492248843493538,0.30062108512227603,0.4955265421544748,11.409176425899929
0.9643309160657048,0.06996328258427753,0.8346097258554541,0.09007686460478403,0.9844250571228906,0.2864128962227189,0.628397002879394,0.7199669584531369,0.5123390326480495,0.18495016474667203,11.126329842017158
0.7389912202956579,0.560176968672786,0.5523383839625201,0.016858265027124508,0.05791351421225943,0.17395057322008434,0.41375616904002743,0.6297871904664417,0.7804342535949504,0.9163547489837067,9.532554229756192
0.6616463456488569,0.07828919167620585,0.6625609724074206,0.6237874083760199,0.8413353925949043,0.1824748876443466,0.8052679788441887,0.6569146562285522,0.4750034134796278,0.6946516913066842,11.473656727429963
0.6217083430201622,0.9767850580463092,0.8552448238063074,0.0362821295659389,0.3859751927113557,0.843905606557171,0.3756610091948588,0.5797293613204758,0.3612591802589419,0.8998961171758258,15.329364437390264
0.5619918290962717,0.08634161391328277,0.06150110347988125,0.13892178859055315,0.07683582880609086,0.03257179584773118,0.9645068186506381,0.03205012669267826,0.4167442099036174,0.5941603090286611,8.688240030941728
0.3308451121871029,0.9856243371632694,0.44604543578870826,0.13462735295977946,0.63739894818678,0.5017905751097944,0.7666602898431818,0.7971746461072897,0.526926459756717,0.013661060586256157,12.286233881475415
0.48920578478795573,0.17845067559941152,0.19976833892114965,0.014528811725319724,0.7449519633818591,0.15136756770031923,0.9742956200466559,0.7578013869110983,0.8431442707513499,0.9439822389571447,8.14493975155999
0.4917622851445935,0.6004667454376776,0.9499442137889971,0.8825579656273281,0.34680639105216016,0.3177515185143782,0.7268992459059715,0.1261746226267917,0.843367041879369,0.019118368396015994,22.209351127542362
0.6288456464268515,0.052781518713107434,0.1076528411602724,0.5611593308358749,0.31770665974773193,0.019828922052002373,0.13507803244638716,0.9747343196522635,0.6902825568575193,0.9133455337767826,11.31083756894707
0.9627921151391661,0.3943095421891676,0.6691422923541415,0.6744058278766936,0.5888152425553542,0.31801843530174323,0.3183699843090628,0.9886900670219502,0.23164342974385577,0.1389672177840897,20.381503147204164
0.348139968163785,0.9307179152584849,0.15739013294823367,0.8539285820431334,0.5995165821886961,0.03875552162203555,0.41230965494806615,0.530258687386313,0.7344467611200737,0.0676475960773606,23.768400159311206
0.8104867381112788,0.06478218430953708,0.1088281851110513,0.2744789750637958,0.3717603240846479,0.49503250281704136,0.21187612666443423,0.20556923938423788,0.8483592321164312,0.697649034420009,10.497626599479943
0.9398571056585324,0.10423538962284418,0.2557982660854725,0.19710472116652422,0.7933616025238397,0.4827419402881611,0.7900869584966446,0.8302621418818191,0.14131650224088532,0.525348807957635,10.08535221024806
0.9014595017230779,0.36370401187494394,0.07680015771009152,0.3912891381744008,0.6393653587463617,0.7645387543825096,0.2731412098408932,0.43169108833527603,0.5398540722605454,0.10603012304551351,19.610881325532496
0.4787271497157809,0.22848188471040154,0.7492673571873849,0.09837942789015774,0.2608262187988012,0.7967936265396197,0.06905229322938522,0.004617898729683767,0.7496805530148517,0.9371813470420468,5.656463804391615
0.7267205388929555,0.9771699428568116,0.6196523163219659,0.38866284043835364,0.45295286949401425,0.44220699767249805,0.2825463703370761,0.112605591558125,0.58060343046146,0.6261216525515906,14.862620257984203
0.915954522707205,0.9297760335867951,0.3955280055749786,0.7326548956711711,0.5996382856897725,0.7357045911423096,0.38634223084875563,0.7395481978668322,0.8319583043489774,0.021243589173006727,15.71503466218267
0.5377051239159963,0.7142845105616155,0.9186416384655874,0.8005166797244212,0.657909624232508,0.10994188779822922,0.8899947002812123,0.005730695832607546,0.6485067849532256,0.6954850146387797,22.395502393511126
0.7427564297500527,0.05787923236882497,0.8543003730230802,0.06392607353643298,0.6147546273138597,0.8470474201722036,0.2464526822557721,0.21505757026634775,0.07330684187334091,0.47201607053341543,7.88054210943893
0.9485614608541781,0.618088568266628,0.2801388152514175,0.9900064795485024,0.5803034744224572,0.14361789401406821,0.7346312911887404,0.7348610528104071,0.32288762182618735,0.8488956102012385,23.53325887809192
0.5939015037472826,0.5038758413753869,0.9598607332043637,0.9789072236545845,0.22469882094702331,0.5284534647597884,0.15319404915875467,0.12834511465190623,0.8739976752343578,0.017140455168007995,24.256231360053086
0.8771602683676889,0.44778886763720294,0.45330117985682405,0.36671962754895304,0.6548914920419162,0.46833385974238806,0.9058669628324059,0.41321842387772323,0.6307574539897346,0.40670927734892126,15.943074028153735
0.6663962293902026,0.7739956834994858,0.9401964803428643,0.6395997538235102,0.6824494416788326,0.022029082141633016,0.4147222236788627,0.7763987156631664,0.9800001634864166,0.16644645985019524,23.863808522724028
0.4553613463659606,0.9074814560840965,0.3918743753204944,0.03911836719204187,0.007002289069544032,0.3374491468392805,0.2911698677017205,0.7340939377372616,0.014779091205369355,0.26468611789415375,11.394828672343145
0.7094391584552497,0.9035063240039107,0.13223273177149952,0.04769221120530265,0.31292248091306885,0.900905770688297,0.5092470925122231,0.17554776744938805,0.4144136846012829,0.9539283444925835,13.071125952547579
0.9844083198927629,0.22693664207903697,0.5617811948518296,0.21364590315076537,0.07757546447096786,0.4220605966994766,0.9465665166937266,0.8171670363082512,0.9407911425078148,0.06925669442060267,5.872762776621652
0.02916565321833553,0.7470199905659425,0.34045702900309815,0.9711721685639353,0.5939216089539697,0.30642297983380007,0.8014597211309957,0.9046027059849358,0.09505520308592541,0.9984207742890913,14.155366186297282
0.3809376797481716,0.510438296811788,0.2747177144419449,0.471583000589624,0.13748838857249412,0.9024733341696004,0.12137264578295592,0.7093390139726184,0.819537539388447,0.3385092983698792,13.401274883320578
0.9703529531861658,0.3857932882478683,0.5682645533978975,0.7473907149974554,0.992247805084055,0.23233832041081248,0.44586645879903186,0.6173568283571624,0.9481428494231493,0.9582454986192479,21.640777728023263
0.4203795491881105,0.6577973261065948,0.2384730578428561,0.8985555443123929,0.4803487218313597,0.15166318422423308,0.9455904718871607,0.5831980958381232,0.4327444164107128,0.013603280469714707,20.66482353156355
0.3821376268123515,0.028247257630940492,0.9936455444369305,0.39040334624534856,0.6106636696982741,0.43065720005548247,0.5861296933100452,0.15878205435958936,0.48496854874159234,0.5365130669379023,12.25136368753283
0.7874165315992703,0.011113292325655943,0.7680272428380638,0.7637636051711364,0.5187500554271479,0.6816594180370034,0.49430804734550116,0.8608236545112273,0.2502929173572782,0.018853865733940434,11.906334548070847
0.013648823044017155,0.2779250517612949,0.28488795755580654,0.005282598043653497,0.5230610269687183,0.47947898797394795,0.2910514387750972,0.6351159599487769,0.08256913822688672,0.2838578038025388,2.807685520162604
0.04451190030458774,0.7190716035292857,0.5792789884961689,0.33665587445995415,0.8608159478906129,0.5212971764210789,0.016068687769339896,0.4160061441120608,0.8930274527206672,0.40777636004705053,6.5626916828035275
0.7014672342449112,0.6611689121711003,0.01843044418500861,0.09910460562066259,0.7820683733754386,0.8613216592961168,0.8681148345817526,0.8652021549218998,0.014851001029858923,0.9665415134283728,21.996178173331987
0.6173663998020706,0.81096171971616,0.22672895427655126,0.49051758419858504,0.003937346592536972,0.8813058598982071,0.2737926985419846,0.6292568337972532,0.05825649076730999,0.3217532876298723,15.204055369089788
0.26006964495979923,0.5418445254893813,0.07022102700546096,0.6407686758191112,0.09085613634154988,0.6076047823785715,0.24072142440623168,0.028379820655095367,0.6890429323921156,0.003326788488621002,15.793286438677443
0.9349956692250236,0.04540054816503725,0.19003118239069572,0.00291682326942988,0.9994614093330778,0.6549155810954125,0.7779023206846941,0.06587998920629634,0.2296030661642371,0.9112680203278696,9.235840525615984
0.4400662886502522,0.22780350927867488,0.26932554305330014,0.483695108458559,0.9874034567147459,0.2991174391900725,0.2009541988588095,0.033725093156546926,0.43738798228161135,0.548469657274032,15.36879153378678
0.32411983231620356,0.12075562243669913,0.3262720944395645,0.3101155611295674,0.46669370156876044,0.9308437261398448,0.5249548270311907,0.20906704145361632,0.6998288606681217,0.26876028134541163,8.272030449857008
0.1969251009839995,0.05855162259028679,0.3634541012626237,0.04940323707372796,0.5326915710975129,0.009242093037599042,0.5655016197268969,0.2682014274077701,0.5425171094546393,0.14912746085469974,4.9622954642855195
0.44232126130941707,0.575566274585441,0.04647572724227644,0.8844456788918166,0.678435805634101,0.33589787221957235,0.682072815658028,0.45172866273984025,0.9591853745950135,0.4509127585481951,22.53556884761247
0.3057222966544779,0.3068678051803756,0.14094728707988435,0.07137294764223301,0.5139526311377901,0.8913109608191738,0.44488175421345433,0.5299019860247095,0.17396139319722614,0.09037706488304764,9.605143772796353
0.9057347881734099,0.11580400746814568,0.4733250748688864,0.17022000091157152,0.9159120763236726,0.2573400216332252,0.12674097542086782,0.08188491057718372,0.05869978212259752,0.6620382424104916,8.517169018835755
0.10523004351627796,0.2677102407424722,0.16532548888764775,0.6459184144126352,0.6978181106785035,0.007083434616117934,0.4903217940358444,0.1062360966834569,0.9366827639750465,0.5390980587677895,14.476145979794905
0.06606187648112039,0.16028379722303143,0.15745565521049265,0.8345113561966271,0.27362523521792215,0.286219751374178,0.09093761100757503,0.28946517115923354,0.511918873516008,0.9546259094701675,11.04106388629793
0.9136332108358732,0.8180844525034058,0.4297608174744081,0.508811236714303,0.23110675011282056,0.5312128907355358,0.5791395554641166,0.25359742383762884,0.08544695488848053,0.4267105188088105,14.19758959632058
0.8193050061451203,0.5328131384244547,0.34281394929070486,0.4626940633045611,0.26012221100086697,0.15739295032968392,0.3012017804980128,0.18921296963667822,0.030053328797040924,0.7098192377304855,15.869919071204919
0.1392699608894763,0.5600033805720913,0.7370500567866599,0.1541490791169452,0.1264898023829345,0.02537438905338396,0.9431054753354123,0.33097949305720475,0.40596630139322143,0.4648603769618792,6.214471892390365
0.30685077564612007,0.9159942016308948,0.941666778579933,0.13291227822005836,0.48153931125660665,0.28759242004290686,0.09824690228053967,0.5271881264406162,0.9359158200938948,0.256762774766777,15.117129209903915
0.7189335236043009,0.07170211379932656,0.4238691137729683,0.0859045800579693,0.5781956795328631,0.6179156747433285,0.4107793848132506,0.8959989803793202,0.4622301946377475,0.9094350892470442,5.992022550239666
0.4131055562642504,0.42636934781327895,0.18922787411540298,0.8767516491570504,0.8533978740773709,0.2513600995297579,0.3825620475095821,0.03614115300451892,0.2217988425469415,0.8389396451399264,21.490536346841175
0.8750952817919255,0.7782275006880618,0.8699825342343488,0.36115545697797835,0.45685742263317897,0.24703858012668534,0.8546288062145709,0.5636931832701122,0.7126234161511977,0.9224464164055896,17.587763371016905
0.6647024075679945,0.17906818191324758,0.6219962421212833,0.3123583783183502,0.36922870174640043,0.46366985669147465,0.3206544365588214,0.29981797922832576,0.24200157741258577,0.8234591466468919,9.51678318237233
0.2785622882402371,0.44178656063079536,0.9518039861021738,0.9461181584024054,0.23949476831001704,0.481521612633968,0.6878269201831549,0.635502160503614,0.19825652697267637,0.4825202898901144,17.240093558501083
0.4883853739221451,0.9873374567869443,0.7786207672826724,0.11010849603502348,0.7905171346536912,0.7245635034309436,0.22613304015816826,0.3852339395220151,0.11489374059475332,0.34273055630089233,15.759800652476194
0.44922587918838275,0.2587246156822274,0.273363794858389,0.056237917976181384,0.1377923443051251,0.9780985116668383,0.11054214609303037,0.8451441777154973,0.03099706519426615,0.9064377253235048,4.381277293148981
0.7821943101731919,0.24721924232178139,0.9520638561106038,0.49384085774034037,0.1443605191138425,0.12099077831060556,0.24294496157271628,0.3049234393562599,0.1774933803561577,0.16686181483363915,14.259068581634471
0.16319602991622895,0.235359427882589,0.9635585732268371,0.39245908461699086,0.8156405001830486,0.37898438546055746,0.830271580005665,0.7538101784888139,0.8215182264918068,0.38140315228376886,14.321616288592363
0.14899182684634715,0.08590694805269017,0.793509498637745,0.05566647085668763,0.47353883477551917,0.602699052345306,0.3927164080971143,0.7198370166136637,0.751488903368776,0.2348382702283025,3.534870534050169
0.2068925637928255,0.36528173458953705,0.6441282647538846,0.31554873495102365,0.8492108519304303,0.07051064925331296,0.5862201651257831,0.09840518395116171,0.8234803092457398,0.9313436013514076,10.127612671639511
0.9110543763686008,0.5461782939549459,0.6463049939504234,0.6621902114022161,0.5235161654153998,0.14374383833029103,0.9577024880357874,0.37121458886400394,0.9909694983888208,0.06445767152821591,19.86417177047937
0.5710536300658071,0.5245203976373349,0.20080302502103609,0.06702367461456071,0.4018724440676926,0.437695254772849,0.05292502415677702,0.4053378279061658,0.4653896661424356,0.21109085622572088,13.672790311366636
0.6098227335049913,0.8756972674137823,0.6607154024175163,0.11037605815931406,0.9604635385051102,0.23982941806154423,0.7824316431527852,0.4425328869254517,0.07163655349284503,0.1954939715185392,14.8759270774267
0.4755023667708853,0.023945945019235304,0.7987691968356256,0.7709728667522087,0.990598980842617,0.9512267787214616,0.3739015302165577,0.15555669303472897,0.931119784113886,0.13548683145638396,15.594800761093097
0.003674861883704472,0.775020008634718,0.8469006170483223,0.6261067259530859,0.7088236851059607,0.6761282326749181,0.24927409799245537,0.5019211964201946,0.7488578045356249,0.022589571771439942,11.418462507572944
0.9728957669927213,0.6279714138639773,0.22866201412936382,0.9938035598930861,0.9091812770644054,0.2297701188101775,0.3796479613068089,0.3663673540191249,0.244265521752016,0.6398586349804904,23.7686773615511
0.6859734621331061,0.9486668204024586,0.5653032964591979,0.7678481726062657,0.4848490868448355,0.27697278512464873,0.3859397115876869,0.6268602842742012,0.15167852978631835,0.26974848365458315,19.132885926421036
0.32635401332040403,0.42289591801731097,0.8775885544827928,0.04554447416115526,0.061985244547170915,0.541263683694795,0.3916747427832301,0.9332469992247875,0.7183943223026101,0.24875739269190533,8.091814192725328
0.7143958563328808,0.7549931263772818,0.6886438931949401,0.10394246058694523,0.4195880682758111,0.6816985736620512,0.13248446054825402,0.35590444063081694,0.4085291850341406,0.2438643889698514,13.812885193207222
0.1713532369155052,0.005825604247122085,0.4049785438603316,0.913837999144008,0.3706667108890138,0.3868665336821351,0.6300317118242498,0.11217613439148266,0.04824751429587071,0.4630474463510831,9.463103598342256
0.7522647503194013,0.22212930710578882,0.650230909226506,0.9636824388919141,0.12664331036530008,0.4404508106178401,0.5391378396355123,0.10776616163462138,0.1421921236821433,0.34622589987518493,15.334568504764247
0.12352656520763039,0.3671375041516268,0.9312597316748958,0.6982217964600553,0.6162266981075365,0.08121287725416859,0.13489120496552864,0.8727583435042608,0.8724941115106202,0.17453127357339082,14.880685747096878
0.9777086611162064,0.8855413897747484,0.4850337666819323,0.22164219668625795,0.7796726948103234,0.1742340393082631,0.6562878991003079,0.6564810964668131,0.7330748969786084,0.5092123496145022,11.241751787044592
0.3280069847228233,0.8845163836448102,0.47576722655186465,0.7237336190389588,0.4078153080409824,0.09099992474304575,0.5446965028845343,0.22949700368844395,0.6902136298719281,0.1534241930716036,19.45106796923678
0.3687085817701595,0.34766210272214826,0.5621518003811554,0.1625929982479304,0.5303816340112861,0.8150913296801985,0.2362428384093046,0.3100349026929202,0.8186491092317616,0.5907004746659728,8.477973318604697
0.6375869467592897,0.9252862538053104,0.47154267629980406,0.680250363312913,0.49473542104175394,0.8476338823413074,0.9677449268176187,0.7196834314805808,0.8802527024483351,0.8370491465768508,18.10597219124667
0.7785424693017176,0.6237609847544232,0.5263301635666463,0.36208481233655054,0.2137856901495917,0.47099261516314106,0.9810872805631958,0.23066917536974663,0.07335707618378229,0.21409417223413085,14.70148511963565
0.9461679889555389,0.6943014505669732,0.7081183388621128,0.19219403255869738,0.22283410000763593,0.5241216480331944,0.4746098024004375,0.6008823503757577,0.5324533850855561,0.9874610882537438,13.386748638695693
0.039051424139664115,0.9667872253814875,0.11373847342668164,0.7262559037050882,0.7403638247800417,0.27962366551964335,0.19426931898883804,0.03922544931765359,0.332692013968501,0.5703551959302853,16.093843321840588
0.6706038396848295,0.6629934128881592,0.12946673076324766,0.6447247157993721,0.22645598884382123,0.8166002547478068,0.14618492778084935,0.1673748727120573,0.02990871714901533,0.27861735114590425,21.113483425612056
0.15160214179294107,0.3569899576078036,0.374134554221347,0.5667236832371028,0.3542479817498454,0.24377438817588704,0.5526842005914963,0.3427689513659523,0.1647319613597228,0.3353104869821599,9.512535619709949
0.21319481215655411,0.23501754810198705,0.1191687326157117,0.1709691289293448,0.871987226517928,0.9719817618250672,0.1113779464816651,0.6296695552160713,0.14442015147518106,0.0855983120777346,10.53866817539128
0.13856975261621696,0.18995375708747764,0.17319036118097086,0.21875275018940765,0.09672035709000615,0.21499138578570443,0.10163373191311564,0.19849771014447992,0.6210434794055655,0.022341106987965986,6.019810422831749
0.5127275546040833,0.3731051140310949,0.1375521793895137,0.980682195388218,0.24118545914853928,0.6770129390561437,0.8248987433715322,0.4824648118089987,0.2507457218100585,0.719112908534618,18.849051809074567
0.5152445050548253,0.2118971827502354,0.6842416394049105,0.32647829654675564,0.5794059777353986,0.8638955440823136,0.8062177676528136,0.682500014109952,0.15319510454673557,0.44637951718152125,9.743971000740581
0.9047803756804494,0.169187976489383,0.2242322277120552,0.08640393977371774,0.023472579013047445,0.3944717560643044,0.29814836371846376,0.9119313640044434,0.6240181196948035,0.7309349201581636,6.961540057723646
0.9978484123854328,0.2954932930638704,0.14870584193360048,0.2813072182315025,0.9842232920681321,0.24697138258748408,0.22534216174107669,0.017106311345761127,0.2266234859209667,0.6660411948540031,17.303729856023047
0.6837389333193622,0.6748958065710257,0.23797073843895333,0.1860387314561347,0.8195252668826397,0.5010014659878691,0.7611820471909291,0.3542884354314909,0.41121219615654714,0.6003939786695313,16.55533355782134
0.1897896097878623,0.751592641322159,0.7355398794607256,0.15240975968698045,0.9376172700710825,0.36554079885505164,0.5562109278689108,0.33613734648031324,0.6917367993120791,0.3287423196158701,11.420281565085162
0.30526005467370765,0.6693824114272605,0.05768380068963652,0.9084455427494069,0.45029055586314737,0.4928334853297949,0.01647747255408405,0.2167893011016886,0.3557397162240181,0.5356404336568142,21.09466865711867
0.37037714049216697,0.3742278314197801,0.9696114525015913,0.09942360323314337,0.81515972940685,0.7347992834875802,0.8832801864179759,0.22870539356162956,0.6540237719494177,0.7652205677570604,13.163114774768506
0.9264958625634526,0.687128504822124,0.14006661696430478,0.8130741138692408,0.6857831305096845,0.4461172418132525,0.8578692923322436,0.5934638027339985,0.21245481221905005,0.879841388147622,23.039137398996445
0.6914857223483839,0.24142005950053025,0.6584597287291972,0.8127465258165363,0.8816484897768544,0.3541741904630179,0.17199326906553303,0.6378744238882408,0.5518238834379021,0.8090165062175552,19.226245776319683
0.34378697837556316,0.12258435463651118,0.5842874445789725,0.12183213596231124,0.2338712837975775,0.9810451238578847,0.8429840139245517,0.3114747890180416,0.3870448850926127,0.9943755368505786,3.3987825799867593
0.37846689878386286,0.5443990755627286,0.6929170607770455,0.44525061266261057,0.7761869183458159,0.8307248216659819,0.9187447356399069,0.8220862116482633,0.7330087081645822,0.13764025542971992,14.958565628197391
0.05588152933179158,0.0230171205092371,0.8158569426642277,0.36123571027472934,0.6016868330051256,0.4173572557532953,0.5868646423852717,0.199732873585581,0.2754324141620007,0.14844900081458645,8.665293402162117
0.31070153345976315,0.3325071577176564,0.40346965158645964,0.6611981321514686,0.464889157066636,0.6079818109228331,0.998659104720422,0.8860003876067976,0.2718869170031617,0.5853214806162068,11.731269865262671
0.6999253220434895,0.9483039908324816,0.9381603336579644,0.8167342966097841,0.15372429016312172,0.7303445531750297,0.5915503116774735,0.33133767133443814,0.9384515606152508,0.6206846374350582,22.064275405898613
0.0027418427869987383,0.39976473237512455,0.7832508991515705,0.47106426945819846,0.6042878051475026,0.29235237872931363,0.05422442923224202,0.6773715131962024,0.8643876472021192,0.15126134128663982,8.939123814288276
0.35552519746939726,0.7661445351366484,0.575109319439099,0.586959860118125,0.6222770097376881,0.7208445936462591,0.3341725029891658,0.8121107911481319,0.6054206663246275,0.8237248796067325,17.05711698758724
0.4448150442536899,0.028709493547421694,0.9541205176557316,0.22383260741582356,0.617530075617736,0.9265085989153993,0.01706655208631669,0.228984382633592,0.590379439577974,0.2303140599582133,10.44157922665184
0.5086701627784675,0.9353567773032131,0.3396979867766552,0.6318304769437175,0.7299251432502191,0.14194387999057445,0.46805522935752586,0.5275719443228002,0.41068987224056586,0.8020372351135227,19.830670276394187
0.41652134040781463,0.18655871661234136,0.10778225080858639,0.561586696634684,0.6898677478856455,0.7490564028050849,0.25325295314594176,0.5198528978912563,0.17031664212996578,0.5595687142261803,15.638623636968648
0.5081551918596715,0.7276611258553292,0.35089049878174394,0.04284109196879704,0.03310902621850631,0.2406783492943927,0.08459783168336943,0.04696123825480458,0.5381376398383619,0.9650288901832703,9.831232512592342
0.9804610844053876,0.25175450564847657,0.05363300363993084,0.3619216213997678,0.4486521632260817,0.9709691661295499,0.9592910473818498,0.0699006483561132,0.21455456932676298,0.7249256830518697,15.431268002012011
0.8235112374686979,0.7665289717375328,0.9634385336545322,0.7943529356053257,0.09456871806001776,0.05333189871194233,0.5009148630910153,0.5103975907428867,0.6642888357052754,0.9358951580628267,23.45056441640127
0.5696796080299253,0.4965126412665368,0.8840334576996166,0.21894127703087363,0.30378323872047286,0.7752350793702356,0.2611279560184716,0.2828729586162836,0.40497315261503586,0.4620287225637584,14.553158841017538
0.09339608175173808,0.5779206355072221,0.2264323224686865,0.7880850280382128,0.5514385584331682,0.8038334888071006,0.18633527546843576,0.521596772760131,0.10844627561112119,0.07361199632619941,13.191754332353893
0.34838670526642435,0.6861546213352416,0.7739148017756673,0.7079237003496018,0.5506821813490045,0.9748664060488107,0.017033749714444713,0.2453879444299647,0.21877083099566286,0.5853655557193259,19.506559430474137
0.7297200571606669,0.031181211436330125,0.9532776476389928,0.6608902477554898,0.07375252229374629,0.353983380141768,0.9730532689755654,0.1512369346176783,0.07259180930586784,0.8804648188580417,11.745721028228829
0.8669984855045737,0.14237654998433313,0.8912036465207493,0.5246342761056672,0.31642310949819097,0.7463014600848177,0.24471032685778293,0.44960009137471046,0.7927638672921443,0.5980072249008959,11.870068918612011
0.5867727683074815,0.17848553512428067,0.8835257351970792,0.8606251694105606,0.9354316670908572,0.044187897554680555,0.9690938911712546,0.9833645816305453,0.03714336652164496,0.16128401821457106,20.086129511848572
0.5608187856270849,0.5225511359260375,0.9944944242391175,0.8127145218285977,0.666365217634663,0.5932900114866558,0.1535170832942233,0.9029617608413442,0.37804825134714004,0.029261277369642458,25.328949583080078
0.2665663502032858,0.051206801968254556,0.19551972316783817,0.6643924654701558,0.8432186367774251,0.45052012144929576,0.3545616531428999,0.6068120132248087,0.1265047153026182,0.1858674495246626,14.676385001410098
0.4338362565443983,0.4309169211623193,0.7046866519596015,0.8307494114056425,0.18157397393785746,0.8555167472344168,0.031638795072881476,0.08526991743438239,0.4838357597137706,0.317873432296082,16.988809839887224
0.5388865072364315,0.04689723266255541,0.11956827188554897,0.31883112310977857,0.7469642356103707,0.8523460878262473,0.06889830289006349,0.4611726276419209,0.39315638389465446,0.83108786841912,10.690660219975884
0.6916388643902073,0.7848565825058569,0.4227236968366489,0.026187994607192233,0.8990670471941414,0.013818578959670091,0.43227245785664503,0.23956029568615977,0.6872538449630838,0.9318105235958882,14.554389274849905
0.5782699322276027,0.6210087553274812,0.5925462747563661,0.33595927990451413,0.872118764713342,0.4945030956817381,0.86528476116946,0.07245661276448345,0.718496977652997,0.18578012204783378,17.08113415294811
0.8860926968069563,0.3277916760945554,0.44122448717469176,0.5308968575231653,0.69692932867991,0.824771400800693,0.6116394839456318,0.9671329192581575,0.3145995592109626,0.22496328561178736,16.698068007178264
0.9938774068854253,0.8735367683402692,0.7966350625691324,0.5539157101519038,0.9812053821164808,0.5597746915138789,0.046860853029557226,0.2322208963954393,0.5138323877475199,0.9190347633391697,16.217704259836086
0.23860749818944038,0.8844830917548141,0.8872287615715928,0.25301106348760016,0.5796174109557742,0.0028768141865108676,0.01668220695425704,0.7763656039578937,0.5911221311918056,0.5336035908040876,15.220737348632692
0.5640649920080024,0.5147751557619998,0.7702020733236318,0.7221950565272772,0.8046674075262017,0.07976569007255718,0.6794112103670281,0.21589548137325298,0.6837043523254637,0.0684183219508584,18.40591881740513
0.9233369514128679,0.9361012576804398,0.5850729109044287,0.8535029495254038,0.028054124364330524,0.9936077887953234,0.6725649190885342,0.5486587065051828,0.1834866520882903,0.12599843225797425,12.937101723989807
0.6027728178239327,0.729812561417109,0.5865956655834319,0.939711244658948,0.09502219197545314,0.5459585598055471,0.03810591324661272,0.2807522525428521,0.30162422567440483,0.7166923072339494,18.65882653830615
0.44111717596292144,0.7908017308206791,0.865546787019061,0.7218009352151742,0.6589359579988195,0.9019329243544097,0.9471669215987865,0.2734335758441153,0.9141888548570375,0.57446482002084,20.777325549178673
0.8110367340810095,0.8098293057453235,0.6234218134620333,0.36788216140367447,0.6666797129862814,0.39081294889551954,0.16014854672381895,0.6426253325071085,0.3334946421177092,0.8969658260921961,14.745320141660999
0.9466590721546088,0.22780474898933956,0.025879891407611266,0.2081738129767049,0.8440527624858144,0.7930403632377104,0.08471943489683953,0.9642763708668065,0.3564718516181603,0.16338150776686466,17.605909704559007
0.10975139998172834,0.48156705522125787,0.38213642222378985,0.8923841208600316,0.7775529313509063,0.21149352609935623,0.4556929487109279,0.11407476245223513,0.8052634844458505,0.18137213575754008,15.248773614889288
0.9472406520596954,0.5101296282675477,0.26110746696786036,0.6975824822623422,0.32771510119570835,0.06340894671474939,0.9353566337045712,0.6580007632400052,0.32329741064180584,0.5545426091750237,17.882923484904687
0.8701268199964931,0.7164330753643138,0.39142531269922587,0.4857311487318421,0.8531176529550684,0.6287069754955625,0.8801854132961193,0.11387353383428966,0.6829099706206454,0.12133597549894126,18.165019043909503
0.9582779621166321,0.09027505080482179,0.5442348805546754,0.2081628471711563,0.959614705608554,0.33657234695244276,0.3753388431239696,0.9275542146243072,0.28125391580188,0.1338747653396355,7.7653847971928265
0.7461240739746592,0.5074989905829232,0.37980213164744236,0.04324387004055197,0.6770454771194445,0.5486161514350746,0.7216515557960361,0.9763459068031913,0.8861756936981157,0.3532456883907932,10.615891735780702
0.43083118664837905,0.9694609155308428,0.37473859206343785,0.09026227465952019,0.9617251675825209,0.4915263491312225,0.10126669087508522,0.5575928047341916,0.09244811527036334,0.08607046054075895,14.725097958823191
0.1396384213816254,0.06828713448196677,0.4665739053648241,0.48960837313917904,0.37658864820991744,0.2744021826624262,0.35206266656442786,0.39322510075113093,0.6970316204731509,0.22136857906337148,6.208392527530972
0.09731444034070413,0.583672477003904,0.3982681781705295,0.8734662593581223,0.5636185514293022,0.29441427947567944,0.9922634679363824,0.34114048701217115,0.3527041073759517,0.8853286838823328,11.913697736855683
0.03831987821661065,0.7807484679857115,0.5469893125050127,0.6553814355794395,0.926161455598644,0.8924146162641207,0.9532542641951194,0.5229395737281018,0.8450837455794646,0.4253179238483745,14.626132563834837
0.9797852701934205,0.8754281472616391,0.3002254827176499,0.14203307121754205,0.06882672777350718,0.515279231904229,0.22206119305789307,0.6031858798662681,0.5533439821867928,0.7288703142109708,6.1574398267395285
0.04115579370427069,0.7806152852004786,0.7560469000271223,0.14220879197803227,0.11922403640116097,0.29468660482390285,0.6766242086786584,0.7814449841606196,0.005146754520215069,0.6666671546076209,3.889381123597694
0.898684018863698,0.8454183357194799,0.7847255192281715,0.7403193763758319,0.725238712897417,0.24222042773756425,0.2786884432905865,0.50119640171311,0.6837149233942748,0.1305440594527968,19.387274049305436
0.01932895702974491,0.587907231560048,0.3286478359169277,0.32772352883399036,0.7376339682361742,0.42378705556428886,0.49048523223727436,0.9515633765458886,0.49464938382876456,0.2911194479921517,8.377766714063743
0.6064152262147817,0.8977638157526837,0.06140346519329809,0.7736255533063177,0.6985752428317261,0.7948446553586486,0.6475712119738117,0.5733118094925034,0.4525443148778414,0.7863032451542362,25.173176832881126
0.14042310324655316,0.021652359730840787,0.9755421585223045,0.8578822376802285,0.15613028604850876,0.7210453877349202,0.9171544125766329,0.6852452386477144,0.1764529218473757,0.6899364592778642,15.220600986434341
0.832987566986938,0.6544027534750853,0.9801926275708501,0.18036752890240526,0.33625729475269206,0.632119416619006,0.6710714249982433,0.5676608424235727,0.34271572069535305,0.9472075299931049,16.81118939281913
0.8521636336702021,0.8084354950482736,0.4212811980462353,0.924518045038124,0.04594847702174143,0.388668243691781,0.3769386043231442,0.8937797302817282,0.6301663057613954,0.5018705242767943,19.015671045361348
0.9143140273650444,0.9311099552327902,0.31733578110766425,0.2380020667052185,0.5261978770659372,0.22473365880223328,0.03389881133120187,0.018375821708981444,0.17908240656164964,0.24958444887681974,11.69811067034705
0.24653989331599857,0.9002747018214355,0.35895046626219285,0.8026955539791039,0.6041447744818851,0.3157378893958642,7.573744752142897e-05,0.5726469683787518,0.9760820334397007,0.13237246323930896,17.61683949063333
0.8307310614426215,0.7076495595368237,0.8683575668218443,0.6945745295471754,0.7202713474979994,0.8498215839358072,0.26894386689548266,0.19902538236240397,0.8598527463676917,0.5726813613708996,21.798741600009315
0.09713223702067375,0.320438492880763,0.4896531302130894,0.5078410648656508,0.7494886870031605,0.9153158765102059,0.08672640674167365,0.33737956024839466,0.18014678420385266,0.026965157712951604,11.269522126598966
0.12465836811830955,0.11345415715867369,0.25467108644539316,0.9877076669574367,0.26373337947193987,0.03560050679178273,0.26773794704494713,0.1870073561154073,0.4547239885875479,0.8794541806207944,11.999008879415932
0.40937122865039766,0.9829240296446277,0.27621745740356285,0.05005358405308524,0.10965903123550236,0.1667043464445026,0.5225967750791877,0.7024146450328816,0.914422885135761,0.0018289057608138481,12.436923462098788
0.6271794046400576,0.639714387162258,0.7682648953565533,0.07608803110608775,0.5538750782008472,0.2693102133266464,0.7775635866381058,0.7230289146275715,0.790608873124463,0.9801363530606335,15.271780582178206
0.1305179386842401,0.28545413015367493,0.9719676998773896,0.2952359705699329,0.8791611908761157,0.7440968938028882,0.6249301127262785,0.8398267074498961,0.6382664854778902,0.6696634330493563,11.980540029341073
0.06690876298357484,0.8979547381984766,0.6347156040701497,0.5060812698231131,0.9332840351384708,0.5164650586781283,0.03788972690330272,0.7368898881385215,0.8915338056261867,0.9139676940870435,10.814294274762133
0.46248330300534424,0.3030600223622061,0.9126439584341726,0.9730687960767374,0.39172080576875423,0.7143901613704893,0.30199921321690115,0.3829157852493199,0.812679021108464,0.6014944696628822,19.102800139269643
0.5490875664618831,0.7797270444991037,0.430039809823075,0.9535602992300404,0.7148506696061158,0.8523862526173742,0.37404259223602365,0.10614720528004429,0.26704497950495754,0.8561566459798287,23.995280522074736
0.8093486857595203,0.32596474391696906,0.016757147225661795,0.0038628691121673775,0.8742482040452464,0.16156630894390978,0.4477624089782756,0.3261100599457011,0.40331303355271075,0.33635794499444627,16.865973129461413
0.2119635907562567,0.17808523754258132,0.8117883104244052,0.8805115508213952,0.04944823213765115,0.3218799413278123,0.002373726103831242,0.25821786524153,0.8386326144783833,0.537830092855095,11.99506516461353
0.9574769622798361,0.19925865142155819,0.746839392629754,0.5027336876741155,0.977054831973542,0.14693371892032703,0.4711385004952553,0.6846206233949661,0.6742175029063928,0.08801884184657449,17.917090945222867
0.18383322492792287,0.995907533079302,0.6719845207418462,0.5557125309259232,0.6297975349862281,0.13581462491942964,0.9775487907076428,0.14317710269831962,0.7037440933126752,0.6443821014823482,13.938925429244048
0.022169538088340768,0.38850323407687415,0.4492355440907556,0.6223879680098034,0.6107756026273565,0.7927436961129507,0.4051614582886094,0.6182221124936964,0.3177309695948901,0.29373854486252693,8.216678634856557
0.20072177025751592,0.4198014115123434,0.8431921368607443,0.774930867020487,0.8506170273370249,0.8133690681357905,0.8059530758172098,0.8457308965353758,0.45301474280190357,0.14264474770180524,17.317177909810923
0.8431645697275865,0.1907098217372255,0.542832283966526,0.37235839102363966,0.5378894381618786,0.03453854899548381,0.14926514961112147,0.5711175325329548,0.4862834999860455,0.40083159773205523,11.105391045651466
0.19596738241326406,0.959399629582544,0.7976254597410947,0.6866156094094462,0.6296424305105228,0.2910113475367284,0.24588226690486292,0.2605916740899584,0.7272517727240114,0.22839427344387453,18.8593823136411
0.6767955585981217,0.8398066751805813,0.5276478840790756,0.40384551603846996,0.6635525483473971,0.22645727988861875,0.5584513119166885,0.5658041634407039,0.9739089679988658,0.6345364177389846,17.147960497611027
0.20736567872417622,0.6090618246623485,0.861480413115375,0.9842085135559052,0.6378118999007653,0.48388972678869624,0.2025713234551576,0.8873598790754857,0.7369891169511666,0.7635198345538141,17.00341740976935
0.8705279214162381,0.8825791193412169,0.7893189636147423,0.7979986548419475,0.756268029041584,0.27423218855993203,0.3711449878182874,0.8732700975727755,0.6134680613284796,0.4706839992496292,21.033090613599928
0.7427626961218621,0.0484169821505428,0.057657025411472995,0.9436955082084099,0.8466446154106665,0.6389210442401012,0.08384146444138996,0.04028703869983319,0.30437885390107644,0.8464748896513019,19.144297561737513
0.5487420851023639,0.8515342021712305,0.07679637445428245,0.24637705987810288,0.4457678558254018,0.29987054553393677,0.2317596178566046,0.3455401095465167,0.12168686218668101,0.6488633351822263,18.014761809976
0.3809397705062477,0.3871666567519184,0.8766293250419498,0.13397714357299295,0.2697671615386532,0.9059859851096048,0.8900322885295882,0.6075570000067524,0.5633180414286166,0.0890085523411358,10.071687665918295
0.6800122201559412,0.47627388657153424,0.9657085306105717,0.5804904074729751,0.43700757076842367,0.2690940819500228,0.44473278632397917,0.1951164949622617,0.7641008403774534,0.47687190674292657,22.142235170914024
0.3701612554734848,0.393586347235356,0.1044835414890306,0.1403799912958157,0.03728881218453861,0.20306920013401086,0.11841638569669999,0.1273744661175743,0.8982042639067971,0.04308663533464352,10.184021093855868
0.568357729893257,0.435392144915169,0.33178406834315255,0.7809598023158626,0.9248720643101814,0.2921820917720028,0.04031696848605937,0.0729571237642378,0.05598545093997043,0.3606536049950839,21.633561718211638
0.06494896223768154,0.796725798382149,0.3661850727314203,0.5747092815496923,0.2730111386679518,0.8363278512892668,0.7658996622433945,0.5396387024662439,0.8307841311073059,0.32617552174307396,10.329228577654389
0.9027312518624149,0.49528337703542025,0.580767605489958,0.6440762215172704,0.6483356079912019,0.11431999769088297,0.462009912326779,0.7696285536943073,0.28807633871905125,0.8196353893271341,17.610942331701466
0.5201003224416799,0.7956984299976538,0.6365237027821261,0.18672698975297497,0.21017067070124051,0.3187915766295478,0.9322170585030818,0.01845597231872176,0.016575014343840455,0.6433777738642792,12.671576832628412
0.5030592905787351,0.5292265665299019,0.6860048684210619,0.3880112106118071,0.14420952990416436,0.7646324363473059,0.8869147682422588,0.28194006404212935,0.47090799964527796,0.9075248625073743,12.818736347137216
0.7970089663900537,0.15191652476814343,0.6959232828292593,0.704825370334467,0.42136118272472145,0.025187400211296507,0.5565695208385646,0.46667415164015635,0.6617330572192308,0.09173541598265145,13.990207653122493
0.5103132588468785,0.30536460832934054,0.8482491905511583,0.5468757479628387,0.6828367173312373,0.3384845875746286,0.411505129968016,0.7882322560881655,0.893279806697811,0.2608001042239577,18.258630439013043
0.6131638877027614,0.6017861033078352,0.798967844688748,0.6522911927351219,0.9639073809013688,0.27380566795091,0.8539372771240912,0.18730638433580482,0.35742508641981574,0.5750185263079023,23.295922635081215
0.9403962809685771,0.9526583370425192,0.8150338845375776,0.010681911814352518,0.34327050228303724,0.20279837368221343,0.5855378404800222,0.11955111262542606,0.1359532405396534,0.20468171260525136,6.588571174676767
0.7856512949964465,0.05105937740659516,0.3917774546282622,0.6759649358236206,0.008719938656854498,0.9011456420189224,0.34159425274132393,0.16272873725574832,0.9945958897540281,0.5742179427619285,8.458346160763666
0.5309295480566305,0.2547224242711018,0.5507948291611359,0.11563132771346929,0.9162854078874414,0.5823227466046021,0.4428718343959863,0.8435959195045221,0.6870461751912229,0.8425019646262536,8.608313432768663
0.4783020408737021,0.5362606566097133,0.20740276521653733,0.376090797851783,0.8544849508722595,0.479761918915921,0.8837927104853729,0.04261638935059786,0.07094724989342016,0.05077891409333446,17.49422371193563
0.3119020365227938,0.7238855778936356,0.608858305098216,0.4273557711576471,0.6351532832169262,0.9572098244556904,0.47264399569592763,0.3769436720090704,0.32874784864703555,0.4808763455719428,14.266064811764704
0.16609868149301388,0.6225542593628717,0.7282357628262791,0.7640407407993074,0.7979168005479218,0.5483386483115874,0.07094733633070482,0.501640835131401,0.7394613633421978,0.5784914902874506,17.127555519874406
0.31211557341513363,0.9329250132562806,0.24821937379873982,0.33828002653014755,0.058266292085321525,0.2288074628942881,0.2094642699930216,0.2436252173711959,0.5264240164637013,0.3200861351915073,13.812196794802327
0.7749944248972545,0.9245487800532268,0.7159314596913977,0.917901666099502,0.41716314027860446,0.9348170149143538,0.957598148354355,0.9643719852500817,0.21230816126654806,0.10713893115777406,18.79923155116469
0.71726141867772,0.5087980878653743,0.7660355033372472,0.4061852855897281,0.6386409921951902,0.17064572850868898,0.4851370966972244,0.6168589905594265,0.6324299624464276,0.155689619561731,18.301203789031277
0.08372591271091612,0.4679709868332814,0.0710491985572329,0.650386689005812,0.9102989882134797,0.7283471036182803,0.8969109779198143,0.3654464838049416,0.9729814274650744,0.48534044930618503,17.67329041882461
0.39723496138386327,0.5977839569102279,0.3948271065714224,0.6908719784554067,0.422233480462175,0.868044994275857,0.5637451373140293,0.8801627811377224,0.07467831822822224,0.07335460975434438,16.072181013482993
0.6880444724699444,0.317178840048695,0.2774016176096893,0.8120589721258379,0.29785001474155826,0.7780600658414434,0.08396353628158304,0.23253740391792688,0.11121586665857874,0.8368900298667383,16.86280968176594
0.8294078238309547,0.6027235715197117,0.9345982429580549,0.5391544966413411,0.21191954596619156,0.4731855302716872,0.24861523667767582,0.8639291830208117,0.12101459878234011,0.6239805418402771,21.906481252802575
0.8227524931302886,0.5118375596672319,0.8744182232613522,0.4361571833764306,0.27540671732760913,0.632063088591955,0.9491508974589578,0.575485868397132,0.2688191388528651,0.32536525176841335,18.751700020451548
0.8159082751196047,0.8999828402254542,0.06627160930985287,0.9958720379230447,0.2941893936566541,0.8926961544694327,0.09410054236106091,0.7673629268459955,0.028589393663066787,0.669753091779697,21.90080220333961
0.5305405776015157,0.020792555398134294,0.18608020441325723,0.3093125091781007,0.21156906831748268,0.36024892940800346,0.020725333365090304,0.2527300107576377,0.5427534344114429,0.004714512117558689,7.398785114204504
0.889365523613862,0.42450623476296745,0.5716665320396047,0.539391352344692,0.4008991998690231,0.14842149155023077,0.9131335716092468,0.7514771891875142,0.2412653128810065,0.15864395155024058,15.070789385064522
0.7030863310538732,0.043632732667401974,0.3355344037966499,0.45061715089135723,0.3920975940926904,0.1954374107569169,0.2060752008664818,0.17146875720124688,0.3052666813391699,0.3093820050127183,8.57407275008606
0.5277998602257342,0.6803627144619006,0.8431234394024453,0.04522738017429384,0.5991228342341358,0.4447577397703363,0.4225680355108077,0.47854206135564625,0.3116625744335174,0.7859536271380441,15.211633180330363
0.8462948230512052,0.1369251278000404,0.5803428757672744,0.8182202695180194,0.9058992670802584,0.7857203691938753,0.7403001743902853,0.4571499658617617,0.9566996823440825,0.008879914151479373,17.169708605310696
0.9745098421923531,0.7461959170107013,0.6623602439902164,0.5125635336120092,0.8888035540135444,0.3223447796188996,0.27982654599216794,0.996652286193822,0.2658152571965663,0.6439218681783125,19.213457501569586
0.8306904787525872,0.7356030237217672,0.7127510293670889,0.6002276781173961,0.2645235163737847,0.1946790901599178,0.7037675779631118,0.3709418329798031,0.5348130691173634,0.33272520344914946,16.589840049644646
0.2130170126123211,0.28369527762284497,0.755263078911428,0.728130883201681,0.4091299262214466,0.5079268380473322,0.580412235599306,0.6532230886677471,0.10877465371921236,0.0932090092446064,13.547802171889352
0.11647129831512237,0.9925290328761284,0.2131825154610517,0.32626663370346476,0.3968718565610888,0.9089583474308435,0.9244153696193372,0.7696741239696769,0.014387537131758221,0.2781582602118631,11.128530669332102
0.5316566976309944,0.7357223388983501,0.1610591824806128,0.14952519082495963,0.5034394363229496,0.6693798895696369,0.2194799182248497,0.0408887824923978,0.9049457349213325,0.4317343162592112,14.369481798108243
0.9922393394869005,0.6591705513713385,0.21657994260807678,0.9392081717597753,0.3318309300957648,0.8452485312681589,0.3927793681318088,0.8659007246411825,0.37860517016161543,0.4598962340202237,22.49264390077075
0.35038016639709335,0.5476747101374819,0.08055882311816376,0.7563933609793705,0.30560412874743326,0.5053598000015981,0.8123660295577934,0.5050163835971597,0.5823686589182836,0.36145029471629475,19.238862579382715
0.49029643889150054,0.875318151271127,0.6301507342082575,0.7664893918033499,0.6208388061834768,0.4689465953472627,0.451054888173257,0.4170130414290375,0.9425564683924975,0.36518339283901824,20.524017316660082
0.6543128009510112,0.49153618319392,0.24486491349039052,0.4035840960746784,0.3931719858176367,0.15714945286738147,0.35215106829311904,0.10441427151178206,0.3676570493398721,0.046183460603423154,14.781769618356991
0.2763314748298539,0.5960974290461357,0.9104850457014895,0.28904626728439786,0.8774127141905316,0.10800729352045013,0.16238902440341774,0.9640352397864709,0.4607947019764379,0.5020922747527857,15.251090912245767
0.6854014018386895,0.7108755997004479,0.5625381053675146,0.17481016526178472,0.2741886650859994,0.3519527681723975,0.2596377515314363,0.7860725784999503,0.2772629813979174,0.2594221371620351,11.821346291893153
0.2780305597258197,0.8107405741394345,0.7021362717324298,0.29398150764221775,0.7883322262527722,0.38756134403258613,0.19993827277893328,0.2347035098878043,0.8948762244230009,0.32012197820455845,15.573287797444877
0.33116065406080053,0.9096773257475509,0.3667573350802763,0.7761087050710276,0.26890951272959474,0.895720808468975,0.27601603437708944,0.38016826117227653,0.5022172474523996,0.9093373437621783,16.195103017912878
0.17152664296310627,0.23974582147250678,0.8084725027374463,0.9024570664694427,0.19667386593672187,0.08038274396985068,0.027000227770726526,0.3445287683887214,0.8551937773162854,0.46779516105796015,13.207394810865035
0.4582351058946772,0.5124608705187386,0.5662413596939575,0.8492409836457842,0.13590190444766315,0.24910475029264167,0.8778664890211713,0.5078478502144199,0.10996346672332036,0.4076512121220749,16.810110035488414
0.5807148692623691,0.2573682585877306,0.6003061396103588,0.7712617994969894,0.2690664561601587,0.8429855986430792,0.05298752794284023,0.7793341830970697,0.689973869370604,0.3690625843849049,13.253888145214612
0.8535542342441136,0.5052001319171163,0.475016374756583,0.06431796317943561,0.2534313643700832,0.5893225845247835,0.3814731872201381,0.7788295150209578,0.5623961431682358,0.8543199464299678,11.419770126419849
0.39610718903801,0.3088568165124578,0.10911875981674046,0.7479842045603702,0.26566337512145266,0.9719028440919102,0.004554027240101344,0.7914629417024363,0.8795268636544594,0.04666191807612663,15.832327111228999
0.5093458974518815,0.41351552916490475,0.2728463545414903,0.9158195323584548,0.14453004533398162,0.6001653227660855,0.812240507026566,0.25046400461636,0.890626819638172,0.3846519995714861,16.480442232508693
0.914865112219511,0.026134200551493736,0.42986808025386924,0.8650378719430908,0.4972356088199187,0.3681426140318774,0.9191539522816873,0.4034542682184764,0.6811859353623431,0.4879569681238841,11.90998553738094
0.5877349091424091,0.5492601646838186,0.8223987266718829,0.82155299377459,0.30920774122256733,0.2855603658773431,0.10159078124424459,0.24860167636731634,0.4990537940988653,0.8085366536229032,21.06402803002986
0.2293042991692893,0.011030981230155112,0.6798184477480045,0.9222175637807819,0.4027254217447639,0.3720850554833389,0.5546856061422948,0.2853767697177455,0.8403962131939862,0.280613166800744,12.443330419210476
0.6083124660917152,0.15843346737674502,0.4307223271978714,0.24657303019031995,0.09149912035487306,0.6479123397542772,0.6243101022328189,0.12702834113996342,0.8272900062781603,0.22772582771744954,5.424884059987396
0.8502071542659767,0.6086729628843687,0.355291335461718,0.6385342855344546,0.6532561654711753,0.46588063821484094,0.38595040590148366,0.39257649528750715,0.4818434533251803,0.7462301848068741,21.263709004130984
0.12828868390261727,0.46945560583515467,0.10200388069889088,0.6693911469468538,0.6956400250348984,0.8940938169030918,0.9637050563817833,0.6800726969802671,0.368041842012062,0.7033335744785177,14.956291370183578
0.4613872024433796,0.38212466277535706,0.5990469780258324,0.04000759339845672,0.7631920773590481,0.4779359898356379,0.40811978345525035,0.372392222422103,0.4665542870295196,0.431013338652937,9.116071940860055
0.34462290516435967,0.9248595878797661,0.9062134994574332,0.948796737824641,0.9519065060489313,0.12453454221239346,0.7277702821737344,0.44481000327098774,0.5342978457264349,0.5447313447116922,26.163534892205337
0.667792654343176,0.6164223398874445,0.25671353625771887,0.7985786177087304,0.5617380908372342,0.572038008534662,0.8921604444668314,0.4210807781341813,0.8808672181908402,0.3058238210536113,22.509468733617428
0.5202601733347135,0.9879113103757261,0.9079590286879908,0.6473327301230466,0.12333006996109297,0.10660430655689423,0.1287932621856741,0.9697256075709342,0.7331217700553553,0.7553164592527375,21.767898334313813
0.9258512864015007,0.30148506525311924,0.3061248623807774,0.35470999901762723,0.9499178071921682,0.16489449181557259,0.7648612966452374,0.6420266399667228,0.5550173453991862,0.9882588104367451,17.970313136922755
0.30521663117777353,0.8104232171414363,0.5139075067714608,0.7832230896314388,0.4059698424239796,0.24365731135736513,0.4893762988407775,0.7605547022710398,0.5225723476673981,0.34279401810581966,18.31780899719083
0.30943437887070546,0.6625346152898057,0.8292955840579289,0.5462795313523531,0.16251576601959616,0.18973110672072357,0.8770941651563239,0.5118090752501712,0.03668796147787379,0.7963790522332738,15.239684546700794
0.5607165126841592,0.6152869033428671,0.5861138399814831,0.35698550899125137,0.3617214687474898,0.13361999887995513,0.11628099957642946,0.8370367555485232,0.2714034732412548,0.2505471438943665,14.009974077400726
0.1699262703063642,0.8136958007600635,0.6152281242494949,0.6682035925818367,0.7806639247111541,0.2575143533832551,0.8775478979503245,0.8736151360639447,0.20484374221662938,0.9772007350276564,15.399211300510025
0.8241453099454535,0.7583586833931342,0.5312815223057985,0.3660220947799271,0.11512484079404928,0.0716747703291627,0.3044190869988672,0.8705473500130114,0.7067945287107235,0.3289942352615084,13.780910730888705
0.1530793232301948,0.0090733891487077,0.9868478516705937,0.6889925967861387,0.06243263725058368,0.4188452864591624,0.7530642361104819,0.6820393564124253,0.703795459688816,0.6826535992289582,12.001547329494745
0.08361587563197481,0.16443524159458656,0.17236469496350004,0.24101808214144416,0.45476499455545427,0.5409888577382637,0.42262854013121187,0.2240920780853186,0.852527993676533,0.5177707658937714,7.858300902805725
0.13618730311946992,0.7929065827037267,0.14562786032768094,0.7105778481157039,0.5714174984518934,0.19237503034903336,0.7492135081277587,0.8838494318007447,0.9782771252107074,0.8484719496059191,14.547623533161016
0.23268882882826747,0.4812715595251754,0.5691372650334315,0.36889201952420536,0.6954820966825732,0.35649973787693967,0.8247849463788811,0.21019650089741893,0.9385879668307099,0.5062497543232689,12.125161656987801
0.9281112928430653,0.9198825056121117,0.1098645060803054,0.23174093423850706,0.8115409864928437,0.5581210631590058,0.18832919792796532,0.02082701737732462,0.6312919630293975,0.2400791737174084,13.611063106550365
0.5353292395617381,0.38595323051302843,0.9963812512758818,0.13855675817547652,0.8230083977352153,0.03444535190049036,0.8335451392539512,0.7094135431519072,0.44271871851203526,0.2986956994052179,14.666669098926098
0.7909745723579272,0.6289074665123017,0.2876107373365284,0.3680358944503974,0.38583532534800036,0.1957415480274295,0.4194604973493291,0.9917923305749206,0.7176345182533206,0.9886929583426373,13.815656598274991
0.9327040838856617,0.09701358429882478,0.4848837241784679,0.20540733073202,0.5258210978703394,0.34909263459163165,0.1409715982700951,0.7604242554264836,0.4595500826011213,0.21539323758860507,6.712096440642005
0.8719593510089355,0.0026223196512640268,0.5599060076551988,0.25288348536727856,0.0686447923278376,0.5743514940400927,0.31626418716123583,0.8066818633530976,0.3250403981879125,0.6656146193576719,3.370666744984602
0.5766231156509178,0.47219721777022305,0.17798072136058196,0.9457139325421664,0.9357560858289939,0.23081482196521008,0.13959527756729662,0.49742698197388013,0.014138897398516925,0.35146048849111067,23.58691949405401
0.6075860702579369,0.20951417958905638,0.929414669805436,0.6993019673604326,0.4124122701033729,0.6090035070920764,0.6438362115639408,0.19561293867306606,0.0864262379561368,0.8074590941363768,16.67759823038819
0.6861092726489683,0.04707601303066411,0.3340032684055746,0.5546330010815756,0.6240817281855122,0.264424818611684,0.968765366529534,0.33544401613704755,0.6395997482797672,0.5590367502101419,10.879498362557934
0.045922038508008356,0.2701534411497901,0.843022264730463,0.6528068463939137,0.5875961209805743,0.27858406486983545,0.0005626943856114064,0.37324394885194323,0.7217703597699032,0.9411870162212445,12.482414784533153
0.037182703948796525,0.4359232429662382,0.946531545612874,0.35582418913936076,0.6769303198711651,7.586785440905075e-05,0.47814966495175315,0.29380637018482214,0.2582112984497298,0.8715853498115491,11.881892394250563
0.14388891126523284,0.10411853223588363,0.4281198000465838,0.8926455943848336,0.9065197656603302,0.5591719509354726,0.6728962168883393,0.5527408321061812,0.24334002677808642,0.1205996750775461,14.626917840317962
0.40422037293578506,0.6484188897723822,0.44372814511735725,0.10105047415252044,0.860332629546126,0.511816937877618,0.5616387576567955,0.41751019105345977,0.5628453362690241,0.5379253588492482,12.520270487466595
0.6809545289518106,0.4187211753178498,0.2869855318248071,0.23878742358629046,0.6429419631781146,0.8597359608576953,0.2945509655519928,0.396727456250596,0.2126128320789259,0.8688664806546029,13.511900107046653
0.5696189259385592,0.5379780472924632,0.7168777855951979,0.7915410283059449,0.6146024440607635,0.291269472572524,0.5922263270328262,0.27213160493185606,0.06693303842523879,0.17947562624160085,19.60185219268507
0.2837123707332784,0.6564780873437521,0.6083331059714111,0.8326335785656714,0.31804670230955645,0.03891806717805424,0.6685036107289936,0.14765954946425097,0.08807848401372531,0.7274805626460142,14.265924057520841
0.46988209059033825,0.9839918960390943,0.647952608482987,0.5204312193504821,0.7936010646353928,0.6002637834705221,0.8431497060954741,0.5115565011766544,0.08395746797583503,0.5839678318066471,19.957290882052657
0.7637895034228418,0.760420897178129,0.3010633473623884,0.40812213665580366,0.57014903278675,0.024281041030581263,0.651676322403689,0.23010782784777006,0.30156356820706265,0.5126694632068186,17.6894489637586
0.32736979504033414,0.7872203891785825,0.16966958983127256,0.18038984725014007,0.6045881568005614,0.7547606131286203,0.9117484886460645,0.3972900084806479,0.6627031579240849,0.7192328029197406,11.874602762944939
0.5297954435408018,0.16614954580992958,0.39184372463008155,0.10623568493588653,0.27381083353945035,0.8635952248853123,0.23939005041981243,0.5596064018094025,0.5387480979987779,0.7829144569492062,6.246327450273709
0.3021652417026207,0.8069265510539816,0.4735794284053869,0.9208243917104862,0.9405858767548132,0.2943559092083451,0.8876566736564553,0.016569947572458332,0.9416338782404082,0.7223363971008825,20.239583519220194
0.06365385408742985,0.3706946018393661,0.712381790442089,0.19008367454497188,0.2709364941717538,0.8263509148909112,0.33232953372835883,0.021080937379016396,0.281894764967502,0.04631826973554698,5.3088885623223225
0.4405807688242803,0.9343482073135281,0.3181366584350487,0.23057622601652106,0.762870112533696,0.9480059721036315,0.9926320854625632,0.3220991816358485,0.006192750710086736,0.8570952366386355,16.219598122896528
0.3689953434780493,0.8359055637614045,0.4116973034953194,0.5750971827148614,0.6502418589082742,0.8327388572206468,0.4843754310216427,0.04261244866598157,0.18989754490141453,0.5152222866200769,15.18745872899149
0.22234901105886407,0.5345213730091091,0.42006321571462946,0.5050341318023651,0.9524663608723936,0.8869177428908347,0.08251825916332789,0.34971900056002236,0.6239246573773354,0.615780074515479,11.425029367066657
0.0911125528106409,0.5790694086861975,0.8965888978740706,0.16421087046615412,0.5350622579714431,0.9434115810149416,0.9739793988859468,0.43943094443747344,0.42878618267964697,0.8196052765025421,8.801900227845998
0.012061862290380532,0.6230322654345153,0.26325363019033876,0.21684731855018624,0.39546833626701894,0.03681171954085938,0.8613481367131083,0.27800303362809176,0.27205943857098114,0.40889971952938786,6.156823191175116
0.37615040201511785,0.6745957119672235,0.1527685669977269,0.12375255201181501,0.3582104643222377,0.4752845648433689,0.505875919764073,0.970854566666804,0.893588225327148,0.1300774264059147,13.843594842749377
0.11542944744580974,0.8724391990779539,0.1455983822326693,0.7902041364961928,0.715055983942754,0.5162601369517092,0.7816965520622736,0.4701569082940664,0.7894120774736376,0.2430405427227903,17.384630075091344
0.6792448785137305,0.06982395247268536,0.29905249792479127,0.03271931905315162,0.4201567979717765,0.32307906525915653,0.3181023665564072,0.4191029705845808,0.6780935674970658,0.26175892183457783,4.341990491110977
0.0801400093152621,0.48789535113992977,0.7808292177558449,0.1471626410510748,0.5339255164083464,0.5566909371553884,0.3066507241778882,0.8506026698200824,0.6797102176836847,0.4226178215166576,6.567952448503046
0.3385523777667043,0.9987114620894813,0.0017477159004707365,0.37062385324069436,0.09493407428087419,0.9980864961519619,0.17816591909064616,0.008026083107101623,0.8190117747190787,0.7444108439152394,18.057426030586086
0.4602721863825626,0.7320005270338853,0.7310282332113236,0.9811480596912111,0.10994078647114269,0.05328229087350189,0.03837843153449061,0.8902187724491992,0.17648799056434705,0.16026241791452256,19.6995566970109
0.22556778304612268,0.01541115299869067,0.21821374702643992,0.5472171382193982,0.6972618747108154,0.12124622584000255,0.21617415885440106,0.7008081414602394,0.98316668456145,0.175637624441227,9.673899076178554
0.6756718580741681,0.33333623167609405,0.875046164165959,0.8850934768719046,0.9746461077209677,0.8552950973488994,0.10242141726767262,0.96235635671915,0.6874203340639053,0.2966212564969707,20.83188986440541
0.23393375506228298,0.6596678761177729,0.015287075859383381,0.8710096996779326,0.061869915593673275,0.8414519108348125,0.6825611050782109,0.9595908343005013,0.6375874606790028,0.720076677764673,17.05807059598117
0.10076005600929139,0.19610095862850296,0.4935739048055334,0.2660128576568551,0.8518472032865,0.06592663319653669,0.71368560871034,0.4736541241720392,0.3326886395326556,0.7463861430291572,7.934278760388276
0.15102163364821708,0.5171028994638498,0.7286740715235697,0.4572897733394359,0.13699943671808235,0.6652917148276922,0.09995987289051278,0.7722326187523487,0.07620990650215598,0.5101836521768647,8.93114048791326
0.12457204198236427,0.6721685315341306,0.5894283785707269,0.42149023002747643,0.4448776275988764,0.8957018735962853,0.9650469943272683,0.09134657128528278,0.9094058310336208,0.027227239313500684,9.621215989503234
0.14872063122864287,0.13257931102543363,0.5508187236961426,0.5888010486081633,0.3884217229803534,0.5515869747338534,0.1596430741805489,0.7727280307021549,0.48949303732945704,0.4593959321689909,8.882460312751357
0.4833084235798365,0.2482044898148903,0.10223329994506114,0.17781540187922384,0.4056231774235579,0.8480071882163759,0.3697437410558029,0.5361140196271784,0.9723728759170346,0.2670732013442352,8.323568547028742
0.4530845517515242,0.08800632577996081,0.3280915659417307,0.774259429096231,0.061914004696148606,0.5225631588302144,0.029906284784172565,0.899528313020622,0.4853971782590185,0.734399952670756,9.459692429152103
0.5692119306079585,0.4921441776619786,0.2485426435405289,0.46837636711988184,0.10325457233446811,0.10259360941907314,0.6427230836620381,0.02093977367920996,0.210873491467235,0.47363415629571815,13.896773693033031
0.06369888483661257,0.21705738896183147,0.4502281744911386,0.18791264280301212,0.20411334997262642,0.40982776783953423,0.15300098952898022,0.919971655987176,0.7411958287329171,0.5705923261389495,0.8302449347476362
0.3643643823210483,0.3912376065543227,0.364786399243751,0.49449017929403327,0.4864897012613447,0.6688434747283615,0.016376217936731163,0.10512262470453881,0.5061966317625042,0.024082010182333025,10.7004760673855
0.9161947234156081,0.3698801063190451,0.6796306025099194,0.9319737020235106,0.5970394461895462,0.9309227034973945,0.15331755889744036,0.6751028007631356,0.3468093685684859,0.6999386738645202,23.057133348864934
0.0970160145917851,0.09318766750137975,0.016704192587156497,0.17867716009228063,0.532722366408036,0.4349749411665199,0.05068895251921279,0.6733967590993915,0.9093656721015562,0.982913417254655,9.729512581626429
0.9002968518729406,0.09127428272771654,0.8910032146122909,0.004585960611798723,0.03235417018838238,0.8850308037774502,0.4909626816137538,0.9175562729404126,0.9439256167198931,0.8177478469707659,6.729724263772928
0.2299348498806807,0.3704164120929886,0.40493343645813895,0.7943818270462836,0.6486932792109289,0.0008958118504897028,0.3397276329759339,0.2863752855798042,0.10829797182272982,0.2861004972607587,14.813845238912585
0.7728661717617954,0.6513268712107838,0.5813409926629132,0.3875063747941986,0.32814477822129096,0.05367366086774916,0.6411975287351451,0.06428967401040031,0.5259616842758226,0.6448201881982885,14.477239241245433
0.29197048911061096,0.4883381919706361,0.7242298094672726,0.47943338636853094,0.29957050703034904,0.45231507802590565,0.16531150756513202,0.8744265608168554,0.7092952698803229,0.434867346229751,10.951717060060787
0.8738065404778753,0.4875110054565409,0.11901883661891388,0.9985612223862156,0.28014228548342823,0.7262621618143019,0.30885862056477,0.2197769256692681,0.02681273163701059,0.5085608309449515,25.39024503803612
0.208410630289234,0.5114939870858046,0.27005702243093876,0.6913399092781409,0.8741418092024476,0.2310472274842298,0.2896077844655628,0.5412372457937183,0.5958459011543377,0.6908148652950096,16.83741214941254
0.6545741040623199,0.29107879361417077,0.498670934457345,0.6465726297676104,0.016236123537352598,0.9595587348476626,0.20844441374643952,0.9903701723050854,0.04493106012026582,0.9411110234595188,11.183733948053467
0.1726631299076642,0.1414072347728782,0.579077630997467,0.40790993586822333,0.45991176867019234,0.19148445187016716,0.19066350700913637,0.7357352100193825,0.21243403239683756,0.23508794497552077,6.28948053547557
0.8124868864322567,0.45806608179157393,0.9503255011553612,0.9646747337934833,0.7579906764908264,0.7143635747414128,0.15517721318575184,0.3475551487592121,0.2003803724125487,0.11492536097275474,26.465373115644955
0.19756792818098723,0.17582303267800614,0.6685194678290726,0.6605449128641246,0.513330485402382,0.6956390793037196,0.4159020503236872,0.9925819965601461,0.36951150002545363,0.9400449411266355,9.159810096558235
0.8467165925265576,0.3173680610025682,0.6398815307503417,0.7310306436886508,0.2769222496245235,0.710352522247508,0.3229737849543698,0.4524906868140619,0.3246185921571746,0.6433431524597854,17.69535279287285
0.33029906940465514,0.8121659221672702,0.3913926349132193,0.41751024547696713,0.11081907027711457,0.8134051650742775,0.9561666826210091,0.8486648627215103,0.38697309558816295,0.21756865755493604,13.501105892165764
0.5526303061718082,0.09199757842839207,0.17705958046301729,0.550636487021006,0.22515052132158297,0.3597328958677285,0.16674066962760314,0.26307744626055485,0.6765228906244398,0.681290976446814,10.424339602060671
0.9175006578262864,0.782949311155999,0.9101342405682268,0.005555154149841979,0.22155781389705842,0.6887953528228676,0.6282866452562851,0.07153968274124944,0.5405657174799858,0.5260822893021914,12.485821212220193
0.1328493479299805,0.7877215873309411,0.784495681916999,0.598973842784315,0.651426282380344,0.07087481663886941,0.13984676426139608,0.691720779042627,0.3465597642548399,0.7802081246320827,12.403728151933885
0.30370927921844104,0.2958683677834164,0.31052993580775123,0.6177020043097015,0.40149172647265885,0.3756946609967283,0.42428783174603435,0.32256078882617756,0.6405546425509713,0.4054128061282517,12.856134892502268
0.3230668235024413,0.7676799024245746,0.0626400062670458,0.11488884735454741,0.5619994462839318,0.30977532966587673,0.5271219180919107,0.5502702204610102,0.3620782284485058,0.7122084621915615,13.158838978915984
0.1312044603711855,0.9162579791801322,0.3292670328852155,0.9891863016973185,0.3867123882790362,0.5295093963828453,0.784446881411979,0.1265686685738142,0.8229828232879016,0.8530503540706967,16.761577195438566
0.5661062451922666,0.9642912682898541,0.1427722828055088,0.11221169556622412,0.8632859737994353,0.2890451819521864,0.37950488496021784,0.06874814675826901,0.5951522201492093,0.1600980607279182,18.099069037802433
0.36411336223264834,0.296882421904999,0.9877427610596012,0.5403921618527358,0.2768461215939164,0.03842383637272784,0.25083570690194557,0.7479831848534669,0.3423501962079375,0.09205273688701188,14.552410136578011
0.4974560151262931,0.8544836573863475,0.9634860823181238,0.9233451764242172,0.46725833897667646,0.646838710082093,0.33913525355157315,0.4970371247198859,0.3435691276982865,0.26041614288276627,25.59508716876224
0.5174266896982671,0.7908387012893425,0.16116404851356358,0.2556343305511901,0.7005059753878918,0.5879373263155304,0.01868540172270805,0.7133611631759571,0.6889042157779094,0.6026622114288992,17.40664478807735
0.3165199934313322,0.4642649264285076,0.5297633083554971,0.17826930981130773,0.9974319056054896,0.7914567684120595,0.12901575156201373,0.9260611514017947,0.3322065919092487,0.23590209495601544,9.80496360926102
0.9783303716972449,0.67426504071742,0.48570140616462854,0.14842564791593826,0.9603078335942512,0.14783205198120797,0.8179119078374562,0.1111553041568315,0.7670119394511357,0.07101013997853023,14.014085341108883
0.09899381842611799,0.11211190545000094,0.7770067207788183,0.04279736971358783,0.8446803577453474,0.7448150038430834,0.0068167550844067115,0.8928007325955315,0.5442627466470892,0.30700998089048626,7.9462039830822455
0.9870029216886456,0.7802351522034728,0.8884151700090966,0.9250004459541301,0.9330831232167606,0.05630711028655089,0.8564074140629934,0.09345080620041568,0.5462707586300766,0.9273734403792121,24.119097453283945
0.7324916614069193,0.023348268918847226,0.8363025563205547,0.12130372535652156,0.5052833766367011,0.8357516654477604,0.3720807303145449,0.810585543022237,0.8295345537113689,0.4225267413716417,7.053682863546948
0.311441173978225,0.5197447235460225,0.046220225444217,0.8561587730538862,0.143703749168973,0.7983850329015353,0.7164323681747274,0.37427238651779393,0.46032359235744524,0.8296158606576323,19.454003434599738
0.31998157948730077,0.23932805482922093,0.7038191365399622,0.32516585331142356,0.5509458683290702,0.2197513712073801,0.24793367746234218,0.10390359181727771,0.8517048146160703,0.3086102504236823,8.448849504123432
0.8976435477068101,0.9614391363869802,0.37398150814765974,0.013884637974026615,0.06978418307503609,0.342455843739514,0.3382930850128856,0.6562589439366602,0.07030215206506907,0.5098247832143195,6.991327102453951
0.667124760263514,0.7654214321555488,0.7311058668665941,0.35615959388750285,0.8583448888080937,0.7267839872475488,0.6046501657678325,0.7281303604097938,0.2212022851914892,0.2795759721176815,17.193977296194227
0.29257028450899214,0.5201527119790111,0.45894388006957765,0.4147182035026328,0.26156177761269384,0.8683860294640033,0.06327148193180587,0.9506604008315822,0.34183005604573247,0.3102471184612765,10.828642752118563
0.3877982612981421,0.8755424201921256,0.042798250458724985,0.8472633529558223,0.9064027224847938,0.08196661995146248,0.7142188064801509,0.10238814753677228,0.7392383723335398,0.26561716436852867,25.57691351122445
0.8742768393109691,0.8145279461961424,0.501862635992911,0.28331604221039064,0.1975267068710752,0.5280898489139223,0.038342768071960354,0.364655055762496,0.5292482551407032,0.6469133411413537,12.315436530734305
0.921727461725044,0.5179649891168671,0.15956634392476954,0.29059978518414986,0.3677466855653212,0.12208651294572515,0.8547967450190972,0.23728553861560087,0.15609114680447833,0.4908428641445449,16.29465352575031
0.7656231801935667,0.3128866484405519,0.20713934829090974,0.23202518237389413,0.5648356998070576,0.25732292664900014,0.6313123553653512,0.4872837069024033,0.6973215502859463,0.3908443292289362,13.78821589293336
0.7691572955786293,0.5611207170052752,0.1659476721067542,0.6110847030178058,0.21775536693962905,0.8682372284509602,0.29016978550439554,0.04146628899046012,0.5440357562151071,0.8610190819723093,18.323048039450853
0.9745609471956895,0.16412456324722946,0.6306335477620562,0.6246651957191975,0.7004377772249477,0.6775353143333044,0.44085940530469436,0.10367016029115739,0.47485044741939064,0.32448469789034895,14.82301296287979
0.9333796473199327,0.820035787683359,0.7435505748956676,0.2671454779362147,0.4147721339508933,0.717287807538833,0.4759104556625262,0.01446577644258884,0.2437526186324076,0.884433494688259,14.110899632899464
0.5899388873807734,0.8990990006865335,0.5157778045140162,0.604637332890143,0.09940840360500414,0.6230613255557991,0.18944510727459596,0.09555216089276863,0.05203317550709963,0.5375327251984543,17.58119730196753
0.9064320130654472,0.9671343402719006,0.36421951775331773,0.23263099910953977,0.8995133164748689,0.9393447982898334,0.4343865387385426,0.9759633443686698,0.37624222143828057,0.8068960914621797,9.495917461802856
0.5617690403210835,0.13138305739741896,0.7874649142424316,0.21427700881857148,0.445199894927388,0.9667185877070578,0.03853188803677521,0.08219893315210591,0.5337278864485416,0.7026912261696941,9.876106242749227
0.4334396816169157,0.9942073179789782,0.46606072861371284,0.45272164062651377,0.19746972711881716,0.2268095542608518,0.9373345254564376,0.7137062200464572,0.5445727717416773,0.6726559539148421,16.846788147462462
0.01721186649933537,0.21186444044730868,0.7743727606435968,0.8643552646316498,0.6795858323777575,0.7851964471451974,0.8696258555782521,0.5115008987207628,0.9164321590024225,0.17494095843533453,12.573434048797488
0.970680773592265,0.8581947067604175,0.34934088068577285,0.6117128836560161,0.9854194897783286,0.42761926130820527,0.025966290006860904,0.09078865724468921,0.9752247220232828,0.9324924956538433,17.631699175536646
0.12883893392226553,0.8126919566549797,0.2272161612639747,0.31973710795748345,0.013608184537057477,0.47448545508449913,0.2697978649587025,0.8378629984850552,0.8156215783294404,0.2320318818865854,8.177405952205001
0.25519449124937854,0.442886759958559,0.8393468315168081,0.3556746534667936,0.636155624594389,0.7424499483988442,0.7426123948233858,0.9503183308904959,0.13622833692419445,0.7558728263998895,12.954155505913135
0.6185211174200769,0.22724212506195807,0.7015046952712511,0.8421317183090089,0.9883320417551715,0.2859920568321682,0.4289995571814734,0.7583089958512164,0.33003360859637654,0.4309109850689373,17.420737764738696
0.9286284734168818,0.05766278609770348,0.24802763125265492,0.44038365814543146,0.6252425379974947,0.8897668180345945,0.012750126845877396,0.44666249978182926,0.4004039964070354,0.9212111580757728,9.390565633464671
0.8741297247933217,0.1918615212445618,0.49636918615120473,0.27408065440646634,0.5472048103424911,0.9713582587272882,0.3589733967811576,0.8438412615571522,0.9451898959258048,0.8528334878990228,11.176514144444097
0.8478291769930425,0.7346340486135177,0.056397525965574236,0.8314360520925749,0.29463344033823746,0.17078887656611974,0.0680920588623084,0.29526278820469254,0.2932008091944214,0.6356161917491192,23.029039799210704
0.7912364092746688,0.7256185110601241,0.5035864036971044,0.7288049129507002,0.607304610859784,0.4867557719080635,0.22605023136479763,0.5703001762826895,0.8674304822207703,0.1683664625208643,19.486374134143965
0.5536910813598108,0.5692973763667337,0.3449639113949001,0.05356946657670614,0.09928180051051116,0.8736939473029806,0.5806034223055321,0.008966073884066894,0.33397164890580133,0.4758123284432667,10.002028621738072
0.5074683284534255,0.19451101506580992,0.784381318839494,0.280208740586108,0.7286081820972267,0.3911376175659169,0.7781669818030456,0.1520473795910947,0.7311781679431965,0.3953329277214682,10.061531656312708
0.22794063914431362,0.9560936570194887,0.6727699400179724,0.7908160525621497,0.36547908157033904,0.06533252089170893,0.07510291518424372,0.4451152517547834,0.9912813629688406,0.8498445202387159,16.335054320434356
0.5728840511106812,0.85167385037086,0.8048918326482845,0.8303859049294529,0.27412230727855436,0.7935571009539234,0.19017227031464157,0.28393263684989356,0.5666577723578933,0.6295016561774607,22.33964436649806
0.19984722188648063,0.4781136454002982,0.42027721309977006,0.1452737107285309,0.7847709182590142,0.5667225714481916,0.9195020993021148,0.4471650938091185,0.337224125697386,0.1296609187563934,8.584112407390881
0.18596980555595755,0.4479122782021089,0.32223320085269314,0.6039387047620086,0.4250288240346515,0.7970523245986558,0.2798487534360733,0.674442760824947,0.20405025302029844,0.22052001088528728,11.71040447197037
0.0628481555855962,0.6061991334295727,0.31700012823886126,0.25332583669124853,0.5456456595525813,0.12724703167291995,0.3083351095868281,0.46443035971091606,0.7098969974675632,0.18755849740038144,8.175712523336964
0.5854611410748037,0.8706942929814289,0.4396984067666243,0.6443543506776716,0.29353262982432693,0.5762626343437277,0.7774529837854148,0.2816885053019095,0.7175929433912493,0.7330414614484186,19.431382384214185
0.5422483003098928,0.782574480338159,0.3718627961421568,0.11764643300460931,0.025537360093374706,0.27332032697562536,0.18703242586027236,0.08192008727088651,0.8770484257406607,0.26728272257537034,11.740681835703423
0.9680043720253612,0.019770338637181695,0.9069209317738077,0.8057721038621721,0.29814230588772395,0.02092399184487148,0.7468060009564025,0.011099613637634786,0.7346340211839204,0.005464824409703528,15.06189083287406
0.22004292106277457,0.43701409636459954,0.45759241642368265,0.7416374626004352,0.8799270261693468,0.5653334217850433,0.5188866160826135,0.09635358867877697,0.08623866736989594,0.30129544321016477,15.51322983682051
0.5706314616938637,0.6216974857657492,0.9921011813450623,0.6312896920159276,0.58133742523036,0.03338940395672774,0.4646329154142942,0.020325905210644146,0.06761384054669417,0.05671290060018863,22.211632330356665
0.6677251435758649,0.6768526751599687,0.8967205726667586,0.8664177525858269,0.8971666260338523,0.9593749828926644,0.537867039384391,0.29333766588194,0.03862273098432345,0.6677303867116071,26.429692059747335
0.3378694310186473,0.9681609218771816,0.2397914931981675,0.8456470194950456,0.22193608238674267,0.07364560551573651,0.6255850110725912,0.6257255019295747,0.07163732848500026,0.2720087656375184,18.98775457528944
0.31266812453894366,0.5912832812610401,0.3338649454710677,0.39711080905987306,0.9440663114015742,0.824917341397932,0.7859061105400995,0.01803949206912847,0.7947038786703825,0.8484759893236553,14.838554231527542
0.3076587612410109,0.12338185849856287,0.3918565074304917,0.5307413462484281,0.5184501479164655,0.5522431260999603,0.2949655315217351,0.15191706540827032,0.23539368512380499,0.16879531723938712,7.403473810773144
0.29327590890430133,0.3972359880278198,0.7524902755070555,0.6695455370584427,0.8588611587876931,0.7386563382995498,0.1488121516490315,0.8119104022776805,0.6972542644502789,0.4681400394801357,16.84828593196499
0.00977149881135575,0.6218051648344551,0.5424964578293098,0.2360390359399811,0.4627610561462331,0.1028406742027852,0.042452406369517526,0.010358148829312963,0.6725638653185937,0.3663961900973344,4.178985255019686
0.8065033228917667,0.023302472020977683,0.7966625404318823,0.978428012582167,0.6763831840883535,0.47852317375219655,0.032648858062774955,0.35140921445156503,0.4547929157755929,0.3094121678981496,17.44362145381438
0.826412242239108,0.2876139211013391,0.9870270222016341,0.4607908241901236,0.9229515787987055,0.24295938953211005,0.842700044959604,0.5849155469685643,0.6772763626346239,0.8247178392638452,20.816173269041748
0.051738535079694614,0.5750696866789734,0.6685144696650516,0.5731508844205969,0.8584199111739094,0.26226128866442344,0.7883249163449304,0.1835706435046136,0.08780209768110392,0.4577644691257351,10.492556127245916
0.8803135573312059,0.03656457545603542,0.7676977726503879,0.40638606989953263,0.42276946500465407,0.2970922051981575,0.6333919889013904,0.4284512892011142,0.1347513391354006,0.16712871211947178,7.6970475594952
0.4380723096790524,0.9410991728397228,0.23375613144288265,0.19901095639992505,0.21043683636816735,0.36734107438190233,0.11477221934671455,0.8119265012122465,0.800524320544562,0.8673591805131692,13.78738272887061
0.9731509379753667,0.11842164870154948,0.7097611608673703,0.44510791546706097,0.541824050277785,0.30705984403523157,0.7280579315424272,0.668387408880571,0.31434579370591176,0.42763103129793933,11.556205041841672
0.1918797932827051,0.1286529420453535,0.487983569164267,0.24555671746757568,0.9591235160232799,0.15557172187611257,0.696028754206144,0.9447098324679919,0.2693508598341624,0.5031805780055945,7.576248309020454
0.46800028089893964,0.47477168210169673,0.17573942585395264,0.5450729857817367,0.9975926699979689,0.4793439061465612,0.6821230104515168,0.8971377888890629,0.8956189028670918,0.3105154436704972,20.327191770224555
0.5035386513787513,0.48521649403965295,0.5101328058163801,0.045780540037511974,0.6426995747110238,0.3686281986855585,0.3710925140170138,0.8721230798882988,0.410944047563628,0.5014686177947586,11.250541083623869
0.19764553052802414,0.7003727122626289,0.026270709671415426,0.28864584376873437,0.7811650826849481,0.6061471184652972,0.6996868554463269,0.14246935006798478,0.5094740656898648,0.4438699494231082,14.752859283064181
0.9634925540320829,0.43544503829669634,0.06765030329768884,0.15187335217056397,0.07197325702555024,0.8779002871654978,0.38993852245749827,0.6435683519216543,0.8099259248986276,0.860151641551244,16.395897175474644
0.9904969798924194,0.6748594104329091,0.040391214256147445,0.8020947921057878,0.9360130595601808,0.5073629754768342,0.5353967982550851,0.8880906312656772,0.5138413710822155,0.1255043850207962,23.46495966053974
0.6733010957520373,0.329099917858122,0.4830256735367412,0.3261243556674126,0.1536673058517034,0.0006870380941669252,0.6675690574260215,0.5372347388426447,0.9667224565486371,0.6140307169664403,10.668246881540792
0.7509243330929387,0.11922567108284265,0.7722575664714214,0.2801423419664224,0.3041657650825186,0.5718878860420608,0.5060328145257267,0.36299709045724393,0.7103917514588832,0.6294101337316256,10.095014857117814
0.9525373278700424,0.0380718461637507,0.7969357935580966,0.38631805398508423,0.9712025261168561,0.032430267282427705,0.050030358399277386,0.5970802932936465,0.6877074352621027,0.14300961692728897,13.670535324351832
0.7593610399438121,0.5731742377946716,0.8994525697200886,0.9165124545853952,0.8036113974064266,0.34536627682395193,0.8399939439010807,0.20418888288964865,0.6145443163160993,0.08780921845545675,26.2614405351183
0.9139056953117344,0.012310061483668977,0.2186688799935993,0.022528613332296388,0.5072308859620265,0.8416133892297163,0.8720492805914504,0.14737946276626945,0.08883330056310501,0.576408378048448,6.088947585420273
0.01107032152411258,0.12202589951574894,0.5201821385198161,0.8007865611949508,0.8863316134875514,0.6567753923558363,0.25827639557070214,0.3107119972379909,0.10766650116427612,0.44385420231317063,12.347091482162496
0.2135000483891002,0.17731020413608678,0.4871187723195407,0.6962599570320572,0.8052972962302755,0.03822717832920852,0.37766564447447115,0.8372262208058743,0.09046917357521811,0.5636679186982967,11.579273909282742
0.14800345624124933,0.2219696962727774,0.5083285717354175,0.15095917927360747,0.8437836397420792,0.2631249973082641,0.8626608258949027,0.09193158468370644,0.10226106840973925,0.23554113774778385,6.294820856904887
0.4767852244267169,0.6039991705254475,0.1077137641458854,0.6868122889166832,0.27986691542292463,0.6913539155653693,0.3922793647307382,0.8334051600058928,0.6842579894559847,0.17000942560669619,21.31402104250611
0.07019277823265302,0.229397114499445,0.30325884100017686,0.2635953508878658,0.41069504219426967,0.7095368610854608,0.49863706605192903,0.20816926227823995,0.07317050674112102,0.155966814809134,5.282131530944328
0.05361437212576059,0.6745584469015723,0.5034450307307229,0.11751105395391448,0.6102015303985043,0.6762391636681784,0.26002266296095844,0.3355009402938136,0.4761897832508024,0.819853373260387,4.9555510104339255
0.44989646043111897,0.996206160229149,0.8115180560263615,0.06623462981970307,0.7689832651805836,0.9674707450193162,0.8182741836476027,0.598915467867666,0.01649625020729406,0.8042962714081947,15.6409680209368
0.5944644268811594,0.9529130959156678,0.29869138088747704,0.3047219387141037,0.7305417050366997,0.7953767879942562,0.037241408589903546,0.730054273065507,0.7071614353573664,0.9141022970287972,18.200071994400407
0.6249156866359123,0.9304396096486457,0.7332264218378283,0.36012491860332363,0.22945366040724013,0.8749766686234861,0.3528806120899196,0.005848516372033874,0.12630281427795642,0.7355267054736351,16.692802517568886
0.8594477134473234,0.6771131117107914,0.20469721761832327,0.46839859382784665,0.08595825577771843,0.9582675589706054,0.14176300368135664,0.5119219991135366,0.32859643401516736,0.22661792703320038,16.039037179161518
0.9625740063393026,0.08534522675308576,0.655313511057797,0.7794920776290607,0.837765245388401,0.28642651081328707,0.850215277825112,0.8755070791983065,0.742090088891431,0.0021867237326000932,16.107431146903785
0.549202652091737,0.6446274224687882,0.658872538684832,0.29386005693732653,0.3149910629557434,0.28563218309495064,0.388600658143779,0.5266738329547624,0.010139097920428108,0.9745930404618207,14.622551332596883
0.9064348648886162,0.39491553077547203,0.05448994619833669,0.23423737020751956,0.13610220842036225,0.8439106937770733,0.6500389568772873,0.6691458790514508,0.6267939129559337,0.9903648039700649,16.005973596385427
0.06917556334783959,0.7371160602886916,0.15077881961391404,0.9116489088923723,0.5518839515454368,0.39044973434291064,0.38622775506986085,0.40521435828761976,0.435466213354446,0.7326608807101406,15.101479548823937
0.19835923367218256,0.8742119066834406,0.7785076986560527,0.031084769650768007,0.5949599784617627,0.6324788795711425,0.6035749505355541,0.5483856624327293,0.29934882163721066,0.5632913304196483,11.611702110575512
0.835056822296114,0.047643339674312224,0.303323710342843,0.25577532339106324,0.5367689567610957,0.304981362662583,0.24861990362075437,0.5124113204686677,0.8011783799404756,0.27966719897386927,7.797091646702569
0.6235797304716394,0.597048849914522,0.2816286161514344,0.025970487140379195,0.710542833294665,0.9425463668551978,0.5539031437147318,0.20693188801714202,0.9507564988899032,0.2692295338547285,13.865710431450665
0.5455816870470847,0.8593963015124596,0.6423083764539447,0.6036865235952636,0.6956844968900985,0.7910460191311677,0.49971679126335145,0.48237492767054735,0.43358880850195447,0.9183928870187572,18.547264216944185
0.3164397667331754,0.7442220514069042,0.15969283231806786,0.08435911795687812,0.0005435444697591274,0.4729196654758908,0.7210213956248394,0.8301093401046745,0.5379505369017715,0.03237428278447252,9.935576195481827
0.6003276665437269,0.1401845388537315,0.0497527455683866,0.643146453058169,0.13575454042314017,0.7704843405025671,0.7476899772307068,0.29377413545451203,0.1801857519208533,0.17937055140438385,16.90532818318129
0.3109884615099855,0.9857233989992674,0.9593556225587091,0.15329864913787905,0.307153916451952,0.3130011424888629,0.7290661874250336,0.04710447676815188,0.44955983808843925,0.24982836528377672,16.682526071652156
0.7745129146042447,0.05549278205749952,0.5955910025611261,0.44050073272322954,0.352697184165105,0.16160109086447982,0.514560857423311,0.5646506665781484,0.05616712282753333,0.08998007348609316,7.956614606386795
0.09009289104703522,0.566602550429193,0.14157315941589577,0.4759818611342176,0.24076868754040848,0.3638893809878,0.6575383609204118,0.47699124970960616,0.1501778423581498,0.6481834576479113,10.710052076584425
0.8553852795417859,0.2366418503636919,0.7512014048806999,0.006492949029276995,0.32511339970732456,0.15352045208028076,0.6049596178991525,0.5941197534218524,0.36592442870494557,0.35862408487130604,9.665389312558446
0.19276521120276735,0.09604670655808822,0.23368378578862126,0.0832336036716802,0.5291760713563505,0.18501554080732896,0.5588299079588286,0.9102616515591399,0.22879499566836337,0.010131945422955035,3.9670363554378296
0.30044368939696775,0.10229080413333158,0.4454794023572425,0.42265586921836107,0.1757728453673858,0.5897020164893076,0.3953665750325559,0.5537379838341582,0.24691130988563847,0.008701323369741942,5.357691455577777
0.21149970390508244,0.9226895662401057,0.8774164382769185,0.5236838930624718,0.7103101477318573,0.4724960872466436,0.7673163709830267,0.7543663481503267,0.5605091078299104,0.9134988842119517,17.746153274270174
0.010573766726466038,0.1518611810986592,0.316591748097635,0.8564667891598202,0.5558128990353465,0.3724058585082842,0.39426091062261703,0.7669622953645462,0.33384010816484877,0.3322020994064596,12.674373213615848
0.5973823996848583,0.30133292410894896,0.406548527004429,0.10223786185660277,0.7628997298190089,0.1630493661879715,0.9227596290615699,0.02393182302239294,0.5764002832207071,0.11785935213370424,10.116524435030701
0.24920212239860606,0.1940880875853055,0.8755124015773624,0.8730448306875385,0.6769915069805986,0.3791158694271942,0.42328166656537636,0.5643069387636365,0.42087291554938244,0.6157149841467182,17.261908728485565
0.1832730190047258,0.3706401440599467,0.4338655668406133,0.8174647309118429,0.8753689246173431,0.2613164857350976,0.9354471418318169,0.08289644807298269,0.8525730681660484,0.7161155037688804,17.225684341353897
0.32433226080618094,0.9854785930585026,0.047728673524329746,0.6358311082767821,0.7569489253248528,0.4248889472529822,0.7569611266350796,0.6085803907868962,0.3442750318611806,0.40059744315389756,22.648905794660198
0.7648729369292435,0.08053503551863173,0.4092151800840056,0.9838889510283416,0.6533514191467219,0.8710951980070986,0.6742502695914901,0.8637804556536689,0.25475102511458936,0.4767703555605596,15.445008551446291
0.6536841172562711,0.2446538115411876,0.9981804348730678,0.06927603092432033,0.09378556489830425,0.9077465053800828,0.7897448482920323,0.9993607503153223,0.6607506537748485,0.3217963107629169,12.587467171740553
0.3440816820948679,0.05333702107718763,0.3071441443436105,0.9474800400493261,0.5604585633936713,0.10982687822665749,0.5158199850324519,0.27024961215756393,0.5490762972857791,0.0978746378244465,13.41469299567235
0.4113105521487874,0.624827597081207,0.782015446980534,0.8776159256239771,0.4067197235784258,0.41276481657652553,0.3889717372852861,0.9653826564134923,0.1873063354846286,0.14938468468795008,20.09365160013554
0.7750262068612978,0.990259917887722,0.7469170877119126,0.8917116553178495,0.31971637523721286,0.20591475165625128,0.31945552530377785,0.03567118516000656,0.8532874433686711,0.9428673424229387,18.410321604370466
0.5605290267362689,0.07672983699470737,0.8642099173579091,0.9662044314355019,0.3400640734437973,0.49128084001648453,0.8115582361926308,0.9742870453085354,0.8562419009486636,0.5985187298585234,14.307126422746553
0.682995903654225,0.7448799940393088,0.4590932375465263,0.46021904511609923,0.3649288594897657,0.9673528288901373,0.036890797259567676,0.12523152570449303,0.4131477460720758,0.1483077192243325,17.02204622427551
0.9925678773136423,0.8957603708602176,0.5545014669527518,0.5132837305593275,0.4319284346089376,0.2592592255001921,0.9220284207954816,0.7752741422312547,0.2539587066328395,0.0699131927130977,10.090172446850238
0.30507373740415333,0.31208153178107734,0.6628549941370998,0.7191024821958389,0.7188135695291599,0.9817047463367894,0.7578117137837641,0.8562842286746484,0.0728949021117038,0.6369094032549801,14.741953160784773
0.4803324280968324,0.7319335822814051,0.30475434034434157,0.2886267704117613,0.33494580042820965,0.07035037743480177,0.6393680514562342,0.17180919512347337,0.7102023687210047,0.9234707853608884,14.49709155121029
0.49691909813271296,0.41275830521075196,0.8503211313412758,0.2907317642710663,0.17839808793169243,0.11789150921338898,0.07516096997544108,0.3271917803503528,0.14308366028422803,0.4452599600127516,12.331324360756163
0.7428954451000581,0.0898852889179792,0.7669660642701053,0.7748229875886277,0.07156304348926545,0.8234387311212312,0.3876466469148018,0.16967580229964774,0.9485111043576169,0.9456388937782646,11.273554514970312
0.0036481562302784765,0.45766719448788973,0.6635037237392201,0.32812107367316157,0.4414028178504157,0.7677208595945723,0.6553864830343311,0.019708290714873566,0.992463234913737,0.3740356723903784,6.013244818907807
0.7290744638509334,0.00029447101300617007,0.009416850217910055,0.19059407376340642,0.06651342538440208,0.5026260261099176,0.5307646475851723,0.45822099158959606,0.19240785599806787,0.34623152943679014,6.70772309282831
0.822800216557259,0.7804057845209627,0.839389686473196,0.4745341026262857,0.6608583484172926,0.12363950857769801,0.029607971277680778,0.7237910400493067,0.485544489594425,0.9959429810288566,19.962912643854864
0.4008198475744854,0.1514476642164877,0.011703933715256132,0.2325405840021354,0.3395798601844856,0.6788753387793468,0.9570339832683872,0.7796429865889558,0.5917571697214273,0.03987419021522598,10.494320667919883
0.44595959943641594,0.08401417320518456,0.696601145902502,0.4289619642707799,0.6605236203284638,0.8939664240137503,0.8908610869176311,0.014775034443791468,0.6934811885920106,0.9760253126645786,9.304551505134004
0.7777911740622102,0.5216098059775208,0.5729595867120009,0.7800908637885057,0.9550007858365851,0.34908960802870015,0.2144483483880012,0.13433655313317905,0.2837994896355307,0.4753497505082306,22.308277197822793
0.3447871011574717,0.18282662350673373,0.08030285618109556,0.30993833635937285,0.8179437054645131,0.19497649196888522,0.3517659663567594,0.6914417071902943,0.662960916983515,0.18489248897302324,12.399468318676982
0.39314474671457755,0.7076847730176861,0.805140231461805,0.8749289499239673,0.6251524470274538,0.24375226351728352,0.26564280645831895,0.14341254812529425,0.0682045010392095,0.8964269409948661,21.92058428202527
0.3777813457851005,0.6836485128588438,0.010578168761285478,0.34551517513771224,0.9566718184003068,0.013217752145997186,0.12145100840113099,0.7751164801427947,0.25918737500815714,0.8115824350351997,19.31431280667751
0.0332187912928843,0.4057854122970933,0.21568905265222882,0.37762868695742724,0.5415482268039654,0.1466230859392207,0.188999848328967,0.8399400017979364,0.6563962327463742,0.9407868942734947,9.496140332957967
0.47757677126682896,0.6952988110854407,0.7879068125650611,0.9159206226590598,0.716580947402277,0.12830941120866013,0.6556432239940995,0.03465856683203039,0.9933307007361762,0.8262780987580075,22.20797953028278
0.43940123332938696,0.09750487707624633,0.25596965489711554,0.6077989116421524,0.4220301445722783,0.21602783666368341,0.0009264446885528521,0.7173371273870803,0.5700505569028602,0.26117146088282717,11.840294328003383
0.5097601611383543,0.9554593848000954,0.9718968700477465,0.6406978067097224,0.1010859940577753,0.8667652788023944,0.46399420770464517,0.19093478009857745,0.21477261888774302,0.4841611902986349,21.556086321800144
0.8430118727609788,0.7459623962133517,0.9665140304323634,0.7411458708469163,0.6507795648242228,0.02493142201174592,0.7468454415955205,0.4801110777317166,0.6001662966238017,0.385681919851119,24.643740093082172
0.0003522490585182725,0.571010173091438,0.1913923120785892,0.27215558458774236,0.2440310788572171,0.7593246129709115,0.17886589316662305,0.23694395709658866,0.4283378193996733,0.5919901714122918,7.823962172890832
0.02590854206515192,0.16665865081202125,0.07292648113298128,0.2298767928342732,0.6369350910310777,0.7172784814687221,0.37603583411447306,0.08041325275496025,0.6081196418446209,0.6087431871367323,9.668516739421293
0.8450142070461782,0.5802963064222483,0.054366607050203575,0.09734363663263579,0.7282420271690925,0.040493051039546035,0.3227656476738663,0.4792522572407508,0.15192750934870136,0.4375713717944554,18.53122529566503
0.8548351573250424,0.053177231573678485,0.0292660993237035,0.10533811755045952,0.6612375931014226,0.9735764783755781,0.6521626469635015,0.5871560058287747,0.421938777379428,0.8644167368467812,9.872726053216455
0.2801192646559857,0.6495472772427816,0.3194829983671985,0.9170401250488149,0.7480793095741518,0.3056668916695142,0.7832818137064886,0.5702155468284008,0.9228469917829775,0.7828333809267458,18.39622287689324
0.05328175828455928,0.6769309058996394,0.1596067950275405,0.6054806566870171,0.8190013192048582,0.23661369713777924,0.8349367435221832,0.908844765383315,0.5652172047696586,0.43779105164465504,14.160333421039915
0.3161119182899933,0.6927268256537219,0.8923116032428544,0.8920996240368702,0.9611286039273002,0.6280028367086112,0.090733626481723,0.9415625392152476,0.44030668028209663,0.9292538336480658,24.164132446769994
0.06225576936253352,0.8662020085606442,0.4906104912243452,0.9469372681234444,0.8418653986567443,0.6321046786090401,0.5744626728998427,0.0392456309701098,0.739566551046388,0.13964396777945853,16.34995334763254
0.3522488497010703,0.9296959102072492,0.24460413961743088,0.07178552398297244,0.4090893018002778,0.39351116171338396,0.576058738341777,0.7566799047750324,0.22152333789571133,0.6647835670294913,13.724896679925118
0.5118846811355608,0.8737203888284287,0.34119552650125173,0.7462216111302924,0.6948397577923584,0.3070270738189641,0.6199462787211634,0.9167352980918269,0.6143057696990057,0.24606139480118505,20.30296926623687
0.9413354356373497,0.015931459867566056,0.42303910847156767,0.1670968158024081,0.9529629737594391,0.15864439952873355,0.991367136187031,0.9176375812845913,0.4204885927619515,0.988978278676061,6.013434366165631
0.6749365438666511,0.024732562179048956,0.7275672508641644,0.8111959110921627,0.8909021826012338,0.545974904907159,0.034279802334133525,0.49331171346020664,0.0751142754159071,0.23701987137505054,15.111136017211996
0.632812185676075,0.6588975413366278,0.26266683051742945,0.3850004563265701,0.8605515711878475,0.25221720128628555,0.171387243320135,0.7139306343205641,0.47867547290447665,0.5880556195922254,20.559784886490316
0.5448825048904993,0.10771817689728524,0.8362592757588063,0.017012333742904562,0.6490520374255695,0.8513315996158141,0.9024103028096333,0.41876862500956114,0.781701887633239,0.23660938505301654,8.78095832123994
0.9097058690822748,0.8066546095288838,0.1395669591804607,0.13454947672892015,0.1918303470517162,0.15468163889310516,0.859314149470598,0.4037660345505589,0.2905798945180422,0.889977647374963,13.263633271973506
0.3071082088286937,0.23645184443172507,0.5032067580644173,0.549238381516938,0.8398417454373907,0.019591992429289773,0.5543675423388241,0.5590917323908912,0.7106317438182055,0.23622443448285635,11.096789661346191
0.26172475475768564,0.400700042898107,0.8687807876582908,0.8331169245541096,0.29917112771310617,0.48296401336837813,0.3234567969446236,0.20786937849494347,0.3428420214741149,0.3717053803937561,15.431090233151723
0.5705326124159688,0.4529046123240128,0.5324763624973939,0.799118650345909,0.7426308913167645,0.7946051167628688,0.034113519426552164,0.45688629894740596,0.007669191233329875,0.383344218044376,18.75561439243776
0.20707435514152528,0.19445824559550495,0.25164764925974914,0.22277234693754044,0.24803378311702717,0.28218072884715695,0.27614368909297216,0.10997273531161678,0.9571798254787083,0.9188612665314431,6.252779649731947
0.07991559912075208,0.3197205685403768,0.02132096499206404,0.8393207291260342,0.26863980087208994,0.46752167156332325,0.761050794710613,0.4232035845270652,0.32181105691941003,0.7196246986548311,15.732078668044524
0.17287530302154097,0.17465048759494828,0.39243232530354943,0.7605794360516966,0.6257524879339417,0.14291854759252065,0.09265251591620693,0.8861920211021195,0.7134412853962676,0.1476681391023852,10.426268201079296
0.9205738212782842,0.5651989896550977,0.13689611220504094,0.5960312076871024,0.491002120795225,0.6611206130537788,0.4352237121881819,0.1820497263844837,0.7206791695985942,0.7492921848456323,20.149871888459565
0.7159508969868916,0.9808031956339448,0.6245540075753099,0.7587386377469347,0.31662861200650916,0.9228565954936946,0.7214871625395124,0.263095731374725,0.7105659629318208,0.9207837488833472,16.93300107417199
0.2951232163395088,0.49180490181246006,0.4607354829741036,0.40750932382308835,0.9540796638425887,0.3894230542364986,0.8203356687234609,0.4754437344536704,0.10342295302500648,0.7741005283959113,13.23952622729048
0.043366217079782166,0.38966639343854037,0.32001183899745733,0.054017103299496716,0.9534321673543751,0.5645632685585067,0.8891472011125461,0.7643382514689626,0.8285049391898388,0.2891731250566829,5.51898694559305
0.29757065414575223,0.6174782966088317,0.8384965731529598,0.8196686483022784,0.2867103828878217,0.6570897188148166,0.288531576012364,0.027179362721509892,0.347097937092278,0.9740909275084495,16.060633300146087
0.043225162267624295,0.7460508904113405,0.21760739434903364,0.5319388971957429,0.42152123079464854,0.22656213097670985,0.3850119008896503,0.6755726598459711,0.5842338168170124,0.7872029730447119,9.619945489869126
0.38595279684120376,0.4788389499047643,0.1793074415752205,0.6984487332363084,0.3897412985444719,0.9708922180351856,0.7069601605523325,0.713431113367096,0.825570084546917,0.11344229914571935,18.65884660185563
0.39210556893453663,0.31677387114659583,0.565913073054495,0.4826438634741179,0.9137158379241526,0.7319072377825082,0.3303679148957114,0.7903397320137621,0.5203477422588665,0.8143905841699859,13.302340034558663
0.9386405625775522,0.19116671813307828,0.36822627855298773,0.07429101993186693,0.24914264588561008,0.9916684731300122,0.3124037465889967,0.72997399587801,0.28838389463519165,0.9258358240040441,9.336503657531694
0.32849799057755014,0.6752637228399151,0.01606720101863801,0.9723766299858101,0.010087131098842073,0.8706184732939947,0.6176566051796951,0.8919181484464924,0.6911627736296299,0.23173617836795912,21.317534208217108
0.416961731106507,0.20178380702156995,0.27695800198493437,0.27068186877173284,0.9218931533713889,0.3163055097906303,0.0694385095709914,0.8799212736798441,0.072508296712964,0.33276009617397784,11.820893300463732
0.4094264298514452,0.10859590412031483,0.42462485308455067,0.7819892790434217,0.2172781570990029,0.7497488722725251,0.89804512247044,0.8393113386548273,0.6144450327928431,0.4389470078725589,8.837747409297746
0.4627182131899199,0.9093899760196782,0.6812784769579722,0.2517813985062821,0.16353003167048008,0.48449605251035743,0.5477184030860887,0.044619618752173906,0.6790760256264667,0.8899783415720521,15.504101681650484
0.8449546480171235,0.8467902434797713,0.7287219165020912,0.21655884385702195,0.756309653449309,0.2085549491690193,0.37848249123670796,0.7813717203829194,0.4094655583250233,0.6999225836074253,15.462685916490123
0.3376436826265161,0.40021720176944175,0.22496441916363008,0.02896914490008562,0.016086594828839673,0.38620644845931085,0.4208223772958124,0.27751174948014623,0.3983527682080221,0.31835412584246314,5.7767428806278485
0.06583082568461873,0.3640126328697151,0.5771502824408209,0.8239406585864948,0.0885736761176068,0.7785853672645909,0.6620783816131279,0.649760942295727,0.544886791018862,0.8660531906380321,6.441027678563824
0.6981522040170713,0.7007469458116472,0.49799405987053413,0.8990187151408866,0.7249263702108079,0.2373920694977396,0.9533635536548332,0.8574224838841512,0.0795971953579262,0.5298873821377936,20.464520820640004
0.6792652690531321,0.7547952720711699,0.4412582725257802,0.5587380702634412,0.5975689589964486,0.3883149123786088,0.806977592915417,0.6265926547875259,0.637222611393525,0.36576099710539245,19.009022886296314
0.4629375144469502,0.2363547971458968,0.6561778148541949,0.2936591370819861,0.9313328486424634,0.6815788319232565,0.5140635695285307,0.9335317749806078,0.0644999845362032,0.25241530259753886,13.869010911493936
0.8200375433151597,0.2511516499732537,0.2383798401419882,0.958289611354339,0.9893835634999452,0.8318753488325815,0.7640067486832347,0.654031881301824,0.5978069557648303,0.22370993793351668,22.178290858783622
0.5332185537857604,0.2681639100811024,0.18234813871105926,0.69227338508611,0.5982949425674559,0.5800211040659976,0.006777628237185973,0.7890530197532208,0.7060259076305466,0.3380657999389308,16.532112785631096
0.3041786425780356,0.056624484515917284,0.5750671676523721,0.25474871041690483,0.937104446438771,0.4058666195164745,0.34515606603904947,0.07048375667021689,0.5318231343362447,0.2500986500793686,9.472543975912327
0.3092029393285719,0.09581191591762261,0.06159942710510846,0.5301391384745694,0.1367013295860312,0.8072776529747219,0.9753810794100581,0.6800071313396878,0.6469095001134365,0.5939094385322176,10.157006033837764
0.13745343098487117,0.5998821197346446,0.8691970742524511,0.9302198844547969,0.23128837654600287,0.12271630039778891,0.30436169502839006,0.204593781678997,0.9861202526521592,0.4768837735849939,15.511678553545933
0.80084815038325,0.31939392621065865,0.6131256952538929,0.9056082760410791,0.09167621469529263,0.1895942216666845,0.7304506566135108,0.9375058002503471,0.5494966490418186,0.9343332117269436,20.071609579971103
0.48359866854537303,0.722657181339982,0.7688402910405098,0.6565023984213737,0.4478056626873663,0.9664374209581775,0.5195992013361331,0.7975034557439551,0.8039758324271554,0.10788868625308079,19.98802443793432
0.8680175408987384,0.283120669736042,0.4002460397588208,0.969188835744418,0.14512865384516638,0.24295142945217219,0.3273609834956239,0.3733072118673336,0.1224545518203014,0.15127691716465297,17.41329259277397
0.9618428416644582,0.014845893735437543,0.39345839351623024,0.6225744003602274,0.6654825560731126,0.9970175320842937,0.7167405675394989,0.6575546992472443,0.6756178134235742,0.8687762642920471,8.42732051850758
0.023411259761230374,0.49512195715029184,0.6729495471411113,0.4103577221610586,0.3097272248490346,0.9768511775793212,0.7804710065255411,0.8018631339540759,0.600544019682046,0.9772281624678291,5.754738487830737
0.46140145624029727,0.7793277505508894,0.5597416760364392,0.9216805030581592,0.5442629294367293,0.40950909500563715,0.586745429937899,0.03994989622313638,0.13959128416940858,0.7561234139773454,20.26521512495316
0.13766448030379097,0.20517736607842207,0.556739831490011,0.8735110925564462,0.15642314777459232,0.960736259193745,0.6407062220276813,0.5661124297664404,0.6527519999259536,0.6749474731076485,13.287949508014126
0.3025763083719474,0.3821857527422501,0.9934664303377998,0.15315695579639332,0.6282598250729806,0.2793749942634398,0.5643143351085688,0.7477471970334845,0.9648487077359889,0.6440621157165984,11.752209800850316
0.4947154645600801,0.03163728216423045,0.789819935193516,0.21220354039027722,0.7907312080516012,0.6284896625173056,0.7881671165093233,0.4841937985178224,0.9568908059370476,0.060102752523993774,7.820586947762351
0.032033316464638584,0.8282915619150126,0.8263406592780336,0.055014543725763976,0.8797923811489412,0.6484685151866104,0.19582385450772,0.29398617348338807,0.05124179999495393,0.5182278071498435,6.929767239251054
0.9187722580258119,0.7116769357625036,0.190609839936404,0.2877957595519569,0.48728242311998593,0.16952479828266676,0.6494120780095894,0.3370241267945696,0.5599029001982462,0.7212361684456026,16.179716569872525
0.35814833610198893,0.6883566204223348,0.42689403167245843,0.30975284443622997,0.6271748996627515,0.703266105794927,0.843833083186849,0.4604112878635592,0.06815123020535097,0.49420866118523443,14.000062823622983
0.22095157319028347,0.8953746306183199,0.9761175282227929,0.32699343453377416,0.8119082655180122,0.7517145680474498,0.9628990193461567,0.11918780571897436,0.7272702301181297,0.03753393177372799,17.017177320663937
0.6800218841141173,0.7072844073273319,0.14147997548437696,0.4099134845394532,0.7697068639728102,0.15265843630769205,0.3880604473962489,0.09827959895040217,0.6288109023906444,0.5668148677622777,18.599401251529244
0.4302326553446343,0.05927983137701309,0.7677853184743755,0.3724154682521601,0.7867464379255894,0.05277330541848191,0.4783768946421041,0.8040181338717813,0.8967633627619193,0.5141089055439829,9.853594454872624
0.8777032880248123,0.31358365556421275,0.8940431852732217,0.39640946743758676,0.3298768549151023,0.24403934211107625,0.8869927449258203,0.7928962784050796,0.37370384890824426,0.5833153844626708,17.734726705207574
0.7338736036353568,0.1088222029749828,0.13357882863569903,0.00515778283470858,0.9872368868468092,0.20815196925943458,0.9781228603220478,0.26023515718614376,0.17727566378500692,0.08945776412657236,11.601888065739749
0.26342136958752826,0.9671113564406347,0.7055571328126615,0.4255096096703773,0.2600236144011614,0.17842510812421775,0.5012581972501728,0.7002928465216651,0.3978882535405007,0.5825572306485779,14.325441260915236
0.9600829664931692,0.22839462659853216,0.44709214446078704,0.2328248155532635,0.2920559969025409,0.7119619201716987,0.7363956825959801,0.4013302404333571,0.5911346176545944,0.5108828444286155,11.67445302563288
0.880567209518936,0.6470820274857615,0.0220911033146729,0.9621444288609589,0.4159145384785171,0.4265282080201739,0.056554789070137335,0.5086016858213482,0.9806771757355079,0.10204480713484398,26.878870878151186
0.19079418629179934,0.19217131411932353,0.029862149168547347,0.09578392380452883,0.3844553305181515,0.3594189928272171,0.6587711300965347,0.04806846574094381,0.5723210520007248,0.35479770756629336,8.000922978466807
0.5605324108603007,0.5825913672224812,0.03271626170150688,0.358146355721479,0.7782786202512267,0.9136405607628443,0.4739718683617127,0.003948263416095998,0.537758353563412,0.2643624587628415,19.925781149408948
0.32749951019646306,0.7340783924767398,0.039244507714892185,0.27082173239676266,0.4807436915171198,0.6616992502539247,0.39142541231406613,0.6956416725065092,0.8036934197184166,0.16724375367514688,15.401995789381353
0.8942784072893514,0.22687551914348336,0.20495569452049578,0.10723966113334604,0.0669107340120827,0.9840306792530453,0.5643827078141722,0.7805120536465057,0.9244114695490223,0.2698208749208333,8.412652477915673
0.3828227268623917,0.14916126788842798,0.5965046410792784,0.6067057663973389,0.14190103421501687,0.7867068690144458,0.6488632275261631,0.1856929958185447,0.5877028291642299,0.055729432486106734,9.124129911177805
0.24209926204099985,0.9351675364189543,0.24455691721851114,0.3229608437338847,0.14664440387327893,0.876615846345643,0.11876973124554058,0.6571098421565215,0.497063745049922,0.6349419610636156,12.142703475103003
0.5917509088048212,0.520339681575641,0.26651176964566137,0.651850363862793,0.5982036051523003,0.46815874083838094,0.07875467374172396,0.6404450719395882,0.47384417663518263,0.5425085511242704,17.965990579382815
0.1454906440226712,0.3169890299398813,0.32187209808263517,0.3223277460836276,0.4010033799966203,0.6458394094912019,0.029281778053092622,0.27688108324541816,0.8990532540795727,0.5685466260531702,7.948456828495786
0.6345548029257639,0.5307486769448518,0.9525085352805719,0.5081286196026884,0.7725315244246022,0.5613791954809757,0.37648241603968824,0.0018609717630962974,0.26854107513066705,0.805431229590342,21.162961184321667
0.790427355896037,0.9383234037839717,0.2641025266767121,0.025345852721533446,0.028469922437392103,0.9476773728840032,0.7204419151754017,0.4361790877956103,0.3879596126494088,0.4614467214317932,7.89191595853474
0.16162262831085272,0.845540486275501,0.7830541696093054,0.42851065298200164,0.008555932596816751,0.7619998000690046,0.19753615702620775,0.7498114167323663,0.7969495811642471,0.9178382153464292,10.074212542755054
0.16919126199616286,0.6115348109621584,0.5829363234789562,0.6165625266747191,0.8786530242045848,0.9026593892713621,0.10908270571078171,0.5113196741028935,0.49943917921181036,0.5361138508396562,12.832016391763466
0.3182321630965117,0.024215595511559496,0.3133965441225772,0.23495639483086994,0.0712972242895189,0.7785595713577065,0.5568956133729522,0.7131582569677852,0.497097702972378,0.28942967448411006,4.329821764813311
0.8460849042428635,0.8265797651275981,0.5517209884722057,0.6408040277570469,0.026320011680668,0.7811270057351658,0.5317141030628206,0.9171414436977419,0.7559089192079997,0.36400428135872653,14.358246175276399
0.012415853383856534,0.4522606867353012,0.10643178808641718,0.8505481434815111,0.1753094047073328,0.8461264695202164,0.787877605048091,0.6540688370048399,0.6391706176393754,0.1848082572015468,10.990219959312148
0.48962866309909714,0.2681392613844169,0.2902547476579109,0.6017415399250541,0.20193265006814565,0.2337675364617834,0.6538243815159539,0.9259444867030062,0.9263366223672053,0.5675632859916392,12.061730956103254
0.11865766155482405,0.06272259747090969,0.7027798669117697,0.037919051353758726,0.06148226681411029,0.8042262569446795,0.9292708027082459,0.23480199902833265,0.4434777586108144,0.3168116514552355,0.8563490610130993
0.48554155335169935,0.7571112702785388,0.1254354001715946,0.08138481942638243,0.022402863994111177,0.690400198952126,0.14353805498184546,0.6156314160050197,0.08792086682502698,0.7150112154688931,12.944087641503096
0.7857063574307742,0.19009824221881766,0.18690381587111937,0.47793605628356073,0.15842104848843186,0.06926803759635791,0.5378489384171123,0.012942915279531064,0.8777194418153692,0.8208365537797827,13.05598854899193
0.13818160177358263,0.5570867927416663,0.8523545625806745,0.672439228618947,0.8479768347121246,0.7637653593732927,0.7071365239337781,0.09961133466407701,0.41480654575927245,0.2972128598448712,15.745064817627703
0.8574939080864006,0.5621533776171439,0.011019028308913437,0.05987464212207627,0.7590337390512121,0.72185623381123,0.10153463594149459,0.3785986750586664,0.03904966911307983,0.09406022228203292,18.400989411557898
0.010449531027491354,0.8635190497611235,0.5684302425677756,0.5956732621141928,0.35995753713312983,0.41005056440653564,0.36518574993246267,0.3326702625578295,0.22674972957476158,0.650148000733158,8.037959350997731
0.12710735068260137,0.6041655627152255,0.7070102897646532,0.7933232830804433,0.5287973232732626,0.5457573782502226,0.07748500736150143,0.3597575038236748,0.9749307394796317,0.318622914242381,13.101886260253478
0.744642042856035,0.39436741703096545,0.3597495458591258,0.9363426446836998,0.630042996032581,0.9555797765685247,0.9936598427662158,0.3507551490177444,0.8351382077395177,0.36906804390212256,21.053361841693214
0.8937066806415243,0.8329020447461025,0.696506501459922,0.9091665665405729,0.9454604338319307,0.5276623048245949,0.5840363753467482,0.9648234095758041,0.5813888363268562,0.4037649054623317,22.04450484463394
0.5166357528700458,0.5813291760529109,0.242291275314503,0.34282542805841576,0.5084351601590084,0.9728239155024098,0.1895938849506995,0.623351570850866,0.5712457169768135,0.3295550439224335,15.779033244236128
0.3735901612998873,0.2983187119037449,0.5818190083689025,0.9290935052159105,0.7909380621701899,0.688806408392367,0.8847277561082073,0.5607805434807763,0.2434917831059339,0.4594955655980467,16.759287874478805
0.8035838263584114,0.07696605892426311,0.6390254103836709,0.31790955559269796,0.638950231430853,0.023243835369806343,0.41143070076583654,0.654135479933609,0.6934734374789986,0.9435657008101553,7.649467915254102
0.09751036964244009,0.8442325716357706,0.059773028558928853,0.45140327291275495,0.8148683465993999,0.2585272053137978,0.6257318569615996,0.16734057913477973,0.11458333581111557,0.5540459160994694,15.137412477651083
0.3604443391977892,0.9917053799468974,0.18508027676339056,0.4094059976851575,0.8500295053715388,0.9926036351669778,0.85310264230698,0.6748194101045158,0.08831894465235424,0.8075219157169351,19.09955687762483
0.9082525327711055,0.44100982635786234,0.9158113699881345,0.5819354558723344,0.03993836924648164,0.4655039663627589,0.8805736506008163,0.5690297875781827,0.5705825118834252,0.8347729015228585,19.121245666888214
0.8728729002602196,0.25030692593806536,0.5744953138371862,0.09476207891030486,0.08750658969025416,0.13503076616252907,0.5199887884899753,0.5036512434024909,0.6938262312943184,0.9172372854499923,6.920196564660664
0.38603066814017817,0.7325043805971285,0.5505225185935023,0.8678140453392942,0.18969735520336817,0.08855840506457036,0.2887900151444861,0.4397682726226998,0.3324757973214899,0.588073651981241,17.45866425729042
0.32084080159621986,0.005090619217437586,0.7162455232803633,0.24247516808009006,0.5196678971422241,0.6987904410974136,0.3695673035785404,0.2406397490686667,0.6396294317133445,0.8379085924039446,5.704504680983779
0.17418841508851457,0.6471110892782983,0.28463693419221314,0.5545180294227384,0.7846872474330353,0.4556879123820582,0.38943437054732544,0.2942245066577942,0.8193724002936655,0.4823138726800005,14.6588035645228
0.4542065181270144,0.9781022145578727,0.166923696568812,0.4868810685085587,0.7674510521622608,0.16559984280827023,0.10226724791349595,0.7807608731052659,0.5108240804280726,0.18613192209535123,19.941151552256574
0.43241115017736187,0.8006952620333687,0.6678054386760456,0.5685145730112315,0.13393587625753556,0.5495635828200894,0.39103986730276585,0.8502829272299718,0.6185202152137894,0.542744424868269,14.460030609724663
0.005563886261488515,0.10291128546816097,0.30681589406216947,0.996518710329275,0.7968665384471704,0.5557046863950176,0.9346937960072266,0.7763903503119504,0.16403467974481434,0.6562502960215872,15.715438124853561
0.2449921159346471,0.37248925776954644,0.19781813201324783,0.20893294277484842,0.5113757768967404,0.2898438358491431,0.7769753037225172,0.8847049631501085,0.058372381682544994,0.18987020458075798,8.213505626007032
0.1726816608565811,0.744462194098023,0.2645449547668771,0.0795452636328996,0.5344207068699599,0.5757343491714692,0.39261300694650136,0.443455449162506,0.11220076685960334,0.6883356370833233,7.938041500823335
0.9323345917160872,0.8448881252448677,0.4078361698248296,0.6298363815862482,0.010774296963040553,0.05181216725718729,0.8533716811052519,0.16030975349678622,0.44399880825962246,0.9123772631226935,13.759994674402767
0.5316077087218585,0.8176263286699824,0.4582507276613774,0.2105864408580016,0.860103692146914,0.35597885551086506,0.7332635660358919,0.3860412954695801,0.7472891512557134,0.8434248258074596,16.54128396537391
0.7383732771721256,0.48215576465129883,0.80880871429965,0.7455385390225557,0.9052817413545735,0.8440503401655994,0.010173463733774923,0.2306477341923323,0.7913315656108941,0.9583905588682207,23.660631960177646
0.4185416387698132,0.13547550250949603,0.3445352810906057,0.6926680690574603,0.18728048092105365,0.3005874079869977,0.14066323904677203,0.24044208490926577,0.6261764809795571,0.4136259944123253,11.33561712595448
0.20307253717413032,0.33587529393887183,0.5075630071483679,0.5629820044658106,0.9895656498973141,0.14400058779554215,0.17004215329254047,0.5295922062527039,0.20100620966185068,0.6505566534766405,13.152326988665912
0.05564347792027702,0.4019822037310744,0.46919280112631245,0.0811531661405448,0.46655331098050024,0.7262881929911861,0.9298736069061573,0.8469466263212952,0.8745734883319247,0.33489318319789263,3.6055309912197555
0.7196543965791052,0.039149025768287604,0.9504390160760493,0.4351846007336886,0.8704418478634149,0.05825986352146617,0.6560133107285453,0.4130539048235987,0.7615043644459718,0.8065130936436513,14.07562053748373
0.7075381191036411,0.5718871439550559,0.26448735390660294,0.6170232605623506,0.04952058385752045,0.1717654482415195,0.17363058110513196,0.9537626471021798,0.018235318250133137,0.10238957933858173,16.692679747284775
0.4700619516628831,0.7584885059309366,0.5879742377729258,0.4734324150280995,0.6538904866011551,0.09416261453043862,0.08820714046172418,0.3908996131361402,0.940256260600378,0.5786147029125266,16.705338758901
0.8800530022387402,0.8255087440794011,0.6367935645492692,0.9875174345579195,0.7303086741627813,0.5388102242929571,0.47188797298500007,0.4875706983089161,0.9048012173582034,0.06692503498485147,20.855796360972803
0.3990264362672371,0.4683723645088844,0.6306371137526539,0.28898935715231133,0.24322733320216916,0.310877328999567,0.16196598955225128,0.49460138330698433,0.3405061001249928,0.7091516743343594,9.361392598489388
0.3184460106284256,0.3280412566179258,0.8291890248932691,0.3553211059935023,0.23016245904415988,0.4653950110751496,0.5033136950418409,0.0906469214106026,0.42138700464675904,0.4788238857803514,10.419016114367396
0.9217671002557986,0.1363253642135589,0.9626442372972022,0.043231267973093956,0.358744459418064,0.41576624335246004,0.794754886663929,0.5308703728721786,0.2800430543076897,0.36065665455211315,11.70873590251274
0.8347315898317098,0.6271524276894123,0.3707314324878571,0.2831510459705462,0.0239704369878051,0.4218459373478328,0.7975060818648158,0.7376866418354914,0.7611431333682248,0.6511057932856709,14.6455786368517
0.7558015595928335,0.8699931081153413,0.4150827304151866,0.12895048953567023,0.3148362195852704,0.9960383152808158,0.5249546251998685,0.13866254426303393,0.7064448660206198,0.9618716070932464,10.878733662490093
0.8777401038873613,0.3620756906413266,0.9097904866587085,0.5995798739057051,0.8273737351715179,0.25294376986117106,0.29322526572759267,0.8148908801913224,0.6304313909025776,0.6800733541356874,21.721730056561075
0.38780973886018677,0.15349370858496236,0.9600296625339099,0.5911981568471432,0.6365524501427144,0.1970558209023513,0.6852808091439527,0.47181326528780576,0.4835773386672899,0.7434663962898526,15.612006783991259
0.11793814710075068,0.8839500403598701,0.4117480537318682,0.5700628571932685,0.2830035923266475,0.36500119695220845,0.12072102023552966,0.7302938945490934,0.3170146666597403,0.8904612587885813,10.059938690253228
0.11214266247969362,0.7164634541345157,0.24154845514158374,0.7475553793766879,0.395207582466815,0.04638382464705282,0.11786564907544639,0.6344678085044825,0.7014877580601064,0.9316013486587874,14.20325271963845
0.509167097458306,0.8953295483818746,0.7419494277735387,0.18734432607600282,0.6053499609277118,0.8628217448734494,0.8391308912121402,0.8482654626679115,0.42629735463597207,0.5994209422105874,14.931651194703724
0.1516885144625012,0.6913813655893966,0.9230172117800172,0.7258968543750908,0.10779015619689003,0.4569776356813867,0.4506769205384499,0.6633615833850827,0.6180505936167312,0.6104545040607898,15.008414459103049
0.0731922161048264,0.9451584836284965,0.6098376209170825,0.34941908517855136,0.4626347644653609,0.7622055152679045,0.3996984684977869,0.18626427333901718,0.9854538629113193,0.21032627460982123,6.211375731117326
0.05933546837410342,0.6107153829202508,0.9184329903695841,0.20171976687463689,0.571329239626065,0.5525693840081138,0.4264356548927807,0.839693746527161,0.9088113401075053,0.0648862899285868,10.348840755517319
0.9016522154599221,0.4621765627293116,0.4144705904471162,0.826470163535506,0.7189057968568804,0.2393732220520688,0.13369290527055344,0.49105026507421357,0.3461269333593744,0.4395783287808116,22.49319378905529
0.09639120955592673,0.12623781820497748,0.6439249046837652,0.5171875938866526,0.7451442665207929,0.5314761467267749,0.10713893440624556,0.5409311271988105,0.5124947351881634,0.683183567052122,8.534453874786143
0.8842652395090559,0.8395702323720177,0.8530959077165107,0.99173489479542,0.3503752691491172,0.5806092678658554,0.6192957798707589,0.017580057801803384,0.3280485954825597,0.2804720090699757,20.826177790621905
0.8155950366794988,0.03765794797110911,0.2870919923123494,0.7559709983587778,0.1522350111604821,0.11907012212132717,0.25635910493400726,0.5277984408009764,0.9850809455206481,0.01029000037829142,9.144266885740118
0.6287038298283983,0.4675208242190453,0.18375418895744744,0.4835265262662939,0.1089110381928956,0.9602117919264846,0.6363697250946269,0.01448124800052264,0.7239843622387967,0.012457567972393058,14.277158892315196
0.9711484026564459,0.8060314459677305,0.2576969922861667,0.5831949306588886,0.8651503740291413,0.7921293605968827,0.42850302040128674,0.1818962707406293,0.05253371622439107,0.9240918653674288,18.84072668548311
0.9625678243786965,0.34116089572657227,0.1584974706592146,0.28792890924682035,0.03655879791952332,0.9545179216947498,0.21027970381485506,0.4445547750901584,0.39935366219599044,0.8857819440641316,13.90256798981286
0.3268381530453839,0.17521330670864044,0.9432691534918227,0.7590951723513928,0.36526949754154847,0.33745147227462147,0.6614725056542161,0.5689483217688158,0.3192379867371684,0.5135834320545852,14.459129368243024
0.4645099454836348,0.3543712320066713,0.8973620987951253,0.556757212192137,0.500943353097138,0.38246146173330453,0.4260680105820114,0.07162836432703523,0.45241767185718695,0.06516337295933161,16.905022229704052
0.5976297856593131,0.9940741139502912,0.19512862391564434,0.4310502455987718,0.229286637982271,0.9059203997857577,0.5001739161211974,0.40669268756219445,0.8699934241791573,0.3037215321601979,15.251704322701515
0.09447545971739624,0.499638963627382,0.9472412058935197,0.7308229539975614,0.9039833005313458,0.5137236841230539,0.5379006306674474,0.43241584198837035,0.3715208492176162,0.4683187814315536,17.51810201058622
0.2510592874033568,0.9020132785385269,0.01950543293571838,0.24698062577087687,0.6600003071561612,0.1642685713119768,0.49317589356177816,0.027127436964076157,0.15774370998715948,0.4592008269240465,18.184921475021568
0.18003507800387475,0.3123861022891078,0.2670850103826098,0.07437712947947317,0.1662293907042418,0.2971401612097295,0.3833069234307611,0.7184702144765732,0.27003477987628677,0.9682407752928551,4.6449758307647295
0.32648974464301816,0.18849138194519688,0.4237577593878351,0.14010224487368383,0.43877205025960575,0.5677762555338752,0.19148147219819855,0.33067438559549267,0.32776335648768185,0.2907851788107926,6.731579312373231
0.09038407075643662,0.019964482408301287,0.811333254981165,0.8052752213356553,0.03659816489039436,0.3296413781794899,0.8217322171003016,0.9659688510528714,0.7130203231590344,0.9927039298541761,10.692363066057743
0.5409274732009158,0.6058397176139255,0.06623682825387833,0.1124719090187124,0.7739855720308301,0.13374014948332846,0.4494192263524355,0.5783710228092191,0.0117217201581864,0.31152936017964794,18.269898453080017
0.7004104597312266,0.7562640923573526,0.9615624053128046,0.8481241377076597,0.013233990160012366,0.13283450436761812,0.7337651806314704,0.180540028251299,0.11259778335343484,0.7899519425081238,22.702964847806378
0.15746349888517308,0.4177021532966424,0.6882179714766737,0.11862164585756718,0.12117413201676952,0.39782292967065735,0.9875629237852089,0.398555264907111,0.9447948695750562,0.8742729739839207,6.383885988120707
0.7698014316924123,0.2014432903957587,0.66418394814899,0.020618821461535375,0.8654811676122925,0.9043127404122799,0.35226323986772334,0.9505976516205312,0.6430172225859807,0.3176312405451809,10.928029296264281
0.1580675041956482,0.028488546049452834,0.37094878950456267,0.8445866714860539,0.07902796977995785,0.00417367390715595,0.43217593862184334,0.7817120754807958,0.9306587844868646,0.7894729233390666,9.494835352873864
0.7212120085251883,0.04281700539021016,0.14876734879337983,0.8130577470219607,0.9905037092355871,0.42613067050570974,0.2266586422336695,0.5353892736431357,0.09077412906751214,0.15889256506817473,15.327211686481544
0.8128761290594707,0.08220419445539984,0.27076065711913966,0.7692752808121955,0.11528776346481995,0.6095806942604197,0.4174885832199675,0.838239807354274,0.37637635766537825,0.514949837399757,9.962372065748557
0.40728918019822713,0.18253452108180357,0.034739815299077326,0.18123989840459798,0.050961856436871567,0.5323152987035301,0.25745902421922495,0.6066384225355662,0.8095716287198372,0.026428640607132237,10.109309958327103
0.13635307614595982,0.5020134260615327,0.036307739390759486,0.323721100901898,0.4727557058973235,0.5130768035419613,0.8277015794435412,0.7180869794372264,0.2623359103135443,0.16511882635449293,9.92846909710035
0.9137629804356999,0.5606532285804369,0.13031164529406414,0.513609133443069,0.9217771133641367,0.5055491978995731,0.12815093166410574,0.2702775661842757,0.3094015141567694,0.3866467735652085,22.01928730041904
0.28521192003467466,0.21677759587598655,0.25929812712275113,0.10388128194708246,0.9893224043787047,0.5003799672406745,0.6910287551944493,0.9839102834721324,0.8647859197990881,0.6231198477511375,7.801896538371787
0.015623473963246481,0.38791374723574323,0.2281478850048051,0.08226572473868865,0.7258560455159708,0.5347283887311889,0.41300627216948194,0.20659301045611123,0.8305337383855467,0.1472835787679303,4.604124222156778
0.6588535477340615,0.9970581691761565,0.8475253051925916,0.012063883838220435,0.13961327218706998,0.8322414654244079,0.9375886806028811,0.40367136574695917,0.07664941924429924,0.22029153909901678,9.988794886967634
0.4681441586959496,0.715289924159498,0.8583150328974859,0.37213220573959727,0.3282463429734471,0.2697266186129652,0.6577225590757988,0.29305544857009813,0.45341809884231954,0.9487870576705226,15.960334567900338
0.6344247742694454,0.36733399831095626,0.5169102509224155,0.8820333398898036,0.42451910967053774,0.7566644867911577,0.36238244567742484,0.03124561157957806,0.2865032040249378,0.8384668951024536,17.106381801592004
0.16935798731990603,0.9548376281378141,0.437500716142294,0.22745688501902073,0.13308188941300547,0.10130088531508097,0.19808907733114445,0.1955969696694051,0.4686745033002715,0.8687548723533357,7.24717112075114
0.9662479623018699,0.512382220988945,0.3884000831668931,0.9981283746484317,0.6135296956577141,0.14433884879179282,0.5652168479228575,0.2030416778680907,0.5849818701924369,0.054523586572847615,23.514456840955795
0.12110324547401552,0.880726702814218,0.10154113436390033,0.0317865528963881,0.35808101897910294,0.054399404015969766,0.9784859239770932,0.24430404743861744,0.6192843096973215,0.17384627740049075,7.920640613264601
0.4454637365247074,0.2408790568867245,0.546323472000875,0.17987263242122375,0.5982572287749828,0.4508466762612797,0.4187570301504159,0.7135377363455461,0.6576596991921183,0.6768173562390445,7.636891645780678
0.2418799121513978,0.2550088888501918,0.6946066474889036,0.8416869444726582,0.427964194852651,0.9357260340855544,0.31050975491740196,0.5970049310870168,0.1933441683511573,0.2911389850508328,13.551139610227812
0.5036504425602972,0.2918216670988565,0.9301005134856563,0.9113928971638048,0.9254685355965419,0.6806784579556864,0.6479054895665486,0.537310302381572,0.8783177470324929,0.5471094662738304,21.2153811480038
0.4437589025853883,0.11713924945432674,0.06648810927085347,0.4487542012812056,0.40247618818323283,0.8483652144097086,0.6074251971600593,0.5169784483179786,0.34842840148707044,0.4405494202377104,10.701401171860521
0.8264821162828663,0.6700607411466392,0.970521821951773,0.18615460648600757,0.13618753592898603,0.760135884199271,0.23196410098373244,0.3755107671161726,0.48259600890057,0.34997251899734183,17.404098659208387
0.5599606736890924,0.611374025379213,0.6314406850222721,0.2817225744725883,0.9976369491485367,0.5210554971267495,0.6239173211240212,0.2668669932326707,0.9405018040559745,0.8723672430591276,16.33483616214069
0.45266015558865247,0.08344729085250358,0.4622032512497062,0.26221303870926527,0.6268858565571982,0.4131993111249842,0.38463904576054864,0.8298412186640199,0.26909108323610875,0.23002333104363604,5.964785900446863
0.34717714860472826,0.18240920861778986,0.15129472860222792,0.03165716077902936,0.7724852274773951,0.5206469095759806,0.1506866892540285,0.2195113846144635,0.8094769262627192,0.5154453827567148,8.105702052641599
0.9188657401488695,0.09508621796416361,0.019963414486190656,0.3036159272634872,0.6960431878118354,0.7956205060853934,0.7719309319832053,0.4880708105549326,0.739638814441674,0.9777702513541233,14.676369383475771
0.6871854360554723,0.43557233131117246,0.7638294129809674,0.7338138209733167,0.2891921594541812,0.8224480905477773,0.6768128249813105,0.20082116340480916,0.004489152866774426,0.9095344265033,19.731187879909633
0.6544018747791589,0.10869866519700977,0.2069396789668524,0.702030607232557,0.5950388241364389,0.9606033693614556,0.1890941131976679,0.003889998550935414,0.7592694682514713,0.25557283934910147,14.336153607202908
0.1651094047198437,0.7791271285245972,0.6388092746858983,0.5393490674068001,0.3751034781942939,0.1467505568586458,0.6891665610715814,0.6218205539169247,0.33734497934739605,0.6957445297100228,12.883398260700819
0.9152476282197765,0.8047172115771458,0.8421535840677884,0.41240652166396297,0.9873883100452843,0.9501163962391924,0.3529217782642512,0.9611039467915001,0.6944735799064827,0.8586174793334681,17.610710795462463
0.43956349800829264,0.4939186318423743,0.16081998622551996,0.25662330423261803,0.5406560747661977,0.4253293838457928,0.6188712051596604,0.8977732243327836,0.7262989627862826,0.22123960375278184,13.48150798230691
0.7221615674156234,0.8947161256506135,0.6256203004970071,0.30366681522340977,0.4323286709280937,0.9952137476025206,0.3514481576059889,0.5779407726685821,0.1795876633730511,0.14239036024133755,14.525744665025414
0.9433186317163251,0.3066389603952172,0.02802753442874617,0.2292896581694146,0.7191192667183798,0.6640650166452974,0.6594166123390915,0.13351651660075747,0.2170584688432171,0.27230265268542886,20.060901620707316
0.5248364247833442,0.6377737950266361,0.2346758346663863,0.3900691657039752,0.6103840838081545,0.5989148008599297,0.8556122509610423,0.8439237226658743,0.8434094528387845,0.7893758950699803,16.55553772680869
0.7903905939939194,0.6575816245176738,0.8980251009816597,0.48601089921288854,0.8910251179246451,0.4546960307696519,0.905789655388145,0.8296954985117071,0.834148624123382,0.7227665242287158,23.421394962662827
0.9324389288053604,0.43790202364282427,0.34723107146170173,0.9062637657766256,0.620410880068229,0.9199677266394468,0.9919766048878229,0.33582648322039765,0.8531984968126947,0.08379362317047256,22.822723099055704
0.7058741794265275,0.357080600612354,0.9167853883318233,0.2920653838577465,0.3177224096743303,0.196248407500629,0.9049837574905982,0.8280730467260056,0.9802334268783848,0.9770888931395668,16.98901561745211
0.30802725630546557,0.22867515332884525,0.18375589326873742,0.2977126667837475,0.5421812500384626,0.7972383187910068,0.026352788314902842,0.5827913539704289,0.10137032338960905,0.5485074461005076,9.224843027457986
0.9486697027647604,0.3746801963090324,0.9205614736810752,0.2483276952685517,0.9686706421424741,0.20919567954547935,0.9437369164432249,0.31374239981702257,0.3425357001222107,0.9545850842654421,19.311002807389325
0.707857313897734,0.8286195081270955,0.5342642842160509,0.09366606707450853,0.38861022145023627,0.11110906401805853,0.4635073057301159,0.29044194872468865,0.8791208698579104,0.19710418566823773,12.291121178540562
0.5809237641472954,0.6920447238380302,0.07013116981861767,0.2692062613830366,0.5808343155293862,0.5302797833445273,0.45047866147679916,0.22443101846041624,0.33881091695022536,0.8463343327152408,19.21119704036868
0.2169074918395475,0.33382270128596436,0.4940219217484757,0.10689477444864426,0.6009858511312386,0.07628159192041395,0.05810696673348026,0.7267092748670897,0.8857588915862427,0.6926499984680667,7.353275320986636
0.9574309020013193,0.9238670483139251,0.23033419451532722,0.2833800325974357,0.28629745843861354,0.4289774203900749,0.5724979183556105,0.48705153735302453,0.09482868732918304,0.9512218544140539,7.556307691117819
0.7847907844506697,0.764995377789732,0.6422815170533853,0.8965352195433728,0.8949206578746729,0.10975967695461797,0.9949055160088691,0.7041067584869226,0.07941810513074665,0.6482807490831609,22.77164719146672
0.6773226603552429,0.3415693502386241,0.7528811248227678,0.07405755239002698,0.619727161760944,0.37432168248982456,0.27736641310968624,0.6387956109036466,0.4848980559752163,0.5940030843270848,10.519220020416846
0.1716000675617413,0.11613527548694902,0.8731553113171789,0.10676433731510127,0.5516741746010603,0.3134231759466858,0.598658013906774,0.06925052462449299,0.9802730711665586,0.8294634132013629,7.055943014925434
0.5887982140637876,0.2484953375346337,0.2792933384028172,0.17853834145627456,0.4350475607287897,0.8888180745783302,0.2671537708164017,0.9654478375076869,0.051925275543534766,0.856157178496668,9.551800392307895
0.9256602954618558,0.3778740604807248,0.1327984743876227,0.019735155101045843,0.26255862583062894,0.18116597826734304,0.2708014324100301,0.3676063004590485,0.11975280298923141,0.7372438580951075,12.338760612539643
0.6801649333654393,0.9806636630961103,0.17935281931211855,0.9902662758603348,0.8848427941039798,0.6115192951887097,0.805305764274581,0.17019684207676777,0.512133671364928,0.2900620220495941,25.603641951612705
0.583684971708879,0.7696429703342793,0.9861791754080126,0.13941561600617758,0.41473422338964694,0.36226376270935856,0.5552695648410628,0.8028252668524432,0.4272104051686969,0.7338338977700695,18.613966364242867
0.8140887175825013,0.3508731170528573,0.14585187648670395,0.7435746142599257,0.201576696044396,0.8594615542549561,0.7835017216361663,0.15669034743843968,0.698978707098138,0.5738757737954048,19.007989851011065
0.5530074020309511,0.7996770740655178,0.9948403630782053,0.8139256453772202,0.7584285407392789,0.4864034877948884,0.7302393588052377,0.1354656965648241,0.8757938379256139,0.38585086552837256,27.9002414252359
0.7391203560221623,0.22619828554192034,0.4103568439783798,0.8754488643405001,0.34144473302965195,0.9025279635547052,0.5557226304589995,0.249935307255983,0.6295045477271376,0.9425052643326203,15.898316579944147
0.48559801260787394,0.20454591292973656,0.5116523517498734,0.05259623676878866,0.09818039910901422,0.858139021602132,0.4025166200228215,0.708328728393518,0.3741478761734789,0.9485142235950706,4.51786373918827
0.6815461053079311,0.6171189623967657,0.8163411550782369,0.47881417003779725,0.4521523511641734,0.8591426351283271,0.8883396919490265,0.861251848962637,0.9939657554137743,0.905469516152816,17.686156386946365
0.008600075251870787,0.7247606658188218,0.04434935350681268,0.9691333036103795,0.32075714359789975,0.6593485297039277,0.3159401500856388,0.2531495869333592,0.9986795831598747,0.7089685772541903,16.63382569771937
0.2149779326440623,0.23741964276177696,0.9809589087540286,0.2925037594914369,0.9282809637419694,0.9966476719564782,0.6037413544121742,0.8786036498835218,0.4284493158387582,0.8737500646974178,14.158728485121962
0.19619683958745937,0.9666780941456915,0.40155836765973907,0.9642990231596388,0.9910111619444915,0.4044247732347117,0.35993752486281105,0.5347073525837008,0.5836278800925,0.3723366313620031,20.635448383981426
0.13125285406706055,0.3898006745718662,0.9867802690828493,0.7253046211689362,0.4549883440320728,0.7840746202496094,0.5249558744824316,0.3249779434459741,0.22974335136724233,0.22978064792136754,17.78050464140319
0.13694683950972975,0.9751796523766493,0.5217954586609918,0.1090008691177875,0.5447211666302632,0.0177057706667485,0.32660817857319724,0.34801278809885194,0.370552341619125,0.5057651516043626,7.782870096729358
0.7624193013816059,0.9170265199421057,0.2730095736227163,0.8725766695587688,0.11531466795480783,0.11239634235060814,0.08634556450300623,0.7981942761846174,0.8764969324516466,0.667725495011646,20.412966636534414
0.316610068459539,0.4586720520643792,0.14435062081135686,0.6337949237635518,0.060856046142923836,0.07409230120776533,0.5419616962263225,0.4537669106709332,0.7752548966123022,0.14422351064798955,13.453148089826481
0.1721254074787829,0.04188824083528897,0.5657712868646312,0.1408955764438865,0.9831229392204431,0.15756273707964719,0.5560548092553494,0.9211878507715335,0.17963194467116517,0.6059134967221785,7.573853469746364
0.2948329944150353,0.9346325766146866,0.5060155979085261,0.1988140081211739,0.9526276813021617,0.7442137180693892,0.5299545046576032,0.49879779947231717,0.7309736783163514,0.15532597252622327,12.352826874332203
0.02017861166977364,0.13203222303297824,0.06059752209863556,0.5358216583495321,0.5805924458567682,0.16540945760224202,0.42060453476414306,0.6334270016857221,0.5353134534648486,0.4591364350381195,11.642993992018175
0.5838315841990217,0.12194634070788857,0.596131739683836,0.4180056346342781,0.23080567535011665,0.9815184574917644,0.7842179729366816,0.6696569826234849,0.25566091087044585,0.2634381937621493,7.215501285341314
0.6840941930444489,0.37904377338835504,0.1175658422958813,0.10280088583815261,0.6916809794550454,0.6650942055578241,0.6245115615103355,0.9346400856293466,0.16654482468081233,0.4696109140971386,15.095156873704678
0.1048965399845353,0.1991571055207434,0.9542311443329181,0.15682011743627278,0.0657301593573083,0.0542800766867475,0.8126466605461201,0.00915590727476423,0.9941240340824767,0.7615311540140098,7.311204338422503
0.40633049460307313,0.9168305245530197,0.42549865697564737,0.7753137912595208,0.03539629718197346,0.3648087209302283,0.08872599958030791,0.3230470925979726,0.9399605374026552,0.6012350659040662,16.47347379516136
0.37325496262673075,0.7917861432451451,0.9539976490169784,0.07592146694681345,0.7140161859774807,0.7740935116634969,0.5132380805167699,0.09448057183211966,0.7259541344183099,0.43336520596672057,15.597446505963337
0.45079262659666675,0.2355771200200163,0.49228168299799735,0.166419664832694,0.7880095443595067,0.4592221749998756,0.3989725672019093,0.7504770105685791,0.45633012928954353,0.3459980511812194,11.79610305919876
0.6045925500282346,0.25804746638321074,0.006637280667916801,0.2527213228338058,0.21461770352913068,0.1529341767266552,0.10628950037139684,0.18269124268095438,0.8079754098978412,0.7191437189605154,13.579796462043717
0.7323930186665476,0.6510571419503197,0.4079215273053095,0.508775128766114,0.949450166244123,0.1749142839094423,0.582920055683033,0.40348385173405477,0.04487470616923839,0.6547262850936711,19.184407253564938
0.35857854532711064,0.3344863433569867,0.7560085456775936,0.20851349183177148,0.6832163790795854,0.38343898617863914,0.948010056070729,0.34364119879416466,0.7619203880731604,0.9422961860709784,12.447038521944203
0.33610797565029815,0.3387708215799604,0.8499985001474591,0.9458849434002197,0.8854129771721443,0.2935624493427502,0.04840021609567158,0.73065859062214,0.31887412137151794,0.16441155860696632,21.31611955502147
0.7061748377602952,0.04658634497035674,0.898428476911837,0.4731280557072429,0.28402673134747747,0.19520760310290297,0.6910071016001558,0.6272315018604431,0.8157197963314595,0.2553508307578788,9.51701094604378
0.9939904372726455,0.6618349587752873,0.3835317213298902,0.2962800350825212,0.0012560105828478552,0.9562820760117273,0.9735466641288807,0.9171370487550211,0.8673603038958044,0.9417117843450067,12.735049430407358
0.1785686555296191,0.73092109019529,0.20006144441299578,0.3634984911635578,0.26819519748596443,0.019011975451759144,0.8504630005066443,0.960731918038138,0.47500755274508677,0.17403469206300093,12.81790203660036
0.7095537959363186,0.7445373846260013,0.767795939092491,0.22036141216714744,0.7578606553712555,0.1510193352508279,0.17384663646016885,0.33290457582908417,0.47975876974222254,0.4491287753106763,17.422249980879005
0.6347157550679651,0.9640332210340578,0.9266493535159542,0.9290560648401021,0.911307369658588,0.6977190164207061,0.3479329511486796,0.9321655423771834,0.14917917965976013,0.6504565038634921,26.460811578258802
0.5261532047132731,0.8451236380659936,0.7196194782889419,0.0728188609040934,0.5039205447520446,0.23599363008134178,0.7588775242081921,0.8470620890826572,0.40045102595784476,0.6345600359676955,13.353359028748313
0.749679850729778,0.5906681132966034,0.6149396782917946,0.38052943749116386,0.450152362140145,0.9512175582223082,0.30903097567809934,0.6399164151374044,0.5890695158047213,0.7502529113733022,15.043917455572574
0.6550319018329854,0.10638700763829201,0.5391227126048742,0.11213440194120039,0.677931305956119,0.810654728391655,0.4218445788289903,0.9743134631349268,0.5121948692061586,0.20250346093577942,6.695709739855281
0.6929093412372086,0.7927193854729842,0.3695740946966868,0.7285221619103515,0.4699382180354864,0.1539016440069777,0.014150268450338177,0.9875244711333174,0.530542623255357,0.3067962868886148,20.252876585931233
0.9411372978386762,0.8354089873528943,0.9827213970409268,0.33292383124554803,0.5768293370712089,0.927326494010582,0.9994603007623333,0.8982108356896076,0.42659259204922917,0.5595242926043567,15.569311114895699
0.6597510130270365,0.278804460165859,0.8477347400340501,0.3050376439713224,0.04379671631452209,0.424544547651199,0.9614226210415864,0.18093758089717127,0.617648876329206,0.0815577462633813,10.71057724566282
0.778513631881277,0.4372480209503514,0.6571900116024005,0.3790242717817094,0.7112902660751452,0.5772925072448115,0.6680259714696719,0.6218843480256294,0.05529158162382575,0.7151934423415137,14.619716710821333
0.9576006797295976,0.581532752868811,0.8179400207383185,0.457067122002491,0.19538091611221464,0.3549653899573292,0.08034834743874708,0.9496445730152125,0.1510159839816555,0.9977045622687117,17.398032426997148
0.7973201111040233,0.4202385406288889,0.8337830385039181,0.8173090028642406,0.9748585454144767,0.759676726023828,0.530012258719681,0.7658612118921834,0.018637618682288526,0.4704560310382454,24.402834015091692
0.34795638496076997,0.06403305831104056,0.9833213739860868,0.3474163868921456,0.8451697096987136,0.8678681194505692,0.6066611697041638,0.36341490337467464,0.0415890748289921,0.5933729891307692,12.20788695606862
0.34698499036025543,0.26709298431556294,0.38699204651875174,0.5403026924143229,0.3700713848775514,0.9222765558608135,0.5839817514035623,0.22840087646893437,0.07867966412959448,0.08062850757496187,10.479868552489666
0.4446067362443713,0.9205768862624487,0.7359355184442509,0.23995887679031147,0.8202658811456655,0.9132470001591523,0.6725383674155929,0.10190502071642216,0.680711288342626,0.6332224467540877,17.282870343875974
0.6887336743109058,0.2147921868178594,0.194632497054678,0.17950603703646828,0.6470871706111416,0.17403212609113838,0.9099607677632893,0.16082603018245345,0.755094084578433,0.4672938460101914,12.593662381598543
0.16610144572588625,0.8849976698277957,0.032526356151796554,0.13787186339493662,0.3089767797105346,0.6889097468149961,0.25547109231699405,0.988446747392329,0.5961956302577572,0.5239012480100425,10.113232729238694
0.3839103950581342,0.6013036137463925,0.9452252547012172,0.7760151010932576,0.27674207473406,0.7827684459464571,0.8964676020870879,0.18321469119002265,0.20008829863513533,0.6503858762131745,20.015919977308204
0.7398568027406247,0.6017494841410828,0.648947165234026,0.42220069101655044,0.2518588434565058,0.38040734081455363,0.740840810640718,0.6080864929576977,0.19166729918356296,0.7719592172305707,16.650941546615382
0.30576488857073214,0.2713274813027411,0.9810583432737483,0.023039314314709736,0.871948878659134,0.9072689109652066,0.6228394558673429,0.6730988444582705,0.5527336590629112,0.7667134109662457,11.05605858470559
0.5221719328446175,0.14156185993761894,0.5811833849402988,0.8116944038603701,0.33598481168567096,0.36448273350160065,0.6912553167134508,0.31389849495023625,0.7835577438172474,0.38040410983242645,11.55564864672393
0.5695964852817342,0.3079425805958359,0.23529953319457775,0.4426661943217559,0.6789864214691643,0.9949888096987557,0.0711605612275521,0.305838844204924,0.14380742695778848,0.19424688339861151,13.021237718729063
0.6946004246273284,0.950909747392248,0.14346505901578743,0.6252638706077289,0.225402090483254,0.04144316315196239,0.3684667448956941,0.24773192668926547,0.05268087758430129,0.18222667387448332,19.505340059401306
0.14449369833890713,0.8566295183188002,0.9538408422516267,0.6089414598825892,0.4316868869928715,0.44678587606851083,0.14008252457006531,0.40002616441771555,0.8258609318594751,0.35644495483109473,17.225071493541087
0.5269958144910979,0.9416228098684534,0.494841926261249,0.7106441963057941,0.062076100953305846,0.1094626698968224,0.21185778576083247,0.6204743227663232,0.6286700097147271,0.4476131699961263,16.535320583936663
0.17085844201610778,0.5137897066595402,0.47810267046646426,0.6888963142242799,0.907740965689233,0.5229348367426371,0.3526584576241182,0.6021422535891803,0.2790738894967669,0.2097845908366982,14.567311909209243
0.2562899243831729,0.177681641003124,0.8252943413724333,0.20964538378548658,0.244389413304561,0.8348618800672122,0.06876034856025426,0.8217028773289697,0.7018533406777603,0.3798824751624017,8.759091863368731
0.8923956655525143,0.9525601638936233,0.5676940366820438,0.3520942128174587,0.40749356781067336,0.6115844133887709,0.27183905184089896,0.5032044150635278,0.3365950607292941,0.5634635604675662,11.797780526448443
0.6033229360296427,0.14684646891039688,0.31529325336063185,0.6585274642335969,0.35475585230788087,0.21144089166320934,0.3440504089050067,0.2606633398280942,0.469244014885125,0.2144672303631051,12.084977834010449
0.7833185682204405,0.7194138882977864,0.8582642702879216,0.9791685345370656,0.5019146927196448,0.9148172351837309,0.14282059178807172,0.12602319075653912,0.09008898961885359,0.9398190288570138,23.937764101898388
0.4151283233509595,0.8045726847078142,0.2549190691512069,0.90607422043217,0.8983415636804266,0.6339980685795944,0.5702609623070757,0.713049240216211,0.7452800459206699,0.19365756647164856,22.687350116283746
0.04106871249835231,0.7976520172529553,0.7779330305482421,0.14971881015421573,0.14857699145248038,0.8857195163681514,0.45089433702584125,0.9721875670823923,0.21625193885974858,0.24456226702030237,4.522914897978921
0.6142370518724191,0.4468324513532842,0.33408497486044597,0.42465046469198087,0.666200491620461,0.45703017395882584,0.049585152565604695,0.5790800116083359,0.3157788630058693,0.8440667156344634,13.129114326819858
0.8653633435971777,0.9988320431388026,0.1693051266546024,0.6027437822092878,0.1564105080622813,0.7266826036062387,0.5621064452356129,0.6695982347386569,0.6132460383165371,0.6292555121955438,13.811073804321529
0.5480643239618372,0.9302828874695848,0.23180857549304357,0.8815278093859675,0.41301289654029383,0.536202586803098,0.10465986176060582,0.8532243644526468,0.3937208838333861,0.20644573872722882,20.329006011881468
0.9478357854409434,0.7468254443027679,0.7220316610997153,0.07279841727440783,0.3217774206628783,0.05455898694216099,0.7352843213889922,0.3776059113687066,0.8248068631979941,0.8399204769281646,10.315215601030015
0.5545580372887021,0.8294898508793563,0.7658413920226017,0.7846193108690441,0.2648005392901248,0.26252481583323195,0.16551747777608605,0.9212283635454598,0.991808451170281,0.9351224109093473,20.895158030964318
0.8888228480224478,0.8146605473946448,0.0034106273918095287,0.753180187220705,0.15622026829953928,0.4746264374998118,0.1694356848684211,0.11194785856609457,0.9770454974089937,0.39564609949204754,21.46478427591076
0.9122974456658515,0.6132619976002243,0.5130965786091596,0.9961513522412047,0.6699668722748756,0.05019963622039503,0.9503100836852084,0.89330170342257,0.4625238215942359,0.6830427176779138,23.56915078253261
0.990700904003216,0.6414307799009206,0.32545032579674493,0.8608682677139815,0.3303385050838634,0.49685165033497336,0.6807248336344672,0.6975528496536052,0.7080574044232726,0.2340078481069019,19.814459359193165
0.21243600493868275,0.9246610601228895,0.8959546724014668,0.4153851797960335,0.5980515648430437,0.6139411511788355,0.9303323276512807,0.1576603096023219,0.19488935980578503,0.7038951217441451,18.396115372346042
0.8431389103121445,0.7001550323105489,0.4091406474717756,0.8990654445441019,0.8880601189662577,0.25420010525649384,0.6988969958108866,0.6126599671098636,0.5526714775945745,0.21202264626728706,23.64091725450857
0.5298958111188459,0.7226976493237289,0.7551856009062451,0.6797460378914004,0.16481440066624442,0.6098470986510991,0.02089677879394114,0.6572665381966237,0.8071915551463152,0.9741827769815803,19.578034347559715
0.7228861635855741,0.09502976102704008,0.20333492410796106,0.7447070461111714,0.7130552873118556,0.636033442852815,0.306335937036758,0.7800659985992545,0.08078923232732416,0.7371326211751527,16.675521865282157
0.3076898366872812,0.9685598753873477,0.1312527275425066,0.5220095108572409,0.618780195149149,0.12484714080157733,0.7762015571512624,0.4803989868891029,0.8617479773622518,0.48442340327742206,19.906340165747512
0.2195377323846578,0.19953852258960758,0.22175149614719725,0.43839064006044726,0.11721799568404434,0.2441835343599693,0.7279749980831278,0.7824269429755379,0.04006382166599509,0.5547558799399045,8.367566889281052
0.7585983326319928,0.7026587174855123,0.04242345743834597,0.8546643060943823,0.914025418027796,0.10426825414035346,0.795357223877342,0.9642994209385976,0.5189710337613308,0.4681300192061081,25.630348659475835
0.9068118446411042,0.6123593757483954,0.02923440926728038,0.6631901649674754,0.2339333200700916,0.056374713290152756,0.5980587706918052,0.2707006917916758,0.6854360014867001,0.3180520134239403,22.46990118155396
0.22765958428315358,0.6876175222836933,0.11939166864624906,0.4533930524204157,0.3643899333344355,0.2186219845431533,0.5715683849008303,0.6077995203907788,0.7256326386254088,0.5704215780509837,14.67664832705161
0.05758068563107965,0.7153768627165767,0.7369963465762004,0.7370731733573763,0.15637377963009302,0.27467021313975815,0.6295399780183851,0.23273784074385295,0.48271955189418525,0.6138984984954963,10.762290203150767
0.38585573713747345,0.6807570334072371,0.38119852821168343,0.08630725174841836,0.24740688877078443,0.20820266624231876,0.45928246338071477,0.4392992677178854,0.20808565664265632,0.3258020817537466,9.546458424653924
0.8706565088103664,0.07024083465796427,0.03622046297407744,0.2993705741810283,0.4533481889567952,0.5733410910246691,0.23766913537144774,0.6073618967553641,0.22071378393494712,0.21926544660800606,10.010280994071607
0.550827344147301,0.8816570324211734,0.4119597013695411,0.600061975834416,0.9721065510347945,0.0837931607427479,0.7418648325333921,0.716844545368869,0.6717537744847732,0.42426145455413145,19.983423811222675
0.8243079046454355,0.7896661857249337,0.8958199319401918,0.6449816864065367,0.31113272988093454,0.45040665311033923,0.23747966406913212,0.8071740577964631,0.8593638001146681,0.8739450467855634,20.041989704136142
0.2706106817355899,0.12233845437295199,0.2781458160721503,0.657456992122248,0.6193866416205178,0.8025062345058656,0.43112168182632316,0.521191996725027,0.8019568236560751,0.3546074687673846,14.851264619075312
0.6190075606758882,0.5825495351462019,0.7715020223036965,0.27058692952241037,0.5229180968328657,0.9742711329578497,0.49848585550486757,0.7684304290746959,0.5239544097432344,0.37633039847545924,14.676080207473087
0.2116455941422405,0.47640016727058054,0.6177456715795809,0.8363891818076383,0.5461000661062186,0.7821015045661449,0.7814567193462026,0.09447564654922846,0.8146868786161442,0.10959013864208933,13.949859866076332
0.35072948977460827,0.06129657133795374,0.7442694241594374,0.20330955913768245,0.6580982156207673,0.6114993697924824,0.3332052241836938,0.9942853793766939,0.5968521240828248,0.3092006709374149,6.71152214452206
0.9755295567223181,0.9907443044527271,0.8622966678662901,0.1590721786788507,0.26356279446216335,0.02241603240523915,0.3048783361570172,0.8500170249278719,0.4520070995785538,0.12563749118370116,7.6537253518244075
0.969355835471901,0.8625614727158752,0.10368880711683237,0.6449011930883208,0.35364311117494995,0.8066417119011803,0.5901094343059098,0.8529232053979017,0.2487398490628775,0.017697828274531147,17.360577039139585
0.651739039123779,0.6341525760463675,0.6724357995368905,0.31878596330592557,0.15036729886925881,0.3964704263668598,0.05216311261065931,0.6672257818665287,0.007509785586318096,0.6637911029206404,13.752182147464751
0.7026601961539324,0.22465652583417317,0.7673861216759298,0.5109656209268049,0.029276351595215133,0.23316804316102957,0.38560974767663037,0.5502050576640187,0.36094114475747563,0.21144172318110765,10.807619984522178
0.24102266770220082,0.4814021000426726,0.6932330205425073,0.2615519827790125,0.4366573656937256,0.6320020391124492,0.9073024518420817,0.45538340436844926,0.4191459180306274,0.6391529425488838,9.061002233645995
0.6883872400417096,0.9977806355444131,0.917473009808706,0.6012148489256872,0.9976058956196667,0.8480158280062029,0.08658739750912359,0.8675044891391696,0.32185444269701635,0.5419924386743228,24.423772192954285
0.46565457666938326,0.6649489997543275,0.7173081313477891,0.086504189717452,0.015816266815664837,0.9746888405695909,0.32581143041786664,0.8046716931238834,0.7851822705522268,0.500482869439947,10.78388094096638
0.1633233341682232,0.5136988867181458,0.9824970326170916,0.9236037226683756,0.8653583597808394,0.37763214508581244,0.08746167679382222,0.3854366253094783,0.29782795143952157,0.03598164625312561,21.562172377436255
0.5089359096407963,0.966488220029247,0.8722377500147371,0.7137334401462679,0.0012310158858386266,0.783390557158811,0.14466815829179047,0.1418030804678999,0.6929506706727877,0.36408929718949556,20.035889800104
0.2933998174910598,0.9980111332820767,0.04228336491670881,0.9276914473874697,0.8947193067999468,0.255267811064641,0.4763251641098024,0.05478643310859721,0.005569834402774587,0.7349652198616792,26.232209149695887
0.7242829460999604,0.07233233301639863,0.3112156109861838,0.26924510974799065,0.21491979557462515,0.9291266457026778,0.9250044447227673,0.20484205409946266,0.011769664006635927,0.005699685905267704,4.5343312979776496
0.5027772264694178,0.9938393212425588,0.3379967411149657,0.8682585887550363,0.3770303112755149,0.07407745658068587,0.5292701740181237,0.030762143502384376,0.8017029970467745,0.8170125216288749,21.015103174619597
0.710102776656529,0.594284625326861,0.9885817024760961,0.5390539874052159,0.4966564633885403,0.034073135220716866,0.9947034611503437,0.358146786082882,0.6762562863564412,0.9749269963944993,21.205148908686066
0.635735442102939,0.5205182576678231,0.18311239779066502,0.8097598253937768,0.8439387952222216,0.6476253443528986,0.7357561738857298,0.29573154354208886,0.862259823348549,0.0791882716270278,21.117933346633937
0.4207885656612518,0.652209306013392,0.5637581640648303,0.7414323479088958,0.8317982375395214,0.8885370163066257,0.9784447517645972,0.4084905910695512,0.5803124529022665,0.9275584269408432,20.56542110683853
0.7933323211067738,0.21722859647772708,0.9943157337470624,0.5822120043200654,0.717965679279588,0.1339382193604023,0.30733947634555003,0.030599125923114534,0.8468403733904899,0.4885942246005148,19.433355858050707
0.2523886604556268,0.04159313234443329,0.03855767244873154,0.63392622740266,0.6451414988031541,0.7714195039672066,0.9337535588144882,0.3618653667722388,0.8766779725091512,0.7499923490620868,13.891202363851301
0.8498391858477828,0.9570195924785321,0.578345676515048,0.01819919986744467,0.743327276663755,0.06002657635282593,0.6832301771664713,0.6869757469941941,0.7148754794871351,0.00026235657419926284,9.342610576139931
0.8523061719859425,0.007221309786726637,0.37108616897505164,0.18967487496234714,0.8451133173001947,0.09153234595109794,0.37275190874082786,0.7265259525875625,0.4829652853414059,0.7629862613061724,6.661618170318138
0.43867915854396655,0.1530591123658056,0.25567217167000866,0.929502433462462,0.06744465748913187,0.30137527957598675,0.18715055128729818,0.19866779918461963,0.5803201048737938,0.5308953108338696,14.059454911139524
0.5495353519972095,0.810138824576811,0.11551546848381755,0.6920314042715247,0.5135111580211307,0.05689316065832495,0.9070342136500477,0.4781862731539873,0.16991718483887108,0.287792331725338,23.066182564696764
0.16525761179650134,0.3772952696166324,0.5971908001429079,0.20785503730314536,0.2346090094267136,0.43570570964013455,0.6024943532036451,0.8433398583566853,0.16500434201270187,0.878994416355323,4.127445909561538
0.7636616227700135,0.4270407091952447,0.41286518146048357,0.6280118095689885,0.25903373365863736,0.6705611311280922,0.18686665299175464,0.7083866115725224,0.6659138101720475,0.6620167543691219,15.341656370873634
0.18619788662389936,0.8662908820271186,0.2019635283788973,0.18826679300549376,0.17362492714464117,0.604362742955473,0.22411872527126442,0.06584102494213562,0.023699320388491985,0.5772438774734147,9.661994291595756
0.08088937585460709,0.5229909934544711,0.2735848070792938,0.3164014147361631,0.019564079648572097,0.6986102482710863,0.5519291483021057,0.3349985539029561,0.1828502716674848,0.07889710546286366,5.844878699703038
0.3601554220174886,0.6705572470486613,0.06286427444364673,0.5025130321495909,0.3213088835107397,0.9566617678535227,0.5358990754227206,0.6087743277064963,0.2245376260049825,0.5579036585634416,17.184723043825414
0.506123439966086,0.5322158034195149,0.4334041616675506,0.7303386426653485,0.9380013985483597,0.2690866640156008,0.5581899245430378,0.9703527486734143,0.6001720502723354,0.1310712152905369,21.223020658944137
0.25653826467550866,0.9133903254417298,0.6157206930677377,0.07390254902492543,0.3446749729524009,0.6318921747956661,0.01783828951542976,0.8008390772388991,0.8657375311678007,0.2605629816651016,8.442110316561054
0.520361122718931,0.2592440943696851,0.5571653934559233,0.07789002211079754,0.7625853131490844,0.9484269445655606,0.246111994338313,0.7073880184717177,0.08937404251746628,0.8664503692128579,7.77348596609601
0.1530229853935524,0.8553764293241601,0.9327523640031862,0.9336334874150632,0.6060545901253753,0.6824879588295294,0.9313401263157606,0.8622608210654268,0.08216401508357896,0.7154704117426075,19.191340286178598
0.9360628797798819,0.4543913149210709,0.8189008480275752,0.923953613673903,0.7726072979348259,0.935301777921648,0.06757295740591018,0.38178725549391446,0.5527624078971292,0.2971176286987328,25.711337058091953
0.7999400099563537,0.809748935156894,0.08924294018827172,0.7609418309667944,0.7404648767272233,0.5413779649725614,0.16395498738514236,0.19169867462265788,0.09755541285118952,0.9727015322064934,22.742619443922415
0.5596919152742229,0.4520026646229187,0.9334475629946805,0.45638616625543327,0.9762192730676834,0.9934547343351064,0.8368389288384886,0.11453030682049259,0.7130903015962208,0.44870260718294064,21.101870012274183
0.8720377996301347,0.40788613133759843,0.09130771535141213,0.5873758858264257,0.011555033623330102,0.5374224571774928,0.15920617775831303,0.1291217898062872,0.631105345600047,0.4324141950429814,18.07003227948973
0.5637632340957658,0.39041726211634953,0.8523321758568349,0.15890957942891504,0.5552221766982478,0.40014422115311254,0.1621005773199372,0.18245254651594467,0.5510055861974457,0.4544993240264391,13.323920655981803
0.5788745095143281,0.5538409599343327,0.6070454853525498,0.2891495137316634,0.9447238466296124,0.3310749435524478,0.8968641198254211,0.9672000252480498,0.9766241553375512,0.346720778056949,17.450443925212713
0.4660062385515964,0.6632121345931729,0.3231825104210536,0.07929708042726835,0.7481746080069903,0.8389505996691609,0.1345421572780524,0.7521765962060007,0.021780994285226285,0.8190314735678937,11.441312105534406
0.26489551079430784,0.10677215367354265,0.8454820964463725,0.11051802285037615,0.5518311600312367,0.5493479908912033,0.5097747361989869,0.7676998488014503,0.591446254683387,0.424597576426192,8.206613821023126
0.17230305728301576,0.9515026208693652,0.5606680028369685,0.8883136836794381,0.2291513576268892,0.8506891692601843,0.16789420980797576,0.460870059397572,0.4260398238471679,0.5716548293319598,15.23446222398576
0.3154677850095975,0.26537308398371906,0.7185714930092029,0.11402677052642851,0.11028598815273316,0.09783712846140513,0.34105315541072245,0.4192495647232801,0.9923189206024778,0.26435744094330826,4.872059544294487
0.6095583954006445,0.24726360669067926,0.39448919057448595,0.12197330317943245,0.7999429310210415,0.4197096908609491,0.24043254385457213,0.5057236945572957,0.09891560598617466,0.4421275673518331,11.326457311068344
0.15203005265451686,0.07877036776479251,0.6318576006497669,0.6210801370608482,0.19734634203701118,0.33557599566346774,0.19921084719315996,0.7947146061930797,0.7068738419992917,0.2120504881301194,5.923468166246876
0.020068293817991578,0.3689304463404307,0.8127295217892213,0.722997605098908,0.9218184348397357,0.9997622321786418,0.0751080759497097,0.33681246794363817,0.6537980741071747,0.7968982166276378,15.502691378783233
0.1894136225062747,0.7478876473955298,0.2531267088122554,0.78400332506945,0.1405107658306649,0.7938805504318851,0.9194817991108382,0.29223709872961134,0.7214444132959403,0.23778241840001502,12.725140741992165
0.6911223691223718,0.37988417094765603,0.9333290968102427,0.02439397993690695,0.663132302587808,0.4991497944396467,0.6344122238386178,0.23303744313461172,0.9078585601623717,0.8114442030571701,15.294441428308408
0.6420098775310411,0.4278287866261198,0.7985667385823634,0.5587674171990935,0.6805494665934112,0.912660125052307,0.25608627427915764,0.5534207987930937,0.5518548526897581,0.3143673807667857,20.04378621729127
0.8201612197871033,0.5581845705514162,0.27102736312864173,0.5285401651457691,0.37108459293476714,0.42258430626638444,0.911939771901828,0.25554372327599406,0.2856616245429544,0.6260897999472814,20.42716452769101
0.2427632818637674,0.9618315713494362,0.5318481193046887,0.19831470854288213,0.5859375534617784,0.874744426194506,0.08631117711295588,0.516329451006469,0.33624504789950727,0.1691637757630644,10.293389040838925
0.7138182452282762,0.49571343084779584,0.866566769343318,0.36305920785604984,0.26369590578698787,0.7889229453469195,0.40876179327516105,0.9725186836614654,0.8814570919987272,0.8814075407869529,18.458820512567893
0.26105926614394404,0.8525297494936853,0.9787762786039295,0.901245860395929,0.9831123419641498,0.93277017119084,0.8754719025154474,0.08013657330511115,0.5290484824534729,0.36045840961268305,24.853177396199282
0.0003604462595894198,0.007815239247292327,0.4196989090139005,0.5051075604478688,0.14269369439904855,0.80424113140214,0.4360886051698112,0.9111725225057987,0.12192882736426236,0.6597201069170701,7.225885334789636
0.7186725126577255,0.5818084791449593,0.013760913187467527,0.30656777883851904,0.3189796440419942,0.6121356361471522,0.9129564667685948,0.008285608081056273,0.7496044731296385,0.4587313377120965,19.12788043407058
0.512645450675153,0.19860063202012457,0.017032239914853586,0.4254941422991838,0.22131048125494035,0.2594028963943511,0.8638362039978784,0.9151503121347526,0.24856228720168316,0.8302959596247135,12.359538046158638
0.7839889720938727,0.19895221223329684,0.09613036599615277,0.835527024046866,0.9937231655524315,0.933370802065432,0.1503194420850421,0.8036545238222976,0.28015961299161574,0.9733635761636261,22.68372760135536
0.8067478796563788,0.7291684235248339,0.5076781438096238,0.3748872137477014,0.9454411460499051,0.4505050230895359,0.7752665864872628,0.7347275747719528,0.8135996155552894,0.24055696521059167,16.810356246412717
0.6290871945335528,0.04379001964304785,0.3471647732943054,0.20554914085773557,0.21852676980711272,0.7192828959686218,0.06141723360955731,0.8768124855949921,0.3866879144803249,0.5626769530851158,5.231761429946318
0.9267012522544148,0.5370850316195465,0.22546784502887385,0.13661574918220576,0.3375896996162576,0.8062025261461482,0.11396937098739301,0.00423641929363705,0.514844461013107,0.9636906665621165,14.095037739990365
0.8661111765744658,0.23214610316634365,0.8755086411409334,0.002610114382050055,0.5242764154324723,0.6108265800763298,0.06148566020943602,0.7003461853104472,0.9621148571241533,0.9974040339077612,11.407652724881961
0.8330814033017993,0.6709831847965991,0.44660554979111033,0.7121473160640458,0.38884519936774053,0.7034810232810073,0.15200842660719105,0.3330041569127551,0.7715534714989284,0.7830864292564463,17.39484909408526
0.8888028680156252,0.7657744503447512,0.12700748357880454,0.24949989454082722,0.29717742134140446,0.9838158664033483,0.46158539408225796,0.8977299809234776,0.6568162355791486,0.8047223757477616,15.497007648966292
0.5423208100052767,0.1505135948488966,0.9368639387322575,0.7073503304755839,0.32135967136730903,0.36388402819094046,0.8867090274760037,0.42122685339519295,0.13041190778604805,0.9665168100426651,14.59102080493137
0.011031381431932497,0.9148670875424264,0.6170743215272996,0.11770419150824374,0.35800007878359097,0.1836720643093417,0.5759415142378754,0.3895634201469875,0.858597629186367,0.31116023054157127,3.0380288435601615
0.4576454062922667,0.7712592129392793,0.03078451522440706,0.442745362889982,0.16110424892216102,0.4017992855281861,0.14651717696481903,0.6603699863643238,0.3222231455322977,0.7089710236576784,20.2133260652069
0.8752964117267404,0.04063892507749234,0.6631406252079431,0.9462841171353245,0.08338193649808645,0.4175106146215979,0.21100892810504657,0.12749630373036203,0.11066951147167492,0.5068127442751847,12.001540713203843
0.649675483361494,0.6837069453414826,0.15979869200218333,0.6036613641361765,0.2586206518481715,0.26869821633272284,0.6445841227527567,0.976339091836208,0.47860167916406215,0.6778390601760219,19.37448032988975
0.06482847287301241,0.3895188618427188,0.9020223358331804,0.027042572470093562,0.4109316674124466,0.11613955291087708,0.1474121195538881,0.15459253270197848,0.06054098844730971,0.17789275224713674,3.288351828406816
0.7869703343632837,0.42744084070277066,0.5150347653254157,0.37307069685909855,0.43873313111072265,0.22967903740605067,0.9774732885899426,0.4129464098975749,0.7787656941510933,0.17311729948803523,15.696578205037826
0.9877831023014314,0.9141874626503528,0.7871302420281084,0.13112744050986325,0.8238957170624313,0.48932503469307587,0.6709867960958424,0.5710765187294714,0.8320587900340977,0.500291009766512,12.568883462737563
0.9468306733572383,0.5514457313526131,0.590262523834465,0.23207063344803813,0.9391658776247076,0.6743979915990238,0.03428920374744693,0.5418108862479842,0.23356285342224548,0.32712734954759715,17.643395385461506
0.3641242447848255,0.24009196248366627,0.12568869846772202,0.9961623170323892,0.03968641024708108,0.6707462551023216,0.13262736920701956,0.0388625958050236,0.40050826876872503,0.7103514697428964,16.494283852423514
0.9565012589435556,0.6493036495500096,0.24495426791232966,0.006964166337149358,0.998365863115761,0.651377095859184,0.2812290295378179,0.40199513302601586,0.6622672434127721,0.6235088589456202,15.044266403195707
0.011838026757374331,0.37670648071678714,0.6373586517443578,0.06554666360623496,0.07473135945168918,0.4232084517035073,0.09884486935817871,0.6376012912687481,0.6145954868990928,0.30029388175441185,0.7388638540888389
0.40059413102613073,0.2654114527991446,0.7707984552365509,0.8079298103405083,0.8773796711827796,0.4047548664078673,0.12367021532159939,0.3698614673680729,0.8153216401662591,0.21671063053558237,17.13792860291141
0.8684907395445124,0.20960059643933482,0.909856350010201,0.25840619530374287,0.10422036690756153,0.25785098560841235,0.6056626564575286,0.8385782525135145,0.6040943775000035,0.19895887303735227,11.233588211829316
0.6372703840341472,0.1669574843378644,0.8625999052461496,0.913988574476577,0.565726758420029,0.5919219970292113,0.4743367989710534,0.5696013747776538,0.4371358505888857,0.28665530085355306,17.6536118901639
0.19126096357819156,0.607626617860283,0.9190782049853099,0.5819423381343669,0.9960063911097095,0.9999192449710417,0.16971156262118414,0.8643996713428017,0.6623506284199102,0.11126691720210535,18.561567215736314
0.37753925528375265,0.5144219614882877,0.316393332441509,0.8284550708084528,0.8863517520867766,0.794143179849133,0.9158693032100401,0.2545614945003397,0.43956804495659063,0.8975093686428639,18.547029075865066
0.01649569590082134,0.7130386108951188,0.5187345344190807,0.9331545791592877,0.39642550422376355,0.024340525676915248,0.07979949484899129,0.4948127041091477,0.31748454486350475,0.05807456139870382,10.98558999100705
0.34444352226804276,0.23775247923398923,0.9756346106238353,0.10296757975662041,0.3175144189879111,0.16081984994006904,0.7258132643412726,0.38139599261166257,0.00648626375846284,0.9438662057040463,9.421666769328425
0.48373933753955844,0.4451043500471412,0.11402472645480488,0.4607609324268984,0.3836753406839417,0.71853616586581,0.2533696345700598,0.8097248399388218,0.8179207449248347,0.12165030710282876,13.60768887346275
0.5261847622127621,0.12645294606305701,0.07232347506358672,0.7395003419683701,0.9971138306457271,0.3984140508032862,0.4397761565669557,0.7426567693282107,0.08701178061479076,0.13533875301950715,17.16047534498715
0.1993493633602561,0.2949980139480106,0.28041157516495163,0.2773284828565664,0.961499596161877,0.7238480370835435,0.8975151787583674,0.5906578994859677,0.931820728952758,0.34136679551472704,11.23783479629863
0.02827434071523427,0.7393893782017124,0.6087028310009643,0.2926970416701854,0.8647908370033346,0.2498724673022351,0.7546500541586937,0.026373049932177706,0.043564070228984786,0.5042754587816932,8.232813706055156
0.872105886792884,0.23132379341261466,0.11508825999496308,0.8112172602722219,0.6386806709788589,0.13705265194468363,0.6969180640254257,0.11545633607933248,0.7165307615013917,0.7160756189158856,19.005320572960013
0.6755013384235288,0.9351514532089622,0.9473227343323621,0.9920367506181347,0.589363634038042,0.47057596753978914,0.6016113493856325,0.09522799670272108,0.412817599620248,0.5988484044359846,25.213935910584116
0.8191164984463891,0.45060818915214673,0.3767415325648903,0.11539289595935742,0.688876530017179,0.9561522861033911,0.43879775633007123,0.33740841380513664,0.029288504818837158,0.5396196295163734,13.226681258995663
0.48886754723876547,0.3170296275192179,0.29411526185760994,0.8090501518751645,0.572632851562996,0.6431588577071566,0.12301570098701053,0.24377663162772822,0.16538926611343574,0.7602282733387483,15.606358695242932
0.13935619073575145,0.6751931875296157,0.6105364077421687,0.55735076896973,0.8247519153352044,0.20089794184714493,0.4573345436320667,0.05076329181373229,0.6699879916118269,0.5072699896321228,12.518033145045372
0.20337716709068177,0.5926683224153492,0.7339881222063598,0.3336123878836773,0.9901749809941661,0.33647882506868876,0.4509028768048514,0.45423431405164794,0.9552249726542812,0.14710801996985623,13.492217507843211
0.9679307039070927,0.3435431806202466,0.6294888945710279,0.3937885623265298,0.8124805407792266,0.4365435502316174,0.8978988792954196,0.03696175754424713,0.5882159744037682,0.5719514549102891,16.304410401226068
0.660345639583462,0.5746194775566035,0.7589181809561176,0.8903467199488676,0.5032971871444005,0.29407487929861975,0.4562341654153894,0.05128611663953253,0.8559392164862163,0.03597647552800176,21.928997346668577
0.1183163506745355,0.38288807617654785,0.7678269461765215,0.16359824083244634,0.3216269005527388,0.3370170384562917,0.7970391254680466,0.5246111629414675,0.9216312398962473,0.1858957748264155,5.142140314775122
0.8641775931692962,0.5628885642802368,0.0526916825506315,0.9009350505182577,0.4673114801837571,0.17064811832983273,0.48802178521755024,0.7448686483622299,0.9950201284018911,0.11634773169327317,25.168167102462693
0.02815727015444025,0.2766082481502551,0.3674163849019736,0.42345182394563985,0.4565320362078382,0.4549936639489176,0.5755039892462848,0.663448288213036,0.3907579493201122,0.9736544658634501,7.313852171397421
0.3770270878718912,0.6536549871036167,0.27399244491602526,0.5038077676649355,0.7851130094976858,0.4516352831672503,0.25563776963997675,0.7758507057333126,0.4387599637048576,0.991149015732176,17.50708401201539
0.41938234181375456,0.06889181617583617,0.5200437003876294,0.1989072855449906,0.07370174101501992,0.8672262461172263,0.8554681769958551,0.08815221342722779,0.23550165512499377,0.2938892226808322,5.5987919941512185
0.949174208372336,0.4710443344904347,0.640725608628117,0.9562850055106987,0.6014538032193703,0.037847045251219624,0.3985033303073413,0.8744172238831991,0.5197564710481515,0.6097876323074023,22.93853561975062
0.30015186553897033,0.9860507513236657,0.1984554391792841,0.6596163264893742,0.2423836769082307,0.9721104227371035,0.4782343612048564,0.8844489496451877,0.8214032245420998,0.2502851686157328,17.036892878586873
0.34169140487023997,0.5854650673272149,0.80231654772899,0.12212952323630832,0.11588013265390662,0.6990190918949473,0.0687797961450014,0.698586207933616,0.894541100527432,0.7719408232675784,9.47102871296928
0.4866621817636464,0.20261128549909557,0.46113965249212074,0.35131575453330766,0.22696168835922492,0.7199743056133351,0.9409508340150299,0.16280385559325106,0.19106515326311235,0.3074534245591872,9.510469627390755
0.9831396766316242,0.02890210594029141,0.959843003521807,0.5365436248802642,0.015462168917223185,0.4598330469570657,0.6992378265309288,0.2648722162989682,0.4890169742667758,0.7433133826190851,10.801704491910707
0.6344571525820581,0.6020008867054396,0.1817612054787514,0.9387213313376668,0.6106615194608365,0.8030301680485401,0.24978252742139573,0.06567607285497568,0.9640666625321795,0.3159400840888823,23.96222785793611
0.4796709483037199,0.09178892972767139,0.5369154276885175,0.13281266795030633,0.22725032725884375,0.06929288179891979,0.8612663764203338,0.9195458644643578,0.4554592629442129,0.9944604129842718,5.8951818532944245
0.8338297591797778,0.4280278156466114,0.018167897887969686,0.9200047021738074,0.7255280214938221,0.21935570288144568,0.7072204641334405,0.7386877258212317,0.6730273159282376,0.29720178839859157,27.7994173605545
0.8144844017746116,0.6731694141157145,0.06974669917766707,0.09714268136707627,0.022225207131746028,0.8534248965531159,0.032609492700159115,0.5335632299099842,0.521042790070653,0.8257708028443368,13.791212559812019
0.5705145887520762,0.8424619560239304,0.42284255028554074,0.02066308102767056,0.19944637152634248,0.5579733962285296,0.7408012065953047,0.8688379816567876,0.21520684540685342,0.29438718586981705,9.492046175984525
0.44450965830892997,0.3400737763265216,0.47039071357001017,0.3325561819001186,0.938670057195325,0.5696601798713508,0.964825545171662,0.4821287406909044,0.8694327034817592,0.7653316814096915,13.959522372021013
0.22878322222332015,0.1861888002066373,0.4726503936633316,0.13353902301738185,0.09896398662951311,0.26027786762647986,0.0735697502896524,0.6035434186881579,0.8189915461518553,0.4288911671501927,3.210280327720874
0.17930060269517112,0.9744278500931466,0.5211885609800889,0.8321456815415303,0.30301738591817307,0.8771901329820067,0.5874694992516357,0.232912164816237,0.5448652894322813,0.6395070019054215,15.618696628124225
0.9902200060762804,0.3613103999724354,0.9176259475447658,0.9490923178488917,0.9690654522233539,0.04134312300990317,0.47345036623706815,0.5961026781817349,0.24394719047347824,0.2214421031525856,27.967941083439683
0.9483210509952413,0.4593688706763338,0.4207704488665075,0.8440841736835645,0.8957360868863268,0.6502489538895271,0.11823073616978919,0.3668073887783354,0.3307844029266247,0.35783163661233985,23.318781926022535
0.4552824536312121,0.29227759962621136,0.8980061820042701,0.4916668429942095,0.5223761871139881,0.7067139888822881,0.5848379144882847,0.5045041094754992,0.9465176563823191,0.28052229430889153,14.375181601455614
0.5893940978870229,0.8193749311010885,0.10556854153722162,0.11780739688975728,0.6046488599762845,0.720232497136259,0.034541422065385796,0.35904435985069993,0.003225003380060265,0.014613130790396278,16.91151518409563
0.41658557045997735,0.3667739072416022,0.8439807651244189,0.3258655763439696,0.061405034631261346,0.4263692325718659,0.23044314876400784,0.46460369223839737,0.9524201567858938,0.8771000872834693,10.85285520448109
0.5237790352005625,0.050921298082825306,0.7213229384878254,0.18655294869842332,0.10460993507190341,0.1288982099868976,0.9664210195360666,0.8346450511186004,0.18490085547500656,0.8107529996211008,4.542316652612
0.47362144115946214,0.3238016052622008,0.49087358183659446,0.00623676300592102,0.27122521854292314,0.8771239353696538,0.43620607638249553,0.6522393205168526,0.6678119367891833,0.7935702035177554,5.54730327690649
0.02714668341185511,0.8772295466760947,0.3651640972666501,0.5983682266476785,0.4463737504813503,0.3166289014142911,0.21065628426701943,0.13995415745042672,0.4082224270764222,0.19268282652069835,9.876345560288357
0.17510563288743541,0.3746800800976827,0.6254802379658237,0.9913590324756433,0.20356536425827665,0.806548813245415,0.1362246439150372,0.34052094727096804,0.9396119461373402,0.9946287718794385,13.608644199027461
0.41546021975926106,0.30275304249032586,0.7848994401574684,0.9052625396130701,0.47376813615261026,0.661452389944377,0.2692903694881761,0.9872532870444822,0.1451407293627638,0.8265276080846337,17.593903235531773
0.7808137880088023,0.8489336798199184,0.9974954509304016,0.11506457000023418,0.8252704151704856,0.4112662848216392,0.7491258482950859,0.18663779002008463,0.8081804513086667,0.5731122617271124,17.757876987900733
0.1910284196130928,0.40286315582985455,0.8526499771618591,0.9336755290767242,0.7043191998610543,0.5142965572732964,0.05551234559711826,0.2365947001015951,0.37742860506564435,0.5143622278323489,17.01202622289635
0.5717151586679079,0.10454398683571431,0.8778694577543265,0.8216810695892692,0.8805615256467284,0.19889541147952738,0.4063971209211692,0.19192559242848828,0.4685121028284459,0.2706225979664193,17.59926825158379
0.6313147277162067,0.6177324093688339,0.6973746724381243,0.44618654673718694,0.16188275170921285,0.8508330832545169,0.7083934288482254,0.3502825440909775,0.19307751483474123,0.2764877999138605,16.6728763656866
0.6553314355561066,0.7800730933654938,0.36269048941726745,0.6613364898449845,0.042511672623336216,0.028824989355013875,0.6426467244632708,0.24698934497415526,0.8221863211727355,0.884786478819282,16.86574762573023
0.5598391486269817,0.28254235117591964,0.8446275158063704,0.007686554444840676,0.9663260202503634,0.7345998456219379,0.31196189986690337,0.7291805608433627,0.6702995078998775,0.21337410371133325,12.415900025883541
0.2773242439505378,0.23765295651748564,0.16985559692564978,0.6685360757643777,0.03150369925820928,0.9343173671772351,0.9100133552827534,0.02948820162413346,0.6071733636890481,0.7708975173906386,12.145813569210665
0.1352451159751673,0.5088453442415998,0.5872428944932053,0.8552748977417369,0.07357224741344459,0.6816157161273696,0.38361013533158284,0.11688146358278984,0.8251003051685509,0.7952256976297826,11.18091720139131
0.29870907085186926,0.30814526526610997,0.5879730686346007,0.3387307246250406,0.5955751000580812,0.5842420843727318,0.5052491656636293,0.8375377141843006,0.07543498427571826,0.18610280659560774,9.812052504360361
0.15337252712297922,0.3813598875233336,0.14200609794714758,0.05571538901253614,0.500006826154995,0.6484565052664665,0.6405788223388642,0.3640776250862754,0.058856706787457136,0.4428973860578268,7.690237376045363
0.6667232146718044,0.45518754134260564,0.7397542443949088,0.5500549328339244,0.16088953915961202,0.1789850267772498,0.9178786897649626,0.7065894215967657,0.06298480642630289,0.39756690455070687,14.512290765465131
0.0887480325726634,0.5054582825911327,0.6314839279152141,0.6580021988489335,0.6083175952671626,0.714970904174239,0.03783204638212878,0.25226697303882784,0.9252568800734272,0.874884706133305,12.128461676650602
0.5042904729319343,0.6054303772935667,0.19706389753595988,0.27773821656525965,0.9881588642536793,0.094076332721442,0.6104245066249641,0.5082872396926028,0.24993783337586073,0.5372175088854301,17.635783580090678
0.7017523537140988,0.3665542904454824,0.32811564165382623,0.49401915872008173,0.17460766955975504,0.12267967927119283,0.5184186160256763,0.26260579837497844,0.9567344058278536,0.7452488686276237,12.250430033936635
0.8633093459915836,0.7509509440776934,0.08194642445318823,0.6169435435434109,0.8808825024364548,0.07589321811879501,0.8931453898639073,0.742857100103552,0.12553812914722562,0.5451338396066923,23.651030783694765
0.1883425710957275,0.5722594993499337,0.2131583971460862,0.3892013961096732,0.3470503018976173,0.04690609056834383,0.9963882378675781,0.14694313199270936,0.24356801126161476,0.5486453353011397,11.508696790236105
0.891728960764567,0.3266416406334033,0.32014666532761415,0.06811470183606172,0.5341267167771061,0.3639680182042305,0.5710025955048125,0.8758386478667334,0.80341513932038,0.9122651477621986,10.700606735440353
0.044265735430884634,0.10061238275239959,0.7427912045962707,0.1459279366147761,0.07609963056329416,0.13888347134504464,0.6279287279647795,0.9061419768668729,0.6171431960931867,0.7376473541809072,3.7123100483459455
0.6946928418998329,0.38796285205738534,0.3429134204405879,0.5474887799628253,0.11815763887963626,0.6668332554329073,0.4053299579732321,0.16270229658712498,0.8168187844932617,0.6985614835003292,13.858013357733498
0.8845449048880626,0.8974921288296742,0.24375335931927333,0.7264672051274684,0.7386402664303431,0.4343020440844023,0.4555759884778201,0.9100840121746111,0.26731276181812114,0.3571346380639828,19.54505816026292
0.7906126250536413,0.0395855702628497,0.3669900928329407,0.21212286383256374,0.4432127992241254,0.42764250200768017,0.7849487459803729,0.321794125003225,0.7020449945825347,0.6848341011096378,6.013423007719768
0.36451283682757907,0.4539817374299975,0.13526225578596385,0.24301251356544207,0.506155844891173,0.823791822869052,0.5321634515318071,0.5165159954222397,0.7964017877205847,0.5655194953243963,12.97499217801083
0.5668037330204931,0.5269506948840843,0.6689368339072793,0.4203937180926183,0.2230196245910736,0.7837840214863179,0.7988219046522343,0.9821560290205451,0.30399600721393705,0.32397362692508236,14.152625838494641
0.036274364285923455,0.4878013340124998,0.7988996863593517,0.42412458974575495,0.8366085119163159,0.27488972008461077,0.06042087087759973,0.4350530055971257,0.44617073134065766,0.29673154503379984,9.944180995233214
0.9767532118716218,0.38550955526011765,0.32626433031525914,0.7251779185348894,0.06650400938899981,0.1914454185826968,0.04975188577895473,0.41413221874010586,0.7478649901916483,0.407139157334814,16.62665375593326
0.9116619717050903,0.07163601432750144,0.08348245323911352,0.2680272920001161,0.6948691077723387,0.4213707195029348,0.3469313493010153,0.21715712912643304,0.8504493459158537,0.01355870355969635,10.278943188089485
0.713767262834889,0.9810462239367423,0.0025329951274363216,0.1464229890426243,0.7509828657680404,0.8721546842766446,0.6775130071269237,0.4989573370129968,0.19454747454938692,0.4470541660662126,18.91204326468159
0.40057510532970453,0.6891431693316665,0.10493172158623953,0.13224637878825574,0.3530054202227585,0.6695123881611045,0.4555124689863945,0.22450600503205143,0.13930271541836714,0.7374727563347346,12.044237814258146
0.7656268074534691,0.5875214702126023,0.43974507089519754,0.3286099609392663,0.8173986959922024,0.49866719021663775,0.47271536144084514,0.9730861255306784,0.3010401695985767,0.5710100780105026,17.94616528985287
0.6446775898015172,0.6760795097541648,0.7640235367908049,0.9597385732012587,0.6028708175497837,0.24612294371912058,0.7210452507580281,0.413925803133259,0.2849849449531643,0.871691005775209,23.460709410941714
0.12972839563060823,0.9070789069402423,0.04660945852888321,0.07708742844152139,0.49800285334325567,0.4080125472551478,0.8885115162153546,0.6158566412162311,0.06897000265610109,0.28578038128769423,9.571746812112378
0.9028271895140664,0.42548024779629656,0.7615484841848686,0.356906736861194,0.881259530408724,0.8583265478873248,0.6399586928345687,0.2622422761643921,0.6148619285253158,0.0704386847249483,18.774018992874396
0.6012467423651321,0.9078359612837712,0.5755520085025595,0.7636385043879139,0.9873852328996858,0.020680727005324084,0.8797945145767034,0.9523549859339366,0.07031482823782198,0.8997858468727798,21.833961034700348
0.4368967201823819,0.41773232661497717,0.22504475392613632,0.46677038928235415,0.36986862891341177,0.8478274428110517,0.48984353318205165,0.5558471825846478,0.5942746665235705,0.10107137589845061,14.762400137040224
0.6823396383181853,0.7485178072936688,0.18075979943044684,0.7206456054431757,0.5959428306307728,0.8698644249205708,0.37544781689573425,0.7757749563145553,0.3262227392162107,0.5226160811087356,21.736015663535408
0.773368413878638,0.30342224729928147,0.3827999774285694,0.37529959459607987,0.4257127705976095,0.005073850481919662,0.157810095580025,0.12465268283571251,0.11088418942512035,0.42541049181878465,13.434303633573917
0.7798161971934333,0.3253598436111773,0.590012903806726,0.3245433139945977,0.34328487842018474,0.9727521449268108,0.052382197703739086,0.895938756522078,0.9920947748494321,0.8258441944645316,11.004024378465042
0.45678005041121783,0.40280742278883774,0.22408714798751983,0.22021495572707672,0.12044781445758046,0.485145666679598,0.34579969594910576,0.4780368834304085,0.6326159753929333,0.7106907605086195,10.380551976499644
0.9282882607587251,0.9773092215257132,0.9482361467776343,0.5179184151314176,0.7762079706894371,0.43740384874981275,0.3691729640543805,0.5172322139242219,0.09257765480264468,0.9150684203500952,16.44986849856537
0.7021771126298494,0.9880943252226567,0.8208926449112539,0.29399212228226546,0.9578429224564553,0.7322396747760819,0.6932241111569043,0.33986810964877545,0.5186058035956005,0.05199613117441759,18.73485531483866
0.1413979715391771,0.0350349632074185,0.3329871505802726,0.9165503154198872,0.061520615227755204,0.45781220095314357,0.29324446325912445,0.20052759680477394,0.48523357420402313,0.9926355910963327,9.863338853580617
0.34115481679187254,0.8273181665897561,0.9476347859277566,0.8073536358426332,0.09766995767321152,0.7204828660776025,0.5261004863384082,0.5826269833486524,0.00885496875238323,0.23914260479933858,20.2600447653869
0.7554550733010666,0.29919311958639505,0.8469217232432498,0.8658331247749346,0.6218613503712985,0.9496367046602047,0.9683645341167549,0.09527464611150449,0.31466244103118146,0.18217548671729056,19.086597629401492
0.6091552651739579,0.10910683038224367,0.948506758999838,0.49776421664847104,0.23639520786125723,0.1782846704400064,0.13918786552945017,0.7273975670898304,0.7446968439397509,0.8893985341110571,12.359089918984722
0.2320120293145589,0.426010174687125,0.005723257508577495,0.3139251293918285,0.535537746134211,0.9436959859596855,0.5370091007973159,0.030410465034754086,0.5118396011955118,0.2683980669196928,14.660552740426207
0.02509107549591061,0.03842320300836899,0.4468679359579736,0.653074735262918,0.24854220730078158,0.8554206337421819,0.03125233471372568,0.17955973190774555,0.6853180687669636,0.9530984791107823,6.668864344313243
0.4293110132988299,0.10489945735815176,0.3844955632024789,0.8122676976704408,0.7067164460484102,0.2612574941197048,0.36299340629050514,0.24536169555278076,0.9171055203600911,0.08688601912700145,12.005464657396535
0.45118838072438916,0.16179542575027583,0.8092235495911344,0.6297932616191326,0.2285038881138436,0.354599346467828,0.17765408771489022,0.9976801030109648,0.11494081884582064,0.15573715845724234,11.821280212339207
0.9600716866587262,0.04608001005223561,0.20529079203580924,0.7353312959210866,0.2973678556507422,0.9764926202145009,0.32540462782045254,0.2228721761273862,0.11405250183452775,0.697378420651493,12.345459974647536
0.865201341806215,0.7148593198924748,0.2075255383801673,0.4352558496521953,0.2754372872390687,0.5611440471606651,0.29569405540350424,0.2893840620563275,0.20802084694814127,0.14048554413019954,15.206540948551817
0.7627808408481875,0.348117657429324,0.38430041144878446,0.894606979389269,0.9677624729024582,0.5009538647101048,0.3363340784837203,0.7362595367331931,0.6570349866310092,0.2523514934140443,19.99094075283682
0.15125944877241404,0.05752702810669119,0.6435410885412775,0.9773973358634626,0.4725493031004573,0.7790840670517253,0.8203650618110035,0.26366426533638787,0.6139066968315327,0.2273489095998512,12.346417067583722
0.23983698493354866,0.8154909829582381,0.8273690976048926,0.8383808568818135,0.6334239290379009,0.08595066174105948,0.36634175118827306,0.4355193042282809,0.9243334771799234,0.512215434989279,18.294177334926196
0.15357651040890652,0.3285433658045357,0.45992340875425985,0.7071899905236746,0.5174989065173768,0.443115978391034,0.5634359802209128,0.06951040631365857,0.8497390264377492,0.6103423349078427,11.780473887097125
0.05100561507603296,0.9439872450402432,0.6180196302951776,0.6849667892815493,0.37159253750031807,0.42014971441734517,0.4540941484520722,0.5669322902628627,0.7730793205195227,0.292306786702093,12.037924120105558
0.9642758729778491,0.19685986410439316,0.8241198379008304,0.6698239267820609,0.00132435190579272,0.799529184880808,0.5968682910384586,0.07830379290873268,0.06016621722247184,0.6246842095505215,13.814199269376022
0.08732185434812778,0.8673220721109051,0.45617042983178957,0.8950308723351703,0.9889273959960327,0.005900269947783254,0.9822902278494077,0.5427558757729423,0.7632497498898766,0.8593813519019784,16.33573039324106
0.6709946651491208,0.9478240517007759,0.29334765038648714,0.0913892174561266,0.8498785356768734,0.47301755653306143,0.925577025495075,0.6709349449367218,0.9057658808810884,0.38931730116906926,14.74702400390791
0.5409701245134014,0.3211481361166717,0.28705194646856047,0.6058939202903303,0.964581744774139,0.529999624023812,0.6871406407242755,0.8373366795393457,0.9734790962845314,0.6441079643466735,17.25806637850451
0.45777547365340465,0.6028070154582797,0.5338848017751838,0.7939264211909768,0.4717547846280101,0.6274544533542215,0.9204679043230517,0.6283761193848668,0.9074869762832962,0.6483815392689498,18.545364866459284
0.08849333186077324,0.14802665024038353,0.2871019869098146,0.23303002848636356,0.331343985506912,0.5836672598357835,0.6807528412743807,0.174779019938468,0.05937524095747271,0.1429243032385158,6.142315740176992
0.9755068267274001,0.37450852902301945,0.5642134619919432,0.9384140479390374,0.08315990428853859,0.5119327864410269,0.136656986850048,0.6718965093178806,0.2297983123035714,0.3205745530374049,18.164185340016132
0.3034633133348008,0.5109208485312635,0.4403163875673848,0.3545018907077485,0.9786293280689282,0.8672750308281981,0.10201861517657462,0.7893438777287484,0.08295931823355074,0.23122183864635837,13.376347039824712
0.9975045266723924,0.06512177091846827,0.693433965349987,0.3121746259740591,0.7651355157397022,0.20374482190398002,0.5406778903267917,0.8549999847861267,0.54413490218294,0.024777882734463685,10.179172008432147
0.05656483295757175,0.9175816948508163,0.8441508362033231,0.2109255416960477,0.19387160026527495,0.7027614144447125,0.3713346447732272,0.8731814459215619,0.42202654367394776,0.35119729495489427,4.7581692143313425
0.48751306437237785,0.5603253365611712,0.11924534616967808,0.13627319931298587,0.7629348820704035,0.9692353274264741,0.9358076462349212,0.39156393906440157,0.25527930899674967,0.973647114881085,15.70206940447443
0.23753991655211482,0.08843309554030943,0.12605546569703519,0.9531791785336796,0.5294560576624212,0.4577731823291845,0.3392306212747904,0.9390106199823356,0.26746203776761,0.2851590063846975,16.065901761264044
0.8874378126538184,0.9568414365794543,0.5485805893126156,0.10198152586076592,0.4357087537576513,0.5014537917782372,0.4367874214209131,0.9381313640170873,0.3453187290313221,0.8652304895915575,7.731498238525193
0.37719357890149807,0.39373340077106533,0.013006466534180139,0.8049395198263422,0.31442617916872373,0.13821098631952378,0.038675400501625545,0.9634439613006934,0.61819217447795,0.048382244243978856,16.37579684524833
0.530908107438866,0.2317421641456887,0.9406463427932423,0.47830250049540846,0.39195920728473543,0.5815205838479044,0.9842064758334782,0.8692938675251292,0.039024465232253336,0.1251289045901921,15.125672479950136
0.13710245613475025,0.22100561862503598,0.28942938066004875,0.8406311143630125,0.07042932114372136,0.9445280431403222,0.6351256290050397,0.8809614499745408,0.3302451081912623,0.22735393867392062,10.660865455145435
0.7619434427454224,0.6708822392304694,0.48998312402990474,0.2498051403903897,0.729536549223225,0.36977886462411935,0.3324161319546315,0.8185859054145911,0.07138744212871384,0.7888820347005584,16.398756433485893
0.5922597432956273,0.7438419326419969,0.3724908066204873,0.9439235807325403,0.6596628646495515,0.47024688793659375,0.4744084461653236,0.9232407413151087,0.00646650377214486,0.6264784660121443,21.68191722646898
0.11959788487870415,0.9290832369107765,0.9329901320992611,0.19626627490971438,0.5077090543794515,0.6042473068772996,0.361049345079127,0.1872286315749927,0.11573799829535647,0.09087221619594588,12.91959536786284
0.08988511156546408,0.9745857195658427,0.884581044877083,0.4742333766113609,0.9413859711348719,0.6596328698662125,0.6128456012646903,0.8893602710916885,0.08724177682136292,0.6126871394882341,16.711792546276005
0.5185808288446816,0.30198088578017834,0.44892907969599627,0.653553563893746,0.9750977921629794,0.09660964214413004,0.4686349737465165,0.31942508705837946,0.5327914872300691,0.18909475813762944,15.621787069203116
0.3766222436674015,0.7238842389811658,0.45595793932492945,0.9597477307385438,0.4952457177500189,0.2125152554526738,0.6725694758311918,0.8629742861285233,0.34219628908309685,0.9625990283385938,19.600529114945797
0.6142623424333161,0.5274125204484656,0.8653585564940985,0.12895444914670973,0.7741029823022024,0.3905055877207195,0.47392295088275904,0.1208273965186627,0.3516570524591839,0.1893918808076862,16.15940903811384
0.04720684987230672,0.9655296731501182,0.49121638937372714,0.38838738090398806,0.7607697409934873,0.5564635520177279,0.603221599503004,0.606271537409256,0.4377648461545346,0.9436052769203173,8.841342340643607
0.05823944693051031,0.19517312679079601,0.9906197628610465,0.7097942100367278,0.4778861153065802,0.613525424580797,0.9653687351887391,0.7006630143266954,0.7413465741595257,0.5291451544950558,17.11103806109855
0.9053247377798934,0.8187966073424832,0.3480120779210574,0.07118223993810735,0.7732800823547205,0.8932598756093691,0.05666614052839147,0.23554452210166088,0.7653979046053252,0.08177707241478727,13.277834491052614
0.08852560172367963,0.08524304244449454,0.09639224076300756,0.48198887993596373,0.6632236028952685,0.9618358268808206,0.7505264430287858,0.6331654008001588,0.8755045107913046,0.9956902257784894,10.415895598397832
0.3904741605129427,0.8062673904352419,0.5176397045661055,0.3913551825603936,0.4214755162397106,0.2815429471077747,0.025868226655331172,0.947845278228183,0.7699398257059766,0.7111849642741535,13.179956937403032
0.23970072483054283,0.3575147593657261,0.5548635832979756,0.9404109173804327,0.49661113028651094,0.7725612606261916,0.24775701432913733,0.9785261145088562,0.7258150256431011,0.914826500428659,16.291255574924406
0.4051099376490851,0.7322239094001115,0.35039878529017143,0.8897395639071258,0.39863316199752497,0.6373975849230477,0.7452807848043685,0.9145007455981687,0.2212521644292107,0.40827859857225823,18.956639490064646
0.5280904509875126,0.41235781736431953,0.7495164679487029,0.5703409186620081,0.261473276149241,0.23049681999959792,0.9165963920868755,0.4960726861508523,0.5043262790120476,0.046997988294139925,12.951037614910549
0.7776241860281397,0.5553439257798501,0.03851016511309491,0.8586040789752865,0.8220554097705894,0.28762132234650883,0.06402941348623448,0.32575328315289775,0.22275271468414493,0.5817139251236266,27.53070928526827
0.6868095870993829,0.6031404410236237,0.2734586653828661,0.9212908772091628,0.2524627003163884,0.6134691383053597,0.6026075136472759,0.35943299937258655,0.774578947936284,0.8337936394947465,19.401485320827085
0.44271468483462273,0.016556892785271504,0.9847978050988758,0.8891418680221685,0.1210490409889351,0.6427531465388324,0.582418766553796,0.3572318605490138,0.23893391571549416,0.36834983059366333,16.2251848156031
0.46694362029445735,0.8273180584403461,0.708522120121692,0.7569559628741802,0.8682119944797481,0.5958225343404413,0.248902475534292,0.30345782374926134,0.6745067233456397,0.22324193658071956,22.019027889110205
0.5146148215613499,0.4442264280513347,0.4287561212135125,0.8302559979208912,0.0744493941000417,0.19236607477765444,0.9402805554749833,0.2545947306339552,0.24616971366380136,0.6913550348201961,14.706746896304479
0.12795922753465327,0.6741593090283446,0.24634465134716255,0.45034627081223544,0.7302727106497963,0.946809539143504,0.2501305295626426,0.29632611808704246,0.5463132677008189,0.011245782578158559,10.996434297245706
0.04890360527879789,0.4458640846860865,0.4926054714396062,0.35180753253848895,0.7172013579711541,0.29901992209384465,0.062276783388108825,0.22042451651023787,0.9981584817755026,0.891151020570924,7.168209944078586
0.8957083947856858,0.3562187254554299,0.41481021512662175,0.7736144608127039,0.2905299180425327,0.019012229506611966,0.02295132657838661,0.2232870961624337,0.0017098480375890013,0.3777917146383639,18.52923786512633
0.7319224208439682,0.6459390095727743,0.49844361536265436,0.10088731419438879,0.2349475687934678,0.04995916725379812,0.10501489470465986,0.6307925274317847,0.7732859589655329,0.23956130469483472,12.413110263246981
0.9550122166666196,0.674022903814769,0.03287048787947433,0.7039211437261478,0.7829951961490088,0.8212212382915657,0.36742476691821135,0.6390878262464255,0.7086922777235326,0.484238682337517,25.516171742026437
0.24270847622965996,0.7244815094455224,0.6038410289526662,0.11093502006968858,0.14567447115775334,0.6756400751202037,0.5961441377589289,0.5406547569694169,0.943586992353963,0.9062755931678215,8.253413597082552
0.7468581373353138,0.5819123612761231,0.5987487182781454,0.6563455812377265,0.8122605427703126,0.2521354950529894,0.4423612422719363,0.20545647172100912,0.7534339830686378,0.7053058767136018,20.050613101188567
0.8533701707377435,0.4375906082570745,0.11393863544225835,0.14938689757452261,0.21952648699703536,0.5630991378398943,0.7709211782413408,0.5752637333599152,0.5782828661300451,0.7074741430517484,13.853504011879016
0.6185518841339449,0.13192560785542307,0.9908936099602519,0.748375642955654,0.8051336428865613,0.3643934232402216,0.22006953584569944,0.6032002502436522,0.0819626418858479,0.12977418915881023,18.8230622572323
0.46183618312688757,0.5158731747931778,0.23572106470165466,0.09715756501510608,0.594527130866965,0.6726367305250665,0.2891859259619284,0.8047149097581243,0.7163945450442418,0.21249849631789375,12.646340404091097
0.5582972663813659,0.5218767196658204,0.3516553830806083,0.9968124288413991,0.7325314379091913,0.13457616884740609,0.9684656835786474,0.23672623241946433,0.07797522246386046,0.7830334682786444,21.749798587650087
0.45796267230034604,0.6974728558435451,0.8010423318689393,0.923021006933516,0.4944495364981507,0.499290574609641,0.3027402455563861,0.09005147122518031,0.2641491288019544,0.9294207764472808,20.443656990433652
0.8278369086421671,0.5689389794456924,0.5771674375169284,0.8192780242590889,0.4820573837888662,0.10621105001764986,0.793116983441462,0.18716512986146472,0.9368734040369493,0.6414837387756683,20.9601311242064
0.7331853667291275,0.20615215596444036,0.5325090317193016,0.4937707753230587,0.8835644625061508,0.5529647950756409,0.08620594895780864,0.3394357343106773,0.8466361455292338,0.9874298623773802,13.540818199816991
0.9475763763523251,0.9655068667569753,0.4961337183078145,0.34389482353942236,0.4505006511068924,0.6957085307560469,0.24156512540041797,0.3598888195440513,0.15630410570425313,0.5595399827228338,9.536805192520278
0.4748285907956986,0.7380169046415637,0.8315806687350441,0.5928111177842329,0.3636493993180939,0.03813104425324765,0.36742436087940156,0.6833239806859382,0.4189637488649971,0.6893099661795209,18.017254663898328
0.667874673513328,0.123470507236912,0.453391904838809,0.6195621977932128,0.38421577184706057,0.07037115759613155,0.5452372334076788,0.48928499270334513,0.7582546137543267,0.7038617611009859,10.267763569522598
0.5135232435640686,0.3672731643517062,0.12178390974389852,0.30596236172590596,0.7415674843299224,0.6812877586663666,0.585588208445067,0.2668395154178934,0.7006247749437935,0.9885444213803666,14.187548348094458
0.3387106631347211,0.9996855274793377,0.484183115383475,0.32710167185329875,0.8988485944602664,0.030961561341999455,0.06439736689480402,0.5992405824326651,0.2494348875421386,0.24326250753507928,17.64932338202668
0.29081315219697823,0.6580949222141411,0.2527567831716291,0.6177162611773356,0.14925724116275962,0.41389971269506953,0.3007357598611432,0.35861215586048,0.48271954712567267,0.32123984541395223,14.171448628658709
0.9825532058064498,0.34141076189535424,0.42122725130233374,0.9522494379752404,0.7056263723489237,0.39445578422847716,0.13228801461331918,0.8894993599681909,0.01799963095036894,0.4813461776376151,21.17063184537133
0.7164598490990431,0.24840678527273152,0.41392070691500593,0.6457212155204279,0.38775727326665765,0.5351015415275008,0.47083656784696093,0.034187974312901104,0.19289483332492707,0.389527902789118,14.877944452023744
0.027152721759767462,0.5580763859026259,0.6975369695065936,0.8643530777865653,0.5232659878076995,0.40975544255891494,0.2956560536940738,0.872584555063172,0.6139785362199288,0.5599681450726316,11.055690390490966
0.20726966164245653,0.10988738147677846,0.0969330315813034,0.8578483940184881,0.620988084654023,0.5616488015965592,0.48243168710140116,0.42478076310079094,0.21379956582475856,0.6649153237424524,15.692504219361815
0.3346246138914387,0.941476332713253,0.10366478946989222,0.2211307060499147,0.15696385691656523,0.7804475004808379,0.8624038948819999,0.6925486243590918,0.8757612354392749,0.4732667910723275,14.6406635590559
0.4469797198027642,0.7439616137574493,0.7023821689179194,0.06126274489325645,0.28423710017756143,0.20778506363032245,0.6700601446827402,0.8352974239015101,0.09318526923299886,0.8408736808665871,12.200390715117171
0.3134775046012579,0.7184402685912452,0.8271932779274492,0.4713930613032624,0.5346618260652158,0.4861262233513407,0.957738398076125,0.5857337588100717,0.934243280977588,0.9732179047888458,16.564803310026235
0.1284748839646691,0.1146682852683587,0.8630475294361096,0.8536266553325433,0.3833860462578027,0.46677977940237214,0.8990455045259292,0.2705342911445159,0.8790080453502626,0.42458711999123444,12.460617701479073
0.5096655231720877,0.4016747196964352,0.36511654661930326,0.6511860507767141,0.8645885997851561,0.17213898094909963,0.6009064608713436,0.48212814986661645,0.49640793203887934,0.6295558192042237,16.69344927572908
0.153843832053565,0.9650376584414956,0.2171205107761589,0.999727884439654,0.7311845084134427,0.7289246961393414,0.9921137636399995,0.9904332629639083,0.6068072716801689,0.6461843339408637,20.574629815987958
0.4539267024349044,0.2122110550688372,0.4347541365701665,0.6612091665192794,0.8663320224874197,0.3004589517244126,0.5566167268025395,0.7106466907127462,0.8788752687082165,0.5372326524142631,13.253437303538284
0.4541993547687263,0.07809333832240195,0.6691679664423063,0.13852051204201843,0.21812684635008306,0.9846065559111061,0.05894818460467455,0.5909562883717429,0.3723801129369376,0.5657921223821708,3.346435828719648
0.486225686771228,0.37892525962266177,0.8459134444428998,0.36831043252336837,0.19040600303760102,0.42390498717493275,0.5032939314722596,0.6257723486557285,0.4889295651128922,0.839955825344904,13.04801474463527
0.40014152498467104,0.7493575757911237,0.852310022585236,0.587086699845618,0.16520365847199137,0.36153869742357436,0.2916202864872064,0.2373972913623873,0.18020779273539433,0.19045450147937437,17.73218976190572
0.3453698249459175,0.25438539835681795,0.3035050596695962,0.001875131939927277,0.19898026322042794,0.3651612786169315,0.8437707016475404,0.8938238018542533,0.12324249029494805,0.4290440757883056,5.583488307029383
0.15639850651069642,0.8364249281957485,0.6666696487148082,0.25864634125366004,0.05578458946837639,0.9631679639593511,0.7785695205991151,0.5241653092223167,0.7565478636343389,0.9711411583981228,7.382811019355401
0.9605794290219523,0.3863988055662043,0.9424014519526623,0.36854021076501575,0.10329471662980472,0.8407536371977357,0.2697346503631256,0.5226542539792297,0.1445033804481508,0.21065550785821574,17.261836306515786
0.479450026809887,0.49212446793954845,0.13178473803235935,0.69464006905011,0.2742690021735599,0.6061998412216532,0.5174041500256056,0.18515753358495124,0.951239301952587,0.2771918029801479,17.358795032573457
0.9331215082749665,0.8598937603449267,0.519685198703374,0.9698129235095854,0.625920154254992,0.0798364174862154,0.4801847471333821,0.591586207183903,0.04516729766871952,0.44325128699377003,16.744499434065755
0.7919206810136568,0.26052692011285206,0.09903984707552871,0.052142671500936655,0.13418479505327774,0.39562639000392585,0.4578602374745291,0.733740964356527,0.5735416474081005,0.12799885763316599,10.728530611948498
0.8079861954815297,0.09098617787125873,0.6352094543177655,0.5929183330963718,0.6914367646723397,0.2987524254822721,0.3817031307573753,0.6841378561265191,0.6290730748687834,0.40571263496729526,12.76633279216209
0.7788076512320883,0.2701175759083354,0.2607074711262377,0.08781493884442171,0.5877115467458205,0.8737079450388153,0.44904344133041096,0.7049625593430295,0.6173157757579729,0.957426558850788,10.408422338138614
0.34309465347869217,0.7762179142593243,0.30819452851417917,0.024495215981703677,0.2373388380655702,0.5045682765887951,0.09791561872777521,0.3707332828150395,0.8804534955203331,0.5391319906833689,8.692847813698608
0.06458270161869617,0.6095028687089477,0.9047513587991677,0.097363272516512,0.22333927412905752,0.4209791722226608,0.6598461056441951,0.1790530760228527,0.8165939096557615,0.8581044399691747,6.658913554512
0.44330010329630387,0.06554434974235912,0.42974272956782034,0.9884793599093518,0.7226135808527513,0.7652232426054052,0.849707271165059,0.8951630518548356,0.33139214223035784,0.48091127462189975,15.972739362475517
0.13109729302159534,0.8921968453895142,0.8608957863069938,0.7092256766081352,0.47079639184924515,0.36688972847721424,0.6863739813761791,0.23541825601610245,0.7048322549601876,0.13196088384744953,15.808877015473897
0.9480307945316375,0.5844630130196001,0.9828743357603709,0.5441648707944128,0.09745556573525571,0.32171492861342954,0.7416671562830809,0.9058805438679499,0.3165215690760955,0.4425284777900472,20.160211379350503
0.7731937215678981,0.9188981144953524,0.6417921651783286,0.34299017903753004,0.06130766881113614,0.8039609654170617,0.4945512799690165,0.7719314251379632,0.4163525811072146,0.7183563526918317,11.5262675651766
0.8893185591546281,0.4943499093670307,0.9215635552680724,0.3715239141930634,0.7208586551875149,0.24634136770565873,0.2586204323268694,0.22786754599222347,0.33723677018035525,0.5378617127879871,20.470175260625105
0.4149229318746708,0.4563320116922489,0.7096266694755453,0.9748404726742966,0.9480438469877724,0.05197075091651304,0.7268622629959941,0.1380623063352473,0.42552659182196295,0.8653021947315159,19.909881807132543
0.6643536205684156,0.2590240139854514,0.19904522758926668,0.5577132119683867,0.9305250178893659,0.4953337980489211,0.7527654156989639,0.14932527767768755,0.7707110302166352,0.8862630746911941,18.156714022938647
0.5388627810511092,0.5605686733057869,0.6931697312976495,0.3673209589707236,0.8091790702774263,0.995769407082673,0.38277922606398973,0.4653814571053001,0.2683783686363248,0.20163886219327176,17.45736511934424
0.9952735553762094,0.6655976336129792,0.87530909389911,0.16160879359803193,0.9905604738052929,0.2055513473702728,0.650178799958195,0.6965798506654923,0.911565448621705,0.5214082876641484,17.97707459678262
0.77332557831052,0.09777404795436928,0.8437673549483515,0.9089240771879347,0.4989809771335342,0.8033407071649366,0.2108249574728306,0.09424756116363586,0.858828450639225,0.3255842733161326,14.248567900979317
0.0818875105391399,0.0896239390336786,0.5394651731032717,0.6743366026629973,0.36532913100002407,0.7386411843880223,0.007510638526919022,0.856920510394721,0.26539185491941997,0.8822264360920264,9.301048751156268
0.33547248472201563,0.4419545359996835,0.9022125646182069,0.7583350413376116,0.9888328695898009,0.34669364128305147,0.7227084584975836,0.48896190108417137,0.6309054607995533,0.46488738704913524,19.876102266597634
0.36590633416336726,0.02134204813555629,0.49164480516153175,0.16826218964085238,0.37850976369983724,0.2208104572468138,0.8256687388835149,0.535391770254501,0.60563377712627,0.6887468270191643,4.737114335293208
0.1934717475238915,0.09990292660703604,0.4562426461511756,0.5905997935678632,0.5929317962629227,0.26897654310223085,0.1820384792413685,0.5743974477865501,0.9287860432973204,0.7681085884501948,8.586049738997664
0.5174064003657057,0.040871735569766976,0.625465864162894,0.44368997556334266,0.2314342449603235,0.8954920447565636,0.4999440069875387,0.8674357621372392,0.7985677448790289,0.47136193582909436,4.533363791934217
0.1908498983169291,0.22124794391260094,0.9926139210382362,0.7720220263433692,0.47948170229425335,0.870991749118381,0.7547157439605728,0.9151765660172393,0.31704918137053206,0.5776309929827189,16.70614028392945
0.6018635611293672,0.8233093175029372,0.21681285498648928,0.6469571802920867,0.7112666959842293,0.6837069882017608,0.012118762006100514,0.2635787725380361,0.05488104475561084,0.6012510365778639,20.750806192241463
0.8444985643514109,0.8216795948182162,0.8145211992717257,0.4544929361865646,0.13627627920829366,0.7365348511347403,0.16832250630369605,0.22208576725830698,0.11391920019777035,0.6656536548631369,14.79161156013376
0.37369311550481654,0.4635825158344925,0.6417730097118377,0.003196362703555944,0.7078626882675103,0.08020327361916679,0.9196979817513786,0.616976083595716,0.11188310281779401,0.52927811449513,10.948375419717973
0.19648937153773915,0.42240232650804355,0.11113522725447367,0.9833561485929709,0.5239866293177812,0.16368880808063657,0.6180121069373683,0.639744743861198,0.3356005579372815,0.747132588213129,17.04784378401769
0.45523909872517476,0.42995427846434453,0.3015035666835717,0.9662201382989714,0.4552225759681541,0.21117635248207944,0.548700665843671,0.052883758668334946,0.8078285699319168,0.29422525937831345,17.05856318413393
0.0714253419250982,0.27647440429997217,0.6814071710865598,0.9850007043994348,0.8835760473649131,0.27276797536123276,0.7825138319649444,0.1331315802409937,0.9197592990818151,0.23661842668971333,14.729966294724194
0.5083522245059021,0.19765711917674555,0.326203936149298,0.7751194063422994,0.9972882721211299,0.6357280519364528,0.5873657324819723,0.36003456344922113,0.637523013554833,0.6313730092979302,16.507464777132583
0.5284298423690531,0.596915631054077,0.1482878146762121,0.6623791518263488,0.24544347841050795,0.34668656482664373,0.08658251557626828,0.025988757906042603,0.14871117631291475,0.6416275599331879,19.05416181446351
0.7634520286721282,0.6745477813306117,0.343832027420902,0.6736390320097417,0.2519427863780226,0.7978506596669845,0.8565225759059975,0.8180344068945036,0.12789315208297936,0.15843475305399557,18.571880652133675
0.14553598053692618,0.867736358058139,0.5542819059687661,0.08320708898691309,0.7344906568940696,0.5920186356365171,0.32997556827310726,0.9322897980176248,0.1053311195275568,0.8471168775332987,9.96216885312985
0.8322114388779367,0.9043820055306373,0.6563305395577845,0.03262662518964676,0.2552270147090989,0.48510501983359,0.1677488713449128,0.7103696779320408,0.1627002519711469,0.19881523241837085,8.932339283759
0.5929403883957706,0.016754600511293627,0.4437607361254249,0.10948665036521643,0.8051335811258373,0.002104044949649775,0.3966949793900886,0.9811232238009625,0.07479461636624662,0.12065504299106455,6.8273207576874775
0.12725649258138216,0.7645497464878763,0.8624007324329349,0.7368744944013558,0.34787286152537455,0.9594765377664394,0.38040509232974373,0.16636165776605671,0.8876605644071927,0.32628521630835483,14.29881238258275
0.46718848744850106,0.6366065127960481,0.7426442036923585,0.17912034582942127,0.1771835384740591,0.12024126332859886,0.11799198497094843,0.34634798688079926,0.8265983787570169,0.915167082943816,11.268079036060984
0.7916187999881014,0.22578364824615305,0.14716225267865768,0.6413987375166311,0.8590638854610012,0.7576587017387992,0.8180701426376313,0.48490823130967964,0.8385534557845175,0.420025197786695,17.28913146255914
0.6684052882884685,0.7652597480413317,0.036422105365877755,0.3262115048325487,0.8641591591369143,0.32015318156387185,0.547079872237573,0.7575312745435111,0.4103966807984184,0.482009516357218,22.97530758585817
0.7798850519569627,0.03256578240130703,0.8145882804276388,0.5898352095022058,0.23796610037973664,0.05834241571174037,0.46967992915399437,0.7691317663510485,0.8171526265970973,0.7971098899210748,10.597061350314252
0.7183794693108959,0.5104822062954552,0.3461620889518364,0.0667967519285968,0.02742306843241482,0.7295004304718178,0.9850947037996947,0.2719218532283595,0.42635761064322897,0.5677109269670564,11.387727182781767
0.08889016899008895,0.45142012091064065,0.8603635656467878,0.277163781473756,0.6972853776906914,0.8500457064314829,0.74670595462324,0.4641651570106854,0.06032749530215209,0.4886950814800415,10.281870389043103
0.42072894996358956,0.7754270985206541,0.3339938643717728,0.366771454167511,0.5204434283625087,0.9754386950068554,0.12238751813375492,0.25442410063849774,0.14283900156198648,0.34085683466653405,14.117918866668791
0.14367999870114,0.20560991578748478,0.7978064394983546,0.017118242403750594,0.7303629710193753,0.40729185710155,0.7809291107218758,0.8297328283746055,0.13999433383860693,0.03945381427842942,5.533458462450937
0.5228419744685223,0.2019133717414222,0.044331286317553564,0.4316375478763488,0.09229920246342849,0.3714004659735496,0.3398408601117797,0.57996815481958,0.3897661798269325,0.1561205311782652,13.190450072865666
0.41655732504058685,0.4070548189526515,0.7106338416887247,0.1035636470354836,0.5488267285197592,0.9839908709651463,0.10503591944356994,0.4971441021526857,0.533375651574019,0.3200637214359172,10.570302011306387
0.8034240707791026,0.7541778161411516,0.47793184238233555,0.7443965704034156,0.8645200460291018,0.9506670171502514,0.5053116826415079,0.12063789119414403,0.7878002391916377,0.6343157431488667,20.560484743641446
0.024060231534668186,0.08083286026645764,0.026434808827312528,0.15366389035074657,0.3524819708784307,0.3585944239465946,0.04683367183614895,0.14566823117836092,0.5509083434469229,0.5814235758027031,8.144668314646006
0.3894497888108802,0.019600640855718665,0.969632109110024,0.20569278315216832,0.5668877282328504,0.3361615857248975,0.35915359202785957,0.5174496673664479,0.48933781693706535,0.9347783174473598,9.773679934075037
0.31411317982945364,0.8331973958571363,0.43821631793727467,0.33243801938437245,0.8130050919521556,0.03353603782568504,0.538286993090152,0.7602232501047627,0.22877714907630997,0.6130131953431659,16.162063467734473
0.2443775358280359,0.093077340640074,0.5080136893870192,0.1896473969628648,0.0340500492575142,0.2851711120772189,0.3252135993348675,0.6917449813327695,0.46522841032100015,0.01420680813091224,3.138540551180067
0.31473922825525735,0.8741954800673495,0.3770322771036866,0.44385184478477957,0.5496400447613367,0.1447856779533403,0.1329410438785037,0.5530475876352181,0.139676443483697,0.38704415179502505,15.74687689422224
0.04104037055970011,0.989309690863007,0.588673926634422,0.34461709796796813,0.6288498426631052,0.8481301902459858,0.35997141047562786,0.3188196868228984,0.6276208872387554,0.0663969629879202,7.8923295707032555
0.12281216554727892,0.08598082103388449,0.2651460859356124,0.21892526297534565,0.29520331390890475,0.15330346024094976,0.8993005135440273,0.4384917953127401,0.7739538511715807,0.06073038720353707,6.653683852464029
0.08835714807766937,0.9271797692843262,0.24796765812736676,0.06283324400161938,0.01394510657030168,0.5192170539106636,0.6697895367297493,0.8193066692137304,0.8483898945274633,4.409470981225905e-05,5.61921276345454
0.3304846179922142,0.5530406481489504,0.9790155926043491,0.6604910504369877,0.015933258811878792,0.251639622464924,0.9143772830695075,0.42946662473691655,0.20557251719515313,0.2524441154905184,19.181693765883292
0.39465846884813993,0.5221605929160271,0.15493849789605119,0.2555558079639756,0.2039491803633583,0.687769350410824,0.8840413696814625,0.004458579777413596,0.009416961677769398,0.5223742380394195,11.94601584066288
0.6921548652154722,0.3505243593164231,0.8595029706032816,0.5065566240762249,0.10292564015213868,0.3460934071585198,0.30864483559510425,0.3534503191498556,0.979643712141011,0.012722006757566184,13.694528894209363
0.1626065663627667,0.9389121049886313,0.8401644842992542,0.5714033414934173,0.5041391514791039,0.5947068610675381,0.6506181873933917,0.9748842435663263,0.13776926620269125,0.008534565580738507,14.394548838957405
0.13831810744945106,0.1592981737759277,0.8059469885343736,0.7784645706607377,0.6921922665123728,0.4337902329994555,0.12440120197261428,0.35350678938133895,0.7686408217069515,0.7252388535151469,15.436676643597496
0.23260573126411654,0.9303756392531968,0.819747494426601,0.3714097501181328,0.43308222601758384,0.47444426291311137,0.6372742676725054,0.2691570647368803,0.18755451673339574,0.006404836129420444,14.4265857359543
0.9918308821665365,0.8413248994941787,0.5711412084091989,0.6840264133205581,0.8504650039867477,0.7858763806231056,0.04245104776689035,0.9448303296118552,0.9582824175819689,0.25037870062748935,15.318247155381357
0.5458798484392356,0.2683764150729395,0.4806488604860165,0.8722761229011602,0.019728159541583357,0.5351089703414075,0.7884546799726123,0.9900328456549382,0.7342892100824856,0.24730885419094317,13.651375217402661
0.10812766175599775,0.6677955104584755,0.8822712355912627,0.4210414953039603,0.5183273322049932,0.6879102507392155,0.44157882381172553,0.16606786389063966,0.8780410956290025,0.9263757891269877,11.764399708357544
0.8722383310234539,0.8582481139643555,0.25781184283468583,0.8827340389794784,0.7325299466916436,0.809412730826204,0.8497828899090994,0.43801315109970007,0.7245137034138338,0.5966158473376966,21.05586745257755
0.19803993936866415,0.8085942476537504,0.7284083243136518,0.8966736932967581,0.33124113297707847,0.7935249993469888,0.675059873646252,0.7589513052344227,0.043768017698776474,0.06877655350894574,15.624180791371748
0.5397910843143987,0.5588829771318786,0.5783390011607608,0.022908254560272456,0.08916911783811343,0.04703394558727059,0.5560670731168089,0.07695837963438479,0.6475621304640684,0.8420602433053651,9.024554659538847
0.206184133481345,0.006441911177539339,0.9707819360533358,0.1549697715266265,0.8426360682524758,0.5147416134727187,0.5907262688305605,0.10559107774398502,0.7749926330499837,0.5410568218601716,9.58944271769475
0.8184123786848287,0.4487607003046701,0.4234262545190015,0.4145542220565569,0.23066016502221243,0.780160354445596,0.9230201793048005,0.04518117084118256,0.8541822134793843,0.7886594137882139,14.66305473054977
0.5610768594578143,0.428015326333804,0.7928197290493127,0.26897566763284986,0.2323627898444015,0.4512622255508588,0.24279881915379276,0.42005822955305894,0.40446908560969996,0.05328811462528438,12.762075244669525
0.41137064844990345,0.9233533086681689,0.1920438116309764,0.35142082171845324,0.14364807362166165,0.7805947367645892,0.9718725476307091,0.46977904882399524,0.9766248568219322,0.9565280420136959,15.454804444674085
0.22744417910265635,0.526561404444163,0.009804473761963362,0.22571962999803408,0.6465857030026851,0.7237018237095393,0.6772819348870944,0.9799680959882859,0.17088713172032777,0.399233886199428,14.589410493127984
0.37620414629368726,0.11379144756965709,0.45693822983497445,0.5741344936399406,0.9107663317746764,0.4299010088202492,0.641916626430905,0.7712947625324761,0.9157685145075898,0.8071567185126869,10.380528414744267
0.45682653957834785,0.5335287608715118,0.9674475341488878,0.07436569963938744,0.35857528081168877,0.7493604261468675,0.8929681755188821,0.22980497548606882,0.8906683826197439,0.6756205651886054,11.714318131038272
0.008331446533828113,0.39045533290489065,0.3695257328141134,0.7100049272008457,0.04719109222342277,0.5430014284982304,0.2857102335021957,0.2713236632056898,0.09321081197964132,0.33041538979604035,7.713472473831064
0.48001876399480503,0.8912366988031495,0.23080034724288645,0.2625072439349462,0.999288896462897,0.6843156763186082,0.5653146307419388,0.11883483994984345,0.8874150252919593,0.7268072970021912,20.860277829128233
0.6965685260902599,0.05797345615385907,0.6223479118167553,0.09990112557485975,0.8280289761223495,0.02817514062594617,0.43702079639799774,0.15891374763344324,0.3859201638689189,0.349202067740209,8.536300212922416
0.6910911032274538,0.5116373236084477,0.01166139003535871,0.8090213066157562,0.6535593742299042,0.7496858659169705,0.6555244448998155,0.175023693860074,0.8297793064984283,0.7687837898077936,21.983240222911107
0.5314409153152027,0.8951787854473736,0.007940774041050203,0.11445056521872343,0.22574838732368796,0.8741356102423677,0.9923713957545182,0.20085397099203794,0.338567073561689,0.7785635858521838,17.788065979256377
0.38592295719390735,0.6303535599204317,0.4819260312985839,0.14131348431297275,0.3142310230062514,0.7497774832828366,0.9716737209607292,0.41005579102859235,0.2993669188439486,0.8121344190440137,7.896741733311265
0.37697471748896794,0.22687213930932082,0.24405067664231805,0.4945432963976354,0.10844597434627645,0.799830110042477,0.6782946619884395,0.4698808662243822,0.4130946325245537,0.8358407824008058,9.316820487710928
0.21630233745944394,0.8721212433518472,0.3449531287238451,0.7970001726075961,0.33821572400328603,0.972610825293757,0.01984318867712942,0.889510571994834,0.7616594127126463,0.5122116970705404,14.568527189542623
0.8313404432988747,0.5441233110313598,0.16048163616715383,0.255234852415373,0.3251679369763626,0.16450035606759894,0.9099996281630122,0.29416579144583765,0.4325597592850289,0.14449837121224185,16.82152053255861
0.7002243992175801,0.9974818950101035,0.8053868052144033,0.264797991505358,0.5256539851782233,0.1540333702140544,0.44983151728742965,0.6470773629379754,0.7142330140236856,0.6507801741174196,16.086898862388384
0.0065405394186477395,0.8539052322141975,0.4021737135127088,0.14855368076364606,0.4438072942793888,0.4383964251844008,0.999389898565242,0.5612023798696093,0.11557810422855963,0.7648542500054132,4.671485451206151
0.40956318510161105,0.08799586946677762,0.997946512327765,0.5930400720706449,0.2823411301981027,0.3759431166802156,0.08487940358146462,0.8172769311341505,0.09289951267193908,0.1930008644213882,14.316513056504098
0.7928798682511697,0.1979858180895111,0.13735617712152648,0.4128231668070681,0.8394442121511528,0.6799744563756692,0.36419068153249345,0.4041575858044849,0.5851159068630807,0.368867951484377,16.33394193987991
0.9084630541354991,0.7313457522775497,0.9127771990765533,0.9163037698637122,0.43835517454964235,0.7487391057062428,0.41000793036416994,0.6662819897283182,0.9511195691714528,0.08085399797211812,22.69645220059518
0.7505221093667507,0.7306481506082225,0.8344017625024818,0.8649379677673824,0.4561046178011898,0.457192651796302,0.26955484761582726,0.6390538144268029,0.03841870241823542,0.09372164394528015,22.101456077167065
0.9041482006724891,0.08304095925091348,0.6612611741622239,0.33835865192612646,0.36099670377572557,0.9627877822823675,0.78113171229708,0.579960790366048,0.45303071408199624,0.7915413935299404,8.196689280550629
0.5799580275984414,0.2599702084717732,0.39064107646652524,0.7616998636252411,0.38012555031556183,0.3206409853533422,0.20827246598214622,0.9593776698337142,0.45150060825823946,0.13703927843138497,14.274834414854034
0.3936954475488006,0.20410174700162853,0.4742863620223423,0.7431379284014354,0.749922517849171,0.4530335601376907,0.9589618735730725,0.3019131256940977,0.7735452796107828,0.34228645483523856,14.30955682640868
0.16829216198599872,0.13676452138072015,0.4308202601079224,0.3876059281150752,0.05092065775102783,0.9620136903363055,0.37075668566521747,0.2582639287000901,0.39558839569748816,0.5580009926837127,3.875658057108204
0.43583936507431553,0.9255943469937793,0.06161321952082044,0.38669517125429365,0.33055048731837944,0.8421539516681585,0.21404931481362033,0.8010178147664828,0.5222686084312687,0.29943132050443266,17.113747017907667
0.9877114526034767,0.8230857927091711,0.47856684692165874,0.009367487422559662,0.5402202383059406,0.8812258240924743,0.009075214149155686,0.7946514300137678,0.7758142397385484,0.8932682376404137,8.891629692544104
0.8912596296398385,0.3160222305150331,0.5194856178746619,0.43473186399556174,0.728033995402753,0.39613887102236167,0.2264814216012393,0.0622125465702017,0.3611592708181969,0.9482909349818313,15.051876559651664
0.05079821127272066,0.518719397084175,0.8097667945921184,0.26667238640833113,0.42130278951977307,0.9256574391767843,0.5187381502977065,0.17266267552396453,0.8636183599201067,0.875689998637248,6.442769758965391
0.7977639367589282,0.8633453918309258,0.8227681964465631,0.07080979554239786,0.4671961774455009,0.9767183621115383,0.7078028403821649,0.22541587240267225,0.9518459459232128,0.9128070455796046,12.613860413396976
0.4145878355448559,0.11796359886884045,0.21684235525395268,0.8567215925481788,0.2448074197649538,0.08477272823396598,0.6601855734452716,0.11501854438665193,0.7289233777163868,0.46692747171328897,14.742189200811069
0.0446518286635571,0.24042239362880935,0.18699241892243035,0.23998657414616598,0.5734363200001269,0.457414230410371,0.7080535356982304,0.38552933092031183,0.6421001889272367,0.7982668271305161,6.637204678390484
0.7228506346593504,0.7793223230958453,0.2120042739439547,0.07281023769547601,0.7187567449941399,0.5267310299682295,0.9689898838617057,0.03605717150417609,0.5982592213201527,0.027559053704846792,15.969623987105901
0.1501710207944883,0.6459659349031585,0.5091846437929086,0.6793800507578402,0.6518299541668297,0.7550092788272894,0.19604409641636,0.49258355220454675,0.4925015659781711,0.8389087399248698,13.417069249044975
0.3250020919548243,0.262013005711743,0.39561462307260786,0.7607280635032535,0.24882184030516863,0.09922582933285562,0.830581513580324,0.9113597904993862,0.8231365857028952,0.6124508722272299,11.55819664626127
0.08173208837365864,0.22433326907868656,0.22075426921305463,0.9242119705063903,0.5444461300829012,0.12755883347708075,0.2368038741437033,0.7353493638557189,0.23471527993590435,0.0642194421569311,12.426269921859465
0.7061184891878309,0.5792206424871276,0.8093101863363676,0.24905082904771214,0.14186706772721602,0.44543176117739747,0.0016366382208728991,0.2597435847638798,0.8679262283603202,0.7507264582658085,14.334955569430436
0.3157734020426396,0.37822930332304505,0.29110813561165094,0.45527188003323116,0.07316850928181451,0.5003202296879495,0.11733821683239043,0.9074889395548352,0.19689904683229675,0.9416656826630877,10.710402903229568
0.33180904308750137,0.3933863711228268,0.05091277796770932,0.8588901934174286,0.533995166781121,0.24755252162671715,0.8006467780052344,0.1841198388522799,0.9111160128378047,0.8784467584087974,20.484507128487724
0.16781116443588928,0.8853476510151584,0.7347894846390314,0.23384653933938482,0.3976326487075099,0.540613785220392,0.30675119178587484,0.6243283700611143,0.8021008560316324,0.5959906410839697,8.362302227270307
0.8650850390936108,0.017911748455410215,0.1974597886630467,0.59695300610385,0.5709559739159156,0.18390442670790508,0.1963156610600022,0.3941528969308459,0.22151849673733126,0.46974907377401076,9.237828026943898
0.07320971355943184,0.49421109494863324,0.4144370682143459,0.8504201222245122,0.05131357485534005,0.6832015338080389,0.33876386085280985,0.638563879326773,0.33517951567128423,0.57708417943263,9.947592088841459
0.377458457097102,0.4004735755582268,0.6737117939280792,0.7217458329041248,0.284180639542048,0.02276701221249955,0.7277999935925948,0.3476941032958448,0.3453005958009967,0.7723020133562796,12.54904439153301
0.011185883499535199,0.043236359996283946,0.6744917446589321,0.4964982094363568,0.3925703333431507,0.5838998873103334,0.5661622842040227,0.23417686303306806,0.9537566048792546,0.4325745201485782,8.237704257208978
0.43120225674551405,0.006940704276332976,0.7865896363500027,0.5287567688509338,0.3868760662772398,0.3173040669628866,0.9383450375890894,0.011496152758842082,0.5361003401982419,0.9023646417597919,7.633990307871336
0.9078761604592382,0.26472388521349277,0.021478360416181452,0.6421453932639286,0.31012735829682625,0.6252273227459774,0.47246579596817573,0.27467339282045855,0.3199322866607416,0.6267527298535809,16.802686299538188
0.22754896946373704,0.03843940447163363,0.8254947910650727,0.26817264990565237,0.3968997415367327,0.21469041059753857,0.8999166060596261,0.6143913710846909,0.4774329347300037,0.4946442280020882,7.005712323566591
0.9114118968662093,0.3753725110550883,0.5193784522543013,0.7075276583557145,0.10886604521121068,0.2860505140328339,0.9240940644607233,0.6952928395881499,0.8144423871876002,0.22430578336225748,17.048441155790872
0.8038803271346221,0.05690041752180841,0.010172820384000247,0.6235193220787837,0.7463063224310804,0.7669412752404376,0.645218837203453,0.951247838388246,0.9519671802414615,0.848290854930947,15.922878922155533
0.256974092276971,0.7838785556671113,0.9922698737904798,0.14531554945634628,0.4344687824632746,0.9457390414123364,0.46007453400093834,0.2590540918636772,0.7461726152408169,0.9110203038021389,12.883792567439198
0.8285177788383178,0.24818634907288517,0.6641960130403892,0.9307222087320727,0.7151278285523712,0.32613706156324096,0.9309012293415567,0.11572297714601176,0.5133613419997008,0.5780817457313409,20.003143078509403
0.792298902788004,0.6545479838592998,0.4584237523624438,0.8725912658812158,0.22971696557710408,0.18780162149655022,0.5986422290578824,0.1433614180887417,0.1765506462351124,0.7868262876989861,19.588966708765
0.4916571138783349,0.5938207271034042,0.18765402598975944,0.06380640984490304,0.3570804778859924,0.8990615039598573,0.7825065391924102,0.17595684563027958,0.9267106691766691,0.6037777777698119,13.752094666374262
0.7796318016886379,0.8710655217431389,0.3977176045277787,0.06527027945995623,0.562031830729866,0.6083782421054735,0.454745465141999,0.2182806017200809,0.19214980262580372,0.15343720109306702,13.190765162790312
0.5195748867244845,0.6735228615766123,0.4886187624604543,0.7628283730655971,0.5448292407759131,0.726324892425628,0.365888916543596,0.4588428571462194,0.6898353330849116,0.5782062244307766,16.67514474469727
0.3674234795842335,0.9324662599954999,0.8987956386001136,0.5684913649682413,0.467132426350095,0.7717194449454224,0.3102644491383,0.3406279809151985,0.763917858449908,0.6728471962360846,18.253127230643415
0.35332430428704786,0.7143922587097075,0.5478288421520499,0.9953668620726589,0.937209533818684,0.10923292498655224,0.5268836962407065,0.8804461620665537,0.2635816710121327,0.7429398699376772,22.106264458219464
0.33161321996020376,0.8510165088040469,0.20719014478452158,0.4578708915712906,0.5634160704756951,0.9566324212796448,0.8336825838906305,0.6636779124511892,0.6205414682013435,0.05097329584510091,15.703858672512132
0.41246610240934356,0.05072604221155308,0.6130273386988286,0.6584361160138872,0.1755166722699818,0.578491902816038,0.5237363441287217,0.28644351825375536,0.4571231834991345,0.7386833721670036,8.989627730267406
0.17204101606039912,0.10173461123729233,0.9822189642111661,0.13512676809554303,0.04476006400896071,0.2714816496573529,0.5667837802193542,0.2491547987475834,0.03465593190340266,0.33896099883068487,8.04687889262606
0.7716493632227087,0.7125331832337414,0.7009569711735936,0.5121717278088553,0.4351879190868738,0.6582105392200972,0.41479614452309665,0.15217421105100581,0.20688421919564415,0.8691622225674428,17.517404262183305
0.8136960046984628,0.5867165751073541,0.5146409080048672,0.9235526004071143,0.1969076449595114,0.713854417256171,0.640967874382905,0.4679670439067546,0.7688541444010394,0.7060176398031569,20.612182168655842
0.7687573983510128,0.7489620389096412,0.009473507701275197,0.557762744486419,0.20127815142109384,0.28316829988540204,0.5718470585467837,0.9270271179849456,0.9637485424944088,0.8913381060525742,22.149107087953233
0.7880117861235284,0.151267464608134,0.0642130637769931,0.034095462586415604,0.42051202462067006,0.8431905726616085,0.5508124194095821,0.40502136451200765,0.3293547891183104,0.3379423001171733,10.645912896852343
0.3906330233619876,0.0009026431321155215,0.8558245354850703,0.5760009541542745,0.0009715112488242195,0.4282745554360575,0.013008001618770249,0.3209076003920285,0.6799729177977756,0.1732491117027769,8.236689366977068
0.01899213285800816,0.7602582311379626,0.29559450018156697,0.8592688704733109,0.3000963242767283,0.4621713054580623,0.5796064319750205,0.315490349176594,0.27992046601875986,0.19275032155767646,11.318428226784485
0.2970824371226297,0.48542435834454356,0.24848375001564293,0.569933474899613,0.35840053112219006,0.802071429370888,0.296329970872822,0.6162870691426972,0.3637762279622354,0.22965253399837715,12.099289482029027
0.6781601954070821,0.6988294354961943,0.4854603751647424,0.16504086585365252,0.18456177675032182,0.0434474736666689,0.5076829459451283,0.7413701614677936,0.6658501229785563,0.3597710325009762,13.390374105432523
0.8412052919177737,0.4506100128573509,0.15149309442239411,0.9657681665657938,0.3857270560290189,0.781257744260125,0.5448066492456427,0.2479966432780183,0.6557311274056813,0.3249053129657745,24.183222292520682
0.45003606783218997,0.7955113632321921,0.36495728777249137,0.1311190502337244,0.30283864504640057,0.13293499762902072,0.6381333283073735,0.12930279511025145,0.0652386480953947,0.6434976101733705,12.837551959621852
0.18016935619943508,0.03848865952329428,0.24502558388532691,0.9907713293830142,0.10327245383666805,0.3075482190929859,0.7689353964317212,0.37213878072794493,0.33866959775803707,0.5904005240749015,11.841723931441363
0.8139053246909175,0.6292430526233752,0.36459486814014475,0.8789176219427514,0.6084974709974034,0.1296968466521139,0.8775155030910728,0.06325627132389477,0.4420814179370026,0.4553899610859047,23.981633503125078
0.34181054665867205,0.3907421009459956,0.20367330370241066,0.7906285351213995,0.1505276581319761,0.5254397107544322,0.015106249550825401,0.22390159305227653,0.9111377291620774,0.03915767805224968,16.258249976842368
0.6180045724925518,0.7739906814824414,0.9215011719191238,0.1856380893704609,0.9426277881921776,0.45372670918511837,0.34290012477907705,0.9035561090315444,0.7465137256762641,0.21499658979816438,21.680469491780272
0.9889961354984491,0.7397026031564391,0.8829580461966295,0.24924081334471804,0.3638954503724704,0.9808131900039982,0.20751955730067173,0.5864262618518177,0.060429495833744684,0.2111884015444324,13.416175994301522
0.6597795014253287,0.9730777392007521,0.7758654578637354,0.1642540954475633,0.8906269529934367,0.48213072976542504,0.23513767172106048,0.13238781241400377,0.5499817186341481,0.9852080594450278,16.529515802839793
0.7502507262063453,0.7008832677763561,0.9343775260419629,0.5506475243394352,0.4636223602943974,0.5167799896774551,0.08719811573929437,0.3253397725808763,0.3643753466885423,0.8385670988185402,21.682098176507516
0.18953349720247348,0.9763671780114275,0.7714340188283905,0.4368289385556826,0.29606689106744544,0.6361660427992086,0.2363150922500341,0.027657129976265016,0.3581778572352744,0.19377830887719893,13.61626583179154
0.051374984322896666,0.7997122212091595,0.3668743598492852,0.12531769713691532,0.6802320268331593,0.04943086838163968,0.3927859585231467,0.13484877689108743,0.7565583987744617,0.03396081033631382,5.676912430658856
0.6715985550741512,0.9081457157354932,0.19169338700063,0.32931459989377465,0.10126312695980577,0.053767209839172936,0.4757231109568414,0.13103741946472613,0.26860075704237474,0.08535970948237448,14.811982743821597
0.54716741030781,0.23469483573329464,0.9257910146757649,0.890789475867233,0.07538874573581955,0.7122158025071249,0.7409040899948721,0.599777754609845,0.2704637422261953,0.807096974485521,16.713023798330454
0.813628629874397,0.08234338268315544,0.895143052297172,0.2545238342081513,0.4175761053871053,0.07376174088996623,0.813770211251735,0.18827912031246696,0.03208687389849141,0.5620339104486303,9.066199871726667
0.6178927803598094,0.727829938347379,0.8045259550394066,0.9671896592594947,0.7936960233557716,0.8613838278264794,0.062146109150835405,0.5008987747791522,0.8916937027713121,0.4426549397531524,26.03001597679742
0.8981970305823272,0.2765008401331951,0.3913902056071691,0.4493651055673574,0.9678686705582628,0.42489586092366005,0.7213587024797634,0.10210705816084342,0.8197091115678109,0.6060786001660126,15.329067980137765
0.3864695844470767,0.5650023904861948,0.5645574026309215,0.7746937718604517,0.8604439847264473,0.6501641659511156,0.9543225458735666,0.7299302725770426,0.6759980935441788,0.2849121747326805,18.901855011125367
0.4215472918283577,0.792954735089244,0.4988381811524033,0.9077392619530579,0.06822922784408081,0.17913872812358855,0.2939736571841599,0.14008200333075616,0.5176370053911504,0.5632859837471119,18.44093733252422
0.28444804937292445,0.1893962760836264,0.8157723799047889,0.7848843783421233,0.4851633077193981,0.3539858743492511,0.03250162410010837,0.6140198091285045,0.8884888434470677,0.5008950041211307,13.412592749918707
0.6833669609865721,0.7656508964822654,0.006017435021481332,0.6743825484348993,0.361354487232346,0.042424587530633495,0.6672873736965621,0.37335774830317947,0.6508007970699683,0.1324235666074789,24.373820458478647
0.686534471400093,0.791800521160934,0.28835462274890056,0.03624934992878592,0.010382420449483343,0.9745614047422578,0.9311400201445011,0.11608013996923527,0.5509907286165577,0.3732719416439557,12.228960782293765
0.20449256542086025,0.6494971356757158,0.7719450812829501,0.42402515600059265,0.9124502909095568,0.2073351261533941,0.9358571073762739,0.005526699293568971,0.2602962229169581,0.8628852250072316,15.562827203567313
0.2362028801206516,0.7026795832082714,0.5265347786847328,0.5590163588135245,0.4428379607326377,0.05451063148628865,0.5704800539806164,0.582705105211437,0.006449101332292928,0.9254477233300543,13.485975423145717
0.7606380773955372,0.34318463228649,0.38037282488953594,0.19023501888887484,0.7587964017739411,0.36342035492633096,0.6412051280599985,0.7109108386861804,0.5468632410461463,0.846923225265813,12.803512737045207
0.8209736483474384,0.8062524396247651,0.2971606356002896,0.1311068878927798,0.118385737453096,0.7620372118554158,0.48363121679620436,0.46819208251803446,0.056148745373475584,0.910102750370022,11.090246619446068
0.4076444376346037,0.9303949115710441,0.20436701799272272,0.16699230316482183,0.6179205123002915,0.34821624125254624,0.9628134329354108,0.4508798328332797,0.3481604803021614,0.37310367808970357,15.003148548627713
0.9444003000725514,0.8312886596030963,0.9437774506274715,0.005734945787825185,0.9922060249658384,0.6487443127466895,0.6366659623285528,0.0061106034803811715,0.6782734768523038,0.07674452819367172,15.651780205296008
0.6144645546739753,0.8846289961301543,0.5906099094678079,0.29140592010287836,0.12178388761491299,0.901635720967714,0.3203892368251786,0.380437310840245,0.809579451272607,0.14031449089881942,14.187723187232207
0.8362382298889861,0.3010311416475744,0.9290268512327727,0.4545319812744405,0.9984957166751051,0.2790150587392035,0.3522377544327938,0.23362138194603588,0.41684352826528426,0.05248052034288997,21.624482206483265
0.15485256388729374,0.3481165288465724,0.33533155191300945,0.930039877078,0.015570389047461441,0.2411376599287962,0.7597253835433503,0.931541754433171,0.6282888365642741,0.252505648106107,12.269947323643652
0.8281265050376089,0.3661267325639592,0.261415861864414,0.42772065809901627,0.4753308678045084,0.8734142005443263,0.5518344339697675,0.5010118559267017,0.9996636328626164,0.7116603165731573,16.22334907393518
0.5685343737352221,0.1138690837625217,0.03519963919672908,0.9412259408552727,0.7545139539062511,0.9764088527240713,0.0335770400785913,0.23196883829006754,0.7875259818074267,0.8637453066460747,20.232422659096642
0.10221291269002064,0.9539414034866737,0.02279625028981036,0.9986601981995056,0.7323734962885026,0.09618254368726498,0.4555873358578665,0.049355040690061136,0.6790412548282353,0.0019480121042966259,20.729622323249515
0.1814208143098851,0.07273692651806662,0.1498989170642936,0.5486898240117679,0.872596921561763,0.10222449845128079,0.761153315736393,0.42552560071493706,0.2645428720211088,0.7279725716713457,13.503075053461465
0.16327901749838203,0.8394139549604628,0.9441037984877769,0.9174531671283414,0.25458731052724404,0.3283540262702678,0.6877517385854016,0.12386921492485103,0.3994739689781378,0.08008846825473581,18.614198815525697
0.41078455582330553,0.34601236223526266,0.784554202519367,0.23621199893905276,0.7805719336688389,0.1318191374268214,0.9130360826467846,0.19050307452589588,0.994273993188967,0.25337691322714384,12.341829542156486
0.15410795078658224,0.7795172360974262,0.4906661660248173,0.7823788060785755,0.7928954087171093,0.8474357264007947,0.7567471804361561,0.6228606130566086,0.708213270508072,0.7580553404767374,15.290077047168912
0.0033726112145903153,0.6305263672074289,0.2409336566210618,0.8191601363733046,0.45833922846950514,0.7328145163975767,0.8830148372971309,0.8702267394011628,0.3131398691956717,0.2606558511674205,10.146442721053157
0.4186693818925442,0.5279793890118523,0.5783967812816158,0.09934102933480637,0.7603133789699278,0.3173073462454039,0.044764976496536435,0.5969896254360474,0.691970352696543,0.12564803795671675,10.457055921452438
0.06606551807369787,0.14352208123989152,0.6229138021513116,0.00024795208518169076,0.06358060159484413,0.550990000519693,0.840105721146841,0.21354000549845054,0.4550022821616432,0.6128792024010722,-0.43513932945162215
0.5834670927541233,0.21635476101884654,0.019037156712606085,0.2445109855685037,0.29970205942490524,0.5885412906265621,0.6409988015022308,0.6398230001724032,0.794298156729351,0.22812346613818069,11.923645968741804
0.6851151720677496,0.518218575853891,0.3620150962432036,0.8656831688061584,0.5877292228067138,0.8906872658508833,0.13860292477857072,0.54396448806846,0.1574974719492357,0.4015414278062557,22.818334447415022
0.586379490116387,0.3899521741678008,0.24712216971364476,0.4554174091808807,0.8918142177918548,0.49118863438645455,0.31298108224450094,0.9873027284505391,0.40173736235282465,0.7796622783696785,17.46965298333453
0.19204635343715393,0.7216811001207482,0.4923654905296577,0.3723827203866066,0.5189328626650842,0.226680388545631,0.44224357210379817,0.6404629685738783,0.6023756150754774,0.4210102683153205,9.272256389923896
0.046074552912135025,0.8578911182696389,0.9569244640866564,0.07347489045796707,0.970014196576783,0.2790373318289334,0.29595094816438516,0.22652015075836307,0.054141691214367516,0.10868126318208637,11.70033439459766
0.18753648536833212,0.48761647824264165,0.5106983873454506,0.661659494739272,0.13349993031989849,0.433010964610118,0.5397058008195696,0.6581942310075546,0.25173400592146067,0.28936703580720635,9.527845718082364
0.5407973627157617,0.5883775104142469,0.8368126867756633,0.159285408391873,0.5217615321200265,0.6052121519591332,0.6636967018004906,0.5582614640267387,0.016744806573259385,0.25680176754884965,14.67586502211379
0.5889127810908799,0.4881590481700151,0.03486452393188344,0.4451872924406929,0.454578107885523,0.9828997579974795,0.43667267291361067,0.13591914439687058,0.4332874145571176,0.2263786449491273,19.3057875065141
0.027139565456678172,0.8606926988343997,0.7212338533826714,0.03724197135571372,0.5640609140113871,0.9829326545938927,0.4968005338807837,0.41176506278477665,0.8071843706893584,0.6032463553915705,4.963010518758265
0.40794928994510127,0.9283855384881786,0.7790756168490128,0.9895689487636183,0.610665730740641,0.3638954720004729,0.17250529870360098,0.9890216421013374,0.5641192224488544,0.6119158668469338,23.63337939299261
0.11435629086899268,0.47258740033361013,0.15617919669392277,0.1952723190809439,0.14695496209935344,0.0018184633009861173,0.4067013168262299,0.24495953139948956,0.6647362399853745,0.7588568073077205,6.006635999259871
0.22747794489376727,0.15864520172214192,0.6691994615343859,0.8590837702376654,0.7921477906396618,0.5080260350226374,0.34313768000060785,0.17673669004272086,0.5340147699882252,0.0973137168714201,15.356048858013331
0.07865907218057022,0.30306386223107373,0.7642127556683901,0.6625514834085691,0.3404198605976082,0.5299144887740651,0.1938185669859025,0.5617696965702318,0.040274584654549805,0.1990644363412949,10.223521344392854
0.7978571036470271,0.6534454944515735,0.5600786693364386,0.05205639137266749,0.20688032665694867,0.8673831986476495,0.4659917246518628,0.6092884134517246,0.07219297472309738,0.6288818556494389,12.761120170348807
0.5109783702269808,0.8550205649417673,0.09207232067518423,0.57987252672362,0.12305884032642844,0.098973610823618,0.31991508112784073,0.3701873092668124,0.4599196556604389,0.35143770185502266,18.575341987476534
0.14999035152141182,0.19594484396341283,0.7080281768180573,0.9062612698744253,0.06081392083403703,0.7554834500416876,0.8908919811990765,0.30704124598230786,0.38015018271529266,0.8256165322238909,11.69347401717352
0.28956591567989887,0.7745133700504977,0.7606602658392724,0.4023873059468839,0.19378159523470417,0.9680065128687041,0.42958552241632364,0.9135806568485706,0.626712758586931,0.9539969963851761,12.010258758829451
0.580647029465632,0.5337318612970458,0.5970328267377802,0.9259438609445041,0.5302372991468335,0.8875324984032678,0.6520052234019019,0.9901321596764288,0.5098168241084681,0.5512963213880804,20.21517071297226
0.31106212973944825,0.9554386211370333,0.575379193976119,0.3085855345461085,0.16102734454200007,0.570127687203806,0.08923901824266134,0.05503539845822869,0.202279910791613,0.7033496341569846,13.043081351805723
0.18044269374666655,0.6352649622029872,0.35507732590914165,0.4581581725970387,0.5722855016016092,0.6402187954051188,0.04869690195008047,0.8775607133023953,0.9038220433865833,0.22886940277517798,10.369502250042142
0.04825161393131483,0.11746810178246103,0.3549330565732781,0.5117590889004605,0.5207086433202008,0.2994133081595637,0.7985483635624734,0.09257242178087688,0.14939782561712067,0.09812124461496396,7.371427829984888
0.8756918170869892,0.8037545645205553,0.3442133619122907,0.6258875817530539,0.7605147283685543,0.39930161361567407,0.7189633440368183,0.9844174132573152,0.62042173405295,0.9759948378665644,18.61159648276557
0.8658794981205276,0.99130707018201,0.7632576303404318,0.5707255975404372,0.20263127963351457,0.15393646991396503,0.1860676602212067,0.670178707721373,0.09085819891772029,0.7351439023198598,12.428541212989831
0.8041464907423215,0.944006570669868,0.30566988067388035,0.05108707326410156,0.01660397535511149,0.7660211875605252,0.627680555258015,0.9063116484304456,0.3530131606596898,0.14340146799363584,9.18328212557189
0.39750341038614667,0.8941211300503714,0.12860527014909806,0.3705941368361956,0.8036538507905776,0.2739225580738228,0.08431364925278573,0.3889286112512327,0.20680591595015652,0.5918362409949054,21.297203134353513
0.5180847682826543,0.884054888869994,0.4130189752679737,0.5658131321572611,0.7060942694457891,0.20707055133568109,0.8007269804357529,0.9267694577654509,0.5779914973865286,0.5886890157293202,19.18026490488944
0.7925306504133474,0.3326239609603776,0.27172839771394786,0.7160939083709156,0.02672082581645474,0.31213647497357155,0.26357723094585284,0.2749584788614303,0.016543133749947758,0.4647812163310451,16.22221117157741
0.9270246704906185,0.7282833466841088,0.2837963982733489,0.2155197870952058,0.33365813859277993,0.6998543294764202,0.3492768417629635,0.3876073425044885,0.007608482535851335,0.6402153850604745,13.571264269873488
0.018245859647049834,0.052221689748201405,0.13225933060075123,0.5198177276190764,0.5761954697059636,0.8992171590519162,0.8915473892775069,0.4392442592278655,0.3436515041950289,0.37513105498631805,9.875886241757097
0.5157879169311625,0.2910020097737671,0.33372366936938713,0.7614531968298852,0.5328070405373496,0.6449644490701222,0.40826836173614633,0.942192673174384,0.9475626430748617,0.4438908467759143,17.05210182521645
0.23405973876136965,0.7718792602534289,0.2746649018618629,0.6432478798031412,0.24335837165688778,0.5680094141296075,0.969775370643914,0.20409278880513126,0.19427084455582133,0.9056378157636249,16.32495830514725
0.4566379770003427,0.7165954519961839,0.5834041603018347,0.5356071912342459,0.5049160906653901,0.4110345721151373,0.010600949402388093,0.5426691230761482,0.8420013572341297,0.12061024549030241,18.039641317790228
0.3891474617209645,0.08303646368620021,0.46386938792032706,0.8194256479372913,0.7340289727645839,0.75150481094513,0.9372499562190792,0.03957985574292355,0.2346443924155841,0.6740814725649648,12.501171360540685
0.7617932163695816,0.6855467779618114,0.8129647699057931,0.856425430956113,0.8918844422629515,0.19212572293204866,0.809612415637794,0.4345403433173022,0.8335407677355271,0.797347874771475,23.09384898876484
0.044311489069657206,0.03393635991110422,0.3758153214025717,0.867808495783958,0.6428848737269486,0.07872459269459608,0.8586985436258593,0.6069048762672591,0.1117302470999576,0.550014109889216,13.134741727582199
0.7863159598872398,0.8558015116826122,0.8141792343967291,0.6688632194188834,0.01560017127891633,0.38248900754259674,0.2138964034038019,0.8802678497223965,0.5960533676422486,0.1135621852644979,16.042456742244546
0.6689013327921606,0.2599772459081524,0.6853091187794377,0.4536728569240277,0.00754699120774438,0.09758839004340669,0.9681418661377488,0.8593473861723602,0.16773512653912515,0.476095355440166,10.480518577590017
0.46096615601943414,0.3412611912361232,0.7597304185395557,0.3167704750866889,0.4165765174300159,0.6350862602422904,0.6493645820332846,0.3323445992312285,0.42821937603739113,0.478357258638862,13.130137921705757
0.9503730635108307,0.017027655069039804,0.5114484493621629,0.6353835748161915,0.9549540103845631,0.6935276460800054,0.5206270639832862,0.15236980353583662,0.4518885397170984,0.018295894825529624,11.379836141256002
0.1329204158330608,0.6903388779640118,0.5805645622000831,0.12682630480055912,0.2894304367258306,0.9567496065757162,0.9040709998856348,0.6824429536303774,0.42520009505740963,0.1092654530687277,4.529574164015148
0.09570059400679964,0.904229778468344,0.3157525933910996,0.9778362611685354,0.1363266628270805,0.8621874889061049,0.9820967576699816,0.6916138066994191,0.5098417867833567,0.08456098427912118,14.329054027727754
0.170495494612101,0.1989477518620375,0.055792538645087264,0.3264136527207637,0.17028514826124785,0.7423245087388701,0.3991948359047842,0.47564206513335894,0.31128130666640785,0.7818597375960361,8.800296561661455
0.9146103046988907,0.4329551691103457,0.18161485885951412,0.5796685500401175,0.8708867462643824,0.08402397388872596,0.05950074124644533,0.35729893627382425,0.4366706723997339,0.950497453653005,22.024171791712153
0.19723277566048858,0.2799027779931065,0.9804737825775809,0.7661920045142669,0.6881912115690719,0.4534514743807263,0.5496493108472977,0.7903347904527853,0.8275560441411748,0.18235273163335608,17.893212237426244
0.37697420830441075,0.2815978209598796,0.08498225925176173,0.6558233787478418,0.3690540827167126,0.657962913422873,0.09025255357430584,0.4536586194615535,0.4998651047045971,0.6227893299429884,16.819985874439293
0.7112793091548507,0.22280742379316176,0.8314861908709342,0.6163629603525939,0.6581386945778901,0.7888804218512553,0.7382627244392622,0.4682596098803361,0.5469042761429419,0.4143568563644612,16.84773713913426
0.6902539933063604,0.3424314609552914,0.2511996920135573,0.03554629868001691,0.055769293408202136,0.46905005739927463,0.7223638151917685,0.6015899315316438,0.046784997317553034,0.4833589419943579,8.833589825195443
0.7090931337395395,0.2657380810905412,0.6438800157679122,0.6563567689269197,0.5854808314180473,0.030021686896291033,0.5807431817875904,0.5049082769189884,0.8849853411398836,0.4758042173209732,13.224895318829459
0.027129954384629285,0.40740980398748317,0.1357828579701842,0.22431040759298448,0.001496185905131009,0.9458106301209458,0.9323678754590419,0.11939557941087209,0.8697455996068862,0.6340656717460798,5.050757962679091
0.9314364322091118,0.29310628583354115,0.008289037508983799,0.4624682268983247,0.8452692884970612,0.8586588385510894,0.8760157606352501,0.9667640866180403,0.9301648041118866,0.9127293005662644,20.027014584448974
0.561102896112703,0.38754935138401725,0.3051251938811327,0.32845875744441444,0.7843995198255604,0.6721447025760852,0.5948026943031943,0.8001992466488752,0.04304866540614416,0.6589535665556672,14.027731937263367
0.2911729979654055,0.8569863963625703,0.5817158873895381,0.8651691148304541,0.5062366421162496,0.8887999701960737,0.8152286364488309,0.7296236985413934,0.46821076273314177,0.6157730352508284,19.251460030933522
0.36494761362907646,0.13831456603636694,0.10778155289164437,0.6632463625592144,0.49284478251483466,0.792369730490269,0.2711408655686326,0.5359182092579275,0.5995378898054855,0.18036250880254323,14.595434672138051
0.8739672058494763,0.1008138376273564,0.7419841549668733,0.7722592377722354,0.2503333697473542,0.3438599059041556,0.7283476105169366,0.20086341850293743,0.6231185241392453,0.5898868720955568,11.761934741344703
0.02342363882484111,0.40761540320664125,0.37569126350762605,0.005400090694328674,0.9838278099451978,0.5154402794180536,0.9579319991473338,0.394506127331948,0.47691708204747385,0.9997546268996221,7.46822858178592
0.04688059527551247,0.8791869629015006,0.7318456788390847,0.5501063499682726,0.6194118309837289,0.9971390255143995,0.6093358893820713,0.7926481229447946,0.6719512667832961,0.20912442988222502,11.06290824468072
0.740601977047422,0.2178288299371378,0.02999002632350445,0.40617831187308384,0.6684493673506211,0.7076997129939769,0.951904373531573,0.8576967479370519,0.4515582312098603,0.44106125345409875,16.327737449721432
0.7136541652534367,0.4314782416234,0.35483474359058476,0.7788993139974559,0.5681324214892303,0.36079281822681974,0.6469927068997543,0.839174327184773,0.29113849941635295,0.25291958261760783,19.324217361659382
0.34994098197252765,0.3632604832353573,0.5578101396676252,0.8217736790052896,0.05343306557042515,0.003515482335968767,0.13646918682128217,0.659952018859404,0.610808961221527,0.2629574957507955,12.662337763563452
0.9864422912999508,0.9895464350467942,0.5043900274658636,0.17415674638160705,0.8923483076819143,0.0018537951234782746,0.5855380373175119,0.3076967804518713,0.10790176201427859,0.6491639125315339,6.74050690821383
0.6264114200526977,0.669683226476581,0.2146823433061249,0.026041278332333606,0.4170810740712364,0.5354861654408104,0.39576361191114107,0.7845238545903496,0.7883105388647488,0.7613869137063277,13.1644694150891
0.04681471750367672,0.5222789324352681,0.0560084349153559,0.5411754923726915,0.7054908535011264,0.7190538917165875,0.2449335891550405,0.8991698004357236,0.5571868484082848,0.7266279854410309,14.052410390666449
0.30448385703186776,0.6081282161733643,0.20664482257491268,0.8853597857042426,0.3092419463074594,0.9512629551604659,0.2580511374236819,0.37531216466291706,0.402893253544799,0.9326045343521557,17.307939907426345
0.6670116761445203,0.9965353025092041,0.830705915840311,0.7936710883775091,0.1731555002885372,0.1371187834927965,0.6637492117371575,0.9303795494742246,0.9947645463308402,0.05387593735515006,20.37268948098851
0.08609644330191413,0.002801087222142118,0.16659383178770848,0.7031294888737987,0.11841733935935805,0.017615315787386288,0.698277603478247,0.5368987073137328,0.9606194349670021,0.3822601234043347,10.45992603527093
0.6954911207017681,0.5443797421299214,0.10262665962789774,0.5879352744274275,0.9612443775654673,0.8613203563639066,0.2743588158872422,0.7032656627577236,0.8752431579774035,0.9392592635064285,23.193504023344843
0.2627814622589145,0.3071960769251225,0.6791164214284814,0.8963987936581367,0.18867052491974967,0.11432055577949296,0.9083113697592166,0.9205007399554309,0.2551960408292444,0.9308354426634282,12.21188184625494
0.9742157374354188,0.4979988820173662,0.7695771412294856,0.28221574520040493,0.9043714909751669,0.4712772015090483,0.2764881159382433,0.17395593212620564,0.6282608659011375,0.858211147096577,18.48390872326122
0.05298424819352243,0.6034812624973435,0.292601632098881,0.2750326905785302,0.9919372612451007,0.13252504053269487,0.8162336403787936,0.9462281749179413,0.1690583124951126,0.8307082542776775,10.007801019373941
0.5185647808568047,0.9953814289035495,0.2589204315382835,0.8400716315924394,0.14997442817056417,0.9121843302870798,0.13827398231189736,0.2849535097500485,0.673243607126522,0.26543784055754305,20.7763021204418
0.8346205083403201,0.5657100603509768,0.8009037139099988,0.5117419714625031,0.4232104493994515,0.23686692785967378,0.8228591944517419,0.35565626679532547,0.9007071080962661,0.2902891028884461,17.744673116798566
0.28628144698993896,0.25575948983565255,0.6359133128652267,0.10216000414732207,0.919398406582451,0.9842774811256169,0.7943349524833256,0.18918526997622376,0.2183270561386793,0.24094346814885947,7.721282459264206
0.6843560744184926,0.580633038958059,0.8371702503931109,0.6732518480669694,0.6774391587465117,0.07854917522875893,0.9087116930292671,0.9357092188567752,0.6978609587470967,0.11313517061745026,22.627676595895466
0.44062979489131293,0.6619122356427124,0.9121306248250032,0.3972686195634252,0.41665793209324686,0.20738470905075845,0.971932193170523,0.03549057302965608,0.20291924622010082,0.5714479515863948,15.847020006030018
0.46005130605744626,0.47188410686777393,0.8988629030713701,0.7959323325776828,0.976909466125796,0.6102807190235529,0.7823959439502925,0.3664266991171212,0.27538044897479563,0.7041389465428541,21.12967718435548
0.9178509938206825,0.37986132501694014,0.5136543359312883,0.5534147409773118,0.25468407609505916,0.31326857842833966,0.12436986515124826,0.4006164336589638,0.0570171145630054,0.8175571457520137,16.85045620706826
0.9526682942486819,0.3902632413582451,0.810388390072524,0.15898820083194454,0.5828865625092731,0.30897833203607583,0.5683592743521656,0.8621537676395002,0.19594388768130255,0.7724793158288565,16.299611928537516
0.20006140345178858,0.4714372613345529,0.7318895912071605,0.9460707985356034,0.7373036643503135,0.3232644441397309,0.9793064029217311,0.22341518468015642,0.10134342342157865,0.8263068414796816,16.35335817338496
0.3973011239496581,0.30728328013201245,0.8085302925415465,0.9413314932528389,0.9301197606572451,0.8599506823589175,0.17304067747085572,0.4843434031818614,0.6542702070841433,0.17043567963725859,18.778527931323286
0.5633601288517288,0.5619902807105742,0.9068187571822319,0.3102260443478645,0.39579888405985664,0.04243216469282962,0.7507024266695906,0.36921992516959856,0.8168132916661709,0.2542733852142761,17.49890149423398
0.7542601535510405,0.026616596122154945,0.9428910265143169,0.8311318966488315,0.40782294325284874,0.25152266087570685,0.04164660220798355,0.46107340000114994,0.20443724726694934,0.38972716619685754,14.613645209167236
0.06303611061140546,0.35889211690116807,0.08550406996946469,0.7138148626417833,0.5611987002356041,0.6954256534009755,0.25197618800618327,0.561014827362198,0.13785880347398327,0.14087193387723695,15.448631754433448
0.2577769437542864,0.3577078734135305,0.6483126881126571,0.6164175962573588,0.7649401043286811,0.8167823079809106,0.5831715662147744,0.6771710986580742,0.9598758879081093,0.5797332448415318,13.443313605571133
0.8210579672992163,0.8463184837648501,0.7934411871766212,0.8927672375986029,0.9112377648218042,0.698782543857737,0.03725324082145964,0.004103731647616349,0.6976854163693977,0.2860703715555575,23.073815975405076
0.47440430988809434,0.7194360466299835,0.224941104742589,0.745149032281891,0.5733296112198765,0.2792035386489182,0.8011741894187682,0.9329184663855202,0.9361990267275507,0.1539614606920955,20.22796914781618
0.2816163344995545,0.16937477543167823,0.3348693533193293,0.28730764026874545,0.025304640892491403,0.18602633732345397,0.49460974468284535,0.8989654305137939,0.8626514359681279,0.8653907220800334,7.105171568385472
0.24340131065410264,0.4075125275593038,0.7360165859445535,0.952888224677429,0.7493475099917297,0.29220192654714405,0.6054963974807563,0.9215825169529102,0.3498315197329056,0.7072259870999792,16.574544607610346
0.28981310393476023,0.02368674322126063,0.240402305036987,0.3214672443326082,0.15493885715717148,0.6781519352942713,0.29043883693038786,0.5393287233875734,0.9738350012640347,0.30111857556509947,5.969817498763456
0.677593965995482,0.9285608908213278,0.81974935396251,0.33134504399607634,0.3661317065774765,0.2710835083611197,0.8367755726763779,0.8938384140602549,0.12430570840284472,0.4783773797082733,16.915519988963258
0.05695989905397281,0.29292538302090976,0.7474924081929425,0.07088772049705294,0.7920871145698668,0.3558126817208911,0.8226305018545399,0.36307395155961053,0.712321545540791,0.6594647300246168,6.418301954578458
0.1770598163509689,0.8165387838185,0.4709303889554858,0.8398445788501981,0.6660334950182264,0.7147806401412109,0.2551463532607431,0.9325040751130802,0.25861192531008803,0.5156788138274321,16.806684711695375
0.8351618476154525,0.15179207266155048,0.5998109249662331,0.41887170431021215,0.39346721727401623,0.7344386070719391,0.2992176314440721,0.8550004451428455,0.6453616478097729,0.9251059748422173,9.573454774962821
0.9061498644901165,0.8256671547784984,0.24908327865246016,0.553028486980235,0.2635905662513922,0.09520786936071646,0.2990611767852823,0.808120436863615,0.5472136573143473,0.2288038184363449,14.433837463672619
0.05039108895615285,0.4747875130758279,0.821698350723262,0.09498168168775178,0.4722948379149293,0.36829481824264354,0.44810734565701626,0.4618251548820921,0.9610785380686898,0.6415190724922343,8.075232994447267
0.2017384372340968,0.5110118349391829,0.7062714116188206,0.42415161959127257,0.9195602697486428,0.7852753343019376,0.09722847387224076,0.11541417118246422,0.02031023312829927,0.48782064922379365,12.087069803171428
0.8135794260509541,0.289141090934931,0.7941714588662939,0.7160672149191818,0.7880617897839175,0.31597127331240005,0.2904130139574329,0.3862179434174924,0.0075003953951438,0.37314707240931333,21.310086877658335
0.7201468585530346,0.9205325444438766,0.14484257755489072,0.338697257956148,0.16628888287632548,0.975548141489691,0.5486876186966537,0.586134370393793,0.9013341857331189,0.0801415285758077,16.833657793258205
0.2092651184073101,0.30993883199581196,0.09802196849223554,0.9333549546424326,0.24621735780374443,0.2195205882495015,0.8001330603232144,0.5370507461134659,0.9383765828694657,0.15534917645503243,17.35964236150964
0.21992500184633101,0.2940753125012715,0.30420312636919933,0.02351735337098715,0.5884890115450492,0.7814576158035262,0.9017958357935181,0.6900793444648162,0.09236561578439006,0.8172086388075727,6.86473119728641
0.5755433403381427,0.6930847547253955,0.03177131639178643,0.9904182239322766,0.8119984778394888,0.1978382603212443,0.19098792081060567,0.9058483594787161,0.21647671691223136,0.7661287081569346,27.536656927424215
0.8148826907837438,0.8820288739309402,0.882085682510232,0.43475311737441236,0.008460423959419594,0.20101597413965266,0.29066070738419536,0.670287719806602,0.2823439370140133,0.6088296407406432,13.389466827242757
0.598763753304859,0.44820095957710837,0.652660329067625,0.5377169821350833,0.5145824696384564,0.1432297276386042,0.8576740195104234,0.9306762219061185,0.7686847968658456,0.3966492851107202,17.45357709067213
0.7961616514056847,0.3924170364057674,0.32258422888740856,0.31663916241086365,0.5442104103947384,0.7233756740032246,0.0590623714219386,0.49740134696121874,0.14708842545998346,0.027272617255486242,14.844519367701102
0.8319455248346201,0.3333436999313847,0.13631651457194882,0.8177185536100634,0.17561109976320033,0.8575166335972573,0.23340259063248436,0.8027088607252079,0.052458260651441435,0.08919638866925517,19.13209250625702
0.9429333535418956,0.8566037610564327,0.343388249319568,0.8278244735954113,0.437254741566069,0.2255266098869857,0.6552190914602336,0.6286174489083022,0.8069109051185552,0.8338536092233904,17.11542421279777
0.38497428499717745,0.7220229490895584,0.15912723663725092,0.11866813494876549,0.40140788687710793,0.2805593820371385,0.8586418673324705,0.5558941644478783,0.4965458589698143,0.7136967061966147,14.172149976860585
0.6146181375591091,0.09476482281106724,0.7335989012888152,0.9961072951139425,0.0787732917713091,0.39259517058753535,0.01551331722292304,0.6714887902547254,0.056312139868292976,0.9160747608298713,14.924852243424374
0.8855896574563554,0.3109642328582535,0.4159363503453263,0.578944733697846,0.8727207656770314,0.35214637179289765,0.9122860474048159,0.9978677191578051,0.5921968975877167,0.007805437052233688,17.776320225381657
0.5101522543691673,0.4577145194451637,0.23114999172244022,0.5949894106928342,0.0036143199195245446,0.9526657594796039,0.42708788620445626,0.7899149339341466,0.0037296102456731983,0.9697720158341677,15.418224244420152
0.365007516955437,0.20390859134326167,0.318486973550442,0.6962192568688965,0.702139917070325,0.1261808522394049,0.13262857598737798,0.8820550296493754,0.9875778229212421,0.056384860033795725,14.144015067272548
0.28944882118974813,0.6441281828961065,0.7834395862610056,0.46527792287887915,0.07923117414931136,0.028431688728471127,0.20959824175973585,0.17266861497572783,0.7737448455261376,0.9547125337086434,13.733320199093285
0.6938662915955837,0.0005385714908155981,0.6384887189791508,0.6885280750342186,0.8112084082808365,0.8790714221913635,0.8720953600585037,0.3562891752227658,0.6431989419176759,0.24537031540928556,11.365692384240129
0.6853523936141503,0.5172409262532067,0.8565165163134295,0.46242773614224175,0.7763283173165652,0.1789590287406192,0.18435041105873873,0.8734198944904993,0.8942188832179767,0.010694942855685174,20.464239962329383
0.7189833167295836,0.4474473671211664,0.8886338113158007,0.2504885310914412,0.24568625441652392,0.17436782317503152,0.5285688298670785,0.8195169099917397,0.5325370529093388,0.859567470300864,15.580119970932842
0.8436558262260005,0.37756710286553674,0.33783282575119755,0.21244843666050484,0.49183515659234434,0.5699359432820071,0.8130288758934515,0.4458427743589122,0.6764807966462716,0.7885555258061215,13.34125833518788
0.34746304984995613,0.7587695715426246,0.6883321152079374,0.005921901988178435,0.22942184345591654,0.8290609844818921,0.219892176386409,0.14735205371891535,0.8774784818244751,0.7204462154133219,10.131521943393965
0.6525501138064591,0.32676287663723547,0.6070990006891503,0.801559236861126,0.45670902963147364,0.002275904789170835,0.41738229769483626,0.7786041857972726,0.15487163812140292,0.6672900609490204,15.964292875086645
0.936569382282923,0.496694203286977,0.11368247778698592,0.11200424190224834,0.6809405206305521,0.5262089570295594,0.2231165853678182,0.8241850766297053,0.053107845239171114,0.2549899869526373,19.104857663017118
0.7319468297118636,0.2442560693766993,0.6051569065848896,0.6941006527189445,0.17288108799324708,0.4542134721087904,0.047450702514107435,0.8540422619603245,0.5824538150145789,0.06406018747563114,14.131863980893034
0.15937898713194765,0.9206733076241039,0.4901980008582476,0.9072521172710285,0.14288139448947246,0.5105728581051759,0.34461513762713436,0.6480065343460817,0.39835915903000807,0.07901303272174809,13.85176048784495
0.006306114958581022,0.3591158310586844,0.4282696467803949,0.32463441961047756,0.3728190003634152,0.8904714481841125,0.17122401074473803,0.144857031805797,0.2779913618402756,0.6712259195510627,5.02738693641828
0.11213606694464173,0.4473165380534261,0.8086270560060304,0.9099278330549574,0.4789935771885503,0.8818529172923802,0.4815574986432658,0.36792877243493594,0.7476069769641394,0.19855706246965843,15.17690019206288
0.5625882560600124,0.022620132001761384,0.7085118420382462,0.30766331379315537,0.19218510180991077,0.930302885961844,0.5613770838968072,0.1437910816498581,0.8386918611753524,0.9334714284820054,3.401889103779042
0.8027571114580399,0.10843016145784579,0.5563234811475634,0.7533883024989996,0.9427413801908628,0.1208900635706589,0.6127082836308877,0.8562848389506581,0.9960182030420026,0.646657587073,12.681162328172412
0.6683467174674219,0.6750461882504242,0.7781339598560554,0.31140620461197677,0.5871930741933169,0.8034227887966651,0.5254818823662305,0.1876243263567161,0.8537410753465505,0.7182750185981285,18.049698188456137
0.16481872840380873,0.5645886996857915,0.719435595899755,0.7374509483773644,0.20245570012820402,0.9011675875126444,0.029556960027092072,0.08023242182952373,0.18922594731984754,0.2850710227379383,11.313316585374091
0.22683726214675914,0.759434301147767,0.3560720696859354,0.7921019865505857,0.7581129345291289,0.5127996343781147,0.5944342443514906,0.9450094839442794,0.12320505223435729,0.46038092103747397,17.59456423459004
0.8545303990770097,0.42064717237028393,0.949617929641763,0.5066065104929869,0.9204312607386789,0.8139679810506596,0.2994437827925266,0.9607112995840167,0.08119667640690176,0.2394452525599129,24.220499667984217
0.48185929721374443,0.15068997765441783,0.626385065936889,0.6028922353075283,0.09859115858520962,0.22006079313843996,0.151098703317195,0.8815830168366697,0.42467545143853724,0.6999887268787663,8.005132087670692
0.9584869538469954,0.5932350869853797,0.8291247151622401,0.7231561267021328,0.9535746471988691,0.1839925179659626,0.6188077833802598,0.09156791018454269,0.5950965284536993,0.07662365076829103,24.205726174648913
0.25565334436067155,0.9419280312656115,0.4837696488791745,0.952049531630964,0.30042949740986946,0.5254039011406442,0.891983325851724,0.29262054711683705,0.6479395315574304,0.8350984369424653,19.638870688417995
0.5986951550911965,0.10451987164593901,0.40305385883202727,0.28843895974366096,0.419332404059478,0.8177285351803751,0.5813350102588473,0.3663424318077514,0.6070721906298084,0.21560913109714475,7.264679328869966
0.24979298732458577,0.16863912944056947,0.8958406524344056,0.6146137609352108,0.44503053081362964,0.476415341721521,0.7043913680391561,0.8812344285848861,0.8742324554353083,0.8545546919715553,12.562182762249094
0.5041904410718345,0.03636281808076525,0.6189905969110793,0.7898802145042891,0.8378964971492392,0.4122502926490663,0.6411071342773591,0.08014632986322767,0.176894239779105,0.30412171662320575,12.241735586888872
0.776735843594252,0.15150462089224848,0.6410326407997279,0.5895573294132901,0.1027543046002185,0.0017283375630051667,0.07659638653276157,0.9405704850849917,0.3650129801686173,0.1336642146262047,11.279176745386483
0.5376086895115164,0.9049355572838703,0.028932074301129762,0.831016390794434,0.07071145713940863,0.9768423373736661,0.5800585183319422,0.8012602260963534,0.9456024747840339,0.7952543717892522,21.621082311218196
0.4225319482866431,0.27223307461125434,0.2281042551366237,0.5880101908048211,0.15877953491408137,0.20740134620822492,0.2956530141893977,0.297279281362558,0.9164743275810326,0.7046899751450348,11.793368853220906
0.7555572972267253,0.8772703025790962,0.4653283740026529,0.04140923167315613,0.42960138397412717,0.6399937314486289,0.18879674182195927,0.08476839118085722,0.9559166308571366,0.6214448946379366,11.936919210242618
0.6501217600218341,0.755019287945999,0.6511339780247728,0.34976972971786136,0.9234877097385678,0.7465036824458082,0.9400006735359696,0.055180670174559965,0.6496661329039233,0.3247118052711364,17.503170875508452
0.007238155311261707,0.3713017706285472,0.11597805678557582,0.578523691472567,0.42909559754225834,0.8558262065620083,0.9596833035272496,0.8314150748121173,0.9517811523032709,0.7066972713310238,11.130526378872
0.2264646388958259,0.19883603262567873,0.22749833706849976,0.439590320172758,0.45690995451483274,0.24244237660830936,0.9840668302376848,0.9871500809428727,0.3892091943703615,0.5147223036756772,8.548482997517619
0.6014534772216072,0.3277466502700608,0.6826561077329948,0.8922131997782958,0.6450860373753899,0.9328107016078705,0.8697076519602848,0.6722032980555659,0.816764508212332,0.513150283827457,18.93757288959091
0.7433795562044825,0.5481240131963663,0.4831383889009342,0.5988135326347431,0.18429867592474214,0.9753470520328652,0.08974783649435081,0.12357821705146277,0.6404835542427654,0.8884301724025321,19.445298814249742
0.11157617748311577,0.46350169032461397,0.1713881682155316,0.5525371058181484,0.21673222708029904,0.9072557716397925,0.6755298796599607,0.39777557006453723,0.4001858112987443,0.43651734173866175,11.96648910339911
0.7373445146243819,0.3606616633328421,0.7835996750306391,0.2827858002934388,0.4179023742478015,0.36765414199695734,0.01770161270109316,0.045564171175561885,0.7386104229650872,0.04454421459682889,14.338230501261759
0.11766895349919859,0.9796280442031845,0.7379328706476044,0.9320999383141404,0.17434334967110443,0.6332262465479183,0.7863229868432178,0.37945861233329115,0.0825590335018127,0.1605135524512462,15.281857734188515
0.4388449363584219,0.49470459759651364,0.32422681888281357,0.35541127356912616,0.323560356781463,0.8244160637276583,0.8109457184411499,0.6618132962581955,0.6421735111802256,0.32439249726786057,11.406320313226198
0.9824706014303181,0.42918777731939173,0.3265195147961394,0.3391405154396775,0.5702221585088779,0.622637597712013,0.6355833823085939,0.16821112651293102,0.9585724173910454,0.7917206827491278,15.729605269933776
0.35564509832073676,0.9923062137727472,0.11334781784466907,0.5901107386668589,0.5683875224755087,0.9261291794892457,0.7796167106021445,0.10667641688798146,0.503671235652781,0.5979180128841132,21.682704616604997
0.6193909633320592,0.2653220072378716,0.4134909425031086,0.28353037565649475,0.42564686831359366,0.2455878453739675,0.11311631262085065,0.48395184409609826,0.10682843715779577,0.2711805762927907,7.79187676025897
0.26615914924713213,0.11863468770588192,0.04139148812035942,0.8595569225931625,0.9059121948590411,0.9874039446468366,0.9298105664192396,0.6181267110589889,0.33307150060591295,0.4972700829230734,16.05368131551024
0.6460998336429962,0.27854058634194057,0.735248042099443,0.5056452495839131,0.8881437139422074,0.6010784512552555,0.21429920878380027,0.8383356785535925,0.6748643005419538,0.5001575114161076,14.975036842630928
0.9757839394673016,0.9112624716988366,0.31789041160852904,0.1704256183731072,0.16122519403631852,0.8355203478377078,0.8523364585388418,0.1201183868962753,0.8857439182266765,0.06756024185489617,6.362948019305997
0.02596324709500819,0.40164509440057716,0.4003789729047931,0.3128990348853966,0.6464113984975043,0.5245219866047299,0.8657725850385845,0.5787323597893886,0.7281822070962454,0.07146718617104242,6.758944770243586
0.4410783106462086,0.2782898069033004,0.739701487710401,0.2560532576707393,0.6532612663673809,0.8555932344846441,0.2637730359334437,0.9595450027478146,0.32925231337801053,0.6164151027699016,11.205343302825606
0.4479155423494001,0.03105169807820063,0.08917926095962092,0.3125582178439049,0.2020767285172239,0.6760756524248186,0.10073786103220128,0.5507935970050137,0.4327379330235176,0.8922333308906458,9.271178660646372
0.8328805320588669,0.051642722387079565,0.387073164345515,0.8611378484557848,0.011794549125778153,0.29740853064018513,0.7939640748781841,0.5987302260508726,0.8500033063126733,0.508871657766671,10.831498038402767
0.5180078805437048,0.7297164819212527,0.3124264852440791,0.3488505499725483,0.1651706326615192,0.1875047986262055,0.47738896541007514,0.676251043545615,0.3475494252083323,0.9827968035762465,15.457066475947947
0.6077729756678488,0.21415111648058727,0.4387064755494029,0.8121111833805977,0.9980610474748571,0.9735747577708747,0.8652774454149569,0.7521657679528797,0.41019905861937767,0.19713946119363013,16.5202652924821
0.43829769795658036,0.08042194808022685,0.34113223219208744,0.14863090963783265,0.7086770391484736,0.8796105017142697,0.5132979979686342,0.03055307044092581,0.8564806524110947,0.8032833922191219,7.385780219689517
0.5733133439266852,0.05394258270765839,0.0014219497836822637,0.7539574779606741,0.1599546198653281,0.6413031433854983,0.10996799206637486,0.36718817186788555,0.126624733769639,0.614649187164078,15.389051331292743
0.3322173327037522,0.8354842849534708,0.19507051962623745,0.5239420244686436,0.8559578695956077,0.3828940153622895,0.6727878257022447,0.7490569892697976,0.5681741411283397,0.526561352710842,18.707764601206804
0.09735460167451127,0.9670580186028049,0.27197992274648497,0.1703054914615031,0.44596144689135053,0.883154718288899,0.7874703730806051,0.9056701269805039,0.5660425054288782,0.1659573137338105,7.470280767274847
0.4955154195557101,0.8212133860004883,0.09724244158381667,0.31421405938587454,0.29489781263978665,0.2650801817610755,0.9159323731735958,0.5765604107675395,0.19450169926235394,0.12335024225149549,18.17422696101899
0.31174930539582457,0.15699919650823446,0.42867284956108,0.7389827566758919,0.2750586899031292,0.7797312749633553,0.44973498840310566,0.5573285784893278,0.4347875442702014,0.5396008095010828,9.872486400796646
0.6527684888868368,0.22354957481180837,0.5504037590919966,0.4089183979347133,0.8266145495158616,0.514290283709449,0.10578962323568686,0.8055032953863769,0.23028642070102134,0.562915040192039,12.464833219250021
0.8006029406978992,0.08511605737229555,0.2605622027942389,0.8309407452525736,0.3371121610635439,0.5619225943906261,0.9973095678025267,0.5081651964631414,0.15807485595309256,0.6472115846326864,13.07614470552765
0.5154930949398544,0.6562153382100766,0.7963710453530677,0.046026088760555584,0.012853990309970031,0.710616532851285,0.5883220818558389,0.9349432148964195,0.5801228710079891,0.6005110663206417,11.509246857188447
0.7361498344579558,0.08334013152354869,0.8615515531212927,0.6677090291720782,0.3528698268253705,0.3879935911264064,0.34845915568409747,0.8248780494250827,0.24779318571755304,0.5513469796385062,13.75153725826591
0.16532498420285413,0.05077573555186843,0.8023613017597225,0.7917485840173211,0.8875475411720298,0.5649595561556782,0.8872237345950093,0.931373090046944,0.9717083171629939,0.949208767860339,13.893759222933298
0.8988297993353854,0.10181335439053374,0.4898134705953182,0.5078730951810688,0.3631238062002269,0.7846582357242234,0.46202877504798434,0.13821750206257433,0.8708486542060755,0.1624561000256025,10.34417564864844
0.5635590518595422,0.34223955603149714,0.24714632503192524,0.12178478130122916,0.7128783157966554,0.7547566152929897,0.2806089094304023,0.128631480658421,0.016197663325402956,0.8148160899149267,12.663109331854653
0.6671955176636403,0.28806503057232324,0.4716180778137312,0.9989013206422633,0.022350108922260192,0.6250685986903035,0.3532338896723436,0.22103711212089383,0.8537377128950847,0.3432865210470778,16.711328794148436
0.9976405744251464,0.9289855977388312,0.17367651549294305,0.6689775488124305,0.019022141270872872,0.5174137460434929,0.8221919901250738,0.5551894257822693,0.09757587870463824,0.1366842730491873,11.764683399099706
0.07632848657308966,0.2691107673967301,0.9086185347024714,0.7203554854326081,0.9553125442997358,0.13071026429562893,0.12830359437267935,0.0612127146360949,0.7240235426317233,0.01728622635809729,15.917649352237104
0.11281370841760607,0.43009558011174776,0.7356328221121814,0.09287715387879492,0.5481034193448255,0.1523972275580292,0.9633061211556879,0.5277746038476572,0.9167552164358582,0.7509789606468171,5.682392572238229
0.05156886748637146,0.2935870876930581,0.6220663881336469,0.8288377125736276,0.732347759896571,0.8820644592653113,0.7300668906862183,0.17209728205919705,0.700714536750469,0.651546718093193,12.65431352189935
0.891347325612167,0.9576342920748043,0.6945674394816608,0.6596586392450371,0.6229547162249015,0.8523829246228728,0.47764216176709207,0.6472949582962189,0.8572636849132529,0.5507470239563638,13.839265263226896
0.35127788866156584,0.26887841721572114,0.7101777124814361,0.6445245411165198,0.6399480855787496,0.3095455858897893,0.615154763226711,0.15012485860050484,0.29697094625055986,0.7689622658632586,12.625315173215455
0.5218091771495339,0.7395613308000061,0.13161947083509307,0.6511775343246133,0.7512383790030502,0.6926652570950981,0.15291304539317163,0.201490203486954,0.6094801071467738,0.18170404221650738,21.873195814229064
0.5235268081614172,0.3947604617927192,0.8901057304196531,0.20864777950858848,0.26629808574184777,0.19157079340529803,0.3050404554428502,0.3004599200327326,0.26430655224999855,0.6492484144080114,12.673686663547986
0.9246483180315561,0.9381667580220748,0.6910958620323246,0.33136579406965805,0.4552082483203884,0.8977032691661927,0.18375352716980076,0.7107382578594207,0.9048536287593194,0.9405772680179888,11.278744243666981
0.9399278394540955,0.5185597934775953,0.20295788763708356,0.6038566586310073,0.5781965081116848,0.06168929581308513,0.3901914806185234,0.49887750089945704,0.6720711273904209,0.8346132241901265,21.173994165518852
0.8424315297671019,0.4039600102125479,0.03869471775513378,0.8626841349551495,0.47551027200283824,0.1549422027697015,0.6572824697756267,0.4729151257516687,0.245435264205474,0.6323512176487698,23.57211532712035
0.21563427047877193,0.08745440739266352,0.16102405564135036,0.48671372248099787,0.39790278725937533,0.4323069233416278,0.29418278198929704,0.05659538892330007,0.7533159750779037,0.640599369469871,9.374059521489945
0.8260454795757025,0.5370947334493905,0.9050037572552858,0.6923284921926818,0.43244892232901166,0.2707333255064319,0.4634777630754474,0.08611650423407124,0.3297465705444803,0.5563197894375961,22.97629069770266
0.04796188621179387,0.20572039161983668,0.01577720331004584,0.22696804927076764,0.11482053228101308,0.8408765595694788,0.6383967714117866,0.4754625254723399,0.5751422022227825,0.9237342472398024,8.432669494122639
0.5588900657458965,0.16689409969303404,0.6034095257970642,0.31094135034686543,0.521855452536949,0.14489817278822215,0.3179132107972532,0.08198034094778472,0.39635845873870434,0.3604076351846235,9.3548700096567
0.5187504146786519,0.46468296306593515,0.5215804387720192,0.5981287614819503,0.3624073638331742,0.3592337230495243,0.6541687844716382,0.4751621386896332,0.17719873062542557,0.4552747367174803,12.76789425520558
0.9336085231950155,0.35313481264492097,0.967432069091713,0.9820876795549226,0.4087168091718263,0.9408691705402543,0.2772208392968427,0.35188308545887315,0.5695585231608601,0.8178527086039632,25.251419922137366
0.1240425724553863,0.8674120116418971,0.07021345392099376,0.9464573223801533,0.7629992922994046,0.32635552093824427,0.17212699196813708,0.9981112636600242,0.17003243091896658,0.09751140919388734,20.13379435329468
0.055616340869515946,0.8301524237780128,0.41774207567122856,0.10975519331794026,0.6536293995754833,0.4317147405805195,0.4559797447850722,0.5979130868077679,0.9890346094138892,0.07352384946508062,6.025243858876569
0.5239433316809986,0.9844545789515269,0.9720477005167096,0.9932474512795987,0.28529857666926317,0.6233781280965753,0.47949383715450644,0.09703645503990266,0.7947351111120396,0.17495293755199126,26.23441853404189
0.7458659708179035,0.36664701388504173,0.18071438707613374,0.9987378336752198,0.07866954996836184,0.22116366589658965,0.18428549723881937,0.10602565192601998,0.13503727925847875,0.33635161948447156,21.945197278870143
0.24640157670820562,0.6131454742195428,0.33446239586436977,0.9210923254437992,0.1662248083306147,0.14104312758810833,0.23534734387678136,0.6208444870733771,0.31092200004128,0.4371603737230042,15.231496209108789
0.0592215378504769,0.19170534962408836,0.2634130192280012,0.528442864320174,0.8153205907168939,0.8487777187792089,0.11267568089544022,0.1095252985826135,0.5589140741956687,0.0034593213637224007,10.206954800009486
0.06750578242214555,0.2449182306213007,0.7171605221819632,0.15473534447008996,0.4283423386274062,0.6012372664199813,0.7198747315211333,0.15791245501971274,0.4472948137112489,0.3259889700902284,4.7381301624974075
0.08540580912210971,0.7497400384835441,0.48346323223605203,0.38430301140103573,0.8815133273454056,0.8746886098686547,0.913877766039641,0.6412182033964767,0.08266379853529826,0.2398022802039259,10.822337445577125
0.7640749769631419,0.28927405378659743,0.4218603027205282,0.8926237414772011,0.7904389959264013,0.18613831089791844,0.036624796228788115,0.1974424840285688,0.8551769919033791,0.28178018198980004,20.71940969383558
0.8648182232072816,0.9881627536695753,0.15263191618248362,0.34507755647180116,0.34696030676807643,0.9585049185269403,0.16246594054151386,0.633279662381622,0.6655340922548181,0.25451286420976627,11.334959448220404
0.5495900294875367,0.5120789539521218,0.9695448503352723,0.896004864883784,0.5748282569605089,0.29097185478186527,0.07379407234180502,0.33572927276213005,0.2298478842124152,0.22271262800281633,23.318522133509745
0.645064213754547,0.8604820567367841,0.2449531550180306,0.09084961324361063,0.941246983293531,0.11048007396315063,0.49180789714295803,0.18188893462984768,0.9780468708908963,0.13327549985952913,18.078805318520118
0.3730775973118453,0.9903657462761334,0.8597051409155085,0.4173657469712688,0.0691915552727217,0.8618704258149035,0.1864908282389688,0.9019554997053564,0.1036311568223337,0.1855839800342597,14.459593893803067
0.6329401112347854,0.12765862109264747,0.7650963079989294,0.6925649741453305,0.016910976893003138,0.23374412552379864,0.619906877723064,0.023280622283567864,0.8255208466364101,0.2852072046702525,11.043819521201087
0.37429053243932453,0.16059737030807353,0.04027623459490426,0.14337337898875824,0.24063057531136856,0.18429145494474897,0.22710923064597532,0.6817145750676661,0.48641300092989004,0.5742247821526865,8.635863959422696
0.4080581999028372,0.14639298845636117,0.8859701156562565,0.3623388545194933,0.14035587017081308,0.3561364859112647,0.021769864694090257,0.7345071982831767,0.7564742878680186,0.2692957500566612,9.450763261748676
0.22287264713218358,0.19777284102271098,0.9604119428984563,0.9458770143579336,0.7170552223324621,0.9656450845307802,0.30821704213569256,0.44319353903909675,0.40810719116525096,0.9595636678654664,18.534571834795695
0.32045229517387974,0.5966320695048072,0.8919652180603908,0.5357533770254275,0.1470116429403262,0.051496664286334703,0.14354177332800433,0.2892567308858318,0.5933935400545207,0.5707482009847396,13.891680664095155
0.54319715927526,0.5032107945485327,0.23656769657345933,0.94554390297967,0.9445891592463012,0.12323374468794435,0.589090785191421,0.0596353924763271,0.3136396223922515,0.11161244193286568,23.715226334312206
0.3759553480252541,0.719086577116056,0.3897146474884611,0.7811070326780569,0.6182382705250069,0.3299203289996333,0.2505955440160318,0.8448609587847997,0.1784799833931634,0.5848647472388533,17.93520217306876
0.464179479089857,0.8261507347074936,0.7599222869622673,0.9782346137795549,0.7577498957063311,0.5463165185860521,0.923428432321433,0.05544483070028161,0.3352895855031267,0.847156469200083,23.680223351927673
0.8075429107107391,0.24504632800875825,0.7726503719704192,0.12853557097310908,0.06847264368013595,0.2374121989125202,0.8612474283176903,0.23736169991129152,0.6382233256090513,0.7943804597181635,8.367170425031604
0.5270840798899047,0.968251289673196,0.1868400911717698,0.06389356781124567,0.9920891255113774,0.7486819925033263,0.11816044673073078,0.8465703513111218,0.09786342660914682,0.03963339492484541,18.77994074103358
0.12685745292364525,0.46661310217393914,0.27405491333526666,0.2503213169150945,0.19701592803524637,0.6697308186638391,0.3324771552215475,0.5265169760459077,0.22273242935816584,0.30099244690626215,5.971608769555426
0.9752093678448438,0.13587338480145317,0.08561057780338566,0.38617180655606764,0.11212242212299173,0.2225549482982908,0.46848781722710686,0.5104914807276595,0.7487592521322002,0.4163442265339702,11.009790440510669
0.11880361412866924,0.562613751695474,0.7642833807547059,0.9245740784787225,0.5898097896202638,0.14346894705398727,0.369049656628171,0.5044102791020268,0.6511614534991752,0.8190645298860814,16.3142344396125
0.04288263783711688,0.9236546794289398,0.190365809863821,0.04517858728451074,0.05991013905963871,0.010051727716730907,0.2064578685494658,0.2883640784189957,0.5675024828357902,0.6541372342222709,4.182504748188227
0.01316729583796683,0.9887483098980276,0.9605808417452195,0.5891238604205624,0.96578995573238,0.10802773017298972,0.5170609584072757,0.7117850082092342,0.7384361618213896,0.9458122328911637,16.26411356109941
0.5776761959184145,0.9249955578997069,0.10993375409459227,0.817946848337488,0.04353020551028819,0.397955385001014,0.5133701143392392,0.08823434671669728,0.33855998167489676,0.5137965245556961,24.029904876097664
0.17057107003039362,0.3212730999813449,0.0776493845765659,0.9426421758956637,0.08835940234930739,0.9107509832719775,0.764888986238673,0.9448382496036782,0.6383548038187231,0.2766506928682143,15.961186786208332
0.1392969746759557,0.4584920810422476,0.704552511235912,0.8539315291972602,0.647611272162165,0.032981629686599234,0.8325555496982256,0.7657755205012864,0.39322141158385027,0.35121543260453836,15.013332216987454
0.24464086258214146,0.5295203175561949,0.20900666017744718,0.2620100288880983,0.5145359965806044,0.860942708926292,0.8998468104120233,0.10309824937408019,0.13834796095445112,0.34954301523692277,11.81945099955308
0.8546772125369062,0.12307423989894106,0.4354494253986836,0.663982740720911,0.9584792758292219,0.6925698516825702,0.9477139045218216,0.3497245534467547,0.4186857289948611,0.5879345352447206,13.300222518018325
0.677646458396749,0.7227556591289871,0.5587588539640416,0.17985090424675354,0.030292007135906185,0.1868038423483167,0.7551114532638453,0.6062790886134617,0.9996714375168188,0.3604942208315296,11.917324270360302
0.35748022291705017,0.09569626882251003,0.5880295833286837,0.9365756106354983,0.12073660514791917,0.09524487922475633,0.8655681539492166,0.6512928330461346,0.2890333552976787,0.9927500058775258,11.955177651161986
0.6116419654258188,0.4109433366063533,0.12237965591624589,0.08933480407604788,0.899731327562301,0.729483208792034,0.7963667829459659,0.1552529677749087,0.4482141911345684,0.939195530171892,15.479730936662095
0.8866640820343127,0.918805262891406,0.3356407330724476,0.2973718158824902,0.8611981652429664,0.9982763573416246,0.8168858747273651,0.7992857278555737,0.19588280218647425,0.19546478148216218,14.446471749856244
0.28090658669114654,0.5387054603410475,0.7857668647761641,0.5040755129234571,0.3193662405411054,0.9232206302127105,0.21460322866250514,0.7755602330828141,0.44448923189253575,0.8760680131168299,12.374739210792075
0.52866569232829,0.4021924941504097,0.045327448556312655,0.42129129388181596,0.1375165403757399,0.4205024111336181,0.8145145546571615,0.609294304959862,0.11965816657191386,0.6451104776563834,14.077542467383044
0.7370342241067616,0.8068805323204937,0.7521597884137411,0.853966166874537,0.2825111684279199,0.4213650657910001,0.8637451438126953,0.24363426643592234,0.7143376427951986,0.5318527067394595,20.976767650385607
0.7053962280215467,0.5040878408409066,0.2266405402683812,0.009017410594981845,0.6328249355484971,0.3863081250343602,0.3673424563409027,0.03680746562931547,0.5199512651038513,0.23011747531574211,13.534888758926957
