0,1,2,3,4,target
0.4237474082349614,0.5300880101180064,0.13030294124748054,0.1919971575392927,0.444573573873013,0
0.08577408627625116,0.7100082002449101,0.4212483616141941,0.512633924392356,0.7342090787834955,0
0.5891234827720049,0.6579127100998954,0.620991455138067,0.9707352275789571,0.36279251847810845,1
0.660532109250318,0.3143911106361865,0.08573612432387134,0.47406642271303934,0.7179140037527991,0
0.18202921598408917,0.17853995065083117,0.32341234887666004,0.8158734926586414,0.19560785280390003,0
0.27556446150015235,0.5728218948884378,0.8206631808725244,0.3308048479932988,0.3696539320060992,1
0.5489934699110331,0.25841852388928277,0.10712723150590253,0.7838090667083399,0.7071434542170243,0
0.918743176350847,0.5926957361426061,0.9454664467501246,0.16725975609804233,0.9750064688457487,1
0.8095632659318523,0.6872053594346041,0.973735647068935,0.8049637357931282,0.9488281164830427,1
0.3461425529119997,0.9743911533670708,0.37699915834216136,0.1933138894810783,0.07587707239625474,0
0.950453685936658,0.2159511081252543,0.10350345489636059,0.5289699856154855,0.16967994489229854,0
0.421751604712983,0.9008700103445277,0.4446925279641446,0.3427762214585577,0.8923288689140904,1
0.412622206431442,0.6930229437396931,0.8298196188927971,0.6395121495853766,0.23842417855410525,1
0.5570906297102496,0.5499374944829646,0.8265409341816413,0.10844627041598343,0.6312385435343704,1
0.24835222337637908,0.9515180338965393,0.07857539756506449,0.5620212829749487,0.541814916682527,0
0.449594952079013,0.7183801924595119,0.003941985504103074,0.37717684375976623,0.7856009524807854,0
0.6811271535618647,0.1731654305355036,0.44932399500785847,0.422550238331346,0.08179972633696209,0
0.5391333678397952,0.5558708397868788,0.5261266941758548,0.2977945377336898,0.8987534939785928,1
0.49780648482847956,0.7769482286114411,0.6733666766944025,0.6050735519220211,0.29162667454214664,1
0.9597026924056964,0.3412769746813654,0.3875502202122807,0.4195594555652403,0.8164939259581363,1
0.27806990363467754,0.08908800321831878,0.21725867609083382,0.2638881503644658,0.8522706266214602,0
0.12092933265517947,0.5660268945222839,0.44213404512100407,0.8582843842882123,0.2592730729491233,0
0.6341795583775959,0.042679625800685184,0.8071757560941574,0.2756465837391038,0.3622455937062239,0
0.7382665612478667,0.395725090882484,0.67944245309505,0.2930658980166231,0.07827666867306438,1
0.9761917898078775,0.9118177424793897,0.18260229368366476,0.019099907100837088,0.610997905455284,1
0.7090641654658351,0.5697913825132787,0.7707070637306878,0.8216280195345895,0.6029035282123257,1
0.09248908728385874,0.8569438398947028,0.20608956342160878,0.4265644400720323,0.31675022659843166,0
0.43604137497703155,0.3619056756172476,0.6512180583135931,0.7448025685616415,0.9254650454324426,1
0.9823735850916863,0.12919523087592044,0.38011170910285563,0.7739895828840441,0.8310253241817059,0
0.758279015502206,0.5350917887820152,0.21055400606887376,0.40680776106341154,0.05854503095652541,0
0.5893346364128841,0.41436569665776746,0.2459331300491867,0.31527863469024475,0.6707505382317501,0
0.5756152458357809,0.9675191642069657,0.536384931940919,0.6230678977914069,0.4276481107905453,1
0.6609544215590214,0.4302393196607298,0.06268065017761593,0.840198673331418,0.39142151651598134,0
0.390536392854537,0.9747295449899014,0.7405757805086259,0.7088048084113308,0.6684461450121966,1
0.06356147491337238,0.5880765528350703,0.514479513944557,0.5424983184854074,0.12133486515167924,0
0.6414547398585007,0.3095359810990521,0.6206442044506423,0.750210385919765,0.606436574522934,1
0.9779480346454684,0.268569221375355,0.28432820312907614,0.49328406089724075,0.5459539364099452,1
0.02222673759013527,0.7903625269889178,0.5697289540434977,0.9011644092355574,0.15306533920259136,0
0.11238704395700871,0.9209353797918614,0.9696373436645092,0.11080402847588156,0.8272681726701441,1
0.7199160492186819,0.9571871901782588,0.6319289135582338,0.5116980244541877,0.2720685194777438,1
0.8755449348684013,0.19744817853349894,0.7349667374785006,0.7317762648853997,0.07085461658968295,1
0.06121243340103677,0.6626701794384527,0.1422975455223201,0.9756978819259013,4.080385028870648e-05,0
0.5719806583320683,0.7979782525136984,0.6363623143576983,0.13937123973325294,0.7968463824240255,1
0.9040349571087279,0.4143607095508015,0.8534197471784524,0.08180602234970846,0.3261687180856515,1
0.20791046550246273,0.8041921842189662,0.795620323084077,0.142925263624341,0.13982943311492102,1
0.42795332336567116,0.5068662628284791,0.8095504803308549,0.5222868001237068,0.5367591056760973,1
0.8391480301632919,0.26620495063680405,0.6001483507377102,0.8230860202336509,0.7181566790337388,1
0.508201557623322,0.3577615474476913,0.20513628183068688,0.5008000014600695,0.983599791932522,0
0.3696600394764681,0.8851495044316634,0.45949733419041383,0.1595214497944747,0.5501958488912262,1
0.9908616773503162,0.7759162718825061,0.7362041910307088,0.15263555996342526,0.5617122826928642,1
0.05330741526955729,0.9277074850350181,0.2655391346601983,0.7384206146459694,0.46421091039388895,0
0.4280155666959543,0.4800171240396287,0.79256739545179,0.4037549162800814,0.6664509279857781,1
0.8800658781001336,0.9443905284094882,0.023709781735423707,0.8583974534791329,0.778064357702276,1
0.7716728572118356,0.6262776616912261,0.9636568079556821,0.9469508036352925,0.6336036544169322,1
0.5298469757627728,0.5226767029110806,0.9528411373296566,0.6359404013425473,0.6213098210810987,1
0.7394254369873919,0.6001559739468745,0.40243007782880247,0.3390210250538478,0.15367372197080142,0
0.08122081964752115,0.4854787176824077,0.3508937412205363,0.9260048274288641,0.7805181399970712,0
0.11627872302433928,0.6096951634499933,0.22747550087342605,0.9850494069246446,0.4249978281190404,0
0.6270003953847924,0.6928980816952637,0.256027496943382,0.9268012881348188,0.9731390268644944,1
0.14814369001808636,0.7303591320020025,0.7459685561915572,0.7318798334021669,0.3395456103247002,1
0.05146777441418737,0.37520798219924967,0.3148721351563517,0.7915577794277177,0.1166220908240283,0
0.43518801990200207,0.8656985173055863,0.3551370141586402,0.10114816506230395,0.66997403922214,1
0.4558906250995042,0.7332821413810426,0.6195617780499978,0.8517841887861665,0.7623497500773533,1
0.5045968445906525,0.7722738135943341,0.7846609738684818,0.7303528013863781,0.8430764752479696,1
0.043799982414862826,0.4774537758035391,0.7267703962429694,0.9135124741644308,0.8483328345442711,0
0.6572912537651848,0.1915906571150927,0.03769317478338008,0.8780534773961934,0.576711387888123,0
0.7586408704755573,0.8064109405083366,0.25590865675169805,0.5223887598568654,0.17219858503592111,1
0.11579953662919629,0.205536871679302,0.38703291843556475,0.0015718927144462436,0.4065687367373543,0
0.8317250148647959,0.22509362710789038,0.2396358475621133,0.6375907710511957,0.29408804710370573,0
0.1924679517601211,0.9118708816850428,0.041961593962096866,0.5401536814841466,0.21220567875503615,0
0.7376916600304159,0.02590313192786242,0.41133014633889964,0.3259815914654246,0.4841778418132411,0
0.2700390745745991,0.7720650501977685,0.13291847708788196,0.09382201031166604,0.1936813526482597,0
0.08649700652521908,0.8518650117535003,0.5284477417673242,0.49653865760694715,0.5082755142235091,0
0.6661950809585253,0.007019835119607576,0.505688330701005,0.6249083614014979,0.8495017351309622,1
0.5801627089276515,0.033017324894292654,0.754025645030207,0.9569905141076432,0.5486799690648233,0
0.8193686096224645,0.48723512415063797,0.0876337528530482,0.7944276205181561,0.8437011310814196,1
0.6228378470874785,0.31240052203346547,0.7861123662753513,0.2241321460957426,0.24071880915438526,1
0.39676528894290886,0.5720223663425846,0.6909781128686732,0.9025798509473459,0.21987346246799022,1
0.4241388417347022,0.11023325131656647,0.0900016534974456,0.5674830948139349,0.05179404825084466,0
0.8055878495175774,0.9015626253637118,0.03211210177349233,0.8068438541798677,0.17588039139977907,1
0.9324646258247853,0.2590644504555142,0.16506596061769607,0.3404807608929592,0.8598183701891495,1
0.7391332217783425,0.9571460853722503,0.9726977533005623,0.15843197540188092,0.7276021271266334,0
0.23320866801411488,0.21827013724449196,0.35776090731556376,0.4594305003253457,0.9178743290146526,0
0.18837702442883142,0.8033054756099672,0.762776669459107,0.8142856726538976,0.4501609710108133,1
0.6437129661107422,0.9499282133413182,0.8961323381839281,0.3392291149932789,0.7563336359617595,1
0.32956552411971773,0.8735659136957604,0.01626401658148946,0.567512785425434,0.458059879331735,0
0.16550779789835757,0.03606007965521829,0.7522400397844271,0.7832382542183995,0.3733776292119617,0
0.5266685568557674,0.34359417282968185,0.3190980002644561,0.6911193364594155,0.24870249156309376,0
0.15015687570388014,0.30649129862089874,0.2726377629223118,0.31499067477995035,0.4876900383003443,0
0.431990120822643,0.5719743167430108,0.5026628464013819,0.6029583876560402,0.17949471380905335,0
0.5957515221145527,0.4079322614364258,0.9870642190214441,0.1790453150296899,0.013774815753215264,1
0.7353970841434501,0.08829265834696554,0.2973442290724033,0.6222706003792982,0.02078873568256656,0
0.3892392166869759,0.9084272434472608,0.5692109298086482,0.8109017583636671,0.34382957049323426,1
0.6926254882887243,0.1503315243494534,0.42138575727996597,0.3182337610790743,0.23146861890209902,0
0.35378383783851874,0.018767553453100327,0.704760144731325,0.6253380143568517,0.07810750577676717,0
0.8057576504405275,0.7035455405522502,0.022023174590364736,0.2731044074981379,0.23682643149145166,1
0.3621488445553175,0.7482701135455969,0.2342755457445881,0.2807893518703646,0.11506686729564508,0
0.7366964891844832,0.8678114428432888,0.6663913090788037,0.36116692795976846,0.9672641014809882,1
0.682196505916153,0.35365251116519336,0.8271707076168773,0.7578671180671824,0.7234087818408733,1
0.8400200067118464,0.5129131012912025,0.9292962746433875,0.7201274627711709,0.2094837720149061,1
0.3256443066816572,0.9979468724065319,0.3422269234452774,0.7898227067391883,0.8359236992290078,1
0.37535380578988287,0.43919426173440623,0.7115495935276936,0.508189597895572,0.1608768330201109,0
0.4455757340501635,0.8667878175785252,0.6542789328182367,0.6616181219359158,0.5013257848197863,1
0.4379101233902679,0.06949018940183849,0.22073817688827646,0.053480331986757834,0.04911529672716719,0
0.2011558647578261,0.23304668948944773,0.44711873012409453,0.2904367707936776,0.2609072645423184,0
0.013600616333074633,0.4479412232532778,0.894214767885967,0.6319432972501215,0.364900837639502,0
0.8422108215177805,0.03883854062934733,0.1948999744495562,0.7908744703949897,0.39117561615030805,0
0.6206031697554689,0.41142266277357675,0.8295988148629952,0.5355023928038267,0.4594926634005898,1
0.3001301696109907,0.08809943502016881,0.01579451052680725,0.29707942058517545,0.044348183961355425,0
0.4639179930339743,0.28638606956241264,0.23152515214566727,0.5411509259196344,0.33261311107751623,0
0.23687784133866863,0.6593068986757433,0.5850303543770405,0.2485817571757004,0.5382189069181041,0
0.045066714698702603,0.23002078338038334,0.9837630547930352,0.7701700042949398,0.33147442792361925,0
0.3224806287683093,0.8941218919462757,0.4520683886882654,0.871859742781775,0.13689465734246498,0
0.8654769453953389,0.13558211742851645,0.41006737391621007,0.172599068291016,0.06584719409280815,0
0.4307488762392334,0.9045918157589,0.6519029782136906,0.7607869955892413,0.3305912982681738,1
0.019976930455344877,0.2753906907267265,0.9284398914868547,0.051062009364026384,0.5040322532469745,0
0.5102786242877368,0.7249771489550542,0.4623635345521655,0.14349756905187483,0.8888991562009855,0
0.8839313046059436,0.865507732646275,0.36969976504318547,0.626149479863067,0.4700392738928795,1
0.3078248899290704,0.5612108289946327,0.06817028652546275,0.05862000778683951,0.8850582324814095,0
0.7224547588494695,0.1554399945605235,0.5429694261518544,0.483077045177038,0.6045421118357102,0
0.5960576955059104,0.5508271095385849,0.6916961080788204,0.7521669524108922,0.17893119282411285,1
0.31644738163456076,0.9907835896933895,0.8450540647095257,0.9033548943757564,0.5005518867097161,1
0.5356941954779163,0.3575550307200619,0.9774013426000185,0.500944004815033,0.04037751355646557,1
0.4530396754825321,0.2116463494299945,0.4493137632438151,0.43985407055682435,0.5301323860851583,0
0.23712526905015474,0.11662553175613222,0.3328793578548266,0.4569144250134314,0.8518125991678024,1
0.74066266998002,0.848435441148746,0.9861135320864104,0.575629161794852,0.05538932191357038,1
0.9686108583816087,0.8764973921896417,0.06310854003394284,0.12866796638803224,0.651586460175802,1
0.5449526006557665,0.3491316183642825,0.9102856865454142,0.2934559366128252,0.3609210700445259,1
0.6393774932237832,0.020527172673318606,0.24269456498592512,0.8079486588964392,0.8519701668302132,0
0.6501551223880536,0.6210911323478365,0.7538147217531816,0.31957691802950616,0.33099983903624164,1
0.539296856365841,0.19081761944364284,0.085331055786949,0.024658539919898526,0.21312517000962994,0
0.5344458286496322,0.6439709781224674,0.4211942729104441,0.0744595014262811,0.7472145611920167,1
0.6825652426944508,0.7057035589172109,0.16396370531066762,0.38710655540795946,0.38555699320975423,0
0.3760212586079159,0.9226375113600641,0.1774623070726835,0.1766822966069027,0.7860081991550694,1
0.062292054868553826,0.6409559580255768,0.26445600507760547,0.44136083672960025,0.9288153457256204,0
0.2847265533164115,0.6179602278886871,0.716378083922453,0.11530049220516436,0.0043921970727811566,0
0.16091330883007904,0.5043077737585742,0.474581470233855,0.9732058341348737,0.32010626702319056,0
0.24037956470464328,0.24174982833466763,0.7112146223195617,0.5295401668874936,0.07142167933717303,0
0.5461143746870725,0.45662487007265873,0.7657475841415895,0.14823135846502145,0.6546852646492334,1
0.7760307855837529,0.10792942355102719,0.03329276439624451,0.20074011144654136,0.5746750347661708,1
0.7421490710306627,0.804906723744793,0.38420084046974556,0.8150058009264329,0.1754242464665785,1
0.7940238470711258,0.7869109719770022,0.8638741992598965,0.2543139026642034,0.031423517679048496,1
0.49358933823594664,0.473176430371398,0.025103415119387518,0.9260090381923483,0.5689293209905669,0
0.4726469480561134,0.5389630682055763,0.7985062695194276,0.1482602691968199,0.8257774068914134,1
0.5151611908209239,0.2935083125459719,0.001864342569057209,0.8246287086071773,0.7479186757799758,0
0.9140833349612151,0.24029412081880364,0.2577176990094481,0.4686323628032262,0.6777770879857848,1
0.013864708012365057,0.7424719340155489,0.46904989767356553,0.9598981988989578,0.8591722188009677,1
0.2613582871616448,0.019426837606112524,0.990978259739036,0.5436403220998818,0.7999392523830327,0
0.23469641859222257,0.9653624670720972,0.8158599263325985,0.2926296141863479,0.4464008436780337,1
0.528735781205441,0.16868472396343293,0.5695154909096938,0.07171227454444762,0.5203195591982314,0
0.5050287209664888,0.15971998022859624,0.3987683132003479,0.8876650676361658,0.361073537009978,0
0.6159383462985349,0.4736352028080967,0.6276752636070417,0.3527189483075447,0.9345619462361892,1
0.800879899363285,0.7722147965043855,0.6605620671346101,0.0021120675178659676,0.7993172626114851,1
0.21845929833351385,0.13017273247971894,0.1455762112304233,0.5020326263502377,0.694788108010869,0
0.8248920761122024,0.9727535307471026,0.7061791460675739,0.4969013161354805,0.056287723386601374,1
0.7278032768437813,0.12830432750182952,0.33798465807285716,0.4217989818539485,0.6281924803670469,0
0.4128133201949472,0.904245353840221,0.5011108257054774,0.766695521795308,0.5831169149988791,1
0.4463200310383846,0.6205596019214947,0.7145023004286389,0.5927818451093562,0.3594986320231527,1
0.32117624051675386,0.06486497429657612,0.06648917078662397,0.1556243794787937,0.0873104642925735,0
0.912440576223871,0.6885073703005665,0.9306567347086591,0.651618514961669,0.9574691119850552,1
0.9612619104256364,0.3409132529050998,0.6541616732077092,0.9534019837989407,0.9866017859619624,1
0.6969700366424292,0.09369961491400214,0.8033947653728222,0.003716498757402542,0.387932123409908,0
0.8649118041300421,0.4549797406797431,0.4248154871402181,0.47849062077030224,0.5168818473704292,1
0.01869046803225416,0.5719481640044916,0.06449378325093602,0.5594247972069875,0.059246177454617466,0
0.9884390251676372,0.7657691904807205,0.8182254815361255,0.4354012708764968,0.5177672264719786,1
0.012984415734842325,0.6901392972332215,0.7195079462801308,0.8908466244993135,0.9302454953094313,1
0.19226177643290798,0.8782479153512688,0.7419888624793302,0.8301879670998056,0.3232970241392198,1
0.3123814780062093,0.3003959354488548,0.9890772104903135,0.0031909787694854863,0.9549996747798447,1
0.8997148415894279,0.5516327999148194,0.5759902634076262,0.627659856215597,0.2615331509037466,1
0.7210641125767056,0.026577760003271056,0.9213850446151696,0.22660204987023003,0.9111602603284344,1
0.6946144846665304,0.18045037516949214,0.22820681702898382,0.2667962119046514,0.9823761755875756,0
0.9348508522532997,0.1423217852344485,0.6188082517155292,0.2123191234427767,0.34466260987958175,1
0.217330750177111,0.33186975937390895,0.14098260878444346,0.2673191536719296,0.7744436909108391,0
0.027665477355666046,0.24909565973470627,0.5147665507025062,0.3104753826561598,0.4002248119906807,0
0.8794183043060566,0.3606969065251532,0.5708590147291851,0.36023909709852076,0.7568224143032065,1
0.0770241920389908,0.26100842756966347,0.8500833353970997,0.925394066402193,0.40566620846242507,0
0.128337018476949,0.4162548843831688,0.07248791393209641,0.49609434577973166,0.34468045006617154,0
0.8353494919900407,0.6738641568152406,0.4625278965679612,0.770649996823218,0.0342939288035401,1
0.6833629558947402,0.6049993863642802,0.841525641226172,0.2516727835365743,0.1769803568963405,1
0.7635205038934563,0.7720802397663442,0.3425748540514396,0.7370825062153772,0.7870699353125997,1
0.454925714170189,0.21062134089286988,0.5737542877247741,0.8566514388136434,0.25468809842231177,0
0.9263431032187761,0.7280246154015871,0.08652442735173704,0.5166206311085322,0.34934975764427334,1
0.35945437603671937,0.6774831070757384,0.12023510532795467,0.517773303839102,0.443526216833776,0
0.5257212191040974,0.2515684373119569,0.16695020852569786,0.8136881275704552,0.012788983213296357,0
0.9662599641994024,0.13829416839862163,0.18437481403459233,0.011355373571411365,0.36569809046560886,0
0.9446221783782436,0.16833074612612808,0.6008356098498222,0.9633665756680566,0.17699399738060329,1
0.5799297792426348,0.8339511600594132,0.8799943652266897,0.11382478921474437,0.5566404264011711,1
0.6057240824507855,0.15232239472051212,0.6822423361514224,0.08905095777488403,0.0009853354162902006,0
0.5131946945267936,0.4788756024102572,0.017519245440033693,0.8188012041910163,0.9783257108208651,0
0.6602296706242534,0.5271851952201967,0.5590145703557262,0.6112759933469023,0.259438585051905,1
0.6398016901297862,0.9812593122929464,0.13173163258274068,0.5104903262500536,0.5929800225846498,1
0.5440815586900264,0.7025600257687731,0.2651850554434826,0.46244361295040504,0.20682608821296844,0
0.36196137361084657,0.3407547579990804,0.18191713756947814,0.88223255551249,0.926040028061363,0
0.23913147745060215,0.664773027675702,0.8269536081284009,0.36817017240088745,0.981599731682296,1
0.1333035857639704,0.41285405735641834,0.5791816647714743,0.18456202327649807,0.10667836753043891,0
0.47240946321431865,0.6101314124566259,0.18578223612570577,0.37425985324404887,0.8669423997877796,1
0.0064664861642400595,0.2362129239676295,0.3556577256968948,0.05706434006024441,0.4504025619756262,0
0.5115027272307423,0.83792449147863,0.24184169510928621,0.2976547390174711,0.23779136700572134,0
0.9119510572521983,0.4858899626660953,0.3873297082755698,0.616207441155795,0.03442727648878452,1
0.4071413802066478,0.6637605503907011,0.6499972337926827,0.0011379756077041225,0.5232090156688298,1
0.8089713636877258,0.17887795487557978,0.25881629128311234,0.32719744539369466,0.9130942249685062,0
0.30723571937045013,0.8219249282368355,0.0038328321936129672,0.24232765809881396,0.7226487750666065,0
0.46006243584956796,0.6961482820870338,0.5612904446410313,0.882039764331205,0.9692118268741919,1
0.8276737819464172,0.4068164905141648,0.6487002048508796,0.41475575363130046,0.85745710134748,1
0.9867085269195296,0.734152285476305,0.2233643018772915,0.4803497838751766,0.07979219617658306,1
0.6155659954682459,0.7591892710211733,0.9542339266617849,0.4263500583854217,0.05694298126732922,1
0.8561619142781153,0.06551593569597636,0.4341042279916568,0.7298543250480265,0.2727702228756408,0
0.6085229737782702,0.04672114677362227,0.6701821012200698,0.9524624078488648,0.7769500735541552,1
0.5629786066337852,0.06069274851214301,0.4106833753770467,0.2701508501280796,0.12467266239780594,0
0.16385276935654802,0.5099357222576845,0.22551224629797473,0.5486150721435941,0.6727717902249837,0
0.18642863891483197,0.943412779663942,0.8032688943400438,0.35102972783941455,0.4309066280893351,1
0.40920256289923385,0.5931899873252579,0.0005995883885473452,0.17454079944601864,0.8395526275159809,0
0.43492327821563503,0.3598127389041268,0.5835260323820394,0.7816313040009439,0.9082797751324998,1
0.7479647746304957,0.8719996974271703,0.9725647174449903,0.6695425409829852,0.6035451973465513,1
0.6199938845746495,0.5767331258803456,0.03843477488715008,0.8835945959678193,0.6903276955171375,0
0.5537509199917039,0.3335521574517939,0.5419766256057409,0.6535544990191832,0.600657884904928,1
0.5590186256368695,0.3825184485263128,0.03620216922953956,0.35267342754819353,0.6542933533464691,0
0.6335943719449108,0.0486234372217168,0.5159919763255044,0.11637916957947747,0.6981215978493646,0
0.788813001064117,0.5142705814810399,0.23318962850105618,0.7074266623984434,0.2168423320653341,0
0.6898799656912432,0.45222944254077013,0.05184129746770483,0.4728855021830143,0.5960460129924192,1
0.2597015352874641,0.8651040653932818,0.39483302909663975,0.659393029532684,0.37171910069070635,1
0.5578917393586006,0.700993711562595,0.5512763383727414,0.1891730737302203,0.16277990896081163,1
0.618512348148593,0.962037706107898,0.15033696788545858,0.505720551208368,0.7863379801690363,1
0.37149104103211317,0.2239472247700287,0.31270677411380576,0.3156385318945022,0.441980386792293,0
0.7031920260562531,0.6581563127809656,0.7692429025184109,0.4469473356623165,0.26151041958085797,1
0.6787629627040804,0.6348468358195962,0.6062335302627372,0.4317857205355672,0.5220144946712484,1
0.08621353146567812,0.9423856624773943,0.515437876335397,0.0158756738585214,0.24304288255774997,0
0.406784911074761,0.660729452905687,0.6635257268621674,0.33998912788188596,0.7223440570291495,1
0.17139700000851976,0.8225231214089059,0.3153359197718065,0.9065842278418924,0.7307040523525801,1
0.6747574723385416,0.8116936078473584,0.6636938612607387,0.427575548410555,0.6830234000513777,1
0.9451336147067765,0.6729428472649014,0.9409870356491149,0.6392979594351283,0.40238753366999136,1
0.834400050040499,0.16932175781758207,0.21920307566239383,0.32847914092772645,0.6939134954649385,0
0.31311232449258686,0.18179696359613706,0.7974094433168875,0.4532650404144901,0.6896039998368734,1
0.5489559259090687,0.1740011613030188,0.32561376780648854,0.7791510812968612,0.5182045846219836,0
0.9078997434985095,0.3240168848401255,0.9178052790857267,0.27536076222861305,0.7065082455421559,1
0.8516228226735509,0.32349515577256927,0.081570688198913,0.28010627546007505,0.7408890277069543,0
0.4080189257547966,0.8829772930390742,0.40417752368834625,0.48356011921524833,0.8731999129299866,1
0.6598216987884056,0.44063038727143644,0.43769673393335373,0.9083065237804132,0.8986481667115244,1
0.10742425238304054,0.34868807349217457,0.3678181748443333,0.7016564188636298,0.14022868204218364,0
0.21657880752870484,0.35412939804783405,0.5795861207759331,0.9414594703602122,0.20586238618781927,0
0.9192153214495091,0.9000385496238191,0.1657513604043782,0.3341929012618188,0.04596331315096869,0
0.6128976368853161,0.9428956623709949,0.11766901734318413,0.9660636537189714,0.7078276597213053,1
0.07261684906793897,0.6582307599338608,0.13994701047621672,0.6638319240259617,0.4265573482439018,0
0.09620247815710659,0.8615169507939628,0.7958249803954006,0.36317900646749035,0.6487384543339483,1
0.9611822012860606,0.11937919018969789,0.02939714474934141,0.8908266203752748,0.6848328533066184,0
0.7299805925122089,0.07112982162298431,0.7961804100852796,0.5915392065462673,0.1245231747226061,0
0.5647815718168819,0.8355546060023658,0.7599902760491903,0.4986912714922547,0.19875772271178815,1
0.8358636163521761,0.1861329691709741,0.050443343851969136,0.7885640428335564,0.7316905524403797,0
0.5654633674542485,0.8505897073440745,0.4813468463590609,0.18866843572788328,0.7646442254368193,1
0.2505568842606204,0.12439403559853146,0.15486120310462226,0.517743978023326,0.11139833987936454,0
0.7552237886149012,0.020350669865019877,0.30731731512105254,0.14813767745348216,0.5400279373409782,0
0.8515963828450651,0.05862890749250693,0.5970601339266863,0.05910665773989843,0.3403192565013553,0
0.9819341797669767,0.012743439123737765,0.60267202734238,0.14899512800099657,0.6083340040462167,1
0.6777885400663681,0.12064856791560952,0.18925084019643312,0.3906540736106312,0.7855236294225338,0
0.6152335431646847,0.034969097335997734,0.5346469312645363,0.2814168901738523,0.5695926696840451,0
0.05822571843674096,0.5372250150543143,0.7362345662294192,0.2699864572307501,0.7225708245970345,0
0.012931503958604429,0.10687523439633373,0.7481324406829705,0.81595547310311,0.00808925121129589,0
0.9592992956257513,0.7848934630731804,0.19062259413731364,0.1868938979178909,0.8405900460873432,1
0.6793058290451146,0.6809095961591679,0.17410806630753983,0.9078729503576427,0.3509833769405659,0
0.7632260512199666,0.8574989965358055,0.07077470118256646,0.6321381333950676,0.3238058872909697,1
0.08566470546368488,0.9715471441984634,0.052483246468651545,0.4848760864947709,0.39125680628348847,0
0.06036977487127848,0.321337690716078,0.5877310763339699,0.5607322819212727,0.708376811289149,0
0.10944585703574583,0.46818404945057845,0.323567322808488,0.9785547849928277,0.4943831119650711,0
0.6692474812541234,0.03816248225842678,0.1550843450132111,0.1280797623489971,0.051154502581747696,1
0.7473177926574728,0.26120987726793454,0.21012917929806707,0.9841829995327616,0.08609243485670859,0
0.44275701459906425,0.5655413605874146,0.6079071816175666,0.12645465013421575,0.8680667774871561,1
0.2222373711484127,0.5851287273180421,0.47284114387139786,0.9538421309052443,0.8212553278839945,1
0.27566918376285243,0.35877803672550423,0.6518671395681007,0.22478883847073783,0.946608788399604,1
0.996371764321219,0.47882982630056803,0.4174308175405802,0.6491480762097149,0.7768029747537241,1
0.7161499099616294,0.6763290673875867,0.08746705424012313,0.40897838550312315,0.6202282472013337,1
0.7213147842195042,0.8593207279686775,0.5484285668533948,0.7130830427557219,0.33007744898193503,1
0.7927938643451649,0.8172725993868262,0.5711702205418977,0.546257965758195,0.5155942815833517,1
0.1510589028322532,0.9820707345010814,0.4934015066729426,0.7064714580576987,0.3065236804908893,1
0.9971516956183651,0.9854869934782536,0.7587411217086244,0.34111428124020915,0.9462338792729361,1
0.6258547884319134,0.3174157339517504,0.1169697533581362,0.30347118680528296,0.38480841222018214,0
0.646802948499083,0.45092484290506274,0.48503292944548215,0.7933976540501246,0.6341628616582801,1
0.6522948464460298,0.34649022788800876,0.1459561173343532,0.16824737012970925,0.02897253212994122,0
0.029739147728708226,0.35363268282879623,0.22455405089002634,0.09713306951774392,0.611974849395662,0
0.2522711702408176,0.7338718983661466,0.29247379860808087,0.3470348091416646,0.7695332035800634,1
0.47194306466879177,0.2286090896292483,0.20077587169951971,0.9644089077654618,0.4643054982132042,0
0.4945666034858134,0.5849448801623216,0.8208071942522905,0.883854562422115,0.4664233008338031,1
0.9634611793160943,0.24203188552087695,0.5408707264573691,0.21813900984559298,0.10942938072863773,0
0.9198501133492024,0.2954325318603409,0.9119386438721508,0.6580647634206681,0.9049048605171804,1
0.07830688707696853,0.12809040247004788,0.05228160255707226,0.24321911115262596,0.4920924232752609,0
0.7380787690822893,0.10566860311737736,0.6986407700148876,0.08557037651407962,0.013245988505771855,0
0.2917448683195548,0.15177298080144574,0.5679329820780077,0.3071646878250103,0.9883677095555011,0
0.3731260549918525,0.3791002901856063,0.12075437006002165,0.48016611419015165,0.6030612728494228,0
0.2313358910239497,0.48829286462051613,0.9893732809736233,0.7132944066824621,0.2498567710135653,1
0.006266332386108409,0.911345402968239,0.7721873669811526,0.2980443782078608,0.5585454164061693,1
0.9688620418286938,0.4130255690184329,0.6345824398294102,0.9643929590748505,0.9003253703045531,1
0.5301962612763936,0.7546524308430318,0.3163092656680798,0.9405801598411226,0.6157919856661405,1
0.5098266787630833,0.2970307475054029,0.5583400358692526,0.4985328607823041,0.36342289075967593,0
0.2501024263792002,0.04984374723717022,0.4536258891202014,0.6754184373193938,0.1325146477322533,0
0.04782099239991855,0.8108943196087569,0.18770670681351798,0.06165294773134067,0.6924574673887721,0
0.28538686693373794,0.8838754129695054,0.4212710124275174,0.6325609790635023,0.6635358706342379,1
0.16857482455586836,0.4539525961095514,0.8314141962916459,0.47643283778870904,0.47448622086531755,0
0.7142853920256618,0.6767114409290987,0.4142309355733349,0.23509942140116913,0.8599576574694817,1
0.923119807320093,0.20732551142207722,0.7440073010246456,0.4366894364332925,0.8329667281582123,1
0.19123338972366422,0.7332894988890483,0.6315368447838207,0.7443650675023941,0.8650668184467333,1
0.8003338292456493,0.9653126846262375,0.591990202281265,0.7795583057772457,0.4928619268625325,1
0.017114549618061692,0.4105247398977334,0.12191726484285303,0.007957908512905898,0.5225352606461316,0
0.21432725095122773,0.33630856606199566,0.7295376714097734,0.0356375155685994,0.8614801862355496,0
0.31768455527466466,0.6612133504498116,0.5148675199732614,0.3072998880517739,0.06923190486535091,0
0.4193956190811844,0.5706530842447041,0.9407986229133805,0.7990572692824361,0.8872910119242445,1
0.7579110865985653,0.41659482531370207,0.9223659128513869,0.4812682550286239,0.879463944864753,1
0.22906651727466776,0.5388605982374469,0.6291169623781039,0.5055759152382446,0.8446442232640259,1
0.3710380658819745,0.1593184205270456,0.8252741054179342,0.26926107416790657,0.673256807069954,0
0.3714567470356296,0.46591224839807,0.9442252147230838,0.19286180355058558,0.6902324560367409,0
0.9263353731874553,0.8704850048015079,0.7877348338381742,0.136486970175276,0.5789500473015586,1
0.8181298791222785,0.4382043978133603,0.5815546349754227,0.34636100382751345,0.33918127927211805,1
0.2933473078729677,0.2932820406466937,0.9886512166546375,0.21721707922690325,0.5100650743032388,1
0.5317495855638771,0.3738671094342074,0.1561976091582271,0.16449549281996767,0.6522919780716502,0
0.21226582070728706,0.827742408488762,0.6122152948913402,0.13074004569699782,0.35747807590673153,1
0.20762995671176965,0.9833233101707997,0.7038843921730334,0.3749113261214141,0.6168744080688817,1
0.5941285751497511,0.29950153169026317,0.3800840240088805,0.6508187487118454,0.6432511434284878,0
0.873715151544798,0.08651672724742032,0.0831943581493505,0.0643457411046301,0.27530727048905135,0
0.2460489881786535,0.5798518508245966,0.6998223219957765,0.31890088687328333,0.14317601154116077,0
0.11157037518428259,0.7256387113935188,0.43547334505574253,0.9373140773455355,0.7467203692236689,0
0.9990110689891837,0.85016506226435,0.626118297446919,0.9215120092178051,0.7951356165364191,1
0.08733744832396384,0.3996164361586042,0.08425037018810422,0.13169422173694145,0.4523909871376104,0
0.5566214563145147,0.519996773766783,0.40621771719385313,0.7900721248345596,0.9527227836483926,1
0.41723062419976586,0.9125459539767512,0.6901811513952948,0.3722543022294169,0.7160287753403046,1
0.1008026136674135,0.00910239703757143,0.04847735417590937,0.862162018035362,0.30983265229071344,0
0.9663883766965966,0.16134473767059043,0.9463061730585418,0.8900673613547724,0.5450317451695749,1
0.19881699382227802,0.7491411186391608,0.2085340412574197,0.43689666687255624,0.09226129583175324,0
0.7304792451269105,0.6880316713086589,0.4988595340429375,0.75723755960461,0.3267541928650597,1
0.7580703342183064,0.2963913351218165,0.5467469886292919,0.6226535845888296,0.056818910995548144,0
0.999854917581065,0.4127692789760109,0.5939682758921747,0.10164103235759325,0.9797937934981179,1
0.8098407693283559,0.928494672786175,0.930600468973168,0.9735906074607563,0.9102938843950263,0
0.6661797035977906,0.8541870585255534,0.8214191641895996,0.7508252868043837,0.4739358102513789,1
0.3225815104812737,0.07234732119823739,0.6735274712013761,0.5804412966067047,0.6816924104147405,0
0.5029321205208528,0.5708727755079052,0.6581845805677132,0.010262717380891018,0.17649088901347476,0
0.9470077374016183,0.604207561561842,0.4255047642534473,0.7396863840387111,0.8763711773376329,1
0.3583801623063594,0.8411849911554201,0.4970903220343751,0.8611181555848021,0.06811311963703903,0
0.8296743564045423,0.14677690274758348,0.5565494631717203,0.021028294060741692,0.7415429852089153,1
0.4278552033574845,0.5594262885945757,0.15440630938121325,0.2995639753908499,0.684440542979807,0
0.7508476189613972,0.4810546253656566,0.6139385207731436,0.02668211417336852,0.9101947306041336,1
0.2689253490763649,0.10091073799232542,0.2461313106903641,0.8111857916755847,0.16292955972488343,0
0.847808134978416,0.11692844829496152,0.330191257370833,0.3767975630266235,0.05811671440631461,0
0.0017829868791616743,0.2503216125652473,0.260427688584586,0.4133463129692705,0.5555876478434665,0
0.7061707925920568,0.4563372085530333,0.9213270361817213,0.29035776631774846,0.418130282556453,1
0.9815501611060622,0.30510237142995333,0.45737578078023555,0.243033332775776,0.47244100906438724,1
0.9941548242076519,0.7477206825212871,0.14139454508369464,0.06855616477932536,0.9697462972645672,1
0.2524904093817507,0.8542588277159181,0.16278088618443376,0.5042171530539937,0.16722291915224352,0
0.6062215766354897,0.37151461800046826,0.20439522956131795,0.08505484203963187,0.12315171430212213,0
0.14855454824494352,0.6677261601993463,0.7150005291639911,0.9609971577597446,0.16189349734288527,0
0.6653795267908258,0.8052311964658797,0.8439706431270403,0.051076966319910766,0.7505925416787964,1
0.45303955098946114,0.3753362207795493,0.5478100813469232,0.39158829228102043,0.41387759183157025,0
0.7057435356323044,0.04478569680520872,0.7559597778847641,0.48706779772013187,0.3688064187071255,0
0.980724151673193,0.7538613851661423,0.2599814919769431,0.7281751018011072,0.8941436374968863,1
0.5168130871164797,0.4249856629407913,0.9993806450371101,0.37725435338639346,0.7189513486060695,1
0.9510003216903344,0.4155311206210548,0.6984892235668554,0.3763438583537936,0.18357577336934394,1
0.4516940999060761,0.49781749059156877,0.4290848681029593,0.8574599300099088,0.13739475488702624,0
0.3183933352640873,0.761963688736515,0.026848733537649716,0.7493081906062238,0.11138242178985092,0
0.8159290717294261,0.9227011668631062,0.7396103235231315,0.6508374560732751,0.9144038015501265,1
0.5068881105414228,0.798947300866516,0.07089369604373785,0.5270218053098388,0.6695318307587761,1
0.7731204797469705,0.04586798407478809,0.27520361287056927,0.4911846002488076,0.40665021680933844,0
0.2159700761457084,0.4124291045119496,0.8575514733215074,0.5265605737045655,0.21799972941803947,0
0.5535926392864856,0.8864535450226699,0.8308248613746979,0.9369771296880248,0.9114383623200003,1
0.899410445936263,0.0974586051927182,0.20303710254155138,0.2740158139962271,0.79731177017759,0
0.15718740412977594,0.8094104509130637,0.9457908408302181,0.40918075673659304,0.3631183669764968,1
0.23903305823207288,0.12254478338931718,0.6927951025032971,0.7837764612023539,0.21602184170069982,0
0.3644261521384278,0.22907657450532992,0.9821913776520116,0.6131915080816926,0.6493165270216846,1
0.22742295250995315,0.09420229544068381,0.037132799939733396,0.10576348115293976,0.6771063034275028,0
0.04719333151008165,0.4996618921131709,0.9666094558979013,0.909371675503986,0.847885272761205,1
0.09475672629053611,0.4550777358107235,0.41199601424398613,0.9085407151083298,0.9630760189507258,0
0.2195176494795975,0.5535958938395167,0.026668499361884757,0.031168484621227344,0.9540120915350465,0
0.18342527505758788,0.7225043667371173,0.5595142937653343,0.7052118046202193,0.7708137754424894,1
0.997028595567183,0.16663416213052928,0.4385793935995521,0.9294692734642579,0.8719674799634763,1
0.8588580765783266,0.8591634931172293,0.9399161387088918,0.35998111413734646,0.762404893464413,1
0.6584811913932295,0.23567216463819496,0.907889447009078,0.27346828383998245,0.7629332507369441,0
0.6260284342513427,0.8982944527892975,0.4680382255883986,0.4859319959905991,0.9460700102592259,1
0.18704525876728717,0.8784478865373528,0.6420475629805996,0.8498401547352482,0.7564913095627928,1
0.6787790439465183,0.09416947060121794,0.2010994784148672,0.3953328200373398,0.7359533240923187,0
0.23665680575248682,0.013278324545188958,0.01166853712736049,0.27393166659286017,0.5645635801196275,0
0.5743854208163517,0.7363321535647053,0.6016405036942315,0.7805191331426806,0.05336537298440358,0
0.5604879685012727,0.5661228418725327,0.01782013739126731,0.0816458036797465,0.22919311692995326,0
0.8659681696539551,0.05196614997776472,0.8679856074166292,0.6613369189684274,0.6265701615909199,1
0.24819748449835144,0.28835531020195504,0.1312071577124715,0.20418244739412772,0.09912555380469312,0
0.9667061002858279,0.42365457300615583,0.11740165262706648,0.6268714072483584,0.9513082566236846,1
0.4457360925569399,0.9413733769835788,0.02103068432819588,0.9120190372995769,0.3231570105185989,0
0.11712363829229466,0.41783367188527554,0.4620105406621676,0.3457307453457267,0.42390459294529026,0
0.5880347835592343,0.7088736062345904,0.4143112323572856,0.585895782507289,0.8920475887197953,1
0.11801063559718783,0.8002186521784816,0.39008453713918423,0.45175847365290356,0.3640074612882469,0
0.9014118705705901,0.41127939786296486,0.8991043119650065,0.41371350762260695,0.26165600512443654,1
0.09375111984985818,0.7045669025970964,0.4873640500419456,0.9013326342020033,0.0625245876897279,1
0.10412250181323457,0.1905686693125801,0.8283377332965365,0.11420447800599609,0.6895764976904827,0
0.32741280411262197,0.6159676595101733,0.2981345032880408,0.9689927093136441,0.06853729214397641,0
0.8289732796879423,0.9769382658728043,0.0037495213806795213,0.10720199030262267,0.7489641396181069,1
0.7491475973424394,0.9512925052234634,0.015259813496524166,0.0770641510632123,0.962188402763687,1
0.8080378546592625,0.7040905785200036,0.46151641428304824,0.9356695886199322,0.02523506320040325,1
0.9535858468880719,0.22714948378670252,0.8809392668303656,0.64170889508684,0.6507252508100089,1
0.9137573329916587,0.08457908023912397,0.6237284032807955,0.07945334491689793,0.36265395638569886,0
0.15599487410745683,0.9194516419245526,0.7411169539160024,0.7137172474681555,0.4787705513306837,1
0.453264977146723,0.8359213468727371,0.400031673442409,0.5986622923497474,0.9893656456912426,1
0.9212883050141858,0.061937344399951244,0.822138113250081,0.07900942210570183,0.014187841512328325,0
0.4778625674401493,0.16509117747507596,0.06832465050156111,0.5481423632886925,0.6825456004017438,0
0.1658814135431489,0.6130286046047716,0.5079744297998041,0.9457159361761005,0.646104840845356,0
0.4699122460890427,0.11013137852709287,0.01290598382194108,0.4096860816202845,0.023552150502170854,0
0.1893153078051295,0.7290053085084844,0.48993478039073646,0.38754099315579726,0.481444333662312,0
0.31120203610329555,0.9230219830580048,0.6637345385932901,0.3823127042206146,0.9065159527828557,1
0.8977548237303321,0.6777579828587893,0.11298704044755303,0.8852269580351374,0.2575498883164389,1
0.23300713113531535,0.3156437668294624,0.6106406516992195,0.43194763080911025,0.6238661604287218,0
0.26363059021340174,0.5254010697421906,0.24915841975612307,0.8500770190925696,0.12740322858056674,0
0.3759776349861881,0.7104491676815307,0.9737577602087613,0.36860181801185543,0.4320815477975989,1
0.8319234089241547,0.8349804786905775,0.5165300206668191,0.48342970665233786,0.1975746357791046,1
0.36958971116449446,0.35430906857091493,0.9515451280428796,0.7898198875426838,0.3302269874805913,1
0.915483611698442,0.6490861094335161,0.17853248103661468,0.02401746500206925,0.09983791923416041,0
0.9388256435604051,0.5603080136528621,0.8622465093208717,0.8868289926905993,0.9739275872296964,1
0.7771972178118964,0.02471849549199623,0.7833768172479644,0.044104418117182576,0.5036234651376004,1
0.5201738030300631,0.05934472540888047,0.06271420715030362,0.13946441641936969,0.28481810037547506,0
0.9825132198757436,0.5459637129951189,0.519975336700411,0.46057626998151413,0.7603749496787308,1
0.7992671561989122,0.0240330708552553,0.248584857044572,0.6253210193565035,0.3447464756188994,0
0.4454177799867026,0.7844247405225958,0.6553341885782561,0.3960914617847129,0.881637592664548,1
0.8900707193089018,0.7926535759387785,0.27096451395542065,0.3361804568991579,0.8350404393177645,1
0.6240499323091421,0.1557996972902651,0.257437063667469,0.6284953785903445,0.6133739694198227,0
0.18239581898880386,0.061175450670613696,0.946182867481344,0.9609205802829235,0.8048722216483892,0
0.8660258462420919,0.6267353376073515,0.6772501961866256,0.6642428496212474,0.6129736171324213,1
0.0983924411228444,0.454260373650912,0.48645801712073933,0.03126162502386076,0.8473070208409039,0
0.5642862498375794,0.030929106804762796,0.7087762469373866,0.5360914301472377,0.48393604448501115,0
0.7603654529792473,0.15224375215259445,0.06760229204126655,0.6809858361630854,0.7237740086576901,0
0.32397395577861354,0.4197127225245967,0.6759369041419946,0.07068406833592211,0.3369761203545223,0
0.9174340331538463,0.8131260321418547,0.5503675109010686,0.09845053291429884,0.40411773863021105,1
0.4665999355159759,0.6649536274706281,0.2444360740849708,0.9992277688211403,0.45381046579704176,0
0.7803945328810606,0.4831127631365236,0.07833677704563013,0.4144110105718213,0.7083756774162245,0
0.30191672255353363,0.4349674692273071,0.9514532445531417,0.6119067513326831,0.14341469567131893,0
0.5608796736186408,0.2785035260018335,0.9750988328715197,0.5533906047841799,0.5319116289983804,1
0.5421386137778903,0.5929498896863233,0.08499338725423333,0.510477326322063,0.742755789560403,0
0.07488503080391073,0.43976067038965205,0.6179543790194608,0.11766694931660882,0.44264452787367703,0
0.2642474773084601,0.3375231857775087,0.44794873512492384,0.34653492307656364,0.5091927940268656,0
0.22353165694273835,0.03008178921164406,0.48925698883838786,0.43686483634924933,0.16007962559436595,0
0.3349317175730522,0.3838744783056687,0.04519678570673047,0.13671862096202447,0.5045949408206737,0
0.9891996224723055,0.8086064390234854,0.45902172527680096,0.4543502924552988,0.4710841023820306,1
0.35976594499967096,0.8033135485465933,0.649633474113189,0.8966900659178149,0.9849771015218872,1
0.1292180616167381,0.8149741365678714,0.05763899961640784,0.2897107346364787,0.8663760345552316,0
0.6619682499211537,0.8875578689689256,0.5124196089516665,0.7698446851435216,0.7596390673287701,1
0.461886593592993,0.13710195124163493,0.016903229055861058,0.479856041538841,0.741666809903454,0
0.7984834950635755,0.777377569278077,0.10804937598566111,0.08179738723180774,0.9302511853069224,1
0.40273683443835084,0.6595400207395649,0.1016743766992616,0.4267495505385218,0.18995036975545698,0
0.5871080578247883,0.8620842920998424,0.3216176883878804,0.9616309360624917,0.871992029842982,1
0.3994267226611218,0.6568896232042458,0.1866111431241524,0.19899115949843726,0.2204358166234479,0
0.855101019889245,0.5415948917955651,0.38824553239884196,0.37211296115380277,0.09362407917359006,1
0.959048503743294,0.4546987069012767,0.2777291643381121,0.19128938961221487,0.10083908402679187,0
0.06157209753709092,0.8494624780952812,0.5863800597250934,0.806605802896289,0.7619897004925493,1
0.7674671699846584,0.6264494487422652,0.3568829942600369,0.9470672800621464,0.1626153794753613,1
0.1604754774635735,0.7517854413627195,0.1594193742769936,0.2736577746518627,0.22771700010496898,0
0.2443485319779073,0.931919588332444,0.798865758012238,0.13778510397025123,0.018145641381330124,1
0.5130961108290258,0.9708580759308613,0.48813705088615045,0.8589819069658868,0.8684002065093896,1
0.9677401358721365,0.9188183391028194,0.5488026540032834,0.6053954122577798,0.1729714067520226,1
0.08405656337939826,0.5778176216275075,0.6469667523797238,0.26249461066890234,0.3885143004884881,0
0.8863484057618575,0.22025092117976608,0.3409881422805867,0.44401997499234025,0.6413011346133272,1
0.40764423342266454,0.20221740197152638,0.6468753525095059,0.03090795540088065,0.1465022713222499,0
0.44033819298071075,0.2918530857631313,0.20502968661456888,0.9725523190516235,0.25137995481409414,0
0.6911905460320571,0.7758294015026287,0.2167456215819238,0.4176476318464002,0.9071256214092452,1
0.31110309569646755,0.14507099144120406,0.550299845293625,0.7350747384235033,0.9295411776248991,0
0.3448722204585052,0.2997363884083687,0.7013446977988617,0.1575979508005425,0.908307420880071,1
0.522327837992319,0.29079000939288635,0.14157632984286606,0.5413790735953925,0.8284360847875816,0
0.3873695894324062,0.3807511445329004,0.5079840540066236,0.285196114491719,0.3959762534616079,0
0.8211476376323461,0.23249309132391183,0.7483670580015657,0.3739014347434405,0.14056794194143973,1
0.46770261054940765,0.16766489168915288,0.2429339107974503,0.8616736916396872,0.15797751982068164,0
0.00020488755268632808,0.5911067812298262,0.15640746907227643,0.9593349984079778,0.17580299147745226,0
0.7325721769150808,0.4460589350104198,0.03181655335838052,0.7865003429357217,0.9047655164878018,1
0.3776130923759393,0.3303849524721453,0.8354633313905889,0.5149328016144186,0.9603640647996952,1
0.37380517966233895,0.29682093319562985,0.157209219625987,0.41536336572694543,0.9844756751160255,0
0.07091365160886032,0.763065103336709,0.02957289817909592,0.34250200823502597,0.9274934722950098,0
0.17568489638546092,0.21424941046857737,0.8385471171337944,0.8973584357971895,0.24191139552341756,0
0.46229678513925865,0.08946444257316899,0.12419857765501008,0.09238150216050067,0.5437822537441824,0
0.5075153280964844,0.4180592497759066,0.8891931183854285,0.8574295322311988,0.8077909816826857,1
0.08424187053710042,0.3408329646869248,0.2853398461979294,0.626580058100302,0.5804285837709833,0
0.4370940505229053,0.42274617282841465,0.2384469867195399,0.9134193986276573,0.6509418141685406,0
0.4896147797016076,0.6240738918012605,0.9191427083616555,0.620530697325898,0.3900950727814947,1
0.1788399569513619,0.20256089585768233,0.0484502846368674,0.28638881130759575,0.3863263292744201,0
0.5743250470795646,0.37802586271303085,0.8257977713500868,0.6972951515029538,0.6581090942197344,1
0.6459814694533497,0.9066216296649859,0.14657935285394796,0.6280631922661978,0.9512917149384612,1
0.7020264229277902,0.9183462447071272,0.67915856112129,0.4265972364389101,0.9958027131904789,1
0.6121601795516057,0.6877061985591006,0.410129416190647,0.031657252757596455,0.08166441050796802,0
0.8191017621940514,0.39765601998550515,0.9495890908875613,0.3469171105448936,0.14413561413959264,1
0.09060046313119918,0.12047955907903585,0.34309139404352784,0.3029222657453726,0.8231756352612349,0
0.7483537270788103,0.7184334495986932,0.6464880955040194,0.47427933582171444,0.3747662280312979,1
0.16905626626458525,0.7543398704293107,0.8276350435167154,0.6718186393938369,0.4579207353335102,1
0.40092944492318716,0.3427281106157357,0.31323039198315805,0.09493091807830356,0.6743071550262845,0
0.7755467275824969,0.8832693140245098,0.24512826928953702,0.2535162785699093,0.6361398141479465,1
0.29596763200178244,0.6444265768323993,0.526646037230182,0.752196962623395,0.13106529653714472,0
0.683804099768222,0.4050215937184597,0.8144803835205776,0.9376982522978501,0.07892276761999883,1
0.4376423593751184,0.2708921794132715,0.7337439049672079,0.04516029221034212,0.998077310029771,1
0.7172071278707852,0.2596829147110483,0.1620545628010165,0.6479750298373884,0.7030872379183457,0
0.7934619056807337,0.6792385332630754,0.5204163406372557,0.426541870041526,0.479801938374919,1
0.28406047343781604,0.34533152823263835,0.08448113996545814,0.03567298697960619,0.22725908105725767,0
0.8244492931341084,0.2204320422967495,0.06394921135915377,0.9675061342341542,0.18708455919237954,0
0.020127886971269104,0.7484013459800485,0.9806622878542516,0.9318652354004587,0.22053705589709538,1
0.9232869534500799,0.6337900546771701,0.35748869453969334,0.8552952543129305,0.8309977268485412,1
0.3286627633970418,0.07376649597313345,0.32424902901051356,0.5667891184494297,0.08260313798506103,0
0.38183926650400035,0.7199342828367902,0.910650795707755,0.8214463159126234,0.00012143214231874477,1
0.13755501354853783,0.8238983257746513,0.30248781042171824,0.22014867381711023,0.41759879713738235,0
0.6813575244675671,0.9450383806403819,0.10047320946272265,0.5898385366798312,0.8874660515795147,1
0.4533686835968882,0.8484584917213844,0.37504939259627057,0.9250558130691738,0.7658646457799938,1
0.3427103612594582,0.4485297547206665,0.9974914242744375,0.7877397600492404,0.5576940003442291,1
0.3546751643497055,0.6569483604167092,0.17897295892506693,0.5118639061739642,0.05298533822993645,0
0.6310386277867754,0.4053492999634559,0.4641830753635824,0.550465837791193,0.03371322223222095,0
0.14537140105490132,0.58185200177721,0.5163899526104812,0.2767444993094562,0.07894456647445303,0
0.2588516885534571,0.9009991315757979,0.15815937039161587,0.7033872959771332,0.18988348330462013,0
0.6994424364274581,0.4948741396540024,0.599791074563973,0.5265456748254005,0.8313222992567605,1
0.9928129411911913,0.43536097964338594,0.30965947541898,0.3650125256677472,0.6188241552094077,1
0.3054840777806399,0.13603359185509378,0.8663968416986436,0.6782866082997769,0.14445513886642913,0
0.24565083493147644,0.4986109733629944,0.23862513657524032,0.9671927118361657,0.07210086855612408,0
0.6362701327151519,0.8665910857727049,0.2048196736587029,0.5191378098864163,0.8311855012696538,1
0.44167706417644914,0.6601451342416506,0.9535325936318461,0.6293114403682806,0.9205839226142977,1
0.17642030079303728,0.8702111221038171,0.8527589885786803,0.991416720540936,0.6700320498404635,1
0.8126509046976357,0.1838805220313222,0.6462139343873298,0.7237255247182135,0.10786161097344527,0
0.32886712224948,0.9775953284844083,0.9533262628196085,0.2783546922896527,0.2633688845834842,1
0.5213308870032397,0.7380485853901662,0.9345468004025398,0.7099815221886876,0.8121422370079321,1
0.9313123952150388,0.8840415037974622,0.522378477463433,0.5979584435003656,0.48626098873572055,1
0.19341227759445645,0.4537790882027958,0.1588963447497045,0.8489347759659097,0.5699270308304275,0
0.30654303911134595,0.39442323831139126,0.19976680606033748,0.4022350809042776,0.05099457777271976,0
0.2603303645277659,0.6900412780385355,0.28193571029653675,0.5015104572489614,0.2178729397292607,0
0.0441365167410408,0.8054196527716495,0.19871870193147867,0.07892776441378702,0.1648017796351825,0
0.058022891159612566,0.7299904030301299,0.8560796213621856,0.6272267765696791,0.9915188361896168,1
0.6113388438157509,0.8831153268893422,0.7108153138035476,0.4159234060459269,0.7203262246815476,1
0.3135736380297134,0.7269898916765313,0.972126692256984,0.13069443478431697,0.3127994246187249,1
0.07722267652373094,0.7790944773648811,0.5217271227333283,0.5490899740489017,0.24704786338742002,0
0.17764997967522267,0.19182871081339836,0.3013360792334776,0.9890964213483464,0.4667001460280479,0
0.8730901466019522,0.36039196980383215,0.3775561808579396,0.43038501595503054,0.46288801909005595,1
0.012710462280590806,0.5712395008491278,0.015574958115201376,0.48234560275727323,0.3550885275026687,0
0.6269281042913086,0.07128569872968205,0.2017327778228517,0.26590400228352273,0.5370211231197729,0
0.37327914208071744,0.26077452587243755,0.9846544175139786,0.11182160860500545,0.8932795564768093,1
0.5955133452939156,0.34164079351394805,0.6946212223466907,0.6031689739705021,0.2957427003033153,0
0.1432517574410921,0.23221610568376927,0.586502572473206,0.16424040881284863,0.6916906991111275,0
0.5134489681244787,0.937328649648587,0.49383731094316075,0.4399447862015222,0.5170611605021828,1
0.8210428684581887,0.8786776940303093,0.33459023217159045,0.5148993880030658,0.044749381633700236,1
0.4858698405473001,0.5577216724192595,0.000863447822312513,0.8717990287860204,0.37021048717693783,0
0.1760640930913021,0.5587241117160856,0.18893874883138995,0.385593967093082,0.810985356720388,0
0.4766010696159413,0.03562960912712354,0.885972334908842,0.782853035402729,0.9658478591344184,1
0.31592594918708616,0.10929810789328176,0.3071554357647227,0.2526167447128995,0.7275124086382386,0
0.02108292168617032,0.9352104829895727,0.885063326019549,0.266439092859418,0.3812953874078474,1
0.3441392755325817,0.3949220178506192,0.7709693554186849,0.5101599664743525,0.021208227629783694,0
0.35760459303752634,0.41179772743520293,0.09419583390420805,0.04042982965001085,0.05816020416277068,0
0.3526608744785099,0.8138085317076161,0.9029184145902599,0.1375168879142329,0.9058254952786575,1
0.8428998690082143,0.19108495870740805,0.49489861758876796,0.11019363499482371,0.46467680567751257,0
0.5713913589974302,0.7884983195095793,0.9854915405703922,0.15666675090710636,0.09914497857016624,1
0.8908509957149207,0.014843599183955059,0.8705900944567164,0.4673259843630575,0.8751941274115456,1
0.30454255192444357,0.4487721698616385,0.7554440177374271,0.6568346620343987,0.6168882941047813,1
0.4342632369556436,0.22965727831484462,0.6017351273233916,0.6325918258764841,0.6099754597803031,0
0.48584388600259154,0.9790206467423088,0.6367348229419196,0.7375016422984224,0.0652967368705496,1
0.7201249643205985,0.16787808462781117,0.04309084661678508,0.2678212637212798,0.39817992071382935,0
0.7923418605910233,0.19700494593737505,0.8000850945436047,0.4706957281795767,0.9089682972017814,1
0.4225817694030872,0.5880782814410178,0.09627930717600275,0.03478696353544075,0.15575757163521176,0
0.64569857023641,0.7998696688031454,0.6538537273258851,0.6174888848337168,0.6743943505847765,1
0.24113283686297737,0.11502192473208883,0.538445567348648,0.49076251742105026,0.6875839510410517,0
0.36350260790342237,0.3441974042922733,0.048960858066579904,0.04884251535136286,0.10113948262890393,0
0.3142033415794194,0.6660192631567387,0.36324393547820455,0.17370101186127607,0.19226977197147954,0
0.2675906988121638,0.6271471729925094,0.6432401926465894,0.6734540861659077,0.5801420360633928,1
0.7701116639660839,0.4742426960233591,0.3924719255651231,0.11115716001289677,0.8148690121270877,1
0.4175902310544153,0.6783871302158634,0.1352562669658428,0.0015046368332484183,0.7995431072024499,0
0.6150664422059687,0.05870446060379331,0.1694810339764744,0.808493543218041,0.5618978486346272,0
0.11023203928981473,0.1518043768311389,0.8117609647318407,0.7320414704767658,0.18321466449703427,0
0.4265803390533712,0.2622940520575423,0.9780572064627754,0.5732008224097999,0.5516700195329539,1
0.7326548457566366,0.45936916432309727,0.8798168006449896,0.9364646497087468,0.9406204399608091,1
0.31165307583081003,0.33512232360109884,0.7867889446112377,0.5094470592629917,0.5970513908796449,0
0.896641517660093,0.5175121028399181,0.6939900439307918,0.2858391794175972,0.501630238563474,1
0.3137552720140847,0.7144132106839409,0.5590279411337049,0.3199481841520274,0.22014809944973823,0
0.917777966792942,0.5616509511610105,0.9967960420924383,0.7270579068502294,0.19960097224466322,1
0.9514892331503515,0.46198954097103295,0.9276596203534726,0.1767257658860646,0.8531916207823116,1
0.6661681358791776,0.9944741669192103,0.33602684423956297,0.7004785946594192,0.6781228135902244,1
0.055069842686914616,0.5293748513900424,0.37635970677489505,0.8154746396564713,0.38317081933681296,0
0.8882353741651352,0.7871910701578927,0.5123204423881459,0.10302589883180524,0.689403579621753,1
0.5144877559325225,0.35917310793684465,0.32498157446547826,0.7025102691931677,0.9908483640636108,1
0.05503198480101146,0.00674407129233523,0.4648434460127674,0.6772623078704347,0.9469189953440206,0
0.7306724430290624,0.6175941785811285,0.927815347183871,0.5281579612432861,0.18973727290006182,1
0.7783655769782482,0.6386658741185259,0.42098045825991204,0.11810741083961118,0.5773988302277105,1
0.7670360536913148,0.5894947409202058,0.8293168703762794,0.5346691295075283,0.5426709340184988,1
0.7152025548798586,0.6181412980014807,0.9287417456992741,0.137626595287905,0.6500763575676524,1
0.6408401059986137,0.3904481005383408,0.6199678191098116,0.44564441034732805,0.2198152816068618,0
0.5897878096506204,0.3119425505204172,0.4191528440179204,0.8117306879450341,0.36262643500433,0
0.0798810198900688,0.21673698081477966,0.9333247467617986,0.45990703398324795,0.6871212221332603,0
0.8745328136105899,0.8163384819523111,0.587672274117601,0.30987423592299057,0.846729092070131,1
0.15784421540838056,0.8201169657785442,0.2834545187232339,0.13971650560048954,0.10371120887723739,0
0.18578133182432754,0.0304929926155606,0.5296592178901108,0.3121990325896191,0.8962133861205276,0
0.8524881171688024,0.02789291887700107,0.3781408276988729,0.07674195705453946,0.5120353349130085,0
0.8178391607166346,0.4043089394492181,0.342363483403315,0.49620872299875074,0.9339572844143479,1
0.048890217997491936,0.5071806178204606,0.6169979537564091,0.9281445813765606,0.8909460110507423,0
0.13092658840535087,0.8095962290650273,0.2766618023618478,0.4342535642844083,0.24356134592386436,0
0.988707660289309,0.054909007363025064,0.44180135683774135,0.9323178462893368,0.05292761670570545,0
0.05369344600616999,0.5730730672924905,0.9952302734415717,0.508950716212584,0.8137118413893905,1
0.6528234990377654,0.42911526409263256,0.5003451370099244,0.9140294588510496,0.9203175124778286,1
0.8502516323054732,0.15431417163547567,0.7645861289040934,0.6638998625706417,0.19077964564206162,1
0.10924687767664021,0.5739186232436193,0.9906899188405132,0.6171659355466462,0.677775880643103,1
0.8873516069481029,0.7466182377907004,0.629156216870416,0.06461762855025677,0.9128525124459294,1
0.008362489169767562,0.6697502666422589,0.8001311615957601,0.32759621321673493,0.22098358630570236,0
0.2997938425919061,0.7706309890664402,0.9859460754590439,0.8302171317871773,0.12246157436377614,1
0.26593515390557354,0.1456950308452204,0.39248179973648734,0.5045989872106659,0.4997097011478101,0
0.8630179206946971,0.15289316238097272,0.5841371520188997,0.06006925091851367,0.903832540588048,1
0.43155192762823713,0.17528465487702205,0.23910359391015512,0.13830087097430055,0.25869031265464715,0
0.20452072309036595,0.9099341113974095,0.245660814707916,0.45992544302663396,0.12344443701359264,0
0.711859981893485,0.5671945227659256,0.7598129447118698,0.03268926674215111,0.5573688429153992,1
0.8739653825743294,0.33245885440296963,0.908108438881182,0.24033496857993597,0.7634281673016595,0
0.9718948009668666,0.7493733943995246,0.20318595295424335,0.6880493805603709,0.7676321532957119,1
0.8907123646752446,0.24585205316171777,0.4507126227589463,0.13499043149825207,0.5132290437805116,1
0.24980213441927024,0.06057061480193893,0.05232294554566319,0.31888431563571595,0.5480427727492049,0
0.9960413599910117,0.6311797752697742,0.7117286794993477,0.8508862817893876,0.22736731577627833,0
0.6844793257127091,0.2091904952013971,0.3304229582717054,0.2678339991133202,0.9437265671957142,0
0.23897058585059394,0.20815617475838777,0.9038956848121543,0.11345940149204381,0.011325919090753422,0
0.1640251889328217,0.04200906061388532,0.3555205902007873,0.9269359222443552,0.8343102606505033,0
0.6260270060778248,0.9046298296251385,0.009587718785456611,0.42757723256284674,0.19850893396930658,0
0.3355529871265648,0.7857048987296146,0.7689510132481724,0.13159690175471683,0.5839421377366787,1
0.8390008977996323,0.23122052988631514,0.9673923876443077,0.6886765555701599,0.4734767277139522,1
0.9061209957148731,0.9671358151876397,0.19613680588774463,0.17958090480549938,0.97726540338973,1
0.399774037450344,0.41174395739705927,0.39593887854599974,0.004816572932359819,0.0052774091714700155,0
0.9841601149758192,0.6613685122834994,0.07030343119319471,0.5430666826491802,0.5531571947040784,1
0.7463290609749312,0.58278724197048,0.49660889894477656,0.49787309259973134,0.9112430131883755,1
0.9953802800506358,0.7616156645024784,0.7683263380078845,0.6172600092622517,0.5336356525494201,1
0.9507014417368658,0.10450889073387826,0.22233356655784464,0.6050712905268022,0.7697081366435674,0
0.5387968602138699,0.24235814610091766,0.8118421050804331,0.28254961903032383,0.16985447102049278,0
0.061930609602436903,0.8967404035356812,0.7838230550520325,0.3983055440026291,0.7441808207016603,1
0.27236017700393955,0.12604544926474426,0.7631574627041567,0.07379447519950155,0.26988853463213014,0
0.6427847666049409,0.6509051921536322,0.6945823110420511,0.6148670724347003,0.24695604771638668,1
0.6591298691718163,0.1539799368587842,0.10880987333763614,0.4102524454138238,0.18434538226441066,0
0.7079791265953014,0.42148334612597926,0.43036719107962174,0.9969612102267592,0.5275722162485921,1
0.39417486040781424,0.4173623561972478,0.872278098687432,0.24552109508964248,0.8189625765111117,1
0.35591958187104566,0.6835841057378701,0.7664415598220102,0.5759923468006424,0.027144294232635202,1
0.4204692434421414,0.9494813470519478,0.8166836746031048,0.14025823289294592,0.23578718455974768,1
0.3615278281945732,0.20229345800467802,0.796343849977475,0.4686351286403059,0.12870800143143013,0
0.08661849744196293,0.9457845997445393,0.807819588842308,0.31598677989055357,0.7631487671570372,1
0.3652521707290042,0.16915005460689825,0.471456497278127,0.5126056816257412,0.44221487760406586,0
0.2308742072537877,0.24019276898980224,0.09229658182791212,0.4866768365305725,0.36560323586809385,0
0.15478179017174476,0.49207267050183146,0.2118870495341052,0.9521432235778953,0.3613422456233435,0
0.6444113597771439,0.6833106879143002,0.40714796517819984,0.010680670154207594,0.04693368055938507,0
0.1468974937539984,0.30741316910959837,0.6335108551373313,0.8022202708794094,0.7767827954773711,0
0.3285857829216716,0.3105432098520021,0.24757807071255744,0.12114475933505908,0.297636371500244,0
0.8795336964395642,0.45220770366454366,0.4473864248547227,0.3614411854519657,0.3318819036899243,1
0.20474014641792204,0.6004039225284091,0.1798042980565373,0.0034345758408693694,0.6763842574674453,0
0.8818616169298147,0.7321408964176482,0.9913910798474034,0.8380538892871775,0.29570941619747815,1
0.1637636838390133,0.7389928661353916,0.48893300174039966,0.28031478701026624,0.9243636199030175,1
0.5850932901925081,0.8733828544505473,0.35061441322583964,0.3487540233821379,0.7005092751863229,0
0.6283395949096905,0.10314905655715212,0.7589173649394534,0.3468121746879673,0.01717560074997959,0
0.9892075971017557,0.13610385309772588,0.8523877262204212,0.42763405317630954,0.13709490190381146,1
0.6212336602105388,0.8832952298481321,0.011132249301929131,0.7760334519710135,0.18402185199841625,0
0.2168097484855751,0.09643979773507094,0.0947068112877747,0.5391441116679542,0.6631596718647472,0
0.08102209926407122,0.046065441993424994,0.23494222326160386,0.581029456161873,0.8532074693793419,0
0.7190250039644756,0.7272667269759756,0.5535038296854168,0.8473507315394503,0.24892231159110156,1
0.7155495348109141,0.8320660432948563,0.9902908904176643,0.19139593592698245,0.9848900222498165,1
0.4744082279792363,0.30407212307968456,0.815264373913214,0.5848279042375398,0.5918779224388367,1
0.9563403387032221,0.9762970458776306,0.7389074526080366,0.19093652750396695,0.7673756963766858,1
0.9601785455166177,0.8777168242660345,0.7523111381446472,0.7296670856660991,0.16321187541992288,1
0.7114739784006645,0.11727901260898355,0.5691735599257497,0.525263658672985,0.1750968031820398,0
0.2556299468704084,0.4801070418413794,0.14108435886565118,0.8576743847023385,0.17638947693238383,0
0.2528762300220514,0.06955046727866732,0.9977980958175837,0.37623677634016306,0.016184458202418872,0
0.3182344826173411,0.30706583788033115,0.7871427445636106,0.1432841642822329,0.6681269431618576,0
0.3565788564111829,0.7476296896897592,0.4840396920930127,0.5868396837778437,0.7883047431737148,1
0.5182221022806167,0.6887961483682361,0.5666764857059419,0.17028550672944542,0.8073299914610416,1
0.2876685240409671,0.7236168537812485,0.3051289080759887,0.3968435119640543,0.9736380026632644,1
0.4994134581589884,0.46384857327699935,0.3579806136325898,0.22774121651412427,0.0525958676967182,0
0.9831532286132607,0.785710205102336,0.9069334281506195,0.7461989831128768,0.9206311969092124,1
0.9719897927543615,0.670664891379542,0.7412278055138164,0.24380194877316397,0.9992442568749884,1
0.5217135402637003,0.5847942671983785,0.25883383487024003,0.24812205874734794,0.8500054631561769,1
0.9028506046342042,0.5691054578256075,0.26020151115278944,0.9044869553272095,0.7992226366400089,0
0.32409030107088055,0.6587375581446171,0.26630872928386695,0.6193693954246029,0.7258001600579148,0
0.21142485728075378,0.42848172433573206,0.7260552742072178,0.016487444292269116,0.688221917491661,0
0.06331869079916597,0.4556396133474454,0.7122810341194153,0.11005879835229648,0.33979311550222513,0
0.14046758410210836,0.9730085148019955,0.38745469348595674,0.19897599255317744,0.7446317601030445,1
0.10969832920767408,0.1278988220002637,0.7579033261855271,0.11932497299692713,0.9086757779424347,0
0.001157566863393522,0.1607596798295826,0.5952762139733685,0.6382977024945021,0.6798267056215668,0
0.14439857161438485,0.9434750258081758,0.1520374666895904,0.9081761183591115,0.7279936312612678,0
0.8079200969774144,0.9333838444080919,0.8763705887290659,0.5558020161056287,0.766038186033866,1
0.11960779966357182,0.9495227377043615,0.8634725433601887,0.9804474413346314,0.2730489302432936,1
0.6795390670333439,0.8717032115667357,0.3009974432822822,0.16029211784937936,0.4816864420395808,1
0.9072699721482308,0.49594257836644307,0.42689180318118414,0.9748634213761859,0.15590646860831914,1
0.21557297074483217,0.6008848809651296,0.02335691602368617,0.867071957707506,0.5199360307400797,0
0.32070976600804635,0.5610079623568451,0.6962126035160466,0.7457537215421308,0.11474854726294348,0
0.6124108913480758,0.22072902336663403,0.9565266961139578,0.8653803157898173,0.22574797535034763,1
0.025771920798402514,0.1741597335559174,0.33363716055893466,0.1818758354932255,0.43227556864896144,0
0.9596874654011952,0.1780736652392646,0.8382142532613391,0.003612290064418433,0.5017305366224818,1
0.9954853462556815,0.7189166675972045,0.4841807795104799,0.9916346723101608,0.35966575223429187,1
0.4807924360486008,0.8762301058671421,0.9327186508088031,0.11089914992208538,0.4702999120925826,1
0.1614723207295421,0.17555996627310966,0.946296476311867,0.2532017128971148,0.9480195222140634,1
0.7597750111774243,0.5666247959295468,0.5755164186906365,0.9253851940158604,0.7279331342819437,1
0.4300935368932497,0.5145186097264324,0.016048016810081722,0.8392047515506834,0.058373878924378064,0
0.48465827686704854,0.06803533392725347,0.5361691102811417,0.6098803288754296,0.3342933648982127,0
0.7900985476536045,0.5399064834869834,0.9818618924800571,0.9044687915342037,0.8122885040865284,1
0.30670004180119614,0.8701757193852224,0.8721980294336288,0.9939978539796986,0.2597058597139412,1
0.16760189699243444,0.4346852951145501,0.7873754759904354,0.7802112643916678,0.2807405503876039,0
0.8291610904698224,0.24652075252705885,0.8827119783064141,0.8403148328154403,0.024746218351834326,1
0.2228569736885847,0.3038917234671905,0.36540448141848825,0.7898684538207674,0.804802939032506,0
0.29689922177593475,0.7390188482451949,0.2650997575275804,0.6252955904809576,0.4941587942306038,0
0.7079221317711591,0.14159557344085927,0.9715233753886641,0.6591244225281342,0.5619033082900295,1
0.8140911533352893,0.9606675031776147,0.6330269874016636,0.5313139671193206,0.20744565314623298,1
0.9263587794328223,0.7518506911707915,0.8107077353147639,0.6341763617469308,0.47629882566701653,0
0.8537888527962232,0.22588844954598153,0.694617924212287,0.9763222343099806,0.004084734968162307,0
0.6985166875662815,0.7530685128767762,0.9068830132117085,0.8970996898286876,0.4292874003125411,1
0.8980258231901206,0.5156013184280427,0.3138867868230667,0.7148602880240094,0.9185132726938365,1
0.40354824566623637,0.30203766303250323,0.45117456578119264,0.9624944432901608,0.008073127543279601,0
0.038593941565129075,0.537725156732651,0.00046190382275679287,0.7597078194787038,0.48799450898846386,0
0.9256187262183719,0.5512218902838444,0.29642953241723824,0.40207400987751873,0.25078019878616153,1
0.8485997371518218,0.18014474824951254,0.21030723457344935,0.8972195442976222,0.18349426426180704,0
0.7873508398540647,0.4683844687026877,0.5909012300147267,0.350092308161972,0.3326324746410838,1
0.754676625257432,0.04037658978490599,0.8612812092140969,0.7041025296872188,0.604922984386151,1
0.059444264095232846,0.6730622750358932,0.41213031115905585,0.8454061251731225,0.07339631699993188,0
0.037075146110003954,0.959309996075955,0.41459024880448725,0.1578286716084384,0.8376603261188655,1
0.6585343415570656,0.7763934176548288,0.4891973331225459,0.059906438469979895,0.26938640041047135,1
0.7185864772973304,0.8788405305343547,0.7451313075851956,0.1253502071231104,0.06112781372584186,1
0.8606461398676316,0.27134070569247404,0.6890807618374227,0.8593181721922637,0.03970708386571198,1
0.634113653992468,0.16934377774033682,0.34468359326511167,0.7635334505449292,0.5618498673778524,0
0.34896691514367295,0.5582681883146412,0.32401240529030095,0.5119620646557451,0.29072091452586846,0
0.9287095216474592,0.8207529261015382,0.9828501194965329,0.30270914680763683,0.4342970191009634,1
0.19077333591564816,0.03839648523975858,0.7932193533044113,0.214396622131107,0.055617322469683206,0
0.4757201904310998,0.04766251771274432,0.0815706046231589,0.13500784091635365,0.5252459725981249,0
0.5229044742469405,0.4701783183374736,0.5525624191100077,0.9017415944412726,0.6833358417431066,1
0.6709017313516814,0.7486826938095186,0.04965828567592134,0.04172436210948016,0.014455989008640091,0
0.5684359916210842,0.1685530316580286,0.6345780588603005,0.5859718005226313,0.6281409412443293,0
0.8531234023920413,0.4131896902735466,0.04725171483393975,0.003993233281397335,0.7377637176905965,0
0.40598767843704464,0.6999257886121503,0.8837072032278324,0.635968294933317,0.6827497548288117,1
0.28480632314393495,0.28149532425220514,0.0005008724489562466,0.8666583571172514,0.30559217033008446,0
0.13207320616174545,0.029569176709360656,0.6961909289380125,0.6856964457164643,0.019043341514867196,0
0.371628687964658,0.7287015723258704,0.6434881966146402,0.04112647697609251,0.2614714397042681,1
0.7445711496455689,0.553075600453837,0.5392646629806431,0.2602652598021822,0.08717459568556485,1
0.9859650325502555,0.8110235767505076,0.653961490755363,0.9495322041359279,0.023769503367650047,1
0.28549084165620686,0.6132408786101082,0.6835232643109788,0.5444352317878832,0.739934823105629,1
0.20678387767498252,0.6514793774911309,0.4835954304131703,0.0783875306860875,0.10289839101021947,0
0.2599420186527164,0.6214438826685954,0.6663802676499117,0.8098022749424859,0.6537577694797538,1
0.4939319218331405,0.6225496396317047,0.24204637005551977,0.34672336471451415,0.36778296780311426,0
0.3353217092875058,0.6077117656102511,0.9577388622293332,0.0614702136803148,0.6168431449767621,1
0.19880348418781923,0.9786065025308999,0.6889957647817584,0.39923403228985954,0.14308016241504495,1
0.08552205525481371,0.29762991165837627,0.1958287468648181,0.22894534848860937,0.4166993299209186,0
0.5869015055436353,0.3509643118149811,0.7993911427315613,0.5688482758771577,0.6845088910573589,1
0.28338395052079945,0.9755832516133388,0.4008305543221885,0.8094442129541479,0.9396888852818643,1
0.00512894353579274,0.11627222806716131,0.7085217085080785,0.813423021911442,0.136667507639043,0
0.5602983064175195,0.23617931390659674,0.6174781313663343,0.6834552456733188,0.22534161152018317,0
0.9983552511402586,0.08723595749737145,0.16634638287703585,0.4316743580345995,0.3340777884242112,0
0.19980767713759917,0.6416369365853632,0.5263975240130875,0.6252559958577955,0.14320944292691706,0
0.2381431088848487,0.19091187833823442,0.6695083101684376,0.4352348566358678,0.047275092617068304,0
0.2674000938150656,0.6715497432752812,0.3388222456702167,0.3706087561731959,0.09394834681814201,1
0.3276425641621603,0.2497254142738793,0.4367531541190499,0.9941619512972902,0.44704751953916355,0
0.7832868219753392,0.5891304227379741,0.7890569008387078,0.18625475198960795,0.1089734647365519,1
0.652819058232538,0.11655368238325026,0.07231959497468199,0.058668445856702944,0.22006902096707937,0
0.8435904981598344,0.5828542243892468,0.8701808469691651,0.8409702836450005,0.6317765633038934,1
0.35617244242828516,0.30507035895393475,0.4496147247071022,0.9998647755500736,0.42578220902254393,0
0.2614455632854209,0.9601275010756364,0.1165519103082363,0.4286018726861772,0.886959285410702,1
0.29921287987679823,0.1168073421908915,0.55476543754956,0.39422988245674806,0.7823515631648885,0
0.8944226706947183,0.4388739689547809,0.39561152623173756,0.7364430096798438,0.6531424571388182,1
0.41309116111673394,0.9817860134062113,0.3374025378359372,0.43547130263384737,0.2808848725600037,1
0.3093700458591163,0.17685205708886242,0.7930292931117966,0.4023315369048751,0.339919697887061,0
0.39015645903084484,0.7920606735969172,0.634152465667294,0.6158783543944136,0.3392906352506937,1
0.715485782731341,0.09806395692251801,0.36510605170885646,0.7701570478459758,0.46428531481325264,0
0.6454486705207934,0.18771747972950292,0.4782250787576159,0.7407207100143619,0.06043994543370479,1
0.5221630020738729,0.8909380966313902,0.7486733696590552,0.6434523789668616,0.07900416490902107,1
0.06932181648716707,0.49076957667387533,0.5092881707384436,0.11325049428050116,0.8187528861059851,0
0.8291550077702963,0.6506246612164347,0.7728234422127676,0.6998856094248318,0.22544630889443096,1
0.9391896090509689,0.7939884544592117,0.7953172702520148,0.18224609241766765,0.36396212347711987,1
0.46686954262743563,0.8878000901639054,0.8463133407150948,0.1281140250918139,0.19376247474565877,1
0.4929243274694721,0.7863159043992478,0.5659560957691155,0.3538177701912065,0.4729829939512644,1
0.9377782754716794,0.0072190207144994245,0.2608570405185313,0.061398704412804705,0.19790034788229582,0
0.6060801501288136,0.48143035927858246,0.45720994101370305,0.2454553045358402,0.4100369288301251,0
0.4565587088452039,0.061344386160335995,0.7904832589786029,0.5618361492240393,0.4395382833517646,0
0.48507810060091827,0.4492796766674316,0.30339041567971403,0.42328300973821853,0.987196703227326,1
0.6632107347953721,0.4135553341308098,0.659418099470309,0.5858307170745595,0.7525048688881754,1
0.5340606398427178,0.38002853350599386,0.2006043092362444,0.4415859221015088,0.04333788916116077,0
0.12606547437162618,0.817061497070462,0.39231458423392096,0.1318978293331332,0.5500133061469746,0
0.050136665981128425,0.9019796066227813,0.7786911673385815,0.8931051200226533,0.5835028393614193,1
0.7313858825090201,0.6427816267295998,0.2528877525440836,0.9540069806121082,0.30498557970624485,1
0.2378173137583377,0.4701168806080821,0.5389427607796704,0.8641654759531603,0.8310751254096281,0
0.25986375916750026,0.49657697834817627,0.7116937775429588,0.9980940946121364,0.8033710946863009,1
0.7879217178839473,0.5650516000450586,0.5773202552528013,0.10976193234031895,0.4574938232328133,1
0.722558358373185,0.17282522950841384,0.9644378449668454,0.03763226743488379,0.7865052688531113,1
0.5618167205584514,0.29335031503655484,0.6251902178054541,0.5540692706391978,0.7520802001776224,1
0.9749431036096534,0.8808761268155532,0.5373949907196381,0.7093667244116482,0.7559914419323012,1
0.7304641855912316,0.41657640289389886,0.4463745939292715,0.4025592793344205,0.7941069365448914,1
0.3843160722874064,0.2871912411756403,0.9491923788061389,0.9080734947568752,0.13554050683284313,0
0.9034759370934942,0.2632020017180634,0.8685926802798314,0.30070812321393625,0.016456180923333785,1
0.18409666506078237,0.8746939492703042,0.9591594928485726,0.9635012730538967,0.6149596498858966,1
0.8833096098911056,0.2713313014716905,0.31845699235457425,0.605532710123946,0.7349728229516074,0
0.8176942301513096,0.4567050859147992,0.7852599083821106,0.4024452134326115,0.43776571033585,0
0.9606088558642394,0.419115299056924,0.9312080766500557,0.7440038892652642,0.7293973912617474,1
0.3128781686920279,0.659421937858447,0.9438696811082667,0.5723789875863573,0.7143433473657975,1
0.14043035178206786,0.6503526702707725,0.5892064839208455,0.8462241337547914,0.2199748455100069,0
0.8980722522289623,0.2620639807220101,0.6816073582171177,0.4872505669818836,0.39946699536076835,1
0.8231924022532162,0.726468224258344,0.12237107307791484,0.2643924069535707,0.44989644892625547,1
0.14246157937805792,0.7384317532320279,0.5412345073044246,0.5172783705594501,0.6741739395226088,1
0.8805489216603339,0.22165558982156386,0.25777403889933037,0.011379525645022204,0.08921913531143655,0
0.7082335020390123,0.7016605854680585,0.1489207053530145,0.4928288924516103,0.6830325017731256,1
0.5209854019989545,0.988956254857153,0.08601953891016789,0.6617204247673626,0.33063622707013285,1
0.4117487184092953,0.3625456581490464,0.30375215097942365,0.5559250105452717,0.01932791166381409,0
0.9733861008071784,0.07584144056599995,0.5127084095291121,0.5478385613837852,0.3858340551010858,0
0.7954063611343686,0.1572431634715341,0.9199425030410486,0.8864980133628912,0.09470470239523054,1
0.11558633966379461,0.6288931989616205,0.9331137116848031,0.47694760210443177,0.9376544646849925,1
0.7211832830698761,0.5938333824180271,0.638141027897062,0.4928752385286631,0.23896290174529922,1
0.6106785187221413,0.0071115526379174065,0.7932706730867801,0.22100978915847524,0.9209521366307026,1
0.13849700822751554,0.6421554463958341,0.4995210729854811,0.35548443284824094,0.5811492161405252,0
0.3890696060565648,0.7496115292498579,0.5907255314069217,0.4630366693725073,0.7862442545467393,1
0.5406104417689195,0.8292963758469427,0.11087574834769476,0.9879568777836429,0.42931202593412376,1
0.2381962378837601,0.9466018646099471,0.8290709462449793,0.8466371859297294,0.9789053717761462,1
0.2308173328041192,0.5885050238839907,0.04919147032164939,0.18854788775669773,0.3259139500993098,0
0.341367347285926,0.2480141576505872,0.5602357868607326,0.96166677903665,0.7985302960227036,0
0.06012690004419741,0.36778815494690587,0.24882199106136094,0.24588265937821707,0.27644251441446444,0
0.8288234991658447,0.884146374159862,0.6817415658011857,0.7031266569798976,0.4753742521699036,1
0.8982190070688433,0.2764361736385267,0.4832902832757632,0.9333338811746751,0.6658915760661076,1
0.4381689070632514,0.7154279622125116,0.7809995512831623,0.4798610678643157,0.6086721366254462,1
0.32172651074930825,0.9445142085947718,0.01690878899759074,0.8301268866694453,0.638965820465439,1
0.7118551238653368,0.5334482260473777,0.660960281125429,0.16295830619694984,0.22241991667960903,1
0.07385708884851416,0.013691762614507441,0.7468834284096328,0.965231457895042,0.23565332076505618,0
0.33734647120658023,0.1547913270504696,0.3833103102284785,0.994676300825023,0.41616836426990855,0
0.7659798502284133,0.8342335882434534,0.606005078670154,0.8124251638811243,0.3532306809465028,1
0.41351454340467775,0.17268336818472696,0.3754165268047066,0.7663268231590563,0.7510631312243972,0
0.18379489219179523,0.16358614420947148,0.16419161479640587,0.09445037791292066,0.6313623003668895,0
0.19255543013483467,0.37422496593180066,0.9609991969405957,0.22312445981490814,0.5874739073183286,1
0.6516707017098994,0.4272402628488131,0.004375738205709467,0.7783739073498751,0.20444054410117574,0
0.18199588257959332,0.13064912728563494,0.47238836771854975,0.9823596994142502,0.8265020496887039,0
0.21132650095042727,0.9265283825583666,0.8900285707278708,0.7304808039707162,0.3287544481893012,1
0.8434027831786939,0.6795722511845409,0.804967533879667,0.046473893021244606,0.5254006202684177,1
0.057054568618196355,0.483397730335132,0.3228196273676015,0.012187585372951837,0.7847981448446717,0
0.6629280726723045,0.9323791537034277,0.7155612204507803,0.5074604421927686,0.28130274974381,1
0.5366519215624072,0.2734492633437301,0.15963710269491005,0.36221771414394743,0.6312338591579659,0
0.4077906337339047,0.6611818720052709,0.3251579385427191,0.5774746650087611,0.6703789202020695,1
0.8953043742249788,0.24662548834478681,0.25003174923325755,0.648326141520476,0.1387508962353301,0
0.8538704766804227,0.938845578510984,0.7911147931877431,0.8430427101531409,0.07177391172046454,1
0.2129123586197148,0.5797034421857807,0.40263580876681204,0.015769219947430413,0.7072948913837122,0
0.8739814444614389,0.9172010319371363,0.8435205192128816,0.6763211812094513,0.5736848577739435,1
0.7269785952487327,0.8490633491681321,0.6225372415410771,0.3849259675689213,0.6262376756098421,1
0.048880056224014146,0.22877672323111808,0.8790875725342894,0.4493209813132656,0.3062872788577927,0
0.848121785793978,0.01476735836106291,0.5352794721989153,0.6510050699332124,0.19700957619872028,0
0.9453542998815215,0.46842133878840386,0.30309363297038217,0.7909893461217878,0.38177298650745894,1
0.9889252101030526,0.8023484269003348,0.519001564360402,0.1474832352430736,0.4313273262144438,1
0.503562829857137,0.8749301087690646,0.3145248124273481,0.33459854947916456,0.6793450528266619,1
0.46881498066235594,0.013499389219996272,0.14075536859164928,0.23060970345738896,0.20304756005580582,0
0.9273239270184711,0.778701376493404,0.5738746174714937,0.9853343091908985,0.5860530157332295,1
0.11707124025226856,0.7975240256245584,0.7366266118371172,0.9174567368347774,0.4389512103433282,1
0.2201402567848838,0.2964616853389609,0.44138197791166145,0.6926932937024773,0.7739629679221308,0
0.6596881727173319,0.24155024856129015,0.844979299690715,0.6246677083580334,0.9464337892931433,1
0.8151531315228614,0.8150674775824813,0.8626520670499686,0.6625769085815978,0.8352430971627145,1
0.3695651333853599,0.8179513708876298,0.5471661284849542,0.4270141821325445,0.11861397160516385,0
0.2561994067305511,0.15774797140213592,0.5094589609637871,0.07552396041879317,0.9953446007685998,0
0.9355466910605823,0.5900664889206624,0.6958313799353649,0.3732958738320882,0.4658730229458973,1
0.4059748327693423,0.5176918436487459,0.8895384537417549,0.8652780578443906,0.09572810145661759,1
0.8360481529060395,0.5564487633515499,0.5109235350581413,0.2905402193553196,0.97800834948876,1
0.30889632259592337,0.23826509998021428,0.717015165372401,0.073731123630139,0.39430713506448156,0
0.8479564438154991,0.08403777497160614,0.5180108594462992,0.8266434955730855,0.02869711540560127,0
0.5224419020628243,0.23154475016972742,0.6949151200313639,0.6072842873115332,0.7345490337124235,1
0.34961321094915987,0.6476705115893963,0.004862900676781079,0.8730303945987038,0.3133002636996265,0
0.11848793305506111,0.8659768067395249,0.9746931901627058,0.8454625123873918,0.7109175310365928,1
0.6045091621359966,0.6956692228210746,0.6738873863830679,0.7946155092296949,0.038576834477833444,1
0.6674325936831784,0.16317427278801622,0.5273434871693279,0.0625064753519794,0.9067230434972748,1
0.07561398499109673,0.04071654414950221,0.4066966622934288,0.20538824724886806,0.8295806851013011,0
0.3442792545584499,0.21965294661051415,0.08327708238387688,0.1393354022232094,0.977266628949169,0
0.5238153959604432,0.9924735648597672,0.5176518533629982,0.48381186981182056,0.4198659866315688,1
0.16070514522685786,0.37263211573041777,0.2971086089838967,0.5191055609117368,0.1892514025101062,0
0.8496680072853271,0.39621292294001664,0.2670690255137843,0.8881290095867377,0.03263762478103427,0
0.5171234904522173,0.6347414718512644,0.8563700176917163,0.44918660219810047,0.12230239200890536,1
0.6198511843550227,0.22484371519886504,0.26935217977615533,0.3789794706589926,0.03307594440080974,0
0.019540932432671743,0.3229421726728008,0.8133647006481192,0.06870448430499376,0.5304178892419359,0
0.35348747378501744,0.5498878235956833,0.6807494048335077,0.019093020729438193,0.5754635462939084,1
0.695651753924188,0.4651964650252133,0.8751008286114815,0.6526694407339874,0.007732266648295627,1
0.19078285637876558,0.8369737140509776,0.782085939683105,0.02316756842846468,0.3454519518650051,1
0.5171236968306624,0.5156720032374673,0.8761382734093273,0.11120870885501699,0.9537743348628542,1
0.07928258512875341,0.5634734184209693,0.049036735582525526,0.9384233057244467,0.8846389676944846,0
0.794337193658304,0.633350490259484,0.20567341228019798,0.9341718800478993,0.06869866658020496,0
0.3107159908526508,0.3711248973274768,0.5268521629282441,0.9237247422106504,0.5613335935352237,0
0.7243083330142008,0.24493458341555163,0.038615687653129616,0.24353199617404964,0.34356264744213694,0
0.9181632884124296,0.19297060862869464,0.9682307760243214,0.9413709665631449,0.814097530920589,1
0.39001282987235764,0.7886526511556065,0.23366444335121495,0.9392511984713264,0.36541186906627543,0
0.6216399664658195,0.7336522897819718,0.6394758801235809,0.6107303289629598,0.7088289443131692,1
0.27231076003048327,0.7185138111558076,0.7241920033275969,0.6264199232195269,0.33085480505943055,1
0.6584492515194774,0.05564402555021519,0.5793124096242303,0.28738098545281876,0.9449732443195399,1
0.700117789646319,0.4822640442326902,0.5604188440090714,0.012139694617216756,0.1082225059518862,0
0.6068203072855018,0.971045376350996,0.11245942588877089,0.03378138231492034,0.8352629042365125,1
0.40059301958081306,0.6099578105527206,0.019823140870274036,0.5884767165913924,0.5501379744559799,0
0.9649620771257562,0.7751269218283846,0.9924033594704267,0.6792904365328378,0.8497610563250297,1
0.3146145154638188,0.3676788357319446,0.10401084853414078,0.013804815383299585,0.5367390137006779,0
0.722195682741552,0.324252658284627,0.006855832758465241,0.9794548324240855,0.9114862478033696,0
0.7729581395631385,0.309107396187447,0.004706950084455985,0.03223116507400903,0.8982969673607012,0
0.11097697794557304,0.9088494349486372,0.2908333774769941,0.5426878526900863,0.8185833857522126,1
0.9585790942622731,0.1205161685592312,0.28111781576821027,0.903565136321346,0.615469083640733,0
0.900381587439263,0.05597816430746938,0.7988938972893462,0.4821361185299444,0.023228427917189265,0
0.5609936470607302,0.35517722098610416,0.5710593110135925,0.8390369363678107,0.31406991709307186,0
0.11962083750906027,0.25612875323343387,0.7858811444214882,0.05022079351706532,0.9027613655686644,0
0.8429810819123853,0.8390945642598029,0.8531801522977693,0.15384104720524006,0.7755810587355901,1
0.4183137623247567,0.7362065602606607,0.8950592105829502,0.7918483207439827,0.10025986128767739,1
0.22599044735317098,0.0937987140320925,0.46105104053176593,0.09130528385119985,0.23922855322811598,0
0.4955265421544748,0.12562118657818644,0.5995999361234778,0.9643309160657048,0.06996328258427753,0
0.2864128962227189,0.628397002879394,0.7199669584531369,0.5123390326480495,0.18495016474667203,0
0.016858265027124508,0.05791351421225943,0.17395057322008434,0.41375616904002743,0.6297871904664417,0
0.5583685006591724,0.6616463456488569,0.07828919167620585,0.6625609724074206,0.6237874083760199,0
0.6569146562285522,0.4750034134796278,0.6946516913066842,0.6217083430201622,0.9767850580463092,1
0.843905606557171,0.3756610091948588,0.5797293613204758,0.3612591802589419,0.8998961171758258,1
0.08634161391328277,0.06150110347988125,0.13892178859055315,0.07683582880609086,0.03257179584773118,0
0.5941603090286611,0.3308451121871029,0.9856243371632694,0.44604543578870826,0.13462735295977946,1
0.7971746461072897,0.526926459756717,0.013661060586256157,0.543166196547637,0.3220697265675635,0
0.014528811725319724,0.7449519633818591,0.15136756770031923,0.9742956200466559,0.7578013869110983,0
0.6004667454376776,0.9499442137889971,0.8825579656273281,0.34680639105216016,0.3177515185143782,1
0.019118368396015994,0.5035137278834177,0.0774788873560136,0.6288456464268515,0.052781518713107434,0
0.019828922052002373,0.13507803244638716,0.9747343196522635,0.6902825568575193,0.9133455337767826,0
0.6744058278766936,0.5888152425553542,0.31801843530174323,0.3183699843090628,0.9886900670219502,1
0.723596486884654,0.348139968163785,0.9307179152584849,0.15739013294823367,0.8539285820431334,1
0.530258687386313,0.7344467611200737,0.0676475960773606,0.8104867381112788,0.06478218430953708,0
0.49503250281704136,0.21187612666443423,0.20556923938423788,0.8483592321164312,0.697649034420009,0
0.10423538962284418,0.2557982660854725,0.19710472116652422,0.7933616025238397,0.4827419402881611,0
0.525348807957635,0.9014595017230779,0.36370401187494394,0.07680015771009152,0.3912891381744008,1
0.43169108833527603,0.5398540722605454,0.10603012304551351,0.7932165239872464,0.5651190280885536,0
0.09837942789015774,0.2608262187988012,0.7967936265396197,0.06905229322938522,0.004617898729683767,0
0.9771699428568116,0.6196523163219659,0.38866284043835364,0.45295286949401425,0.44220699767249805,1
0.6261216525515906,0.14499473737470492,0.307882154158603,0.915954522707205,0.9297760335867951,0
0.7357045911423096,0.38634223084875563,0.7395481978668322,0.8319583043489774,0.021243589173006727,1
0.8005166797244212,0.657909624232508,0.10994188779822922,0.8899947002812123,0.005730695832607546,0
0.7933872231513008,0.7427564297500527,0.05787923236882497,0.8543003730230802,0.06392607353643298,0
0.21505757026634775,0.07330684187334091,0.47201607053341543,0.9485614608541781,0.618088568266628,0
0.14361789401406821,0.7346312911887404,0.7348610528104071,0.32288762182618735,0.8488956102012385,1
0.5038758413753869,0.9598607332043637,0.9789072236545845,0.22469882094702331,0.5284534647597884,1
0.017140455168007995,0.8771602683676889,0.44778886763720294,0.45330117985682405,0.36671962754895304,0
0.41321842387772323,0.6307574539897346,0.40670927734892126,0.43935464461472096,0.12526280613013052,0
0.6395997538235102,0.6824494416788326,0.022029082141633016,0.4147222236788627,0.7763987156631664,1
0.9074814560840965,0.3918743753204944,0.03911836719204187,0.007002289069544032,0.3374491468392805,0
0.26468611789415375,0.9089867853843256,0.5776375544398701,0.7094391584552497,0.9035063240039107,1
0.900905770688297,0.5092470925122231,0.17554776744938805,0.4144136846012829,0.9539283444925835,1
0.21364590315076537,0.07757546447096786,0.4220605966994766,0.9465665166937266,0.8171670363082512,0
0.9939552649351159,0.02916565321833553,0.7470199905659425,0.34045702900309815,0.9711721685639353,1
0.9046027059849358,0.09505520308592541,0.9984207742890913,0.3809376797481716,0.510438296811788,1
0.9024733341696004,0.12137264578295592,0.7093390139726184,0.819537539388447,0.3385092983698792,1
0.3857932882478683,0.5682645533978975,0.7473907149974554,0.992247805084055,0.23233832041081248,1
0.9582454986192479,0.4203795491881105,0.6577973261065948,0.2384730578428561,0.8985555443123929,1
0.5831980958381232,0.4327444164107128,0.013603280469714707,0.0457947750994373,0.0401525751296089,0
0.39040334624534856,0.6106636696982741,0.43065720005548247,0.5861296933100452,0.15878205435958936,0
0.011113292325655943,0.7680272428380638,0.7637636051711364,0.5187500554271479,0.6816594180370034,1
0.018853865733940434,0.7435493673555708,0.3365201766308695,0.013648823044017155,0.2779250517612949,0
0.47947898797394795,0.2910514387750972,0.6351159599487769,0.08256913822688672,0.2838578038025388,0
0.33665587445995415,0.8608159478906129,0.5212971764210789,0.016068687769339896,0.4160061441120608,1
0.9965916501149644,0.7014672342449112,0.6611689121711003,0.01843044418500861,0.09910460562066259,1
0.8652021549218998,0.014851001029858923,0.9665415134283728,0.6173663998020706,0.81096171971616,1
0.8813058598982071,0.2737926985419846,0.6292568337972532,0.05825649076730999,0.3217532876298723,1
0.5418445254893813,0.07022102700546096,0.6407686758191112,0.09085613634154988,0.6076047823785715,0
0.003326788488621002,0.9349956692250236,0.04540054816503725,0.19003118239069572,0.00291682326942988,0
0.06587998920629634,0.2296030661642371,0.9112680203278696,0.15620322424421296,0.7736683702986673,0
0.483695108458559,0.9874034567147459,0.2991174391900725,0.2009541988588095,0.033725093156546926,0
0.12075562243669913,0.3262720944395645,0.3101155611295674,0.46669370156876044,0.9308437261398448,0
0.26876028134541163,0.12978590419376446,0.6602316126399399,0.1969251009839995,0.05855162259028679,0
0.009242093037599042,0.5655016197268969,0.2682014274077701,0.5425171094546393,0.14912746085469974,0
0.8844456788918166,0.678435805634101,0.33589787221957235,0.682072815658028,0.45172866273984025,1
0.5676461853894106,0.3057222966544779,0.3068678051803756,0.14094728707988435,0.07137294764223301,0
0.5299019860247095,0.17396139319722614,0.09037706488304764,0.9057347881734099,0.11580400746814568,0
0.2573400216332252,0.12674097542086782,0.08188491057718372,0.05869978212259752,0.6620382424104916,0
0.2677102407424722,0.16532548888764775,0.6459184144126352,0.6978181106785035,0.007083434616117934,0
0.5390980587677895,0.06606187648112039,0.16028379722303143,0.15745565521049265,0.8345113561966271,0
0.28946517115923354,0.511918873516008,0.9546259094701675,0.42142374887332834,0.69203723166536,1
0.508811236714303,0.23110675011282056,0.5312128907355358,0.5791395554641166,0.25359742383762884,0
0.5328131384244547,0.34281394929070486,0.4626940633045611,0.26012221100086697,0.15739295032968392,0
0.7098192377304855,0.34936066431031687,0.16727943513323595,0.1392699608894763,0.5600033805720913,0
0.02537438905338396,0.9431054753354123,0.33097949305720475,0.40596630139322143,0.4648603769618792,0
0.13291227822005836,0.48153931125660665,0.28759242004290686,0.09824690228053967,0.5271881264406162,0
0.1500752166116026,0.7189335236043009,0.07170211379932656,0.4238691137729683,0.0859045800579693,0
0.8959989803793202,0.4622301946377475,0.9094350892470442,0.4131055562642504,0.42636934781327895,1
0.2513600995297579,0.3825620475095821,0.03614115300451892,0.2217988425469415,0.8389396451399264,0
0.7782275006880618,0.8699825342343488,0.36115545697797835,0.45685742263317897,0.24703858012668534,1
0.9224464164055896,0.6647024075679945,0.17906818191324758,0.6219962421212833,0.3123583783183502,1
0.29981797922832576,0.24200157741258577,0.8234591466468919,0.819812158738601,0.6271468334104788,0
0.9461181584024054,0.23949476831001704,0.481521612633968,0.6878269201831549,0.635502160503614,1
0.9873374567869443,0.7786207672826724,0.11010849603502348,0.7905171346536912,0.7245635034309436,1
0.34273055630089233,0.6680369320963615,0.7589575776646305,0.44922587918838275,0.2587246156822274,1
0.9780985116668383,0.11054214609303037,0.8451441777154973,0.03099706519426615,0.9064377253235048,1
0.49384085774034037,0.1443605191138425,0.12099077831060556,0.24294496157271628,0.3049234393562599,0
0.6500228804367254,0.16319602991622895,0.235359427882589,0.9635585732268371,0.39245908461699086,0
0.7538101784888139,0.8215182264918068,0.38140315228376886,0.14899182684634715,0.08590694805269017,1
0.602699052345306,0.3927164080971143,0.7198370166136637,0.751488903368776,0.2348382702283025,1
0.36528173458953705,0.6441282647538846,0.31554873495102365,0.8492108519304303,0.07051064925331296,0
0.9313436013514076,0.9110543763686008,0.5461782939549459,0.6463049939504234,0.6621902114022161,1
0.37121458886400394,0.9909694983888208,0.06445767152821591,0.22233966182600196,0.4769547734774605,0
0.06702367461456071,0.4018724440676926,0.437695254772849,0.05292502415677702,0.4053378279061658,0
0.8756972674137823,0.6607154024175163,0.11037605815931406,0.9604635385051102,0.23982941806154423,1
0.1954939715185392,0.42246373019043904,0.7585219271325223,0.4755023667708853,0.023945945019235304,0
0.9512267787214616,0.3739015302165577,0.15555669303472897,0.931119784113886,0.13548683145638396,1
0.6261067259530859,0.7088236851059607,0.6761282326749181,0.24927409799245537,0.5019211964201946,1
0.8075990347916977,0.9728957669927213,0.6279714138639773,0.22866201412936382,0.9938035598930861,1
0.3663673540191249,0.244265521752016,0.6398586349804904,0.6859734621331061,0.9486668204024586,1
0.27697278512464873,0.3859397115876869,0.6268602842742012,0.15167852978631835,0.26974848365458315,0
0.42289591801731097,0.8775885544827928,0.04554447416115526,0.061985244547170915,0.541263683694795,0
0.24875739269190533,0.7143958563328808,0.7549931263772818,0.6886438931949401,0.10394246058694523,0
0.35590444063081694,0.4085291850341406,0.2438643889698514,0.7536713970306127,0.7803163876066752,0
0.913837999144008,0.3706667108890138,0.3868665336821351,0.6300317118242498,0.11217613439148266,0
0.22212930710578882,0.650230909226506,0.9636824388919141,0.12664331036530008,0.4404508106178401,1
0.34622589987518493,0.6082088267145683,0.12313117851705724,0.12352656520763039,0.3671375041516268,0
0.08121287725416859,0.13489120496552864,0.8727583435042608,0.8724941115106202,0.17453127357339082,0
0.22164219668625795,0.7796726948103234,0.1742340393082631,0.6562878991003079,0.6564810964668131,0
0.9541367046921354,0.3280069847228233,0.8845163836448102,0.47576722655186465,0.7237336190389588,1
0.22949700368844395,0.6902136298719281,0.1534241930716036,0.3687085817701595,0.34766210272214826,0
0.8150913296801985,0.2362428384093046,0.3100349026929202,0.8186491092317616,0.5907004746659728,0
0.9252862538053104,0.47154267629980406,0.680250363312913,0.49473542104175394,0.8476338823413074,1
0.8370491465768508,0.7785424693017176,0.6237609847544232,0.5263301635666463,0.36208481233655054,1
0.23066917536974663,0.07335707618378229,0.21409417223413085,0.24810504911477294,0.20385348099312373,0
0.19219403255869738,0.22283410000763593,0.5241216480331944,0.4746098024004375,0.6008823503757577,0
0.9667872253814875,0.11373847342668164,0.7262559037050882,0.7403638247800417,0.27962366551964335,1
0.5703551959302853,0.12306694323174927,0.5949986376822225,0.6706038396848295,0.6629934128881592,0
0.8166002547478068,0.14618492778084935,0.1673748727120573,0.02990871714901533,0.27861735114590425,0
0.5667236832371028,0.3542479817498454,0.24377438817588704,0.5526842005914963,0.3427689513659523,0
0.002120519152534417,0.21319481215655411,0.23501754810198705,0.1191687326157117,0.1709691289293448,0
0.6296695552160713,0.14442015147518106,0.0855983120777346,0.13856975261621696,0.18995375708747764,0
0.21499138578570443,0.10163373191311564,0.19849771014447992,0.6210434794055655,0.022341106987965986,0
0.3731051140310949,0.1375521793895137,0.980682195388218,0.24118545914853928,0.6770129390561437,1
0.719112908534618,0.5152445050548253,0.2118971827502354,0.6842416394049105,0.32647829654675564,0
0.682500014109952,0.15319510454673557,0.44637951718152125,0.5553419333193297,0.11273761898455437,0
0.08640393977371774,0.023472579013047445,0.3944717560643044,0.29814836371846376,0.9119313640044434,0
0.2954932930638704,0.14870584193360048,0.2813072182315025,0.9842232920681321,0.24697138258748408,0
0.6660411948540031,0.6061210384709875,0.475527445913693,0.6837389333193622,0.6748958065710257,1
0.5010014659878691,0.7611820471909291,0.3542884354314909,0.41121219615654714,0.6003939786695313,1
0.15240975968698045,0.9376172700710825,0.36554079885505164,0.5562109278689108,0.33613734648031324,0
0.03678175499141534,0.30526005467370765,0.6693824114272605,0.05768380068963652,0.9084455427494069,0
0.2167893011016886,0.3557397162240181,0.5356404336568142,0.37037714049216697,0.3742278314197801,0
0.7347992834875802,0.8832801864179759,0.22870539356162956,0.6540237719494177,0.7652205677570604,1
0.687128504822124,0.14006661696430478,0.8130741138692408,0.6857831305096845,0.4461172418132525,1
0.879841388147622,0.6914857223483839,0.24142005950053025,0.6584597287291972,0.8127465258165363,1
0.6378744238882408,0.5518238834379021,0.8090165062175552,0.9419310128969711,0.5502488862280402,1
0.12183213596231124,0.2338712837975775,0.9810451238578847,0.8429840139245517,0.3114747890180416,0
0.5443990755627286,0.6929170607770455,0.44525061266261057,0.7761869183458159,0.8307248216659819,1
0.13764025542971992,0.4906578284254236,0.011141943538520271,0.05588152933179158,0.0230171205092371,0
0.4173572557532953,0.5868646423852717,0.199732873585581,0.2754324141620007,0.14844900081458645,0
0.6611981321514686,0.464889157066636,0.6079818109228331,0.998659104720422,0.8860003876067976,1
0.28700037353158625,0.6999253220434895,0.9483039908324816,0.9381603336579644,0.8167342966097841,1
0.33133767133443814,0.9384515606152508,0.6206846374350582,0.0027418427869987383,0.39976473237512455,1
0.29235237872931363,0.05422442923224202,0.6773715131962024,0.8643876472021192,0.15126134128663982,0
0.7661445351366484,0.575109319439099,0.586959860118125,0.6222770097376881,0.7208445936462591,1
0.8237248796067325,0.4448150442536899,0.028709493547421694,0.9541205176557316,0.22383260741582356,0
0.228984382633592,0.590379439577974,0.2303140599582133,0.8707640280148767,0.30765474215901667,0
0.6318304769437175,0.7299251432502191,0.14194387999057445,0.46805522935752586,0.5275719443228002,1
0.18655871661234136,0.10778225080858639,0.561586696634684,0.6898677478856455,0.7490564028050849,0
0.5595687142261803,0.9458774691848826,0.480994870130658,0.5081551918596715,0.7276611258553292,1
0.2406783492943927,0.08459783168336943,0.04696123825480458,0.5381376398383619,0.9650288901832703,0
0.3619216213997678,0.4486521632260817,0.9709691661295499,0.9592910473818498,0.0699006483561132,1
0.8942102584690058,0.8235112374686979,0.7665289717375328,0.9634385336545322,0.7943529356053257,1
0.5103975907428867,0.6642888357052754,0.9358951580628267,0.5696796080299253,0.4965126412665368,1
0.7752350793702356,0.2611279560184716,0.2828729586162836,0.40497315261503586,0.4620287225637584,0
0.5779206355072221,0.2264323224686865,0.7880850280382128,0.5514385584331682,0.8038334888071006,1
0.07361199632619941,0.34838670526642435,0.6861546213352416,0.7739148017756673,0.7079237003496018,0
0.2453879444299647,0.21877083099566286,0.5853655557193259,0.9934742924406734,0.5984352359264715,0
0.6608902477554898,0.07375252229374629,0.353983380141768,0.9730532689755654,0.1512369346176783,0
0.14237654998433313,0.8912036465207493,0.5246342761056672,0.31642310949819097,0.7463014600848177,1
0.5980072249008959,0.4464583748416501,0.8379022912975932,0.5867727683074815,0.17848553512428067,1
0.044187897554680555,0.9690938911712546,0.9833645816305453,0.03714336652164496,0.16128401821457106,1
0.8127145218285977,0.666365217634663,0.5932900114866558,0.1535170832942233,0.9029617608413442,1
0.816484330312726,0.2665663502032858,0.051206801968254556,0.19551972316783817,0.6643924654701558,0
0.6068120132248087,0.1265047153026182,0.1858674495246626,0.4338362565443983,0.4309169211623193,0
0.8555167472344168,0.031638795072881476,0.08526991743438239,0.4838357597137706,0.317873432296082,1
0.04689723266255541,0.11956827188554897,0.31883112310977857,0.7469642356103707,0.8523460878262473,0
0.83108786841912,0.6916388643902073,0.7848565825058569,0.4227236968366489,0.026187994607192233,1
0.23956029568615977,0.6872538449630838,0.9318105235958882,0.40701112941164275,0.037890536591481006,1
0.33595927990451413,0.872118764713342,0.4945030956817381,0.86528476116946,0.07245661276448345,0
0.3277916760945554,0.44122448717469176,0.5308968575231653,0.69692932867991,0.824771400800693,1
0.22496328561178736,0.5231437353881994,0.002862488465996682,0.9938774068854253,0.8735367683402692,0
0.5597746915138789,0.046860853029557226,0.2322208963954393,0.5138323877475199,0.9190347633391697,0
0.25301106348760016,0.5796174109557742,0.0028768141865108676,0.01668220695425704,0.7763656039578937,0
0.9287755479707803,0.5640649920080024,0.5147751557619998,0.7702020733236318,0.7221950565272772,1
0.21589548137325298,0.6837043523254637,0.0684183219508584,0.9233369514128679,0.9361012576804398,0
0.9936077887953234,0.6725649190885342,0.5486587065051828,0.1834866520882903,0.12599843225797425,1
0.729812561417109,0.5865956655834319,0.939711244658948,0.09502219197545314,0.5459585598055471,0
0.7166923072339494,0.44111717596292144,0.7908017308206791,0.865546787019061,0.7218009352151742,1
0.2734335758441153,0.9141888548570375,0.57446482002084,0.6298216846144007,0.8351009011064102,1
0.36788216140367447,0.6666797129862814,0.39081294889551954,0.16014854672381895,0.6426253325071085,0
0.22780474898933956,0.025879891407611266,0.2081738129767049,0.8440527624858144,0.7930403632377104,0
0.16338150776686466,0.1199601192625398,0.23960253580195912,0.10975139998172834,0.48156705522125787,0
0.21149352609935623,0.4556929487109279,0.11407476245223513,0.8052634844458505,0.18137213575754008,0
0.6975824822623422,0.32771510119570835,0.06340894671474939,0.9353566337045712,0.6580007632400052,0
0.8395715783818665,0.8701268199964931,0.7164330753643138,0.39142531269922587,0.4857311487318421,1
0.11387353383428966,0.6829099706206454,0.12133597549894126,0.9582779621166321,0.09027505080482179,0
0.33657234695244276,0.3753388431239696,0.9275542146243072,0.28125391580188,0.1338747653396355,0
0.5074989905829232,0.37980213164744236,0.04324387004055197,0.6770454771194445,0.5486161514350746,0
0.3532456883907932,0.43083118664837905,0.9694609155308428,0.37473859206343785,0.09026227465952019,0
0.5575928047341916,0.09244811527036334,0.08607046054075895,0.618597676347885,0.57944189673262,0
0.48960837313917904,0.37658864820991744,0.2744021826624262,0.35206266656442786,0.39322510075113093,0
0.583672477003904,0.3982681781705295,0.8734662593581223,0.5636185514293022,0.29441427947567944,1
0.8853286838823328,0.34276468447030195,0.9869209935341389,0.03831987821661065,0.7807484679857115,1
0.8924146162641207,0.9532542641951194,0.5229395737281018,0.8450837455794646,0.4253179238483745,1
0.14203307121754205,0.06882672777350718,0.515279231904229,0.22206119305789307,0.6031858798662681,0
0.3056110979911538,0.04115579370427069,0.7806152852004786,0.7560469000271223,0.14220879197803227,0
0.7814449841606196,0.005146754520215069,0.6666671546076209,0.898684018863698,0.8454183357194799,1
0.24222042773756425,0.2786884432905865,0.50119640171311,0.6837149233942748,0.1305440594527968,0
0.587907231560048,0.3286478359169277,0.32772352883399036,0.7376339682361742,0.42378705556428886,0
0.2911194479921517,0.6064152262147817,0.8977638157526837,0.06140346519329809,0.7736255533063177,1
0.5733118094925034,0.4525443148778414,0.7863032451542362,0.22536637255305325,0.5466444500364084,1
0.8578822376802285,0.15613028604850876,0.7210453877349202,0.9171544125766329,0.6852452386477144,1
0.6544027534750853,0.9801926275708501,0.18036752890240526,0.33625729475269206,0.632119416619006,1
0.9472075299931049,0.3790086045763005,0.7374760251061243,0.8521636336702021,0.8084354950482736,1
0.388668243691781,0.3769386043231442,0.8937797302817282,0.6301663057613954,0.5018705242767943,1
0.2380020667052185,0.5261978770659372,0.22473365880223328,0.03389881133120187,0.018375821708981444,0
0.693338828247154,0.24653989331599857,0.9002747018214355,0.35895046626219285,0.8026955539791039,1
0.5726469683787518,0.9760820334397007,0.13237246323930896,0.8307310614426215,0.7076495595368237,1
0.8498215839358072,0.26894386689548266,0.19902538236240397,0.8598527463676917,0.5726813613708996,0
0.320438492880763,0.4896531302130894,0.5078410648656508,0.7494886870031605,0.9153158765102059,1
0.026965157712951604,0.12465836811830955,0.11345415715867369,0.25467108644539316,0.9877076669574367,0
0.1870073561154073,0.4547239885875479,0.8794541806207944,0.3742052230011793,0.5135379053038135,1
0.05005358405308524,0.10965903123550236,0.1667043464445026,0.5225967750791877,0.7024146450328816,0
0.639714387162258,0.7682648953565533,0.07608803110608775,0.5538750782008472,0.2693102133266464,0
0.9801363530606335,0.8561578840520929,0.5482637119179621,0.1305179386842401,0.28545413015367493,1
0.7440968938028882,0.6249301127262785,0.8398267074498961,0.6382664854778902,0.6696634330493563,1
0.5060812698231131,0.9332840351384708,0.5164650586781283,0.03788972690330272,0.7368898881385215,1
0.5014980497348134,0.46248330300534424,0.3030600223622061,0.9126439584341726,0.9730687960767374,1
0.3829157852493199,0.812679021108464,0.6014944696628822,0.5490875664618831,0.7797270444991037,1
0.8523862526173742,0.37404259223602365,0.10614720528004429,0.26704497950495754,0.8561566459798287,1
0.32596474391696906,0.016757147225661795,0.0038628691121673775,0.8742482040452464,0.16156630894390978,0
0.33635794499444627,0.2119635907562567,0.17808523754258132,0.8117883104244052,0.8805115508213952,0
0.25821786524153,0.8386326144783833,0.537830092855095,0.27545179864977953,0.4893978109238677,1
0.5027336876741155,0.977054831973542,0.14693371892032703,0.4711385004952553,0.6846206233949661,1
0.995907533079302,0.6719845207418462,0.5557125309259232,0.6297975349862281,0.13581462491942964,1
0.6443821014823482,0.6666731464333351,0.7206750907301208,0.022169538088340768,0.38850323407687415,1
0.7927436961129507,0.4051614582886094,0.6182221124936964,0.3177309695948901,0.29373854486252693,1
0.774930867020487,0.8506170273370249,0.8133690681357905,0.8059530758172098,0.8457308965353758,1
0.07285870833664254,0.8431645697275865,0.1907098217372255,0.542832283966526,0.37235839102363966,0
0.5711175325329548,0.4862834999860455,0.40083159773205523,0.19596738241326406,0.959399629582544,1
0.2910113475367284,0.24588226690486292,0.2605916740899584,0.7272517727240114,0.22839427344387453,1
0.8398066751805813,0.5276478840790756,0.40384551603846996,0.6635525483473971,0.22645727988861875,1
0.6345364177389846,0.20736567872417622,0.6090618246623485,0.861480413115375,0.9842085135559052,1
0.8873598790754857,0.7369891169511666,0.7635198345538141,0.4426101707244866,0.9722713254554913,1
0.7979986548419475,0.756268029041584,0.27423218855993203,0.3711449878182874,0.8732700975727755,1
0.0484169821505428,0.057657025411472995,0.9436955082084099,0.8466446154106665,0.6389210442401012,0
0.8464748896513019,0.9290617085395532,0.10894526212721045,0.5487420851023639,0.8515342021712305,1
0.29987054553393677,0.2317596178566046,0.3455401095465167,0.12168686218668101,0.6488633351822263,0
0.13397714357299295,0.2697671615386532,0.9059859851096048,0.8900322885295882,0.6075570000067524,0
0.5754663492259777,0.6800122201559412,0.47627388657153424,0.9657085306105717,0.5804904074729751,1
0.1951164949622617,0.7641008403774534,0.47687190674292657,0.3701612554734848,0.393586347235356,0
0.20306920013401086,0.11841638569669999,0.1273744661175743,0.8982042639067971,0.04308663533464352,0
0.435392144915169,0.33178406834315255,0.7809598023158626,0.9248720643101814,0.2921820917720028,0
0.3606536049950839,0.06494896223768154,0.796725798382149,0.3661850727314203,0.5747092815496923,0
0.5396387024662439,0.8307841311073059,0.32617552174307396,0.8361181566716598,0.9449691622957704,1
0.6440762215172704,0.6483356079912019,0.11431999769088297,0.462009912326779,0.7696285536943073,1
0.7956984299976538,0.6365237027821261,0.18672698975297497,0.21017067070124051,0.3187915766295478,0
0.6433777738642792,0.4387895048138428,0.037200549745069034,0.5030592905787351,0.5292265665299019,0
0.7646324363473059,0.8869147682422588,0.28194006404212935,0.47090799964527796,0.9075248625073743,1
0.704825370334467,0.42136118272472145,0.025187400211296507,0.5565695208385646,0.46667415164015635,0
0.9249149933697077,0.5103132588468785,0.30536460832934054,0.8482491905511583,0.5468757479628387,1
0.7882322560881655,0.893279806697811,0.2608001042239577,0.6131638877027614,0.6017861033078352,1
0.27380566795091,0.8539372771240912,0.18730638433580482,0.35742508641981574,0.5750185263079023,0
0.9526583370425192,0.8150338845375776,0.010681911814352518,0.34327050228303724,0.20279837368221343,1
0.20468171260525136,0.7856512949964465,0.05105937740659516,0.3917774546282622,0.6759649358236206,1
0.16272873725574832,0.9945958897540281,0.5742179427619285,0.7699195489553525,0.5778467944127874,1
0.11563132771346929,0.9162854078874414,0.5823227466046021,0.4428718343959863,0.8435959195045221,1
0.5362606566097133,0.20740276521653733,0.376090797851783,0.8544849508722595,0.479761918915921,0
0.05077891409333446,0.019722733011023674,0.1351571814162965,0.3119020365227938,0.7238855778936356,0
0.9572098244556904,0.47264399569592763,0.3769436720090704,0.32874784864703555,0.4808763455719428,1
0.7640407407993074,0.7979168005479218,0.5483386483115874,0.07094733633070482,0.501640835131401,1
0.7124242593932507,0.31211557341513363,0.9329250132562806,0.24821937379873982,0.33828002653014755,1
0.2436252173711959,0.5264240164637013,0.3200861351915073,0.7749944248972545,0.9245487800532268,0
0.9348170149143538,0.957598148354355,0.9643719852500817,0.21230816126654806,0.10713893115777406,1
0.5087980878653743,0.7660355033372472,0.4061852855897281,0.6386409921951902,0.17064572850868898,0
0.155689619561731,0.08372591271091612,0.4679709868332814,0.0710491985572329,0.650386689005812,0
0.3654464838049416,0.9729814274650744,0.48534044930618503,0.004090865249487319,0.7685194500632584,1
0.6908719784554067,0.422233480462175,0.868044994275857,0.5637451373140293,0.8801627811377224,1
0.317178840048695,0.2774016176096893,0.8120589721258379,0.29785001474155826,0.7780600658414434,1
0.8368900298667383,0.2565797340062471,0.7558467271932676,0.8294078238309547,0.6027235715197117,1
0.4731855302716872,0.24861523667767582,0.8639291830208117,0.12101459878234011,0.6239805418402771,1
0.4361571833764306,0.27540671732760913,0.632063088591955,0.9491508974589578,0.575485868397132,0
0.3155434595934087,0.8159082751196047,0.8999828402254542,0.06627160930985287,0.9958720379230447,1
0.7673629268459955,0.028589393663066787,0.669753091779697,0.5305405776015157,0.020792555398134294,0
0.36024892940800346,0.020725333365090304,0.2527300107576377,0.5427534344114429,0.004714512117558689,0
0.42450623476296745,0.5716665320396047,0.539391352344692,0.4008991998690231,0.14842149155023077,0
0.15864395155024058,0.7030863310538732,0.043632732667401974,0.3355344037966499,0.45061715089135723,0
0.17146875720124688,0.3052666813391699,0.3093820050127183,0.08801751284488901,0.2227917389159063,0
0.04522738017429384,0.5991228342341358,0.4447577397703363,0.4225680355108077,0.47854206135564625,0
0.1369251278000404,0.5803428757672744,0.8182202695180194,0.9058992670802584,0.7857203691938753,1
0.008879914151479373,0.1770445233428224,0.778522635384614,0.9745098421923531,0.7461959170107013,0
0.3223447796188996,0.27982654599216794,0.996652286193822,0.2658152571965663,0.6439218681783125,1
0.6002276781173961,0.2645235163737847,0.1946790901599178,0.7037675779631118,0.3709418329798031,0
0.6568218239223185,0.2130170126123211,0.28369527762284497,0.755263078911428,0.728130883201681,0
0.6532230886677471,0.10877465371921236,0.0932090092446064,0.11647129831512237,0.9925290328761284,0
0.9089583474308435,0.9244153696193372,0.7696741239696769,0.014387537131758221,0.2781582602118631,1
0.7357223388983501,0.1610591824806128,0.14952519082495963,0.5034394363229496,0.6693798895696369,0
0.4317343162592112,0.9922393394869005,0.6591705513713385,0.21657994260807678,0.9392081717597753,1
0.8659007246411825,0.37860517016161543,0.4598962340202237,0.12294891610134417,0.610425371009978,1
0.7563933609793705,0.30560412874743326,0.5053598000015981,0.8123660295577934,0.5050163835971597,1
0.875318151271127,0.6301507342082575,0.7664893918033499,0.6208388061834768,0.4689465953472627,1
0.36518339283901824,0.6978512669554863,0.4225472214648892,0.6543128009510112,0.49153618319392,1
0.15714945286738147,0.35215106829311904,0.10441427151178206,0.3676570493398721,0.046183460603423154,0
0.28904626728439786,0.8774127141905316,0.10800729352045013,0.16238902440341774,0.9640352397864709,1
0.6300886841023837,0.6854014018386895,0.7108755997004479,0.5625381053675146,0.17481016526178472,1
0.7860725784999503,0.2772629813979174,0.2594221371620351,0.2780305597258197,0.8107405741394345,1
0.38756134403258613,0.19993827277893328,0.2347035098878043,0.8948762244230009,0.32012197820455845,0
0.9096773257475509,0.3667573350802763,0.7761087050710276,0.26890951272959474,0.895720808468975,1
0.9093373437621783,0.17152664296310627,0.23974582147250678,0.8084725027374463,0.9024570664694427,1
0.3445287683887214,0.8551937773162854,0.46779516105796015,0.24844982332382692,0.2880729555721959,1
0.8492409836457842,0.13590190444766315,0.24910475029264167,0.8778664890211713,0.5078478502144199,0
0.2573682585877306,0.6003061396103588,0.7712617994969894,0.2690664561601587,0.8429855986430792,1
0.3690625843849049,0.575101901318116,0.16224618667837098,0.8535542342441136,0.5052001319171163,0
0.5893225845247835,0.3814731872201381,0.7788295150209578,0.5623961431682358,0.8543199464299678,1
0.7479842045603702,0.26566337512145266,0.9719028440919102,0.004554027240101344,0.7914629417024363,1
0.17333711819728115,0.5093458974518815,0.41351552916490475,0.2728463545414903,0.9158195323584548,0
0.25046400461636,0.890626819638172,0.3846519995714861,0.914865112219511,0.026134200551493736,0
0.3681426140318774,0.9191539522816873,0.4034542682184764,0.6811859353623431,0.4879569681238841,1
0.5492601646838186,0.8223987266718829,0.82155299377459,0.30920774122256733,0.2855603658773431,1
0.8085366536229032,0.2293042991692893,0.011030981230155112,0.6798184477480045,0.9222175637807819,0
0.2853767697177455,0.8403962131939862,0.280613166800744,0.8607867834200417,0.24555870535160207,0
0.24657303019031995,0.09149912035487306,0.6479123397542772,0.6243101022328189,0.12702834113996342,0
0.6086729628843687,0.355291335461718,0.6385342855344546,0.6532561654711753,0.46588063821484094,1
0.7462301848068741,0.9656886169660861,0.5347135572067716,0.12828868390261727,0.46945560583515467,1
0.8940938169030918,0.9637050563817833,0.6800726969802671,0.368041842012062,0.7033335744785177,1
0.04000759339845672,0.7631920773590481,0.4779359898356379,0.40811978345525035,0.372392222422103,0
0.1592575992448274,0.34462290516435967,0.9248595878797661,0.9062134994574332,0.948796737824641,1
0.44481000327098774,0.5342978457264349,0.5447313447116922,0.667792654343176,0.6164223398874445,1
0.572038008534662,0.8921604444668314,0.4210807781341813,0.8808672181908402,0.3058238210536113,1
0.9879113103757261,0.9079590286879908,0.6473327301230466,0.12333006996109297,0.10660430655689423,1
0.7553164592527375,0.9258512864015007,0.30148506525311924,0.3061248623807774,0.35470999901762723,1
0.6420266399667228,0.5550173453991862,0.9882588104367451,0.13721423236915054,0.8343899341466513,1
0.7832230896314388,0.4059698424239796,0.24365731135736513,0.4893762988407775,0.7605547022710398,1
0.6625346152898057,0.8292955840579289,0.5462795313523531,0.16251576601959616,0.18973110672072357,1
0.7963790522332738,0.9329560639605372,0.31323525646457584,0.5607165126841592,0.6152869033428671,1
0.13361999887995513,0.11628099957642946,0.8370367555485232,0.2714034732412548,0.2505471438943665,0
0.6682035925818367,0.7806639247111541,0.2575143533832551,0.8775478979503245,0.8736151360639447,1
0.0940968029716629,0.8241453099454535,0.7583586833931342,0.5312815223057985,0.3660220947799271,1
0.8705473500130114,0.7067945287107235,0.3289942352615084,0.1530793232301948,0.0090733891487077,1
0.4188452864591624,0.7530642361104819,0.6820393564124253,0.703795459688816,0.6826535992289582,1
0.16443524159458656,0.17236469496350004,0.24101808214144416,0.45476499455545427,0.5409888577382637,0
0.5177707658937714,0.13618730311946992,0.7929065827037267,0.14562786032768094,0.7105778481157039,1
0.8838494318007447,0.9782771252107074,0.8484719496059191,0.36532297606167097,0.8332361714890864,1
0.36889201952420536,0.6954820966825732,0.35649973787693967,0.8247849463788811,0.21019650089741893,0
0.9198825056121117,0.1098645060803054,0.23174093423850706,0.8115409864928437,0.5581210631590058,0
0.2400791737174084,0.7287450243645809,0.810067056440539,0.5353292395617381,0.38595323051302843,1
0.03444535190049036,0.8335451392539512,0.7094135431519072,0.44271871851203526,0.2986956994052179,0
0.3680358944503974,0.38583532534800036,0.1957415480274295,0.4194604973493291,0.9917923305749206,0
0.9805101499049825,0.9327040838856617,0.09701358429882478,0.4848837241784679,0.20540733073202,1
0.7604242554264836,0.4595500826011213,0.21539323758860507,0.8719593510089355,0.0026223196512640268,0
0.5743514940400927,0.31626418716123583,0.8066818633530976,0.3250403981879125,0.6656146193576719,1
0.47219721777022305,0.17798072136058196,0.9457139325421664,0.9357560858289939,0.23081482196521008,0
0.35146048849111067,0.6075860702579369,0.20951417958905638,0.929414669805436,0.6993019673604326,0
0.19561293867306606,0.0864262379561368,0.8074590941363768,0.23991776315332725,0.1904249456373096,0
0.5546330010815756,0.6240817281855122,0.264424818611684,0.968765366529534,0.33544401613704755,0
0.2701534411497901,0.843022264730463,0.6528068463939137,0.5875961209805743,0.27858406486983545,0
0.9411870162212445,0.1618592070281788,0.12641636819344915,0.037182703948796525,0.4359232429662382,0
7.586785440905075e-05,0.47814966495175315,0.29380637018482214,0.2582112984497298,0.8715853498115491,0
0.8926455943848336,0.9065197656603302,0.5591719509354726,0.6728962168883393,0.5527408321061812,1
0.17674969451788713,0.40422037293578506,0.6484188897723822,0.44372814511735725,0.10105047415252044,0
0.41751019105345977,0.5628453362690241,0.5379253588492482,0.6809545289518106,0.4187211753178498,0
0.8597359608576953,0.2945509655519928,0.396727456250596,0.2126128320789259,0.8688664806546029,1
0.5379780472924632,0.7168777855951979,0.7915410283059449,0.6146024440607635,0.291269472572524,1
0.17947562624160085,0.2837123707332784,0.6564780873437521,0.6083331059714111,0.8326335785656714,0
0.14765954946425097,0.08807848401372531,0.7274805626460142,0.45418539690345605,0.6599768473009197,0
0.5204312193504821,0.7936010646353928,0.6002637834705221,0.8431497060954741,0.5115565011766544,1
0.760420897178129,0.3010633473623884,0.40812213665580366,0.57014903278675,0.024281041030581263,0
0.5126694632068186,0.7691028282329264,0.9427935736667677,0.32736979504033414,0.7872203891785825,1
0.7547606131286203,0.9117484886460645,0.3972900084806479,0.6627031579240849,0.7192328029197406,1
0.10623568493588653,0.27381083353945035,0.8635952248853123,0.23939005041981243,0.5596064018094025,0
0.42470149519794753,0.3021652417026207,0.8069265510539816,0.4735794284053869,0.9208243917104862,1
0.016569947572458332,0.9416338782404082,0.7223363971008825,0.06365385408742985,0.3706946018393661,1
0.8263509148909112,0.33232953372835883,0.021080937379016396,0.281894764967502,0.04631826973554698,0
0.9343482073135281,0.3181366584350487,0.23057622601652106,0.762870112533696,0.9480059721036315,1
0.8570952366386355,0.3689953434780493,0.8359055637614045,0.4116973034953194,0.5750971827148614,1
0.04261244866598157,0.18989754490141453,0.5152222866200769,0.6231513801190791,0.991689086960669,0
0.5050341318023651,0.9524663608723936,0.8869177428908347,0.08251825916332789,0.34971900056002236,1
0.5790694086861975,0.8965888978740706,0.16421087046615412,0.5350622579714431,0.9434115810149416,1
0.8196052765025421,0.32067267068677663,0.2306670357706656,0.012061862290380532,0.6230322654345153,0
0.03681171954085938,0.8613481367131083,0.27800303362809176,0.27205943857098114,0.40889971952938786,0
0.12375255201181501,0.3582104643222377,0.4752845648433689,0.505875919764073,0.970854566666804,0
0.5601373055180395,0.11542944744580974,0.8724391990779539,0.1455983822326693,0.7902041364961928,1
0.4701569082940664,0.7894120774736376,0.2430405427227903,0.6792448785137305,0.06982395247268536,0
0.32307906525915653,0.3181023665564072,0.4191029705845808,0.6780935674970658,0.26175892183457783,0
0.48789535113992977,0.7808292177558449,0.1471626410510748,0.5339255164083464,0.5566909371553884,0
0.4226178215166576,0.3385523777667043,0.9987114620894813,0.0017477159004707365,0.37062385324069436,1
0.008026083107101623,0.8190117747190787,0.7444108439152394,0.8102359935442182,0.10840402785823466,0
0.9811480596912111,0.10994078647114269,0.05328229087350189,0.03837843153449061,0.8902187724491992,0
0.01541115299869067,0.21821374702643992,0.5472171382193982,0.6972618747108154,0.12124622584000255,0
0.175637624441227,0.6833347148286488,0.9457305543589817,0.6756718580741681,0.33333623167609405,1
0.8552950973488994,0.10242141726767262,0.96235635671915,0.6874203340639053,0.2966212564969707,1
0.8710096996779326,0.061869915593673275,0.8414519108348125,0.6825611050782109,0.9595908343005013,1
0.6131070154534441,0.10076005600929139,0.19610095862850296,0.4935739048055334,0.2660128576568551,0
0.4736541241720392,0.3326886395326556,0.7463861430291572,0.15102163364821708,0.5171028994638498,1
0.6652917148276922,0.09995987289051278,0.7722326187523487,0.07620990650215598,0.5101836521768647,0
0.6721685315341306,0.5894283785707269,0.42149023002747643,0.4448776275988764,0.8957018735962853,1
0.027227239313500684,0.14872063122864287,0.13257931102543363,0.5508187236961426,0.5888010486081633,0
0.7727280307021549,0.48949303732945704,0.4593959321689909,0.7758711904184461,0.9379977756596078,1
0.17781540187922384,0.4056231774235579,0.8480071882163759,0.3697437410558029,0.5361140196271784,0
0.08800632577996081,0.3280915659417307,0.774259429096231,0.061914004696148606,0.5225631588302144,1
0.734399952670756,0.5902489276848333,0.12341582339647295,0.5692119306079585,0.4921441776619786,0
0.10259360941907314,0.6427230836620381,0.02093977367920996,0.210873491467235,0.47363415629571815,0
0.18791264280301212,0.20411334997262642,0.40982776783953423,0.15300098952898022,0.919971655987176,0
0.9850299513038989,0.3643643823210483,0.3912376065543227,0.364786399243751,0.49449017929403327,1
0.10512262470453881,0.5061966317625042,0.024082010182333025,0.9161947234156081,0.3698801063190451,0
0.9309227034973945,0.15331755889744036,0.6751028007631356,0.3468093685684859,0.6999386738645202,0
0.09318766750137975,0.016704192587156497,0.17867716009228063,0.532722366408036,0.4349749411665199,0
0.982913417254655,0.9002968518729406,0.09127428272771654,0.8910032146122909,0.004585960611798723,0
0.9175562729404126,0.9439256167198931,0.8177478469707659,0.11483681838253923,0.5213841983491503,1
0.7943818270462836,0.6486932792109289,0.0008958118504897028,0.3397276329759339,0.2863752855798042,0
0.6513268712107838,0.5813409926629132,0.3875063747941986,0.32814477822129096,0.05367366086774916,0
0.6448201881982885,0.5834732247536032,0.5990867197550716,0.29197048911061096,0.4883381919706361,1
0.45231507802590565,0.16531150756513202,0.8744265608168554,0.7092952698803229,0.434867346229751,0
0.9985612223862156,0.28014228548342823,0.7262621618143019,0.30885862056477,0.2197769256692681,0
0.8116648928790461,0.208410630289234,0.5114939870858046,0.27005702243093876,0.6913399092781409,1
0.5412372457937183,0.5958459011543377,0.6908148652950096,0.6545741040623199,0.29107879361417077,1
0.9595587348476626,0.20844441374643952,0.9903701723050854,0.04493106012026582,0.9411110234595188,1
0.1414072347728782,0.579077630997467,0.40790993586822333,0.45991176867019234,0.19148445187016716,0
0.23508794497552077,0.8124868864322567,0.45806608179157393,0.9503255011553612,0.9646747337934833,1
0.3475551487592121,0.2003803724125487,0.11492536097275474,0.7280573315594686,0.7583513170906282,0
0.6605449128641246,0.513330485402382,0.6956390793037196,0.4159020503236872,0.9925819965601461,1
0.3173680610025682,0.6398815307503417,0.7310306436886508,0.2769222496245235,0.710352522247508,1
0.6433431524597854,0.120424839616743,0.7040064648900027,0.33029906940465514,0.8121659221672702,1
0.8134051650742775,0.9561666826210091,0.8486648627215103,0.38697309558816295,0.21756865755493604,1
0.550636487021006,0.22515052132158297,0.3597328958677285,0.16674066962760314,0.26307744626055485,0
0.030525370771866234,0.9175006578262864,0.782949311155999,0.9101342405682268,0.005555154149841979,0
0.07153968274124944,0.5405657174799858,0.5260822893021914,0.1328493479299805,0.7877215873309411,0
0.07087481663886941,0.13984676426139608,0.691720779042627,0.3465597642548399,0.7802081246320827,0
0.2958683677834164,0.31052993580775123,0.6177020043097015,0.40149172647265885,0.3756946609967283,0
0.4054128061282517,0.3230668235024413,0.7676799024245746,0.0626400062670458,0.11488884735454741,0
0.5502702204610102,0.3620782284485058,0.7122084621915615,0.43906103437249433,0.7954309992544258,1
0.9891863016973185,0.3867123882790362,0.5295093963828453,0.784446881411979,0.1265686685738142,1
0.9642912682898541,0.1427722828055088,0.11221169556622412,0.8632859737994353,0.2890451819521864,0
0.1600980607279182,0.8420650414917488,0.0724451450488377,0.36411336223264834,0.296882421904999,0
0.03842383637272784,0.25083570690194557,0.7479831848534669,0.3423501962079375,0.09205273688701188,0
0.9233451764242172,0.46725833897667646,0.646838710082093,0.33913525355157315,0.4970371247198859,1
0.1377051861776446,0.5174266896982671,0.7908387012893425,0.16116404851356358,0.2556343305511901,0
0.7133611631759571,0.6889042157779094,0.6026622114288992,0.3165199934313322,0.4642649264285076,1
0.7914567684120595,0.12901575156201373,0.9260611514017947,0.3322065919092487,0.23590209495601544,1
0.67426504071742,0.48570140616462854,0.14842564791593826,0.9603078335942512,0.14783205198120797,0
0.07101013997853023,0.09899381842611799,0.11211190545000094,0.7770067207788183,0.04279736971358783,0
0.8928007325955315,0.5442627466470892,0.30700998089048626,0.06160881659052331,0.6870938411761047,1
0.9250004459541301,0.9330831232167606,0.05630711028655089,0.8564074140629934,0.09345080620041568,1
0.023348268918847226,0.8363025563205547,0.12130372535652156,0.5052833766367011,0.8357516654477604,0
0.4225267413716417,0.18480755888328193,0.5668981964736883,0.311441173978225,0.5197447235460225,0
0.7983850329015353,0.7164323681747274,0.37427238651779393,0.46032359235744524,0.8296158606576323,1
0.32516585331142356,0.5509458683290702,0.2197513712073801,0.24793367746234218,0.10390359181727771,0
0.9023461818987915,0.8976435477068101,0.9614391363869802,0.37398150814765974,0.013884637974026615,1
0.6562589439366602,0.07030215206506907,0.5098247832143195,0.667124760263514,0.7654214321555488,0
0.7267839872475488,0.6046501657678325,0.7281303604097938,0.2212022851914892,0.2795759721176815,1
0.5201527119790111,0.45894388006957765,0.4147182035026328,0.26156177761269384,0.8683860294640033,1
0.3102471184612765,0.3877982612981421,0.8755424201921256,0.042798250458724985,0.8472633529558223,1
0.10238814753677228,0.7392383723335398,0.26561716436852867,0.33301686814501363,0.2346492772325358,0
0.28331604221039064,0.1975267068710752,0.5280898489139223,0.038342768071960354,0.364655055762496,0
0.5179649891168671,0.15956634392476954,0.29059978518414986,0.3677466855653212,0.12208651294572515,0
0.4908428641445449,0.48013439720404705,0.2444018000904361,0.7656231801935667,0.3128866484405519,0
0.25732292664900014,0.6313123553653512,0.4872837069024033,0.6973215502859463,0.3908443292289362,0
0.6110847030178058,0.21775536693962905,0.8682372284509602,0.29016978550439554,0.04146628899046012,0
0.32240536500334915,0.9745609471956895,0.16412456324722946,0.6306335477620562,0.6246651957191975,1
0.10367016029115739,0.47485044741939064,0.32448469789034895,0.9333796473199327,0.820035787683359,0
0.717287807538833,0.4759104556625262,0.01446577644258884,0.2437526186324076,0.884433494688259,0
0.8990990006865335,0.5157778045140162,0.604637332890143,0.09940840360500414,0.6230613255557991,1
0.5375327251984543,0.9064320130654472,0.9671343402719006,0.36421951775331773,0.23263099910953977,1
0.9759633443686698,0.37624222143828057,0.8068960914621797,0.37076037784980975,0.8997980904601568,1
0.21427700881857148,0.445199894927388,0.9667185877070578,0.03853188803677521,0.08219893315210591,0
0.9942073179789782,0.46606072861371284,0.45272164062651377,0.19746972711881716,0.2268095542608518,1
0.6726559539148421,0.9022733020969538,0.8319678837264638,0.01721186649933537,0.21186444044730868,1
0.7851964471451974,0.8696258555782521,0.5115008987207628,0.9164321590024225,0.17494095843533453,1
0.6117128836560161,0.9854194897783286,0.42761926130820527,0.025966290006860904,0.09078865724468921,1
0.4789382253910034,0.12883893392226553,0.8126919566549797,0.2272161612639747,0.31973710795748345,1
0.8378629984850552,0.8156215783294404,0.2320318818865854,0.25519449124937854,0.442886759958559,1
0.7424499483988442,0.7426123948233858,0.9503183308904959,0.13622833692419445,0.7558728263998895,1
0.22724212506195807,0.7015046952712511,0.8421317183090089,0.9883320417551715,0.2859920568321682,1
0.4309109850689373,0.9286284734168818,0.05766278609770348,0.24802763125265492,0.44038365814543146,0
0.44666249978182926,0.4004039964070354,0.9212111580757728,0.4117568996424622,0.5561293801918539,1
0.27408065440646634,0.5472048103424911,0.9713582587272882,0.3589733967811576,0.8438412615571522,1
0.7346340486135177,0.056397525965574236,0.8314360520925749,0.29463344033823746,0.17078887656611974,0
0.6356161917491192,0.7615560685151829,0.14992129397991028,0.7912364092746688,0.7256185110601241,1
0.4867557719080635,0.22605023136479763,0.5703001762826895,0.8674304822207703,0.1683664625208643,0
0.05356946657670614,0.09928180051051116,0.8736939473029806,0.5806034223055321,0.008966073884066894,0
0.4299893124034222,0.5074683284534255,0.19451101506580992,0.784381318839494,0.280208740586108,0
0.1520473795910947,0.7311781679431965,0.3953329277214682,0.22794063914431362,0.9560936570194887,1
0.06533252089170893,0.07510291518424372,0.4451152517547834,0.9912813629688406,0.8498445202387159,0
0.85167385037086,0.8048918326482845,0.8303859049294529,0.27412230727855436,0.7935571009539234,1
0.6295016561774607,0.19984722188648063,0.4781136454002982,0.42027721309977006,0.1452737107285309,0
0.4471650938091185,0.337224125697386,0.1296609187563934,0.19248245405119557,0.059179080207062196,0
0.6039387047620086,0.4250288240346515,0.7970523245986558,0.2798487534360733,0.674442760824947,1
0.6061991334295727,0.31700012823886126,0.25332583669124853,0.5456456595525813,0.12724703167291995,0
0.18755849740038144,0.15033368037245098,0.7993193392043904,0.5854611410748037,0.8706942929814289,0
0.5762626343437277,0.7774529837854148,0.2816885053019095,0.7175929433912493,0.7330414614484186,1
0.11764643300460931,0.025537360093374706,0.27332032697562536,0.18703242586027236,0.08192008727088651,0
0.7426165324683723,0.9680043720253612,0.019770338637181695,0.9069209317738077,0.8057721038621721,1
0.011099613637634786,0.7346340211839204,0.005464824409703528,0.22004292106277457,0.43701409636459954,0
0.5653334217850433,0.5188866160826135,0.09635358867877697,0.08623866736989594,0.30129544321016477,0
0.6216974857657492,0.9921011813450623,0.6312896920159276,0.58133742523036,0.03338940395672774,1
0.05671290060018863,0.6677251435758649,0.6768526751599687,0.8967205726667586,0.8664177525858269,1
0.29333766588194,0.03862273098432345,0.6677303867116071,0.823514209878674,0.1409399383252462,0
0.8456470194950456,0.22193608238674267,0.07364560551573651,0.6255850110725912,0.6257255019295747,0
0.5912832812610401,0.3338649454710677,0.39711080905987306,0.9440663114015742,0.824917341397932,1
0.8484759893236553,0.7589555846945795,0.842552286496759,0.3076587612410109,0.12338185849856287,1
0.5522431260999603,0.2949655315217351,0.15191706540827032,0.23539368512380499,0.16879531723938712,0
0.6695455370584427,0.8588611587876931,0.7386563382995498,0.1488121516490315,0.8119104022776805,1
0.5349043333077198,0.00977149881135575,0.6218051648344551,0.5424964578293098,0.2360390359399811,0
0.010358148829312963,0.6725638653185937,0.3663961900973344,0.8065033228917667,0.023302472020977683,0
0.47852317375219655,0.032648858062774955,0.35140921445156503,0.4547929157755929,0.3094121678981496,1
0.2876139211013391,0.9870270222016341,0.4607908241901236,0.9229515787987055,0.24295938953211005,1
0.8247178392638452,0.051738535079694614,0.5750696866789734,0.6685144696650516,0.5731508844205969,0
0.1835706435046136,0.08780209768110392,0.4577644691257351,0.6161426319485134,0.6168092879859273,0
0.40638606989953263,0.42276946500465407,0.2970922051981575,0.6333919889013904,0.4284512892011142,0
0.9410991728397228,0.23375613144288265,0.19901095639992505,0.21043683636816735,0.36734107438190233,0
0.8673591805131692,0.5139022503030508,0.04295893427487962,0.9731509379753667,0.11842164870154948,0
0.30705984403523157,0.7280579315424272,0.668387408880571,0.31434579370591176,0.42763103129793933,1
0.24555671746757568,0.9591235160232799,0.15557172187611257,0.696028754206144,0.9447098324679919,1
0.6412273950758761,0.46800028089893964,0.47477168210169673,0.17573942585395264,0.5450729857817367,1
0.8971377888890629,0.8956189028670918,0.3105154436704972,0.5035386513787513,0.48521649403965295,1
0.3686281986855585,0.3710925140170138,0.8721230798882988,0.410944047563628,0.5014686177947586,1
0.7003727122626289,0.026270709671415426,0.28864584376873437,0.7811650826849481,0.6061471184652972,0
0.4438699494231082,0.9634925540320829,0.43544503829669634,0.06765030329768884,0.15187335217056397,1
0.6435683519216543,0.8099259248986276,0.860151641551244,0.8268024500276392,0.9386715039972094,1
0.8020947921057878,0.9360130595601808,0.5073629754768342,0.5353967982550851,0.8880906312656772,1
0.329099917858122,0.4830256735367412,0.3261243556674126,0.1536673058517034,0.0006870380941669252,0
0.6140307169664403,0.22699947733575543,0.6900200259856676,0.7509243330929387,0.11922567108284265,0
0.5718878860420608,0.5060328145257267,0.36299709045724393,0.7103917514588832,0.6294101337316256,1
0.38631805398508423,0.9712025261168561,0.032430267282427705,0.050030358399277386,0.5970802932936465,0
0.8784996220291413,0.7593610399438121,0.5731742377946716,0.8994525697200886,0.9165124545853952,1
0.20418888288964865,0.6145443163160993,0.08780921845545675,0.9139056953117344,0.012310061483668977,0
0.8416133892297163,0.8720492805914504,0.14737946276626945,0.08883330056310501,0.576408378048448,1
0.12202589951574894,0.5201821385198161,0.8007865611949508,0.8863316134875514,0.6567753923558363,1
0.44385420231317063,0.2135000483891002,0.17731020413608678,0.4871187723195407,0.6962599570320572,0
0.8372262208058743,0.09046917357521811,0.5636679186982967,0.6050382458528544,0.25025897657432394,0
0.15095917927360747,0.8437836397420792,0.2631249973082641,0.8626608258949027,0.09193158468370644,0
0.6039991705254475,0.1077137641458854,0.6868122889166832,0.27986691542292463,0.6913539155653693,0
0.17000942560669619,0.9498160800320006,0.9140829657678851,0.07019277823265302,0.229397114499445,1
0.7095368610854608,0.49863706605192903,0.20816926227823995,0.07317050674112102,0.155966814809134,0
0.11751105395391448,0.6102015303985043,0.6762391636681784,0.26002266296095844,0.3355009402938136,0
0.26628691040763974,0.44989646043111897,0.996206160229149,0.8115180560263615,0.06623462981970307,0
0.598915467867666,0.01649625020729406,0.8042962714081947,0.5944644268811594,0.9529130959156678,1
0.7953767879942562,0.037241408589903546,0.730054273065507,0.7071614353573664,0.9141022970287972,1
0.9304396096486457,0.7332264218378283,0.36012491860332363,0.22945366040724013,0.8749766686234861,1
0.7355267054736351,0.8594477134473234,0.6771131117107914,0.20469721761832327,0.46839859382784665,1
0.5119219991135366,0.32859643401516736,0.22661792703320038,0.31720927515201625,0.5096302052843138,0
0.7794920776290607,0.837765245388401,0.28642651081328707,0.850215277825112,0.8755070791983065,1
0.6446274224687882,0.658872538684832,0.29386005693732653,0.3149910629557434,0.28563218309495064,0
0.9745930404618207,0.998161363933777,0.1838279974455005,0.9064348648886162,0.39491553077547203,1
0.8439106937770733,0.6500389568772873,0.6691458790514508,0.6267939129559337,0.9903648039700649,1
0.9116489088923723,0.5518839515454368,0.39044973434291064,0.38622775506986085,0.40521435828761976,1
0.7970644080497812,0.19835923367218256,0.8742119066834406,0.7785076986560527,0.031084769650768007,1
0.5483856624327293,0.29934882163721066,0.5632913304196483,0.835056822296114,0.047643339674312224,0
0.304981362662583,0.24861990362075437,0.5124113204686677,0.8011783799404756,0.27966719897386927,0
0.597048849914522,0.2816286161514344,0.025970487140379195,0.710542833294665,0.9425463668551978,0
0.2692295338547285,0.5455816870470847,0.8593963015124596,0.6423083764539447,0.6036865235952636,1
0.48237492767054735,0.43358880850195447,0.9183928870187572,0.4962395041083675,0.5846643887015827,1
0.08435911795687812,0.0005435444697591274,0.4729196654758908,0.7210213956248394,0.8301093401046745,0
0.1401845388537315,0.0497527455683866,0.643146453058169,0.13575454042314017,0.7704843405025671,0
0.17937055140438385,0.057609956792719186,0.9962715430874115,0.3109884615099855,0.9857233989992674,0
0.3130011424888629,0.7290661874250336,0.04710447676815188,0.44955983808843925,0.24982836528377672,0
0.44050073272322954,0.352697184165105,0.16160109086447982,0.514560857423311,0.5646506665781484,0
0.1828213645510891,0.09009289104703522,0.566602550429193,0.14157315941589577,0.4759818611342176,0
0.47699124970960616,0.1501778423581498,0.6481834576479113,0.8553852795417859,0.2366418503636919,0
0.15352045208028076,0.6049596178991525,0.5941197534218524,0.36592442870494557,0.35862408487130604,0
0.09604670655808822,0.23368378578862126,0.0832336036716802,0.5291760713563505,0.18501554080732896,0
0.010131945422955035,0.30044368939696775,0.10229080413333158,0.4454794023572425,0.42265586921836107,0
0.5537379838341582,0.24691130988563847,0.008701323369741942,0.4313329672162207,0.30258820871531167,0
0.5236838930624718,0.7103101477318573,0.4724960872466436,0.7673163709830267,0.7543663481503267,1
0.1518611810986592,0.316591748097635,0.8564667891598202,0.5558128990353465,0.3724058585082842,0
0.3322020994064596,0.9370593143404096,0.1947736689820242,0.5973823996848583,0.30133292410894896,0
0.1630493661879715,0.9227596290615699,0.02393182302239294,0.5764002832207071,0.11785935213370424,0
0.8730448306875385,0.6769915069805986,0.3791158694271942,0.42328166656537636,0.5643069387636365,1
0.9658776680618419,0.1832730190047258,0.3706401440599467,0.4338655668406133,0.8174647309118429,1
0.08289644807298269,0.8525730681660484,0.7161155037688804,0.32433226080618094,0.9854785930585026,1
0.4248889472529822,0.7569611266350796,0.6085803907868962,0.3442750318611806,0.40059744315389756,1
0.08053503551863173,0.4092151800840056,0.9838889510283416,0.6533514191467219,0.8710951980070986,1
0.4767703555605596,0.6536841172562711,0.2446538115411876,0.9981804348730678,0.06927603092432033,0
0.9993607503153223,0.6607506537748485,0.3217963107629169,0.9824315523373268,0.7464750662285256,1
0.9474800400493261,0.5604585633936713,0.10982687822665749,0.5158199850324519,0.27024961215756393,0
0.624827597081207,0.782015446980534,0.8776159256239771,0.4067197235784258,0.41276481657652553,1
0.14938468468795008,0.000987128832023565,0.10391385131021968,0.7750262068612978,0.990259917887722,0
0.20591475165625128,0.31945552530377785,0.03567118516000656,0.8532874433686711,0.9428673424229387,0
0.9662044314355019,0.3400640734437973,0.49128084001648453,0.8115582361926308,0.9742870453085354,1
0.5116489851864201,0.682995903654225,0.7448799940393088,0.4590932375465263,0.46021904511609923,1
0.12523152570449303,0.4131477460720758,0.1483077192243325,0.9925678773136423,0.8957603708602176,0
0.2592592255001921,0.9220284207954816,0.7752741422312547,0.2539587066328395,0.0699131927130977,1
0.31208153178107734,0.6628549941370998,0.7191024821958389,0.7188135695291599,0.9817047463367894,1
0.6369094032549801,0.4803324280968324,0.7319335822814051,0.30475434034434157,0.2886267704117613,1
0.17180919512347337,0.7102023687210047,0.9234707853608884,0.04530977464398167,0.03111384693889474,0
0.2907317642710663,0.17839808793169243,0.11789150921338898,0.07516096997544108,0.3271917803503528,0
0.0898852889179792,0.7669660642701053,0.7748229875886277,0.07156304348926545,0.8234387311212312,1
0.9456388937782646,0.5287231625186377,0.05809669574333587,0.0036481562302784765,0.45766719448788973,0
0.7677208595945723,0.6553864830343311,0.019708290714873566,0.992463234913737,0.3740356723903784,0
0.19059407376340642,0.06651342538440208,0.5026260261099176,0.5307646475851723,0.45822099158959606,0
0.20985637297651183,0.822800216557259,0.7804057845209627,0.839389686473196,0.4745341026262857,1
0.7237910400493067,0.485544489594425,0.9959429810288566,0.4008198475744854,0.1514476642164877,0
0.6788753387793468,0.9570339832683872,0.7796429865889558,0.5917571697214273,0.03987419021522598,1
0.08401417320518456,0.696601145902502,0.4289619642707799,0.6605236203284638,0.8939664240137503,0
0.9760253126645786,0.7777911740622102,0.5216098059775208,0.5729595867120009,0.7800908637885057,1
0.13433655313317905,0.2837994896355307,0.4753497505082306,0.7844127072763667,0.040250452325744646,0
0.30993833635937285,0.8179437054645131,0.19497649196888522,0.3517659663567594,0.6914417071902943,0
0.7076847730176861,0.805140231461805,0.8749289499239673,0.6251524470274538,0.24375226351728352,1
0.8964269409948661,0.827728070664401,0.45109163856277934,0.3777813457851005,0.6836485128588438,0
0.013217752145997186,0.12145100840113099,0.7751164801427947,0.25918737500815714,0.8115824350351997,1
0.37762868695742724,0.5415482268039654,0.1466230859392207,0.188999848328967,0.8399400017979364,0
0.5589911740127107,0.47757677126682896,0.6952988110854407,0.7879068125650611,0.9159206226590598,1
0.03465856683203039,0.9933307007361762,0.8262780987580075,0.43940123332938696,0.09750487707624633,1
0.21602783666368341,0.0009264446885528521,0.7173371273870803,0.5700505569028602,0.26117146088282717,1
0.9554593848000954,0.9718968700477465,0.6406978067097224,0.1010859940577753,0.8667652788023944,1
0.4841611902986349,0.8430118727609788,0.7459623962133517,0.9665140304323634,0.7411458708469163,1
0.4801110777317166,0.6001662966238017,0.385681919851119,0.2155156032528357,0.8695635205123193,0
0.27215558458774236,0.2440310788572171,0.7593246129709115,0.17886589316662305,0.23694395709658866,0
0.16665865081202125,0.07292648113298128,0.2298767928342732,0.6369350910310777,0.7172784814687221,0
0.6087431871367323,0.9800452597472618,0.07865328961132101,0.8450142070461782,0.5802963064222483,1
0.040493051039546035,0.3227656476738663,0.4792522572407508,0.15192750934870136,0.4375713717944554,0
0.10533811755045952,0.6612375931014226,0.9735764783755781,0.6521626469635015,0.5871560058287747,1
0.2010511334311268,0.2801192646559857,0.6495472772427816,0.3194829983671985,0.9170401250488149,0
0.5702155468284008,0.9228469917829775,0.7828333809267458,0.05328175828455928,0.6769309058996394,1
0.23661369713777924,0.8349367435221832,0.908844765383315,0.5652172047696586,0.43779105164465504,1
0.6927268256537219,0.8923116032428544,0.8920996240368702,0.9611286039273002,0.6280028367086112,1
0.9292538336480658,0.06225576936253352,0.8662020085606442,0.4906104912243452,0.9469372681234444,1
0.0392456309701098,0.739566551046388,0.13964396777945853,0.1331814786289921,0.6596487775799632,0
0.07178552398297244,0.4090893018002778,0.39351116171338396,0.576058738341777,0.7566799047750324,0
0.8737203888284287,0.34119552650125173,0.7462216111302924,0.6948397577923584,0.3070270738189641,1
0.24606139480118505,0.6258684254365426,0.6367397060954345,0.9413354356373497,0.015931459867566056,0
0.15864439952873355,0.991367136187031,0.9176375812845913,0.4204885927619515,0.988978278676061,1
0.8111959110921627,0.8909021826012338,0.545974904907159,0.034279802334133525,0.49331171346020664,1
0.8339072685512326,0.632812185676075,0.6588975413366278,0.26266683051742945,0.3850004563265701,1
0.7139306343205641,0.47867547290447665,0.5880556195922254,0.5448825048904993,0.10771817689728524,1
0.8513315996158141,0.9024103028096333,0.41876862500956114,0.781701887633239,0.23660938505301654,1
0.8066546095288838,0.1395669591804607,0.13454947672892015,0.1918303470517162,0.15468163889310516,0
0.889977647374963,0.3071082088286937,0.23645184443172507,0.5032067580644173,0.549238381516938,0
0.5590917323908912,0.7106317438182055,0.23622443448285635,0.5619466051520464,0.3485658085767456,0
0.8331169245541096,0.29917112771310617,0.48296401336837813,0.3234567969446236,0.20786937849494347,0
0.4529046123240128,0.5324763624973939,0.799118650345909,0.7426308913167645,0.7946051167628688,0
0.383344218044376,0.3550911096312942,0.0650347400056015,0.20707435514152528,0.19445824559550495,0
0.28218072884715695,0.27614368909297216,0.10997273531161678,0.9571798254787083,0.9188612665314431,0
0.8393207291260342,0.26863980087208994,0.46752167156332325,0.761050794710613,0.4232035845270652,1
0.7252990479921435,0.17287530302154097,0.17465048759494828,0.39243232530354943,0.7605794360516966,0
0.8861920211021195,0.7134412853962676,0.1476681391023852,0.9205738212782842,0.5651989896550977,1
0.6611206130537788,0.4352237121881819,0.1820497263844837,0.7206791695985942,0.7492921848456323,0
0.9808031956339448,0.6245540075753099,0.7587386377469347,0.31662861200650916,0.9228565954936946,1
0.9207837488833472,0.2951232163395088,0.49180490181246006,0.4607354829741036,0.40750932382308835,1
0.4754437344536704,0.10342295302500648,0.7741005283959113,0.7433823591490866,0.37390001120888705,0
0.054017103299496716,0.9534321673543751,0.5645632685585067,0.8891472011125461,0.7643382514689626,1
0.6174782966088317,0.8384965731529598,0.8196686483022784,0.2867103828878217,0.6570897188148166,1
0.9740909275084495,0.548352630779504,0.6149972739215152,0.043225162267624295,0.7460508904113405,1
0.22656213097670985,0.3850119008896503,0.6755726598459711,0.5842338168170124,0.7872029730447119,0
0.6984487332363084,0.3897412985444719,0.9708922180351856,0.7069601605523325,0.713431113367096,1
0.9078285887895955,0.39210556893453663,0.31677387114659583,0.565913073054495,0.4826438634741179,1
0.7903397320137621,0.5203477422588665,0.8143905841699859,0.9386405625775522,0.19116671813307828,1
0.9916684731300122,0.3124037465889967,0.72997399587801,0.28838389463519165,0.9258358240040441,1
0.6752637228399151,0.01606720101863801,0.9723766299858101,0.010087131098842073,0.8706184732939947,1
0.23173617836795912,0.416961731106507,0.20178380702156995,0.27695800198493437,0.27068186877173284,0
0.8799212736798441,0.072508296712964,0.33276009617397784,0.8324286434991377,0.8063763148735613,1
0.7819892790434217,0.2172781570990029,0.7497488722725251,0.89804512247044,0.8393113386548273,1
0.9093899760196782,0.6812784769579722,0.2517813985062821,0.16353003167048008,0.48449605251035743,1
0.8899783415720521,0.05652478424778107,0.8478376212770794,0.8449546480171235,0.8467902434797713,1
0.2085549491690193,0.37848249123670796,0.7813717203829194,0.4094655583250233,0.6999225836074253,0
0.02896914490008562,0.016086594828839673,0.38620644845931085,0.4208223772958124,0.27751174948014623,0
0.9923181049900287,0.06583082568461873,0.3640126328697151,0.5771502824408209,0.8239406585864948,1
0.649760942295727,0.544886791018862,0.8660531906380321,0.6981522040170713,0.7007469458116472,1
0.2373920694977396,0.9533635536548332,0.8574224838841512,0.0795971953579262,0.5298873821377936,1
0.7547952720711699,0.4412582725257802,0.5587380702634412,0.5975689589964486,0.3883149123786088,1
0.36576099710539245,0.4629375144469502,0.2363547971458968,0.6561778148541949,0.2936591370819861,0
0.9335317749806078,0.0644999845362032,0.25241530259753886,0.016492156775085864,0.9478908602409458,0
0.958289611354339,0.9893835634999452,0.8318753488325815,0.7640067486832347,0.654031881301824,1
0.2681639100811024,0.18234813871105926,0.69227338508611,0.5982949425674559,0.5800211040659976,1
0.3380657999389308,0.2244073849595053,0.724941779451845,0.3041786425780356,0.056624484515917284,0
0.4058666195164745,0.34515606603904947,0.07048375667021689,0.5318231343362447,0.2500986500793686,0
0.5301391384745694,0.1367013295860312,0.8072776529747219,0.9753810794100581,0.6800071313396878,1
0.18797499070417356,0.13745343098487117,0.5998821197346446,0.8691970742524511,0.9302198844547969,0
0.204593781678997,0.9861202526521592,0.4768837735849939,0.80084815038325,0.31939392621065865,1
0.1895942216666845,0.7304506566135108,0.9375058002503471,0.5494966490418186,0.9343332117269436,1
0.722657181339982,0.7688402910405098,0.6565023984213737,0.4478056626873663,0.9664374209581775,1
0.10788868625308079,0.8680175408987384,0.283120669736042,0.4002460397588208,0.969188835744418,1
0.3733072118673336,0.1224545518203014,0.15127691716465297,0.7342039300721949,0.80571788342909,0
0.6225744003602274,0.6654825560731126,0.9970175320842937,0.7167405675394989,0.6575546992472443,1
0.49512195715029184,0.6729495471411113,0.4103577221610586,0.3097272248490346,0.9768511775793212,1
0.9772281624678291,0.6179675975663037,0.4930143372539437,0.46140145624029727,0.7793277505508894,1
0.40950909500563715,0.586745429937899,0.03994989622313638,0.13959128416940858,0.7561234139773454,0
0.8735110925564462,0.15642314777459232,0.960736259193745,0.6407062220276813,0.5661124297664404,1
0.9924051931553318,0.3025763083719474,0.3821857527422501,0.9934664303377998,0.15315695579639332,0
0.7477471970334845,0.9648487077359889,0.6440621157165984,0.4947154645600801,0.03163728216423045,1
0.6284896625173056,0.7881671165093233,0.4841937985178224,0.9568908059370476,0.060102752523993774,1
0.8282915619150126,0.8263406592780336,0.055014543725763976,0.8797923811489412,0.6484685151866104,1
0.5182278071498435,0.9187722580258119,0.7116769357625036,0.190609839936404,0.2877957595519569,1
0.3370241267945696,0.5599029001982462,0.7212361684456026,0.2270617388872751,0.20270546587947913,0
0.30975284443622997,0.6271748996627515,0.703266105794927,0.843833083186849,0.4604112878635592,1
0.8953746306183199,0.9761175282227929,0.32699343453377416,0.8119082655180122,0.7517145680474498,1
0.03753393177372799,0.6961678107602818,0.8687634878055034,0.6800218841141173,0.7072844073273319,1
0.15265843630769205,0.3880604473962489,0.09827959895040217,0.6288109023906444,0.5668148677622777,0
0.3724154682521601,0.7867464379255894,0.05277330541848191,0.4783768946421041,0.8040181338717813,0
0.6286527369130955,0.8777032880248123,0.31358365556421275,0.8940431852732217,0.39640946743758676,1
0.7928962784050796,0.37370384890824426,0.5833153844626708,0.7338736036353568,0.1088222029749828,1
0.20815196925943458,0.9781228603220478,0.26023515718614376,0.17727566378500692,0.08945776412657236,0
0.9671113564406347,0.7055571328126615,0.4255096096703773,0.2600236144011614,0.17842510812421775,1
0.5825572306485779,0.9600829664931692,0.22839462659853216,0.44709214446078704,0.2328248155532635,1
0.4013302404333571,0.5911346176545944,0.5108828444286155,0.08323787752921352,0.7644601469827935,1
0.9621444288609589,0.4159145384785171,0.4265282080201739,0.056554789070137335,0.5086016858213482,1
0.19217131411932353,0.029862149168547347,0.09578392380452883,0.3844553305181515,0.3594189928272171,0
0.35479770756629336,0.6279517920469059,0.1889840512867581,0.5605324108603007,0.5825913672224812,1
0.9136405607628443,0.4739718683617127,0.003948263416095998,0.537758353563412,0.2643624587628415,0
0.27082173239676266,0.4807436915171198,0.6616992502539247,0.39142541231406613,0.6956416725065092,1
0.4311776828517364,0.8942784072893514,0.22687551914348336,0.20495569452049578,0.10723966113334604,0
0.7805120536465057,0.9244114695490223,0.2698208749208333,0.3828227268623917,0.14916126788842798,1
0.7867068690144458,0.6488632275261631,0.1856929958185447,0.5877028291642299,0.055729432486106734,0
0.9351675364189543,0.24455691721851114,0.3229608437338847,0.14664440387327893,0.876615846345643,1
0.6349419610636156,0.5917509088048212,0.520339681575641,0.26651176964566137,0.651850363862793,1
0.6404450719395882,0.47384417663518263,0.5425085511242704,0.3986389273337845,0.44139303449250555,1
0.3223277460836276,0.4010033799966203,0.6458394094912019,0.029281778053092622,0.27688108324541816,0
0.5307486769448518,0.9525085352805719,0.5081286196026884,0.7725315244246022,0.5613791954809757,1
0.805431229590342,0.6551525433375308,0.4247767874565419,0.790427355896037,0.9383234037839717,1
0.9476773728840032,0.7204419151754017,0.4361790877956103,0.3879596126494088,0.4614467214317932,1
0.42851065298200164,0.008555932596816751,0.7619998000690046,0.19753615702620775,0.7498114167323663,0
0.42870608204290694,0.16919126199616286,0.6115348109621584,0.5829363234789562,0.6165625266747191,0
0.5113196741028935,0.49943917921181036,0.5361138508396562,0.3182321630965117,0.024215595511559496,0
0.7785595713577065,0.5568956133729522,0.7131582569677852,0.497097702972378,0.28942967448411006,1
0.8265797651275981,0.5517209884722057,0.6408040277570469,0.026320011680668,0.7811270057351658,1
0.36400428135872653,0.012415853383856534,0.4522606867353012,0.10643178808641718,0.8505481434815111,0
0.6540688370048399,0.6391706176393754,0.1848082572015468,0.4860710531272352,0.753075279679453,1
0.6017415399250541,0.20193265006814565,0.2337675364617834,0.6538243815159539,0.9259444867030062,0
0.06272259747090969,0.7027798669117697,0.037919051353758726,0.06148226681411029,0.8042262569446795,0
0.3168116514552355,0.4883867452040931,0.3263104977724265,0.48554155335169935,0.7571112702785388,0
0.690400198952126,0.14353805498184546,0.6156314160050197,0.08792086682502698,0.7150112154688931,1
0.47793605628356073,0.15842104848843186,0.06926803759635791,0.5378489384171123,0.012942915279531064,0
0.39748294686966745,0.13818160177358263,0.5570867927416663,0.8523545625806745,0.672439228618947,0
0.09961133466407701,0.41480654575927245,0.2972128598448712,0.8574939080864006,0.5621533776171439,1
0.72185623381123,0.10153463594149459,0.3785986750586664,0.03904966911307983,0.09406022228203292,0
0.8635190497611235,0.5684302425677756,0.5956732621141928,0.35995753713312983,0.41005056440653564,1
0.650148000733158,0.12710735068260137,0.6041655627152255,0.7070102897646532,0.7933232830804433,1
0.3597575038236748,0.9749307394796317,0.318622914242381,0.46218231187364467,0.2409103685339874,1
0.9363426446836998,0.630042996032581,0.9555797765685247,0.9936598427662158,0.3507551490177444,1
0.8329020447461025,0.696506501459922,0.9091665665405729,0.9454604338319307,0.5276623048245949,1
0.4037649054623317,0.1557746851809696,0.10152350862801296,0.5166357528700458,0.5813291760529109,0
0.9728239155024098,0.1895938849506995,0.623351570850866,0.5712457169768135,0.3295550439224335,1
0.9290935052159105,0.7909380621701899,0.688806408392367,0.8847277561082073,0.5607805434807763,1
0.41952753639365714,0.8035838263584114,0.07696605892426311,0.6390254103836709,0.31790955559269796,0
0.654135479933609,0.6934734374789986,0.9435657008101553,0.09751036964244009,0.8442325716357706,1
0.2585272053137978,0.6257318569615996,0.16734057913477973,0.11458333581111557,0.5540459160994694,0
0.9917053799468974,0.18508027676339056,0.4094059976851575,0.8500295053715388,0.9926036351669778,1
0.8075219157169351,0.9082525327711055,0.44100982635786234,0.9158113699881345,0.5819354558723344,0
0.5690297875781827,0.5705825118834252,0.8347729015228585,0.7722159850042972,0.3465247069191336,1
0.09476207891030486,0.08750658969025416,0.13503076616252907,0.5199887884899753,0.5036512434024909,0
0.7325043805971285,0.5505225185935023,0.8678140453392942,0.18969735520336817,0.08855840506457036,1
0.588073651981241,0.7607767209673226,0.04569240866046376,0.32084080159621986,0.005090619217437586,0
0.6987904410974136,0.3695673035785404,0.2406397490686667,0.6396294317133445,0.8379085924039446,1
0.5545180294227384,0.7846872474330353,0.4556879123820582,0.38943437054732544,0.2942245066577942,1
0.4836945728698949,0.4542065181270144,0.9781022145578727,0.166923696568812,0.4868810685085587,1
0.7807608731052659,0.5108240804280726,0.18613192209535123,0.43241115017736187,0.8006952620333687,1
0.5495635828200894,0.39103986730276585,0.8502829272299718,0.6185202152137894,0.542744424868269,1
0.10291128546816097,0.30681589406216947,0.996518710329275,0.7968665384471704,0.5557046863950176,0
0.6562502960215872,0.2449921159346471,0.37248925776954644,0.19781813201324783,0.20893294277484842,0
0.8847049631501085,0.058372381682544994,0.18987020458075798,0.5766564689594419,0.5285337798029401,0
0.0795452636328996,0.5344207068699599,0.5757343491714692,0.39261300694650136,0.443455449162506,0
0.8448881252448677,0.4078361698248296,0.6298363815862482,0.010774296963040553,0.05181216725718729,1
0.9123772631226935,0.0455960075539138,0.45214689052530355,0.5316077087218585,0.8176263286699824,1
0.35597885551086506,0.7332635660358919,0.3860412954695801,0.7472891512557134,0.8434248258074596,1
0.7455385390225557,0.9052817413545735,0.8440503401655994,0.010173463733774923,0.2306477341923323,1
0.6475871863489061,0.4185416387698132,0.13547550250949603,0.3445352810906057,0.6926680690574603,0
0.24044208490926577,0.6261764809795571,0.4136259944123253,0.20307253717413032,0.33587529393887183,0
0.14400058779554215,0.17004215329254047,0.5295922062527039,0.20100620966185068,0.6505566534766405,0
0.4019822037310744,0.46919280112631245,0.0811531661405448,0.46655331098050024,0.7262881929911861,0
0.33489318319789263,0.7196543965791052,0.039149025768287604,0.9504390160760493,0.4351846007336886,0
0.4130539048235987,0.7615043644459718,0.8065130936436513,0.882906493895662,0.15463520784767126,1
0.6170232605623506,0.04952058385752045,0.1717654482415195,0.17363058110513196,0.9537626471021798,1
0.7584885059309366,0.5879742377729258,0.4734324150280995,0.6538904866011551,0.09416261453043862,1
0.5786147029125266,0.6491428513208694,0.25528390292800696,0.8800530022387402,0.8255087440794011,1
0.5388102242929571,0.47188797298500007,0.4875706983089161,0.9048012173582034,0.06692503498485147,0
0.28898935715231133,0.24322733320216916,0.310877328999567,0.16196598955225128,0.49460138330698433,0
0.21998899074343614,0.3184460106284256,0.3280412566179258,0.8291890248932691,0.3553211059935023,0
0.0906469214106026,0.42138700464675904,0.4788238857803514,0.9217671002557986,0.1363253642135589,0
0.41576624335246004,0.794754886663929,0.5308703728721786,0.2800430543076897,0.36065665455211315,1
0.6271524276894123,0.3707314324878571,0.2831510459705462,0.0239704369878051,0.4218459373478328,0
0.6511057932856709,0.7558015595928335,0.8699931081153413,0.4150827304151866,0.12895048953567023,1
0.13866254426303393,0.7064448660206198,0.9618716070932464,0.5297419142627313,0.3605306769963955,1
0.5995798739057051,0.8273737351715179,0.25294376986117106,0.29322526572759267,0.8148908801913224,1
0.15349370858496236,0.9600296625339099,0.5911981568471432,0.6365524501427144,0.1970558209023513,1
0.7434663962898526,0.8744651603344489,0.1666442002999161,0.11793814710075068,0.8839500403598701,1
0.36500119695220845,0.12072102023552966,0.7302938945490934,0.3170146666597403,0.8904612587885813,0
0.7475553793766879,0.395207582466815,0.04638382464705282,0.11786564907544639,0.6344678085044825,0
0.6193826577286523,0.509167097458306,0.8953295483818746,0.7419494277735387,0.18734432607600282,1
0.8482654626679115,0.42629735463597207,0.5994209422105874,0.1516885144625012,0.6913813655893966,1
0.4569776356813867,0.4506769205384499,0.6633615833850827,0.6180505936167312,0.6104545040607898,1
0.9451584836284965,0.6098376209170825,0.34941908517855136,0.4626347644653609,0.7622055152679045,1
0.21032627460982123,0.05933546837410342,0.6107153829202508,0.9184329903695841,0.20171976687463689,0
0.839693746527161,0.9088113401075053,0.0648862899285868,0.12410504551235813,0.5000715155677501,1
0.826470163535506,0.7189057968568804,0.2393732220520688,0.13369290527055344,0.49105026507421357,1
0.12623781820497748,0.6439249046837652,0.5171875938866526,0.7451442665207929,0.5314761467267749,0
0.683183567052122,0.5731956879720488,0.5671277051976376,0.8842652395090559,0.8395702323720177,1
0.5806092678658554,0.6192957798707589,0.017580057801803384,0.3280485954825597,0.2804720090699757,0
0.7559709983587778,0.1522350111604821,0.11907012212132717,0.25635910493400726,0.5277984408009764,0
0.6771005539711271,0.6287038298283983,0.4675208242190453,0.18375418895744744,0.4835265262662939,1
0.01448124800052264,0.7239843622387967,0.012457567972393058,0.9711484026564459,0.8060314459677305,0
0.7921293605968827,0.42850302040128674,0.1818962707406293,0.05253371622439107,0.9240918653674288,1
0.34116089572657227,0.1584974706592146,0.28792890924682035,0.03655879791952332,0.9545179216947498,0
0.8857819440641316,0.3268381530453839,0.17521330670864044,0.9432691534918227,0.7590951723513928,1
0.5689483217688158,0.3192379867371684,0.5135834320545852,0.3689472323513907,0.39132587979382827,0
0.556757212192137,0.500943353097138,0.38246146173330453,0.4260680105820114,0.07162836432703523,0
0.9940741139502912,0.19512862391564434,0.4310502455987718,0.229286637982271,0.9059203997857577,1
0.3037215321601979,0.47942676897922354,0.7411962699727045,0.09447545971739624,0.499638963627382,0
0.5137236841230539,0.5379006306674474,0.43241584198837035,0.3715208492176162,0.4683187814315536,0
0.24698062577087687,0.6600003071561612,0.1642685713119768,0.49317589356177816,0.027127436964076157,0
0.5640439173233172,0.18003507800387475,0.3123861022891078,0.2670850103826098,0.07437712947947317,0
0.7184702144765732,0.27003477987628677,0.9682407752928551,0.32648974464301816,0.18849138194519688,1
0.5677762555338752,0.19148147219819855,0.33067438559549267,0.32776335648768185,0.2907851788107926,0
0.019964482408301287,0.811333254981165,0.8052752213356553,0.03659816489039436,0.3296413781794899,0
0.9927039298541761,0.5409274732009158,0.6058397176139255,0.06623682825387833,0.1124719090187124,1
0.5783710228092191,0.0117217201581864,0.31152936017964794,0.9895757263413515,0.3592991658315233,0
0.8481241377076597,0.013233990160012366,0.13283450436761812,0.7337651806314704,0.180540028251299,0
0.4177021532966424,0.6882179714766737,0.11862164585756718,0.12117413201676952,0.39782292967065735,0
0.8742729739839207,0.0907187971198069,0.9062026761564133,0.7698014316924123,0.2014432903957587,1
0.9043127404122799,0.35226323986772334,0.9505976516205312,0.6430172225859807,0.3176312405451809,1
0.8445866714860539,0.07902796977995785,0.00417367390715595,0.43217593862184334,0.7817120754807958,0
0.5162752288953583,0.7212120085251883,0.04281700539021016,0.14876734879337983,0.8130577470219607,0
0.5353892736431357,0.09077412906751214,0.15889256506817473,0.8128761290594707,0.08220419445539984,0
0.6095806942604197,0.4174885832199675,0.838239807354274,0.37637635766537825,0.514949837399757,1
0.18253452108180357,0.034739815299077326,0.18123989840459798,0.050961856436871567,0.5323152987035301,0
0.026428640607132237,0.13635307614595982,0.5020134260615327,0.036307739390759486,0.323721100901898,0
0.7180869794372264,0.2623359103135443,0.16511882635449293,0.5336098764163008,0.9018206439019826,0
0.513609133443069,0.9217771133641367,0.5055491978995731,0.12815093166410574,0.2702775661842757,1
0.21677759587598655,0.25929812712275113,0.10388128194708246,0.9893224043787047,0.5003799672406745,0
0.6231198477511375,0.6388794816700543,0.8590162676000526,0.015623473963246481,0.38791374723574323,1
0.5347283887311889,0.41300627216948194,0.20659301045611123,0.8305337383855467,0.1472835787679303,0
0.012063883838220435,0.13961327218706998,0.8322414654244079,0.9375886806028811,0.40367136574695917,0
0.9022062970605257,0.4681441586959496,0.715289924159498,0.8583150328974859,0.37213220573959727,1
0.29305544857009813,0.45341809884231954,0.9487870576705226,0.6344247742694454,0.36733399831095626,1
0.7566644867911577,0.36238244567742484,0.03124561157957806,0.2865032040249378,0.8384668951024536,0
0.9548376281378141,0.437500716142294,0.22745688501902073,0.13308188941300547,0.10130088531508097,0
0.8687548723533357,0.9662479623018699,0.512382220988945,0.3884000831668931,0.9981283746484317,1
0.2030416778680907,0.5849818701924369,0.054523586572847615,0.8013121392103111,0.21012178519254454,0
0.0317865528963881,0.35808101897910294,0.054399404015969766,0.9784859239770932,0.24430404743861744,0
0.2408790568867245,0.546323472000875,0.17987263242122375,0.5982572287749828,0.4508466762612797,0
0.6768173562390445,0.41187055674118245,0.16075984669498078,0.2418799121513978,0.2550088888501918,0
0.9357260340855544,0.31050975491740196,0.5970049310870168,0.1933441683511573,0.2911389850508328,1
0.9113928971638048,0.9254685355965419,0.6806784579556864,0.6479054895665486,0.537310302381572,1
0.605988038150182,0.4437589025853883,0.11713924945432674,0.06648810927085347,0.4487542012812056,0
0.5169784483179786,0.34842840148707044,0.4405494202377104,0.8264821162828663,0.6700607411466392,0
0.760135884199271,0.23196410098373244,0.3755107671161726,0.48259600890057,0.34997251899734183,0
0.611374025379213,0.6314406850222721,0.2817225744725883,0.9976369491485367,0.5210554971267495,1
0.8723672430591276,0.45266015558865247,0.08344729085250358,0.4622032512497062,0.26221303870926527,0
0.8298412186640199,0.26909108323610875,0.23002333104363604,0.5711714657566315,0.46218102501367053,0
0.03165716077902936,0.7724852274773951,0.5206469095759806,0.1506866892540285,0.2195113846144635,0
0.09508621796416361,0.019963414486190656,0.3036159272634872,0.6960431878118354,0.7956205060853934,0
0.9777702513541233,0.16765590351950455,0.7642060701659118,0.6871854360554723,0.43557233131117246,1
0.8224480905477773,0.6768128249813105,0.20082116340480916,0.004489152866774426,0.9095344265033,1
0.702030607232557,0.5950388241364389,0.9606033693614556,0.1890941131976679,0.003889998550935414,1
0.6028933448869648,0.1651094047198437,0.7791271285245972,0.6388092746858983,0.5393490674068001,1
0.6218205539169247,0.33734497934739605,0.6957445297100228,0.9152476282197765,0.8047172115771458,1
0.9501163962391924,0.3529217782642512,0.9611039467915001,0.6944735799064827,0.8586174793334681,1
0.4939186318423743,0.16081998622551996,0.25662330423261803,0.5406560747661977,0.4253293838457928,0
0.22123960375278184,0.7221615674156234,0.8947161256506135,0.6256203004970071,0.30366681522340977,1
0.5779407726685821,0.1795876633730511,0.14239036024133755,0.24589445579972236,0.8127983869129244,0
0.2292896581694146,0.7191192667183798,0.6640650166452974,0.6594166123390915,0.13351651660075747,0
0.6377737950266361,0.2346758346663863,0.3900691657039752,0.6103840838081545,0.5989148008599297,0
0.7893758950699803,0.3249340678057061,0.43811882082248366,0.7903905939939194,0.6575816245176738,1
0.4546960307696519,0.905789655388145,0.8296954985117071,0.834148624123382,0.7227665242287158,1
0.9062637657766256,0.620410880068229,0.9199677266394468,0.9919766048878229,0.33582648322039765,1
0.8599974243691205,0.7058741794265275,0.357080600612354,0.9167853883318233,0.2920653838577465,1
0.8280730467260056,0.9802334268783848,0.9770888931395668,0.30802725630546557,0.22867515332884525,1
0.7972383187910068,0.026352788314902842,0.5827913539704289,0.10137032338960905,0.5485074461005076,0
0.3746801963090324,0.9205614736810752,0.2483276952685517,0.9686706421424741,0.20919567954547935,0
0.9545850842654421,0.707857313897734,0.8286195081270955,0.5342642842160509,0.09366606707450853,1
0.29044194872468865,0.8791208698579104,0.19710418566823773,0.3393409130856443,0.10028639401743533,0
0.2692062613830366,0.5808343155293862,0.5302797833445273,0.45047866147679916,0.22443101846041624,0
0.33382270128596436,0.4940219217484757,0.10689477444864426,0.6009858511312386,0.07628159192041395,0
0.6926499984680667,0.8357685433691748,0.8631196898951828,0.9574309020013193,0.9238670483139251,1
0.4289774203900749,0.5724979183556105,0.48705153735302453,0.09482868732918304,0.9512218544140539,1
0.8965352195433728,0.8949206578746729,0.10975967695461797,0.9949055160088691,0.7041067584869226,1
0.6101476726278341,0.6773226603552429,0.3415693502386241,0.7528811248227678,0.07405755239002698,0
0.6387956109036466,0.4848980559752163,0.5940030843270848,0.1716000675617413,0.11613527548694902,0
0.3134231759466858,0.598658013906774,0.06925052462449299,0.9802730711665586,0.8294634132013629,0
0.2484953375346337,0.2792933384028172,0.17853834145627456,0.4350475607287897,0.8888180745783302,0
0.856157178496668,0.9256602954618558,0.3778740604807248,0.1327984743876227,0.019735155101045843,1
0.3676063004590485,0.11975280298923141,0.7372438580951075,0.39966081806565124,0.36895106754537577,0
0.9902662758603348,0.8848427941039798,0.6115192951887097,0.805305764274581,0.17019684207676777,1
0.7696429703342793,0.9861791754080126,0.13941561600617758,0.41473422338964694,0.36226376270935856,1
0.7338338977700695,0.06571453599659516,0.1625966284106135,0.8140887175825013,0.3508731170528573,0
0.8594615542549561,0.7835017216361663,0.15669034743843968,0.698978707098138,0.5738757737954048,1
0.8139256453772202,0.7584285407392789,0.4864034877948884,0.7302393588052377,0.1354656965648241,1
0.5496803047688306,0.7391203560221623,0.22619828554192034,0.4103568439783798,0.8754488643405001,1
0.249935307255983,0.6295045477271376,0.9425052643326203,0.48559801260787394,0.20454591292973656,1
0.858139021602132,0.4025166200228215,0.708328728393518,0.3741478761734789,0.9485142235950706,1
0.6171189623967657,0.8163411550782369,0.47881417003779725,0.4521523511641734,0.8591426351283271,1
0.905469516152816,0.008600075251870787,0.7247606658188218,0.04434935350681268,0.9691333036103795,1
0.2531495869333592,0.9986795831598747,0.7089685772541903,0.056788994282733096,0.4280887633803918,1
0.2925037594914369,0.9282809637419694,0.9966476719564782,0.6037413544121742,0.8786036498835218,1
0.9666780941456915,0.40155836765973907,0.9642990231596388,0.9910111619444915,0.4044247732347117,1
0.3723366313620031,0.23082412535274888,0.8438018299365074,0.13125285406706055,0.3898006745718662,0
0.7840746202496094,0.5249558744824316,0.3249779434459741,0.22974335136724233,0.22978064792136754,0
0.1090008691177875,0.5447211666302632,0.0177057706667485,0.32660817857319724,0.34801278809885194,0
0.8585361817880801,0.7624193013816059,0.9170265199421057,0.2730095736227163,0.8725766695587688,1
0.7981942761846174,0.8764969324516466,0.667725495011646,0.316610068459539,0.4586720520643792,1
0.07409230120776533,0.5419616962263225,0.4537669106709332,0.7752548966123022,0.14422351064798955,0
0.04188824083528897,0.5657712868646312,0.1408955764438865,0.9831229392204431,0.15756273707964719,0
0.6059134967221785,0.2948329944150353,0.9346325766146866,0.5060155979085261,0.1988140081211739,1
0.49879779947231717,0.7309736783163514,0.15532597252622327,0.5433971359462633,0.8878728217825955,0
0.5358216583495321,0.5805924458567682,0.16540945760224202,0.42060453476414306,0.6334270016857221,0
0.12194634070788857,0.596131739683836,0.4180056346342781,0.23080567535011665,0.9815184574917644,0
0.2634381937621493,0.39415384410356424,0.19716895600828677,0.6840941930444489,0.37904377338835504,0
0.6650942055578241,0.6245115615103355,0.9346400856293466,0.16654482468081233,0.4696109140971386,1
0.15682011743627278,0.0657301593573083,0.0542800766867475,0.8126466605461201,0.00915590727476423,0
0.39421364696629113,0.40633049460307313,0.9168305245530197,0.42549865697564737,0.7753137912595208,0
0.3230470925979726,0.9399605374026552,0.6012350659040662,0.37325496262673075,0.7917861432451451,1
0.7740935116634969,0.5132380805167699,0.09448057183211966,0.7259541344183099,0.43336520596672057,0
0.2355771200200163,0.49228168299799735,0.166419664832694,0.7880095443595067,0.4592221749998756,0
0.3459980511812194,0.6045925500282346,0.25804746638321074,0.006637280667916801,0.2527213228338058,0
0.18269124268095438,0.8079754098978412,0.7191437189605154,0.8249271167828904,0.3273640823777946,1
0.508775128766114,0.949450166244123,0.1749142839094423,0.582920055683033,0.40348385173405477,1
0.3344863433569867,0.7560085456775936,0.20851349183177148,0.6832163790795854,0.38343898617863914,0
0.9422961860709784,0.10305244452985574,0.9504920402081533,0.33610797565029815,0.3387708215799604,1
0.2935624493427502,0.04840021609567158,0.73065859062214,0.31887412137151794,0.16441155860696632,0
0.4731280557072429,0.28402673134747747,0.19520760310290297,0.6910071016001558,0.6272315018604431,0
0.4502001653890375,0.9939904372726455,0.6618349587752873,0.3835317213298902,0.2962800350825212,0
0.9171370487550211,0.8673603038958044,0.9417117843450067,0.1785686555296191,0.73092109019529,1
0.019011975451759144,0.8504630005066443,0.960731918038138,0.47500755274508677,0.17403469206300093,0
0.7445373846260013,0.767795939092491,0.22036141216714744,0.7578606553712555,0.1510193352508279,1
0.4491287753106763,0.6347157550679651,0.9640332210340578,0.9266493535159542,0.9290560648401021,1
0.9321655423771834,0.14917917965976013,0.6504565038634921,0.6655812480088701,0.28622235312239985,1
0.0728188609040934,0.5039205447520446,0.23599363008134178,0.7588775242081921,0.8470620890826572,0
0.5906681132966034,0.6149396782917946,0.38052943749116386,0.450152362140145,0.9512175582223082,1
0.7502529113733022,0.5025302154019787,0.4632485002056699,0.6550319018329854,0.10638700763829201,0
0.810654728391655,0.4218445788289903,0.9743134631349268,0.5121948692061586,0.20250346093577942,1
0.7285221619103515,0.4699382180354864,0.1539016440069777,0.014150268450338177,0.9875244711333174,1
0.7118220277913554,0.9411372978386762,0.8354089873528943,0.9827213970409268,0.33292383124554803,1
0.8982108356896076,0.42659259204922917,0.5595242926043567,0.6597510130270365,0.278804460165859,1
0.424544547651199,0.9614226210415864,0.18093758089717127,0.617648876329206,0.0815577462633813,0
0.4372480209503514,0.6571900116024005,0.3790242717817094,0.7112902660751452,0.5772925072448115,1
0.7151934423415137,0.9576006797295976,0.581532752868811,0.8179400207383185,0.457067122002491,1
0.9496445730152125,0.1510159839816555,0.9977045622687117,0.25435813362408277,0.09229154230886794,1
0.8173090028642406,0.9748585454144767,0.759676726023828,0.530012258719681,0.7658612118921834,0
0.06403305831104056,0.9833213739860868,0.3474163868921456,0.8451697096987136,0.8678681194505692,1
0.5933729891307692,0.48156182955832993,0.3146854624517993,0.34698499036025543,0.26709298431556294,0
0.9222765558608135,0.5839817514035623,0.22840087646893437,0.07867966412959448,0.08062850757496187,0
0.23995887679031147,0.8202658811456655,0.9132470001591523,0.6725383674155929,0.10190502071642216,1
0.5239047070039656,0.6887336743109058,0.2147921868178594,0.194632497054678,0.17950603703646828,0
0.16082603018245345,0.755094084578433,0.4672938460101914,0.16610144572588625,0.8849976698277957,0
0.6889097468149961,0.25547109231699405,0.988446747392329,0.5961956302577572,0.5239012480100425,1
0.6013036137463925,0.9452252547012172,0.7760151010932576,0.27674207473406,0.7827684459464571,1
0.6503858762131745,0.7398568027406247,0.6017494841410828,0.648947165234026,0.42220069101655044,1
0.6080864929576977,0.19166729918356296,0.7719592172305707,0.8882265426711051,0.4805654072278762,1
0.023039314314709736,0.871948878659134,0.9072689109652066,0.6228394558673429,0.6730988444582705,1
0.14156185993761894,0.5811833849402988,0.8116944038603701,0.33598481168567096,0.36448273350160065,0
0.38040410983242645,0.6801764669098485,0.7165164653569888,0.5695964852817342,0.3079425805958359,1
0.9949888096987557,0.0711605612275521,0.305838844204924,0.14380742695778848,0.19424688339861151,0
0.6252638706077289,0.225402090483254,0.04144316315196239,0.3684667448956941,0.24773192668926547,0
0.5980308156752875,0.14449369833890713,0.8566295183188002,0.9538408422516267,0.6089414598825892,1
0.40002616441771555,0.8258609318594751,0.35644495483109473,0.5269958144910979,0.9416228098684534,1
0.1094626698968224,0.21185778576083247,0.6204743227663232,0.6286700097147271,0.4476131699961263,0
0.5137897066595402,0.47810267046646426,0.6888963142242799,0.907740965689233,0.5229348367426371,1
0.2097845908366982,0.2562899243831729,0.177681641003124,0.8252943413724333,0.20964538378548658,0
0.8217028773289697,0.7018533406777603,0.3798824751624017,0.11191349211092294,0.9548443571427913,1
0.3520942128174587,0.40749356781067336,0.6115844133887709,0.27183905184089896,0.5032044150635278,0
0.14684646891039688,0.31529325336063185,0.6585274642335969,0.35475585230788087,0.21144089166320934,0
0.2144672303631051,0.8111677676162715,0.26785403147655773,0.7833185682204405,0.7194138882977864,0
0.9148172351837309,0.14282059178807172,0.12602319075653912,0.09008898961885359,0.9398190288570138,0
0.90607422043217,0.8983415636804266,0.6339980685795944,0.5702609623070757,0.713049240216211,1
0.26915227613205805,0.04106871249835231,0.7976520172529553,0.7779330305482421,0.14971881015421573,0
0.9721875670823923,0.21625193885974858,0.24456226702030237,0.6142370518724191,0.4468324513532842,0
0.45703017395882584,0.049585152565604695,0.5790800116083359,0.3157788630058693,0.8440667156344634,0
0.9988320431388026,0.1693051266546024,0.6027437822092878,0.1564105080622813,0.7266826036062387,1
0.6292555121955438,0.5480643239618372,0.9302828874695848,0.23180857549304357,0.8815278093859675,1
0.8532243644526468,0.3937208838333861,0.20644573872722882,0.5710428790377713,0.9112167188371543,1
0.07279841727440783,0.3217774206628783,0.05455898694216099,0.7352843213889922,0.3776059113687066,0
0.8294898508793563,0.7658413920226017,0.7846193108690441,0.2648005392901248,0.26252481583323195,1
0.9351224109093473,0.15786063204271605,0.2247336551733714,0.8888228480224478,0.8146605473946448,0
0.4746264374998118,0.1694356848684211,0.11194785856609457,0.9770454974089937,0.39564609949204754,0
0.9961513522412047,0.6699668722748756,0.05019963622039503,0.9503100836852084,0.89330170342257,1
0.09977156648575736,0.990700904003216,0.6414307799009206,0.32545032579674493,0.8608682677139815,1
0.6975528496536052,0.7080574044232726,0.2340078481069019,0.21243600493868275,0.9246610601228895,1
0.6139411511788355,0.9303323276512807,0.1576603096023219,0.19488935980578503,0.7038951217441451,0
0.7001550323105489,0.4091406474717756,0.8990654445441019,0.8880601189662577,0.25420010525649384,1
0.21202264626728706,0.5298958111188459,0.7226976493237289,0.7551856009062451,0.6797460378914004,1
0.6572665381966237,0.8071915551463152,0.9741827769815803,0.1475017556127407,0.9116215008036984,1
0.7447070461111714,0.7130552873118556,0.636033442852815,0.306335937036758,0.7800659985992545,1
0.9685598753873477,0.1312527275425066,0.5220095108572409,0.618780195149149,0.12484714080157733,0
0.48442340327742206,0.08393331601691856,0.36215192776989347,0.2195377323846578,0.19953852258960758,0
0.2441835343599693,0.7279749980831278,0.7824269429755379,0.04006382166599509,0.5547558799399045,1
0.8546643060943823,0.914025418027796,0.10426825414035346,0.795357223877342,0.9642994209385976,1
0.7501988366285742,0.9068118446411042,0.6123593757483954,0.02923440926728038,0.6631901649674754,1
0.2707006917916758,0.6854360014867001,0.3180520134239403,0.22765958428315358,0.6876175222836933,0
0.2186219845431533,0.5715683849008303,0.6077995203907788,0.7256326386254088,0.5704215780509837,0
0.7153768627165767,0.7369963465762004,0.7370731733573763,0.15637377963009302,0.27467021313975815,1
0.6138984984954963,0.38585573713747345,0.6807570334072371,0.38119852821168343,0.08630725174841836,0
0.4392992677178854,0.20808565664265632,0.3258020817537466,0.7301893306069412,0.6619794156440273,0
0.2993705741810283,0.4533481889567952,0.5733410910246691,0.23766913537144774,0.6073618967553641,0
0.8816570324211734,0.4119597013695411,0.600061975834416,0.9721065510347945,0.0837931607427479,1
0.42426145455413145,0.49902722688192214,0.4071724985944525,0.8243079046454355,0.7896661857249337,1
0.45040665311033923,0.23747966406913212,0.8071740577964631,0.8593638001146681,0.8739450467855634,1
0.657456992122248,0.6193866416205178,0.8025062345058656,0.43112168182632316,0.521191996725027,1
0.9965665696230893,0.6190075606758882,0.5825495351462019,0.7715020223036965,0.27058692952241037,1
0.7684304290746959,0.5239544097432344,0.37633039847545924,0.2116455941422405,0.47640016727058054,1
0.7821015045661449,0.7814567193462026,0.09447564654922846,0.8146868786161442,0.10959013864208933,0
0.06129657133795374,0.7442694241594374,0.20330955913768245,0.6580982156207673,0.6114993697924824,0
0.3092006709374149,0.9755295567223181,0.9907443044527271,0.8622966678662901,0.1590721786788507,1
0.8500170249278719,0.4520070995785538,0.12563749118370116,0.12565358169199903,0.6844284605668709,1
0.6449011930883208,0.35364311117494995,0.8066417119011803,0.5901094343059098,0.8529232053979017,1
0.6341525760463675,0.6724357995368905,0.31878596330592557,0.15036729886925881,0.3964704263668598,1
0.6637911029206404,0.6583264477831055,0.25042376041536685,0.7026601961539324,0.22465652583417317,0
0.23316804316102957,0.38560974767663037,0.5502050576640187,0.36094114475747563,0.21144172318110765,0
0.2615519827790125,0.4366573656937256,0.6320020391124492,0.9073024518420817,0.45538340436844926,0
0.7276310155702017,0.6883872400417096,0.9977806355444131,0.917473009808706,0.6012148489256872,1
0.8675044891391696,0.32185444269701635,0.5419924386743228,0.46565457666938326,0.6649489997543275,1
0.9746888405695909,0.32581143041786664,0.8046716931238834,0.7851822705522268,0.500482869439947,1
0.5136988867181458,0.9824970326170916,0.9236037226683756,0.8653583597808394,0.37763214508581244,1
0.03598164625312561,0.5089359096407963,0.966488220029247,0.8722377500147371,0.7137334401462679,0
0.1418030804678999,0.6929506706727877,0.36408929718949556,0.19357253543559205,0.06221729649782681,0
0.9276914473874697,0.8947193067999468,0.255267811064641,0.4763251641098024,0.05478643310859721,0
0.07233233301639863,0.3112156109861838,0.26924510974799065,0.21491979557462515,0.9291266457026778,0
0.005699685905267704,0.5077840638830604,0.7156186886929087,0.5027772264694178,0.9938393212425588,1
0.07407745658068587,0.5292701740181237,0.030762143502384376,0.8017029970467745,0.8170125216288749,0
0.5390539874052159,0.4966564633885403,0.034073135220716866,0.9947034611503437,0.358146786082882,0
0.9025553427653416,0.635735442102939,0.5205182576678231,0.18311239779066502,0.8097598253937768,1
0.29573154354208886,0.862259823348549,0.0791882716270278,0.4207885656612518,0.652209306013392,0
0.8885370163066257,0.9784447517645972,0.4084905910695512,0.5803124529022665,0.9275584269408432,1
0.21722859647772708,0.9943157337470624,0.5822120043200654,0.717965679279588,0.1339382193604023,1
0.4885942246005148,0.2523886604556268,0.04159313234443329,0.03855767244873154,0.63392622740266,0
0.3618653667722388,0.8766779725091512,0.7499923490620868,0.6087007894396724,0.055478969616858165,1
0.01819919986744467,0.743327276663755,0.06002657635282593,0.6832301771664713,0.6869757469941941,0
0.007221309786726637,0.37108616897505164,0.18967487496234714,0.8451133173001947,0.09153234595109794,0
0.7629862613061724,0.24810314026344382,0.47760488493006836,0.43867915854396655,0.1530591123658056,0
0.30137527957598675,0.18715055128729818,0.19866779918461963,0.5803201048737938,0.5308953108338696,0
0.6920314042715247,0.5135111580211307,0.05689316065832495,0.9070342136500477,0.4781862731539873,0
0.6634946735782141,0.16525761179650134,0.3772952696166324,0.5971908001429079,0.20785503730314536,0
0.8433398583566853,0.16500434201270187,0.878994416355323,0.7636616227700135,0.4270407091952447,1
0.6705611311280922,0.18686665299175464,0.7083866115725224,0.6659138101720475,0.6620167543691219,1
0.8662908820271186,0.2019635283788973,0.18826679300549376,0.17362492714464117,0.604362742955473,0
0.5772438774734147,0.08088937585460709,0.5229909934544711,0.2735848070792938,0.3164014147361631,1
0.3349985539029561,0.1828502716674848,0.07889710546286366,0.9095516326394876,0.037380307091713805,0
0.5025130321495909,0.3213088835107397,0.9566617678535227,0.5358990754227206,0.6087743277064963,1
0.5322158034195149,0.4334041616675506,0.7303386426653485,0.9380013985483597,0.2690866640156008,1
0.1310712152905369,0.9132395506029456,0.8456598844311282,0.25653826467550866,0.9133903254417298,1
0.6318921747956661,0.01783828951542976,0.8008390772388991,0.8657375311678007,0.2605629816651016,0
0.07789002211079754,0.7625853131490844,0.9484269445655606,0.246111994338313,0.7073880184717177,1
0.6004103349365298,0.1530229853935524,0.8553764293241601,0.9327523640031862,0.9336334874150632,1
0.8622608210654268,0.08216401508357896,0.7154704117426075,0.9360628797798819,0.4543913149210709,1
0.935301777921648,0.06757295740591018,0.38178725549391446,0.5527624078971292,0.2971176286987328,0
0.809748935156894,0.08924294018827172,0.7609418309667944,0.7404648767272233,0.5413779649725614,1
0.9727015322064934,0.5596919152742229,0.4520026646229187,0.9334475629946805,0.45638616625543327,1
0.11453030682049259,0.7130903015962208,0.44870260718294064,0.9607517525635376,0.2658335405025656,0
0.5873758858264257,0.011555033623330102,0.5374224571774928,0.15920617775831303,0.1291217898062872,0
0.39041726211634953,0.8523321758568349,0.15890957942891504,0.5552221766982478,0.40014422115311254,0
0.4544993240264391,0.23633383026648447,0.48793325261837583,0.5788745095143281,0.5538409599343327,0
0.3310749435524478,0.8968641198254211,0.9672000252480498,0.9766241553375512,0.346720778056949,1
0.07929708042726835,0.7481746080069903,0.8389505996691609,0.1345421572780524,0.7521765962060007,0
0.9190918745977206,0.26489551079430784,0.10677215367354265,0.8454820964463725,0.11051802285037615,0
0.7676998488014503,0.591446254683387,0.424597576426192,0.17230305728301576,0.9515026208693652,1
0.8506891692601843,0.16789420980797576,0.460870059397572,0.4260398238471679,0.5716548293319598,1
0.26537308398371906,0.7185714930092029,0.11402677052642851,0.11028598815273316,0.09783712846140513,0
0.26435744094330826,0.6095583954006445,0.24726360669067926,0.39448919057448595,0.12197330317943245,0
0.5057236945572957,0.09891560598617466,0.4421275673518331,0.8431590354594684,0.943453565588281,0
0.6210801370608482,0.19734634203701118,0.33557599566346774,0.19921084719315996,0.7947146061930797,0
0.3689304463404307,0.8127295217892213,0.722997605098908,0.9218184348397357,0.9997622321786418,1
0.7968982166276378,0.8825527830516163,0.8629529891634784,0.1894136225062747,0.7478876473955298,1
0.7938805504318851,0.9194817991108382,0.29223709872961134,0.7214444132959403,0.23778241840001502,1
0.02439397993690695,0.663132302587808,0.4991497944396467,0.6344122238386178,0.23303744313461172,0
0.7984044703823913,0.6420098775310411,0.4278287866261198,0.7985667385823634,0.5587674171990935,1
0.5534207987930937,0.5518548526897581,0.3143673807667857,0.8201612197871033,0.5581845705514162,0
0.42258430626638444,0.911939771901828,0.25554372327599406,0.2856616245429544,0.6260897999472814,1
0.9618315713494362,0.5318481193046887,0.19831470854288213,0.5859375534617784,0.874744426194506,1
0.1691637757630644,0.7138182452282762,0.49571343084779584,0.866566769343318,0.36305920785604984,0
0.9725186836614654,0.8814570919987272,0.8814075407869529,0.9918355093435204,0.8228315891150947,1
0.901245860395929,0.9831123419641498,0.93277017119084,0.8754719025154474,0.08013657330511115,1
0.007815239247292327,0.4196989090139005,0.5051075604478688,0.14269369439904855,0.80424113140214,0
0.6597201069170701,0.008078432516007927,0.589256115773377,0.7186725126577255,0.5818084791449593,1
0.6121356361471522,0.9129564667685948,0.008285608081056273,0.7496044731296385,0.4587313377120965,1
0.4254941422991838,0.22131048125494035,0.2594028963943511,0.8638362039978784,0.9151503121347526,0
0.7266318251251194,0.7839889720938727,0.19895221223329684,0.09613036599615277,0.835527024046866,1
0.8036545238222976,0.28015961299161574,0.9733635761636261,0.8067478796563788,0.7291684235248339,1
0.4505050230895359,0.7752665864872628,0.7347275747719528,0.8135996155552894,0.24055696521059167,1
0.04379001964304785,0.3471647732943054,0.20554914085773557,0.21852676980711272,0.7192828959686218,0
0.5626769530851158,0.9267012522544148,0.5370850316195465,0.22546784502887385,0.13661574918220576,1
0.00423641929363705,0.514844461013107,0.9636906665621165,0.48801735924646183,0.103516255455543,0
0.002610114382050055,0.5242764154324723,0.6108265800763298,0.06148566020943602,0.7003461853104472,0
0.6709831847965991,0.44660554979111033,0.7121473160640458,0.38884519936774053,0.7034810232810073,1
0.7830864292564463,0.46961368633743406,0.715459541391241,0.8888028680156252,0.7657744503447512,1
0.9838158664033483,0.46158539408225796,0.8977299809234776,0.6568162355791486,0.8047223757477616,1
0.7073503304755839,0.32135967136730903,0.36388402819094046,0.8867090274760037,0.42122685339519295,0
0.2080394143641342,0.011031381431932497,0.9148670875424264,0.6170743215272996,0.11770419150824374,0
0.3895634201469875,0.858597629186367,0.31116023054157127,0.4576454062922667,0.7712592129392793,0
0.4017992855281861,0.14651717696481903,0.6603699863643238,0.3222231455322977,0.7089710236576784,0
0.04063892507749234,0.6631406252079431,0.9462841171353245,0.08338193649808645,0.4175106146215979,1
0.5068127442751847,0.649675483361494,0.6837069453414826,0.15979869200218333,0.6036613641361765,1
0.976339091836208,0.47860167916406215,0.6778390601760219,0.7439391483044203,0.9908468692990537,1
0.027042572470093562,0.4109316674124466,0.11613955291087708,0.1474121195538881,0.15459253270197848,0
0.42744084070277066,0.5150347653254157,0.37307069685909855,0.43873313111072265,0.22967903740605067,0
0.17311729948803523,0.1859365780955209,0.97427597256741,0.9877831023014314,0.9141874626503528,1
0.48932503469307587,0.6709867960958424,0.5710765187294714,0.8320587900340977,0.500291009766512,1
0.23207063344803813,0.9391658776247076,0.6743979915990238,0.03428920374744693,0.5418108862479842,1
0.365725058096238,0.3641242447848255,0.24009196248366627,0.12568869846772202,0.9961623170323892,1
0.0388625958050236,0.40050826876872503,0.7103514697428964,0.9565012589435556,0.6493036495500096,0
0.651377095859184,0.2812290295378179,0.40199513302601586,0.6622672434127721,0.6235088589456202,0
0.37670648071678714,0.6373586517443578,0.06554666360623496,0.07473135945168918,0.4232084517035073,0
0.30029388175441185,0.40059413102613073,0.2654114527991446,0.7707984552365509,0.8079298103405083,0
0.6766994874229113,0.8921795677048454,0.08693883262941615,0.4219218196852704,0.029797219438070344,0
0.3698614673680729,0.8153216401662591,0.21671063053558237,0.7319332327053144,0.18914373219125635,0
0.25840619530374287,0.10422036690756153,0.25785098560841235,0.6056626564575286,0.8385782525135145,0
0.1669574843378644,0.8625999052461496,0.913988574476577,0.565726758420029,0.5919219970292113,1
0.28665530085355306,0.3009478585097195,0.2258306521523643,0.19126096357819156,0.607626617860283,0
0.9999192449710417,0.16971156262118414,0.8643996713428017,0.6623506284199102,0.11126691720210535,1
0.8284550708084528,0.8863517520867766,0.794143179849133,0.9158693032100401,0.2545614945003397,1
0.33804124799069646,0.01649569590082134,0.7130386108951188,0.5187345344190807,0.9331545791592877,0
0.4948127041091477,0.31748454486350475,0.05807456139870382,0.34444352226804276,0.23775247923398923,0
0.16081984994006904,0.7258132643412726,0.38139599261166257,0.00648626375846284,0.9438662057040463,1
0.4451043500471412,0.11402472645480488,0.4607609324268984,0.3836753406839417,0.71853616586581,0
0.12165030710282876,0.5261847622127621,0.12645294606305701,0.07232347506358672,0.7395003419683701,0
0.7426567693282107,0.08701178061479076,0.13533875301950715,0.3835893759500798,0.5598149152308823,0
0.2773284828565664,0.961499596161877,0.7238480370835435,0.8975151787583674,0.5906578994859677,1
0.7393893782017124,0.6087028310009643,0.2926970416701854,0.8647908370033346,0.2498724673022351,1
0.5042754587816932,0.7619623781613717,0.5066406701387072,0.872105886792884,0.23132379341261466,1
0.13705265194468363,0.6969180640254257,0.11545633607933248,0.7165307615013917,0.7160756189158856,0
0.9920367506181347,0.589363634038042,0.47057596753978914,0.6016113493856325,0.09522799670272108,1
0.49516359408090893,0.8191164984463891,0.45060818915214673,0.3767415325648903,0.11539289595935742,1
0.33740841380513664,0.029288504818837158,0.5396196295163734,0.48886754723876547,0.3170296275192179,0
0.6431588577071566,0.12301570098701053,0.24377663162772822,0.16538926611343574,0.7602282733387483,0
0.6751931875296157,0.6105364077421687,0.55735076896973,0.8247519153352044,0.20089794184714493,1
0.5072699896321228,0.20337716709068177,0.5926683224153492,0.7339881222063598,0.3336123878836773,0
0.45423431405164794,0.9552249726542812,0.14710801996985623,0.8370535829059584,0.2707858128352828,0
0.3937885623265298,0.8124805407792266,0.4365435502316174,0.8978988792954196,0.03696175754424713,0
0.5746194775566035,0.7589181809561176,0.8903467199488676,0.5032971871444005,0.29407487929861975,1
0.03597647552800176,0.7295992237529192,0.3709798464992081,0.1183163506745355,0.38288807617654785,0
0.1988376506866485,0.6498844377795232,0.5449414806032167,0.2204406220406967,0.5892656838759087,0
0.3370170384562917,0.7970391254680466,0.5246111629414675,0.9216312398962473,0.1858957748264155,1
0.6981393949882269,0.3402505165179919,0.15547949981178155,0.9572130722067812,0.33659454511262676,1
0.9009350505182577,0.4673114801837571,0.17064811832983273,0.48802178521755024,0.7448686483622299,1
0.034008328659480336,0.02815727015444025,0.2766082481502551,0.3674163849019736,0.42345182394563985,0
0.663448288213036,0.3907579493201122,0.9736544658634501,0.3770270878718912,0.6536549871036167,1
0.4516352831672503,0.25563776963997675,0.7758507057333126,0.4387599637048576,0.991149015732176,1
0.06889181617583617,0.5200437003876294,0.1989072855449906,0.07370174101501992,0.8672262461172263,0
0.2938892226808322,0.949174208372336,0.4710443344904347,0.640725608628117,0.9562850055106987,1
0.8744172238831991,0.5197564710481515,0.6097876323074023,0.7786613099748595,0.17216615089754395,1
0.6596163264893742,0.2423836769082307,0.9721104227371035,0.4782343612048564,0.8844489496451877,1
0.6037260313668911,0.8071282732743802,0.7297317866938179,0.5362280914547007,0.9731157639793706,1
0.5854650673272149,0.80231654772899,0.12212952323630832,0.11588013265390662,0.6990190918949473,1
0.6185197523642461,0.8617069003107772,0.577352145256762,0.7045718362149235,0.045824383655662215,0
0.7719408232675784,0.2532698342072225,0.796443055615396,0.4866621817636464,0.20261128549909557,1
0.7199743056133351,0.9409508340150299,0.16280385559325106,0.19106515326311235,0.3074534245591872,1
0.23279088636103018,0.10100142940972912,0.2779736031100921,0.6356844442644002,0.36483217897008424,0
0.5365436248802642,0.015462168917223185,0.4598330469570657,0.6992378265309288,0.2648722162989682,0
0.04296450476045388,0.6344571525820581,0.6020008867054396,0.1817612054787514,0.9387213313376668,1
0.936654587712494,0.6480353852465935,0.6091310056669882,0.171138648198097,0.7291267979503492,1
0.6399997598540929,0.5569497437746462,0.6846142509898746,0.8428519201898096,0.7759999115462448,1
0.06567607285497568,0.9640666625321795,0.3159400840888823,0.4796709483037199,0.09178892972767139,0
0.26774087597570273,0.21098284358632646,0.9429097143350544,0.8763676264726689,0.3146778807984779,0
