0,1,2,3,4,target
0.4588518525873988,0.26488016649805246,0.24662750769398345,0.5613681341631508,0.26274160852293527,0
0.06929288179891979,0.8612663764203338,0.9195458644643578,0.4554592629442129,0.9944604129842718,1
0.4280278156466114,0.018167897887969686,0.9200047021738074,0.7255280214938221,0.21935570288144568,0
0.21932075915728333,0.9975376064951103,0.5095262936764645,0.09090941217379389,0.04711637542473457,0
0.42215996679968404,0.06352770615195713,0.38161928650653676,0.9961213802400968,0.529114345099137,1
0.7207218193601946,0.6817103690265748,0.5369703304087952,0.2668251899525428,0.6409617985798081,1
0.29720178839859157,0.8144844017746116,0.6731694141157145,0.06974669917766707,0.09714268136707627,1
0.9538159275210801,0.8758529403781941,0.26338905075109076,0.5005861130502983,0.17865188053013137,0
0.5335632299099842,0.521042790070653,0.8257708028443368,0.6781397846131946,0.868476515351924,1
0.6389494948660052,0.6089702114381723,0.1528392685496348,0.7625108000751513,0.5393790301196257,1
0.02066308102767056,0.19944637152634248,0.5579733962285296,0.7408012065953047,0.8688379816567876,0
0.3241560570046731,0.019476742385832302,0.9290986162646171,0.8787218778231842,0.8316655293611794,1
0.3400737763265216,0.47039071357001017,0.3325561819001186,0.938670057195325,0.5696601798713508,0
0.9469494452979941,0.08565345206787878,0.4859904633166138,0.06921251846838361,0.7606021652572316,1
0.7653316814096915,0.003638438578645875,0.5984745240078909,0.22878322222332015,0.1861888002066373,0
0.5498035934949439,0.2650566289400591,0.8724330410852574,0.4231379402008869,0.21179820544208205,0
0.31171629130089495,0.9951493566608947,0.6498780576394535,0.43810008391450406,0.5175758410355906,0
0.5883087184572333,0.230114732596577,0.22021738445155947,0.07099308600903254,0.6311029572700989,0
0.26027786762647986,0.0735697502896524,0.6035434186881579,0.8189915461518553,0.4288911671501927,0
0.07085734988865344,0.23800463436899522,0.6689777782962806,0.2142368073704386,0.132311848725025,0
0.7846194242907534,0.8074969977666434,0.1904099143618777,0.09693081422882333,0.4310511824063775,0
0.6733645472933015,0.9841652113659661,0.09841787115195888,0.4026212821022688,0.33930260539496315,0
0.4486135478331319,0.4218816398344042,0.27854514466694047,0.2498064478821005,0.9232655992760128,1
0.05058832952488124,0.9992824684127266,0.8360275850799519,0.9689962572847513,0.9263669830081276,1
0.8321456815415303,0.30301738591817307,0.8771901329820067,0.5874694992516357,0.232912164816237,1
0.21374729919918167,0.4010402925494526,0.058635399972178925,0.3789731189769161,0.9853088437797259,1
0.4230074859901629,0.9573176408596732,0.9954226894927138,0.5557683234056182,0.718408275296326,1
0.5791802908162562,0.5421952013742742,0.7479755603790641,0.05716527290748308,0.5841775944589712,1
0.9607789032744504,0.08011146524058688,0.1858249609807232,0.5950351064500277,0.6752125536040902,1
0.5449938701363387,0.9902200060762804,0.3613103999724354,0.9176259475447658,0.9490923178488917,1
0.24621534778862486,0.5945191535334412,0.6193815103321031,0.4192249153358725,0.5836722892912247,0
0.7161918007894148,0.23868595261584602,0.3957858467912545,0.6716902229599713,0.2999970797987622,0
0.4582855226185861,0.9984544408544423,0.9960964478550944,0.073260721099633,0.2131543122670404,0
0.8792702424845428,0.36952708873888396,0.15774683235723197,0.833744954639807,0.703539925087371,1
0.007823107152157949,0.8171041351154616,0.2993787521999779,0.6633887149660773,0.9389300039271039,0
0.5532236408848159,0.2723482123148163,0.6048298270302239,0.7176121871387979,0.20359731232745293,0
0.9053364910793232,0.8461037132948555,0.09229846771273342,0.42357577256372636,0.27668022397225167,1
0.2619552624343482,0.7412309083479308,0.5516804211263913,0.42768691898067934,0.009669699608339966,0
0.5455902892055223,0.8345950198860167,0.582509566489794,0.14809378556748265,0.12744551928213876,0
0.8607025820009028,0.8989246365264746,0.21007653833975404,0.24952973922292443,0.10279362167178563,0
0.6206615101507128,0.15455333833220464,0.9298810156936744,0.864605696219964,0.9762060329309629,1
0.7365644717550821,0.33218546794642867,0.9308158860483255,0.8022351389371389,0.8640640283752794,1
0.10809562640295711,0.8721667829060897,0.8585932513377816,0.22243371754566443,0.816586605596929,1
0.22759548740777036,0.02366443470145152,0.19312978832770866,0.3282619511977065,0.8643529420302863,0
0.39967838436006087,0.9811496871982601,0.5362157324787219,0.9392371403247157,0.11534175185142759,0
0.2654663625229686,0.1084025472147111,0.43456375856464435,0.7285450606527043,0.31367731419499123,0
0.5765880434965995,0.25472250613858194,0.7087852838341706,0.0016912782186294661,0.9255751654990827,1
0.6706285044329995,0.3642214717812642,0.06997381112631018,0.6642376849112723,0.3302000360425964,0
0.3003222682112642,0.30928466220865325,0.40839290861921684,0.40240038705772463,0.295655202525947,0
0.6773179452727329,0.9028055457325826,0.6155149159513805,0.3009498745655653,0.5479372131356982,0
0.579984781195682,0.6547056237030716,0.4649881902470142,0.4421597993048074,0.2137014009891003,0
0.16969139619805473,0.08479553672512175,0.5154520099152164,0.6329408557657957,0.3351882554098009,0
0.22464066599728827,0.19912993272657664,0.024425387726826342,0.24484254407835015,0.47513634421880513,0
0.6297653807377137,0.1944352367397093,0.6963542504905049,0.49437716901043693,0.24398443957843885,0
0.7700461885740251,0.10658729656353894,0.4251461939427341,0.17588668170653166,0.9579660422795397,1
0.8483363473516597,0.45646182547017256,0.8014166017222645,0.6675777325863531,0.987892453066448,1
0.6126523227617628,0.7192739612759671,0.504778164824402,0.830569169721415,0.5478719506108284,1
0.25919154846501935,0.24723973750965955,0.6376614367761563,0.7658136842971655,0.5212998128279821,0
0.2857281508631525,0.2717151070821846,0.3197095684187623,0.5401522225184564,0.13837406151615572,0
0.06422885071387807,0.4075993696665867,0.5426111405039153,0.41577423410315595,0.20683438951441024,0
0.6955229864979681,0.8567320323039342,0.7655945761180695,0.38038102892771164,0.0058960835839930725,0
0.9534303384701063,0.41902128262982186,0.7475156689780508,0.5461323097338391,0.6032525889412413,1
0.02902481994671524,0.33612954369838244,0.6791418850283497,0.4043166691376371,0.16504473120350882,0
0.02696645190513769,0.3940202563397047,0.5643919830247741,0.027102046340312436,0.6427496480093358,0
0.37910386418813957,0.21166028421148153,0.32684580488130854,0.7612297078940271,0.3791262155641363,0
0.08190623276164255,0.01938328705001069,0.5394190479225337,0.9999078285092092,0.3499603437201839,0
0.7542332040595262,0.9496117327159889,0.1993606823625329,0.020380017320332344,0.15238234578479037,0
0.21796454090650363,0.6994649712461508,0.7668980983562408,0.16778914336780226,0.6072474938909317,0
0.9647207730340877,0.10809874965760657,0.025678425497466018,0.3119572443946952,0.6773472868504088,1
0.07599647784305996,0.6906144159329803,0.6272423956010444,0.10190130544597653,0.772480884951224,0
0.9838443515146713,0.7826353463610196,0.347203765308449,0.42837801323474445,0.3705708762180562,1
0.8223309180900581,0.10553887064399858,0.9607875672145786,0.6355851061014459,0.8287073110024582,1
0.9654737312380777,0.27008239638740084,0.8081992188067559,0.5381729064482558,0.4834975038831961,1
0.8517131600193318,0.8307310188906034,0.0866628980556744,0.881631184002772,0.243863439190956,1
0.02869999777008958,0.8509528363124591,0.1818398571576918,0.212119850179739,0.7978323568280965,0
0.2762685757561849,0.010151114438677111,0.9480625777770312,0.08561296195802126,0.7200746641041943,1
0.6459028997409523,0.49082133507858616,0.7929328681323174,0.09305335055467168,0.22159640047253015,0
0.47326048875952476,0.5309219311457678,0.42550381270521476,0.7459354367136096,0.33079129719593015,0
0.12065588475230582,0.1925842934515174,0.11955474125505283,0.5358639653837498,0.762189609484103,0
0.7245850010930516,0.9766070228830568,0.5246368691086079,0.282998703274955,0.10052610809079077,0
0.014148367256063832,0.5341350892676633,0.2743113267832673,0.9742949311027379,0.5533589667986083,0
0.49087869452377886,0.8727197349985346,0.5740642196263323,0.4693969449305102,0.44046879813601025,0
0.4777291872656877,0.8221156452994304,0.40070744225193977,0.07408217025563979,0.6294457069519983,0
0.3038355118422277,0.9939181227102202,0.11845156221146158,0.7644434453261942,0.6063176512429628,0
0.45051446488875424,0.44272100401932835,0.8601666658261801,0.9900312604667979,0.3053802443193604,1
0.947590200325378,0.20778790582355133,0.211025195305393,0.6604281371920366,0.15705709338087714,0
0.4505037046177024,0.5938111951195633,0.2912592890310276,0.23147623455602584,0.7069558298790333,1
0.9239110444825487,0.7878280266467313,0.6250580071642219,0.6611830428533678,0.9336684584455133,1
0.9084114452126061,0.8266311596500596,0.07140983685581415,0.16592278922072468,0.30761181261423254,0
0.12435365817470823,0.6886779912120937,0.6997336849757173,0.9426762407440408,0.5004721771179256,0
0.43202866416077257,0.32232158335829997,0.2503679024120039,0.0913268866309852,0.9619111021928367,1
0.9995724168774514,0.6722815843032393,0.2695110259670539,0.040231673144616176,0.7562688304125571,1
0.18148914722312592,0.5853296252778544,0.6347847194540869,0.49172580219101336,0.09124240629382718,0
0.8577330944003526,0.3298036635789654,0.6936736739834325,0.28821779536145575,0.9451935395632106,1
0.3145171571701679,0.3232737862759947,0.9701847268085771,0.40417505700074563,0.5145962523291051,0
0.4132475707993215,0.18758254139452712,0.36177935915167525,0.7564431540555737,0.625408742145009,1
0.9276727608444477,0.43811609507237825,0.6982500291221723,0.12142608336261984,0.9731468158216944,1
0.55083900700267,0.552251409053733,0.09320920128152255,0.9922571393952196,0.912929878484168,1
0.49837550470719527,0.7166033259917911,0.5088720150695117,0.2734248967132742,0.8347239455766944,1
0.3835860132471499,0.9218681499315619,0.508240891592894,0.8793262551464761,0.8640269344285881,1
0.9342483936825201,0.5077376758096565,0.8205494731855784,0.28283898328282664,0.2985558497717672,1
0.1485954183827891,0.5385805777038737,0.34512394169300753,0.551917417070811,0.543430062958673,0
0.6974984276205713,0.5717976419849011,0.2335624460578931,0.7755444750992588,0.04364729909730192,0
0.38607875249098234,0.6636888294845347,0.820747551709555,0.9808181386597851,0.49532864961642353,0
0.8697003133622154,0.8741903740543083,0.44030620977067714,0.5259510868075614,0.4569280744742422,1
0.15436121877154885,0.46949060098473194,0.9692036305742172,0.3385612340514317,0.692704598586882,1
0.8593421841682666,0.38000939752265506,0.31666115393339966,0.718717425222983,0.7594018093343636,1
0.6311610168546405,0.9209290987802967,0.9974259229562153,0.746766366737927,0.4339714719231257,1
0.4436785516617058,0.6940011627932345,0.903424062050486,0.04599096867721275,0.7961434651622118,1
0.53116631814876,0.5659280619159368,0.7925194738809532,0.16998364906809738,0.07896835065999463,0
0.9128290160235548,0.14311772012850965,0.46114991335499755,0.2539773394135423,0.25532670815915404,0
0.6776108856990795,0.15797562207178695,0.44172978360381443,0.3455656244430817,0.5875717051264214,1
0.8453039251425987,0.19921699910889235,0.38469324896734547,0.4832080610592161,0.23720570192757462,0
0.29523075388326936,0.9779444845768627,0.6582298159286807,0.27448038017822773,0.565929016955699,0
0.6064064930764745,0.4967272865238703,0.9041552908937254,0.28619415145919447,0.7988601195075987,1
0.6208911631303041,0.6777644586233594,0.720928376670709,0.6591815403167537,0.8383371169625166,1
0.3089328839526361,0.4408231901628116,0.5795738053684028,0.7323597679392383,0.09013337574621894,0
0.13215979774678355,0.5394077589844211,0.9714895812113399,0.530852373702785,0.9134869744816969,1
0.4818478298737412,0.8064884937937665,0.746559350717045,0.3387152538018863,0.1151697074497594,0
0.8601405968988218,0.7242167120755182,0.9799422427819034,0.9672697473000323,0.8045876440205619,1
0.5365723082690591,0.45478602773387466,0.6728283818737536,0.6723407973510132,0.584560091652166,1
0.23382190221158317,0.025024649646482322,0.8842348452148522,0.5614073822498789,0.9152559087431594,1
0.909387638427892,0.30219017452925023,0.4082958557954127,0.13977701250722108,0.9462615328819463,1
0.8872593085285023,0.13566404870633653,0.4536437568888926,0.6704862188501712,0.7431401215231715,1
0.15452290240983502,0.4148845274368069,0.0990216347105285,0.4893470377896145,0.4081158856977005,0
0.44338308606070165,0.950555169851427,0.8554501933059546,0.09935462460613032,0.6856802654812854,1
0.3981396427443731,0.18980856216107955,0.12215971908726375,0.848033188463681,0.45471736857051714,0
0.02135745473637063,0.7867945904546167,0.24356889716402363,0.12592388530804288,0.5645779759079633,0
0.21595135191867476,0.8696954267695447,0.3285595534322304,0.1475541799414437,0.9005310356317582,1
0.1299921314434368,0.25065419672812383,0.17449712090139347,0.6610576425973168,0.02578014978619836,1
0.32377146196202244,0.1742462014061772,0.05239901786117651,0.7417180569541495,0.5260855265978671,0
0.5132379576091917,0.10905401000384551,0.5038386897858214,0.9454156429701063,0.043365036899171705,0
0.45804252209768204,0.9640261831220287,0.06082540749450582,0.4789819109983633,0.4016172545125605,0
0.0734907157664505,0.08079047741079193,0.60829742363344,0.06568223332011391,0.2750159995579532,0
0.9946277558609236,0.5305568374313245,0.4537154175754716,0.6054267915353129,0.09917846167904198,1
0.7689627301047386,0.7208399166575992,0.2150230663274969,0.4515549159652815,0.2284935743645844,0
0.09508583927563086,0.426764006260958,0.6651078630603089,0.37430102343553684,0.15263892476872376,0
0.0932301017036774,0.09656443256578562,0.7387959984887157,0.8117692852773923,0.5563707356153501,0
0.1222312853545593,0.35359807963376766,0.6653405200029154,0.7502842502514783,0.8680921488690649,1
0.351646185693149,0.5779185183898549,0.2127388056720061,0.6567363029881521,0.22424486910756558,0
0.7626056319368497,0.5741000043314627,0.8072213711523444,0.8451551613283581,0.9745466021257082,1
0.0262538314535834,0.9290842909949364,0.829460789959663,0.26744772515411064,0.1804160719608544,0
0.00610578940365869,0.8698627065364382,0.5663210947613763,0.40078434399951557,0.14187465415126865,0
0.21513288003351094,0.41983249376450316,0.3408959817693328,0.3700530924770039,0.7215959677426732,0
0.05260882642552178,0.15740989710715314,0.6178381819260306,0.673968710613113,0.27210284354621894,0
0.27316684436476946,0.7549431436683707,0.11381750811020175,0.42991363339789035,0.28324647008044934,0
0.045417362604427525,0.39526339608762895,0.5993249569444504,0.007687085899882873,0.3014193620184368,0
0.3281223559378411,0.0077299065693119395,0.7470141234297678,0.1756948018758423,0.38020744571523624,0
0.8062001865667638,0.07207549659215784,0.8617643620225885,0.04230226156279138,0.0187415365856457,0
0.573399680885843,0.7094989615689342,0.41769395984348057,0.11517337266379823,0.02085655902474881,0
0.8320259130717071,0.9197697517413846,0.08812988129788468,0.8444843598146969,0.24331647482273366,0
0.31027456183586133,0.3395132811484639,0.33306862249313196,0.16813270804568659,0.5104832845421483,0
0.3493752654723803,0.7273791056739043,0.8189486015248519,0.8150370057500141,0.23626884894672429,0
0.760215295546892,0.6555090105187391,0.17714612894722914,0.7728480892475602,0.49411702501738863,1
0.9241542583856593,0.5644917834027993,0.6352983190605934,0.6245217794418948,0.8642468748314162,1
0.44220806383628486,0.3028204351390129,0.2746736674861592,0.05617212021307805,0.5073368852897782,0
0.8316966316631215,0.076731001173455,0.8642500339252391,0.8552933714560903,0.6150083884155736,1
0.7918177972653585,0.8958767655568026,0.44973370365090626,0.8098159176979711,0.6518374546486099,1
0.061873700101100715,0.10350187727039162,0.8991268339557735,0.3434377758382676,0.7143155491674626,0
0.437758274309233,0.4394217917626243,0.5227480352655456,0.15874620798154138,0.3728519821013271,0
0.5978858623829895,0.7892269315636647,0.6473053569693069,0.06591185427971746,0.09450594751509434,0
0.6565640864104779,0.9063426971636772,0.8732796620605389,0.3333620360605566,0.5827395145864196,1
0.698479962811881,0.39195798433536033,0.5950412281515748,0.9380021995657608,0.30958188741596093,1
0.6701163999947225,0.8289589728944645,0.7387746721294828,0.6854144402775763,0.526393339734174,1
0.3625976689820444,0.18026292287684464,0.21419266120890035,0.9476682675343469,0.4862709208727273,0
0.8444283886858833,0.10114076366789415,0.770874720363101,0.835119826634556,0.8836821654925616,0
0.13104904142950802,0.37671987082252467,0.1622472120884505,0.8313450566891255,0.7710978137309884,0
0.41085861149653347,0.6763629221885329,0.23753020144692505,0.44419870980527565,0.28492793256335824,0
0.3094678965627896,0.8086238710907864,0.4690156050322527,0.8351133927257074,0.3678409582250328,0
0.2817717327037754,0.3818724341907105,0.5274597884614827,0.9662681532059473,0.8168912395812401,1
0.6411790362044472,0.874116945052237,0.5545407454244312,0.10258973174840935,0.8458922767334385,1
0.2727912995913566,0.9053062089782412,0.1473486559916043,0.4374725601949808,0.9464132630117607,1
0.02667019080293853,0.05325688717107446,0.5020071146932354,0.23577807386343264,0.9945253512382912,0
0.8391762876116057,0.6499606842941816,0.791380637482176,0.13759958772587166,0.28687939731326817,1
0.7055361752890804,0.4486014739822466,0.005251198305617932,0.07922577127072128,0.2559239284370447,0
0.5277715058867243,0.11118686032423841,0.28810157803923053,0.30115119458622,0.04774944661885128,0
0.110857895290015,0.9051468856619985,0.596739042818947,0.016435352205894427,0.5153757302094061,0
0.6148095827759507,0.24056423880654354,0.4165675952085398,0.6643713017420091,0.08561395498726176,0
0.5073276965797866,0.9883314855964674,0.5541519524181955,0.3904537325600641,0.470135078158486,0
0.016242231108947625,0.7885200162795153,0.3448024931633913,0.7329410214506417,0.6282569624756564,0
0.044335688295208175,0.5460137452076915,0.8135088655560881,0.17508912705170843,0.7791425934782815,0
0.8114976818476064,0.06310053703222462,0.7761903997034217,0.4576795774473532,0.29344257117503125,1
0.9333709799503973,0.5153835892544988,0.9891227022961234,0.5430306976541859,0.2533137652026174,1
0.780841566978425,0.8657982770780576,0.33192468638134454,0.1244750082443834,0.368019174314673,0
0.38664476826069216,0.973723584315309,0.49620322653702265,0.4975233924936273,0.9243104666269636,1
0.07892700605546787,0.6024532988302272,0.8223412795398867,0.545474397344637,0.32121142821459403,0
0.6026216277305998,0.4261160728830454,0.6897648084454863,0.3515469837719921,0.042355162850129524,0
0.2745553600748576,0.9800272791942791,0.9479043786030863,0.07504116498815927,0.6375125378832983,0
0.9527893962796078,0.14277946836254973,0.6075729033208553,0.7813119697434665,0.034798965798542025,1
0.3828544016887777,0.5672446417241195,0.6050948288547855,0.6790620569133949,0.9488235292655565,1
0.5294598815362896,0.39803404595244996,0.6495607367060315,0.24961165309339794,0.11344861258501804,0
0.5616727107596471,0.2617766765874958,0.26028977113990337,0.4462731124056162,0.9963651121547608,1
0.12263742190397087,0.8528262903843227,0.45204268524539737,0.8986790307862303,0.44511119274245503,0
0.31958777209997014,0.34742529473856454,0.06493907831607115,0.5421713612255623,0.8913316823538889,1
0.6377000225640163,0.7936963838450027,0.5087557451743008,0.12136245507845689,0.20098037117768575,0
0.5540214372595951,0.3689111655012207,0.8036617262885865,0.5516469339264275,0.6119483626205209,1
0.7188696598907195,0.5256956548303001,0.769164550374698,0.8233393995083906,0.07375071291123902,0
0.680108990649581,0.3445147807026997,0.8779601516504117,0.7802629288383084,0.639793929366663,1
0.9107122709468873,0.05541285001777707,0.12416112063901219,0.15301546681020062,0.16465707989012413,0
0.9409040549315347,0.8949259168211244,0.8459337061558656,0.25060530898199906,0.6350570913877459,1
0.5334780297683805,0.5025731447412627,0.16863590174770682,0.9416069878685959,0.15419426687956317,0
0.842530004113389,0.5636180344312958,0.825236267326632,0.028373487898877614,0.04546180329134197,0
0.7669590009163111,0.4165867836632462,0.6389911922088705,0.49803806013611607,0.6271640102980843,1
0.804688154215733,0.6849908411956767,0.2974338714297423,0.07297302550534579,0.059913032934668986,0
0.6066602628206363,0.31258249924693304,0.7183628851124375,0.7341997548045468,0.8607773657543253,1
0.5616512157483692,0.31911588640315725,0.46647256704063644,0.2674716744541824,0.24791888252554561,0
0.6153774441639687,0.2482702803811866,0.8653075017207177,0.15969966213016096,0.32743582080119493,0
0.4982655420599088,0.5147248392314845,0.49875970839765416,0.3085404820544293,0.023176298216351032,0
0.2151444225262411,0.35289508885635534,0.05054040462789189,0.4948942035251763,0.8823394763682011,0
0.8471723653934679,0.4309277693475405,0.8824557309185929,0.7275080633593919,0.7638567641619896,1
0.19465530188771907,0.5532229266211517,0.07353174974284182,0.5042555291232047,0.7644041147072396,0
0.11881101972358954,0.975082815413784,0.39390371272860714,0.7948972283809458,0.3390852999525653,0
0.5091225162251821,0.5000779035706439,0.04530335246707473,0.1370363735675204,0.3330407053527672,0
0.5155057321472539,0.32796584763652625,0.613068121064678,0.1625020458769394,0.9906157375611401,1
0.8282893859573759,0.5323398298758764,0.7087398064354379,0.2997905647374137,0.8157488332438242,1
0.5837021418487863,0.7967548139301471,0.7253242125518553,0.6880436512027717,0.026647154963833186,0
0.7761620251720721,0.5776343958641829,0.7214001122963067,0.58352327704764,0.17051206174665934,1
0.14777570830033182,0.6807268950506788,0.03157051334209937,0.9482051707843013,0.10989552133369684,1
0.6905002609185255,0.41037740932270506,0.774972301807091,0.9205209498972107,0.8728177089123204,1
0.2073417049712447,0.3250495344260548,0.6622267997143491,0.5254771514000354,0.31375259873781713,0
0.3542869886448128,0.7719897841487408,0.7209245613272927,0.6433090999994615,0.6933133100298209,1
0.5580866508074042,0.2248670379928167,0.972910627590569,0.2976145652769079,0.28900413740352493,0
0.3488031742013066,0.9337003747708006,0.7954053560023335,0.27345753675542306,0.12187410573271507,0
0.8183774601305623,0.9546088633914613,0.8046158339565703,0.2904526519929356,0.2876303416141399,1
0.2564439754734821,0.4790792630164832,0.20206800720059648,0.5385779237086528,0.9330239337833077,1
0.5868304985708152,0.2424580384102868,0.669833964893104,0.5310414897327992,0.6379445734086376,1
0.1005449047773479,0.7707660580982791,0.00518144640713003,0.5503525657796167,0.9290996801699778,0
0.4774485204408965,0.19945597466760168,0.9639140388909357,0.3211677021191667,0.6458979178902698,1
0.5351522768936047,0.7231176782424233,0.936669379750626,0.9132297256698525,0.1750647754809631,1
0.99717180308851,0.39699457427829965,0.4953838973217578,0.9366087447777628,0.9621313800833424,1
0.5679618686644954,0.10730069077353799,0.9829938883710064,0.28456165235004627,0.9890994700887233,1
0.8510597385779967,0.4680207690062901,0.19281139827380978,0.11264676102015447,0.16249426253973864,0
0.736617895492257,0.7907676644252557,0.5677812224209393,0.7572827502575612,0.17549491383846472,0
0.5152806589597959,0.0867377698483559,0.6692558534099542,0.18478120104733997,0.14061187563429844,0
0.2355212528015339,0.753756651781457,0.9540348226549126,0.3019458396916147,0.7228825284009974,0
0.062124331800536114,0.11822484780397258,0.3068063420036198,0.40541661296839726,0.5025204712383896,0
0.11741574584477632,0.9161303858506353,0.2950376001562468,0.614625448143849,0.21912860093534392,0
0.6057389480890694,0.41584561543122467,0.5492345088183648,0.4708280768793115,0.5375176876932009,1
0.7547395497248653,0.8731350584877333,0.08187030647327487,0.4467479774964833,0.7037661251558726,1
0.5476492487109315,0.5054870560925958,0.5727016742278647,0.1498523813824143,0.3281176377422065,0
0.5831476784410176,0.09094164445168784,0.5103753540328345,0.8086920831772372,0.453432300179782,1
0.4623783057389237,0.8069153525543925,0.7232800798250023,0.3959487099532575,0.8164532259331305,1
0.34452886656213455,0.0637599121120832,0.9941236604769201,0.9345827988849464,0.0690191461603138,0
0.7689720625834827,0.7658276829237117,0.978333284924101,0.6458808180971635,0.42036193888232787,1
0.9067673115245726,0.3756455338019876,0.6827303541015414,0.6617925381254681,0.5393002639188602,1
0.5372584863980012,0.5288425395440093,0.7278581409061281,0.22269021596626648,0.003473294944907779,1
0.5444453390250208,0.5319336084967587,0.8233604373757843,0.24751203850377557,0.34615973498762675,0
0.11284463876647732,0.8094781835391944,0.4192405984917521,0.7660534675139034,0.8837566218453745,0
0.03357627575428079,0.5977848967315527,0.7032862668649287,0.0486763212437491,0.7405410784798616,0
0.8637302426700564,0.05644403502446094,0.5038958489409345,0.28926345135391884,0.8157862567633168,1
0.6725319014369137,0.32066511539298315,0.30176443514420326,0.14326043416332868,0.6602124238107432,1
0.9485202550267213,0.879713890963883,0.9115776656205444,0.62599313764833,0.4272005822945435,1
0.6713425247457223,0.785804595980518,0.3187344573163122,0.41632463342144466,0.1492176078251637,0
0.8493409322600405,0.3007364187951478,0.7075767974879722,0.8057761599348869,0.9147411738159055,1
0.13409275105907803,0.24285851608958575,0.2033367330600544,0.6467058515479447,0.9222261045112223,1
0.1904816184307383,0.2684615878549812,0.6736719206345785,0.6029220449890759,0.8736204584895396,1
0.5588504762725273,0.4793942064709148,0.8694738515245379,0.3329643108188213,0.9570197605266731,0
0.11731619944333449,0.9995720070178117,0.4789208763423658,0.24259318184574152,0.6044015340787812,0
0.7755138820637703,0.38066174437292255,0.533650127416263,0.35925955555157574,0.2615616273853526,0
0.9813184568465767,0.4694904220225584,0.8397311815636849,0.9143304988974891,0.37070492143125844,1
0.14592271310254856,0.26077410990976957,0.9347582502963535,0.5791429260374005,0.4175780735551736,0
0.8333627152869851,0.4993014823693225,0.6546079661210219,0.6848466123459062,0.2573267576348828,1
0.4905955825807824,0.168233645951541,0.7949755143536341,0.16926571086018172,0.7203135307620937,1
0.6418094631823665,0.05873205158073014,0.03382375716469055,0.8466973831827224,0.9451881112008982,1
0.8425447168253485,0.2314333920774455,0.7071695637034598,0.009141461690661767,0.5057329196930651,1
0.6165193610843379,0.4832041536218251,0.48785438400307124,0.0066123569921588965,0.5516435609112569,1
0.9774793482325117,0.0171425976024272,0.8131572209139099,0.6740329521192103,0.8061676989474289,1
0.14889748574025052,0.1919320569916132,0.5264559854002162,0.8152143907132826,0.2673247366766358,0
0.5650021824479691,0.9902330316397273,0.22585725262742218,0.6840416254703855,0.8478671020315357,1
0.09350050542710941,0.3792640222398159,0.5527014395296953,0.0561149391289657,0.009450172654130617,0
0.7843763107901112,0.565856627951035,0.8579603133636694,0.09536183547073007,0.528159185641648,1
0.8875543070344936,0.4755002876452733,0.046561970741743286,0.07434805992565108,0.9255848100809232,1
0.9287663612546593,0.31448469322665096,0.9614691898760058,0.5870361040844884,0.7522544698468651,1
0.16245025071470587,0.2404721943042868,0.834650560091752,0.3891566073673588,0.8965257670027198,1
0.9884779579141031,0.7241635700943149,0.5007928516377251,0.9743233274359964,0.0536964319473936,1
0.7690056533654424,0.9548583969146658,0.3967030493089595,0.7735549161313224,0.029625658945165112,0
0.3558111977058479,0.9411428449707254,0.4318479462395447,0.6796948580881589,0.6606719075148755,1
0.7131085326783857,0.08203800967314856,0.15422096386551842,0.7116771547786167,0.6339008819630509,1
0.005195222370030117,0.30826745513629805,0.3599174973468966,0.2697664432393865,0.1325070044941994,0
0.4080441750831375,0.0262619040132972,0.35391428734525887,0.09306426045987415,0.5980437977942729,0
0.3877995593783937,0.08469951692852251,0.9011360448564331,0.9052075743133589,0.9781730640138873,1
0.13884005895941676,0.30113126537506874,0.4931239422107847,0.0632671502769544,0.43467626926274494,0
0.25169973778890287,0.24659006834700292,0.6250336877688947,0.5938063980390786,0.19554822488026047,0
0.33221721531162696,0.6201921878746893,0.8040764619573825,0.3295417162792602,0.334736223746957,0
0.1361244715782648,0.32066515537508766,0.9472789220161162,0.2008514887020717,0.31418328119544137,0
0.69495776767211,0.4910073128921023,0.5758792816249606,0.2424242967805731,0.3760553023241471,0
0.5638505086287859,0.5922270342503855,0.5456290854508221,0.6817126331300877,0.5500991569974728,1
0.4384549543089086,0.2913312079852953,0.6928352793243427,0.8189655680044585,0.7956568359959544,1
0.24202116767079884,0.6586629685323181,0.7152363912994262,0.7890767632200629,0.07396513558228845,0
0.506612643029509,0.9203921844782957,0.6917088658981076,0.5436452033874777,0.7907209170492592,1
0.6381803670108411,0.08498193405098775,0.7689540479200405,0.6576016445807656,0.3550088194484896,1
0.6774718958641857,0.3996177462250823,0.7526827777296058,0.9657167777138282,0.43045554389018226,0
0.5187977668493495,0.5805182955240041,0.5752353982704261,0.44577855150490675,0.39113416867750284,0
0.3449673875995183,0.02456265302576932,0.10454935800606169,0.41597542852571256,0.9617278656799704,1
0.31189034389754144,0.4553326352258771,0.2068673262083145,0.48292599877938847,0.4761625312091635,0
0.3002640831819403,0.8101859369186981,0.11508526669878594,0.8491800080469097,0.6479699172777137,0
0.2439129465519927,0.17445323282413394,0.1601357112153593,0.5598489524898631,0.9584626217339497,1
0.6404788766600781,0.4321344524292825,0.02919227434239058,0.6141069373719198,0.19732443578224634,0
0.20578447936732192,0.7523254953604916,0.8087297886312608,0.06256375146916437,0.10175204872714239,0
0.45755042220618547,0.2623533954523609,0.8626365474573073,0.5277150196277827,0.6391085856661506,1
0.3479246374367544,0.8455178026695592,0.617362679336425,0.8137382542609338,0.70598836094598,1
0.13394776965071065,0.11786165266165671,0.3053800025354989,0.1830445183314835,0.6934365417164455,0
0.383709962837687,0.18575369929276564,0.6355016420586352,0.6934329265293553,0.6452600950799504,1
0.14029653509779705,0.3145800146608443,0.45100097074665113,0.05361126263083682,0.3590391721713688,1
0.9638290894149398,0.5054380197306704,0.49496984786640363,0.6846966705599865,0.4156304352741119,1
0.030860705643004804,0.7610566185454242,0.2920899095587066,0.274852918273534,0.5376086182048194,0
0.7659195549436907,0.5497261845380513,0.11321099529202316,0.11420665135896879,0.7751130278639955,1
0.04161052227023332,0.7189802411300433,0.5463532747219646,0.9897757278766832,0.1024164388774983,0
0.9993126692789077,0.44973234283041374,0.3485769768223138,0.8167285851164385,0.43906990338333296,1
0.8107027168394102,0.5879238969768106,0.3506308411139897,0.7107539594937995,0.6327706309271385,1
0.206942720751766,0.05935783363934111,0.35081547895283094,0.281085018790198,0.538768546047638,0
0.26734306627808013,0.8580168449462576,0.9854883022617942,0.67929931592331,0.09522516381434276,0
0.9924862256446744,0.8670475904337784,0.12688816861381025,0.8660787949911568,0.24967724193813978,1
0.676234553699946,0.48945872591563777,0.5774255293041615,0.2687171520874859,0.41422508936503766,1
0.0930947840426174,0.515613472087699,0.2782256878517837,0.9363361140885752,0.369071174075422,0
0.7741352904376932,0.732724026539487,0.730931937487053,0.4584492566797177,0.6641438208318425,1
0.21782993501520587,0.42964310068523615,0.21185146640773822,0.26853683831442254,0.828343617048808,0
0.48533790400850507,0.3437396205526192,0.6825519260932059,0.04840926115172295,0.09957474191620586,0
0.8576515999286138,0.4412859488764266,0.0006759315121042109,0.9580317693039723,0.20231820639739972,0
0.15897746290581938,0.9327255627259242,0.27401945809528216,0.6545879644187941,0.25038927854910886,0
0.3963415669322332,0.3055092448442307,0.6994413715245735,0.23414384148441947,0.655485228383535,1
0.1326997920399866,0.22619086145940603,0.6799827251215791,0.009286947608460161,0.6955971072880487,0
0.13217515109256084,0.0708283054005121,0.3830699256757727,0.730763381763971,0.10242717044950667,0
0.7734604836506241,0.753157800991068,0.13314623118621216,0.992940155246385,0.14285306683489385,0
0.44009942077985187,0.7224320263643224,0.6280800383409025,0.15137413084428097,0.4117098943596781,0
0.10046511247763878,0.7524456465479524,0.5895739177615131,0.3840319093431207,0.9632487105532641,1
0.08424871599798667,0.5533966317847301,0.6000078672258529,0.6075930989155233,0.7789696525132599,0
0.3016493335771986,0.5177491277972375,0.5095225661147126,0.7478436409812496,0.2955420512420667,0
0.49488771994326686,0.11274366260380853,0.49958254127265755,0.5939297681377231,0.5282865009361842,1
0.13198288073270203,0.8608140039367475,0.5683803887729609,0.3654124628480987,0.6829420490024262,0
0.016689401770856205,0.06753256927276718,0.2621852771620671,0.03982686193718976,0.06046885958820569,0
0.5010489655070751,0.4154319943754019,0.7018106386235163,0.08242781192464588,0.5365648160700154,0
0.5113046982953314,0.20319749395782782,0.8080600809706533,0.5363901728894583,0.3907315029683497,1
0.06611508362121499,0.6986758816054913,0.7299583774315415,0.8464681151407762,0.05790594402313043,0
0.6088324044274436,0.3092900638735262,0.7416935090575543,0.7406581802341782,0.11944300690788745,0
0.9530162017546976,0.5230053627284083,0.7829871015437458,0.720765518093459,0.16696295419238083,1
0.886414759740656,0.7714302904896246,0.029356251172803494,0.8071078466573698,0.27198059502135374,1
0.07707003128638534,0.4551977776794275,0.3601238955217533,0.49961000576138326,0.5668861282384499,0
0.5739123051920565,0.7227783733258665,0.22840442315325105,0.5088248849106468,0.04403790726280954,0
0.3829794743673991,0.15008466824115008,0.9311600771571855,0.8574851977479724,0.5528647884958645,1
0.32180201447206125,0.41625659850131536,0.7202879214281971,0.27125795800981667,0.07788706996691197,0
0.17934435027230566,0.8043380194587567,0.981413863941495,0.9540794074604276,0.0689264377727451,0
0.3273009217261189,0.5530913953240676,0.007969173557455522,0.20067115345295583,0.5638067408241869,0
0.5916909349848162,0.49336067585488486,0.7726132629505243,0.1954224238728235,0.9004432972264232,1
0.4100361095660199,0.23299774185974298,0.3464236977394062,0.8395740068961739,0.877198614251575,1
0.8490059877789218,0.7272150390409725,0.10394901935155965,0.5298144890600125,0.23816759452086567,0
0.7116524747001027,0.09302663835808822,0.9212744029721064,0.8972874719314592,0.519759218492037,1
0.08490241751648953,0.09557700533738556,0.13351385025095697,0.819962891894216,0.07483048432987749,0
0.2367717347418965,0.26099093892361,0.3150089154097583,0.8008168219994952,0.7007256063215421,0
0.07468743580247972,0.2027126262792337,0.7799369824688629,0.5847080358041289,0.1554105513219367,0
0.5359245490900236,0.9646347222502287,0.20763622561035355,0.3083077182125046,0.2650079269147082,0
0.8263866879396498,0.6968779832370764,0.04032980810866338,0.8359247509879862,0.32779365888479195,1
0.5134596753787295,0.6771833769890718,0.2601667927212239,0.9906766204079072,0.031082093358759555,0
0.24985262822155108,0.46204324887623893,0.8038967534438501,0.13979303927312237,0.011956923169412992,0
0.8236734151883558,0.37223974381599767,0.6302975486038245,0.6446850157085018,0.5823238014140631,1
0.06447203604690976,0.9024960819332815,0.4434313238359888,0.1287915489970045,0.9050779703801529,0
0.4609949220019407,0.16798920872905643,0.5738841998067228,0.8216854015322838,0.3949986882219194,1
0.21471610597002666,0.18715111371116167,0.2798545542807238,0.8834237988936261,0.03464944373150591,0
0.41199220629616506,0.5506886652039805,0.06097906893284277,0.27977598743897136,0.1372360171320648,0
0.6307543888247554,0.8021680827711275,0.7948462443018702,0.9894036157615339,0.781915766845425,1
0.912677016598367,0.5023932555437417,0.3883812745693004,0.17981587369786922,0.31887756732937955,1
0.05859123027811852,0.9915313234305708,0.5294322919654316,0.7668421684502729,0.9996057468113461,1
0.26652700106568306,0.8162851616087348,0.9172594825704405,0.05590865585244975,0.9963920485064571,1
0.35480463456515987,0.8392222523059093,0.8452209023662808,0.17610036757999004,0.5925195091814127,1
0.02820656972715907,0.7005608033514182,0.9475587350700152,0.5636064867831937,0.5631088908640184,0
0.4922267238954052,0.3090530721512196,0.49043642012747923,0.09025737685090285,0.23262335808323908,0
0.9178961859206465,0.20146438335214112,0.13048954561918258,0.7169376326908161,0.918780787307206,1
0.5866091750912095,0.9172241474811186,0.774366498819892,0.8464808875791346,0.8606694665915507,1
0.3955955623538543,0.10103217018068633,0.3017651537254691,0.13645166885749005,0.15750388601684584,0
0.649180265644814,0.17420267095553066,0.9687428963331677,0.693560398292543,0.9288452089854253,1
0.1753516299902208,0.306823229297958,0.6884984395989572,0.1273483647235355,0.728830955935999,0
0.9942831305476306,0.965183940287551,0.03238274292708743,0.6023886674509712,0.9210382164180794,1
0.9366877935542542,0.14064336814856837,0.7453433281019824,0.23799592514939694,0.9823796549403568,1
0.7089658131452244,0.639102687904879,0.8866535152178218,0.44662993409779383,0.2652124405628762,1
0.10803460121462927,0.001281157494689933,0.3859370979534099,0.7325844944987686,0.9691018251056852,1
0.5460239676784543,0.10142855963712161,0.4794892503971605,0.8640507204685769,0.6509695631134773,1
0.8457624840245603,0.29490861311613015,0.3187169079566575,0.9516621314341206,0.07420040176665932,0
0.5470462586122314,0.8981241731199735,0.09310468538068661,0.5940305440520949,0.6136447257788938,1
0.1649971947619141,0.8897532704040436,0.15710377733078407,0.10125781097333564,0.20555047671793714,0
0.7299740056702899,0.26526476934997656,0.2815230734452653,0.23754828494724567,0.04963544303850986,0
0.36082892122727306,0.4276059574457135,0.2945494489662148,0.6620202260098677,0.6002155280137688,0
0.2918114660461075,0.08193609471299235,0.8437690743469366,0.3083534001177294,0.39746734850812293,0
0.5441260292196803,0.18488122054204725,0.8854926927495389,0.36940166493194504,0.4457752707944581,1
0.2685619932729496,0.06163936966009931,0.7522351421152871,0.6674684591345684,0.08570731183991709,0
0.5897264423036035,0.5536019061579088,0.8407971664302505,0.8184052148653735,0.41863207493445054,1
0.8816538694176228,0.4762622810814686,0.07895504977408319,0.9027772013391541,0.7143056991303599,1
0.6775348855760303,0.620273114349303,0.12028187475543328,0.7571887556391934,0.17287897280649445,0
0.12618599863853974,0.42337489931559946,0.9882799363369157,0.43539324553250724,0.9972692267787756,1
0.9108044857315942,0.9141739368985866,0.0670119530486124,0.38809915301475073,0.3973549943570359,1
0.8734662533727571,0.7865506388277718,0.6230579285888082,0.5225620104498092,0.41959383422522867,1
0.758377387857673,0.9396499849871098,0.9249281667592735,0.5626837594773225,0.10099044282544867,1
0.41089003729922047,0.38304347287705287,0.48558479228633067,0.6089621519524352,0.03746567049771343,0
0.693661253167092,0.038782532481795085,0.8895742139142575,0.3314940757342707,0.23757929391630717,0
0.02023288859327188,0.8173859253052775,0.30305495344809663,0.2803466531846416,0.491619213359317,0
0.13438552096844048,0.9742194246033105,0.44311061333142887,0.8258233317797505,0.26941998100876363,0
0.2113905021058976,0.8239694342551407,0.740944798920008,0.7594932952262566,0.8671889705502257,1
0.31112309328890886,0.5067952752365554,0.1356498210170598,0.8512953409871922,0.879332591359856,0
0.836976677608695,0.24949026132427932,0.45644866712808063,0.9180310693411162,0.7046339452200365,1
0.635409809075844,0.12387285889069999,0.030563192381993565,0.3724667615353072,0.5940435934521513,0
0.34975990164465454,0.16351361451785085,0.8944919203121954,0.7489611344849333,0.6888505376159543,1
0.5722580610203007,0.9649176092022551,0.8571111874383023,0.647379891761482,0.6776952460909708,1
0.7803036642606433,0.7675727284118513,0.008897986070045771,0.9115154380523718,0.6473715541750241,1
0.8050855691954864,0.3054596983845568,0.9670244433683767,0.642740311290164,0.42380680065961907,1
0.4666980154972157,0.6771961563873133,0.8243108214706636,0.3971525399721202,0.10231210296860016,0
0.3742297631610715,0.6473421200645904,0.6090501046380168,0.29847592625329744,0.10810453058584346,0
0.8614916002518306,0.26114690792649686,0.7110937755717918,0.8923737976809327,0.29879111191898644,1
0.8054298226335298,0.8023637444528116,0.6000333011455716,0.660530323681129,0.6807557503873818,1
0.2594262727119889,0.4185656860813416,0.38827492100545835,0.03531900482642425,0.7080689593758711,0
0.2223631939762689,0.5346351015442131,0.784897055296117,0.9065265055050548,0.6718684759624088,1
0.8764947843421105,0.18113585780400077,0.09760306381270933,0.12794413969605334,0.2586518505602079,0
0.6797123692899283,0.33563246320511875,0.0892998220194392,0.3552833961198324,0.744209929342808,1
0.2605592354057036,0.29405112165034275,0.8512138882114102,0.4705365676706802,0.8663933696925397,1
0.8894260614703878,0.5004773744927044,0.86749775469823,0.3816692198055871,0.29835575381746327,1
0.2002965907951435,0.40919184675210407,0.5694035879734539,0.9066209345061276,0.45757143306154124,0
0.48758084574810745,0.6310327722626952,0.17682426656346073,0.634498969152671,0.004713501423993849,0
0.7644837361457579,0.4895770906300164,0.7635691671054993,0.0880413437590446,0.6144797387250618,1
0.38331642005346067,0.037725318474937986,0.19941425122811696,0.373101405427371,0.014077118724632132,0
0.6767481416771101,0.6266869286716226,0.24882312287588193,0.6935247471703971,0.3443497740633209,0
0.16702018726830936,0.8238438296744104,0.29820225349413876,0.2908277918094866,0.7278319114468128,0
0.9954724098279284,0.34273283925755993,0.9013837761445245,0.3592508863666324,0.18842603389086943,1
0.2284182848358255,0.7271688281363213,0.13120577641718256,0.7340766193115209,0.5896928347992416,0
0.037363427692595264,0.8765441375994762,0.2557891739252929,0.5347334341938405,0.048586961581737254,0
0.019741766514145165,0.6897497483774261,0.41677556517954384,0.3802537629276146,0.5472823847289255,0
0.6303113401629369,0.3011164547567923,0.661664576090722,0.6624829658888968,0.2699771495371891,0
0.10491423690009694,0.7187662245161679,0.11773456843723928,0.11401255268424793,0.10626370830639498,0
0.5231461075925806,0.20167318998218942,0.7034367502462583,0.29535120100061296,0.039405707628568654,0
0.3306036161967014,0.0027379990573926927,0.6716331324652048,0.9068800442697921,0.8352321652632412,1
0.5117053469646589,0.7235636168984789,0.10129047859295737,0.2558921027506649,0.23116028649174591,0
0.09980891505761746,0.1747018089453909,0.03944451996869358,0.29056717723767944,0.8015961026904473,0
0.7582040048412383,0.045889087093415215,0.8519987250744882,0.663355027490844,0.17051227635637534,1
0.8784755373974736,0.0929513154374223,0.8149642895364964,0.18286942030364273,0.4007775142807529,1
0.850671578036584,0.7998990969489501,0.6488464838722637,0.7969095570354069,0.11305655637764611,1
0.1593953974821649,0.41602771663089655,0.5907503029903385,0.8022647840450959,0.6783931362492055,1
0.02881622957122154,0.6844641333814728,0.8385364765471117,0.9734445802253693,0.13065532954841586,0
0.04597232537967,0.26161286722848986,0.3142379448738709,0.7045681764806231,0.6779289210201643,0
0.9778955575507985,0.6698443582143154,0.3383006417684232,0.523103175224674,0.7005801842975543,1
0.34574948745750367,0.6762955683574412,0.3848766174067143,0.8390330212297873,0.5583442367021879,0
0.15692737330174122,0.8488455747760008,0.8518711514460662,0.8694156346127679,0.07486524247698478,0
0.05035071452654394,0.22270652316879902,0.6433173148232518,0.40327699346172285,0.23499999999128718,0
0.8565892241780172,0.447068119913798,0.11870685205363285,0.497373348066501,0.6533730031383718,1
0.00016971547833644074,0.09089554691153223,0.6042032760617975,0.6190661537463823,0.30459795810364854,0
0.9503551299933657,0.363342477569811,0.05427521330556784,0.2229181143963146,0.45445998260358433,1
0.6571672064311396,0.7159135002831553,0.11402335835573829,0.7593199510791171,0.22174710782019003,0
0.2919835638082815,0.5219850866041359,0.7020960532599854,0.04577810985503428,0.16415536770539085,0
0.106961505519519,0.6108517661386837,0.18754340053160334,0.9302162591531453,0.39289648991517345,0
0.107765747287492,0.41447034512833025,0.9266265305373107,0.837466237486465,0.5888111078979014,1
0.956190321625751,0.13463601443063278,0.49882864210261124,0.5303643475190842,0.04857160563190521,0
0.5083328990718833,0.9211623140438011,0.17720243850214557,0.5785543857041766,0.7304946617427778,1
0.882695863558678,0.5041101193531644,0.3846626387437041,0.979500760205043,0.9159102416970992,1
0.9704916499121006,0.45284570608136676,0.1333718310160935,0.4127454728076193,0.7000142848971251,1
0.860707546129158,0.7118743563951451,0.9355120774625357,0.6325832845072639,0.20088908232534441,1
0.672373713051317,0.9813354962348673,0.6500863878069779,0.9583264528051965,0.5038934390432497,1
0.3522378024628774,0.4803699223906268,0.5706381942530993,0.6671572380522164,0.41747793312552184,0
0.8473010914205489,0.808304779326696,0.5227299862092023,0.02527214125447208,0.14532671163279554,0
0.16093539434323,0.28661554815910995,0.250561007458183,0.8393818144651712,0.69059485036401,0
0.8140262175544687,0.1024800063379766,0.8680353736544103,0.73949248017285,0.8648414852046026,1
0.7843071728708866,0.7988217524895704,0.28763865450722026,0.6644935685916236,0.9264848111687796,1
0.31265398089463414,0.5521245975330635,0.012965237674638308,0.2513411283723057,0.620561695611849,0
0.9114863770737386,0.7046290688927878,0.6476323855500006,0.7551077052085499,0.5466151367012413,1
0.29417772180449153,0.17742589848826318,0.6826588517015352,0.18697658153232366,0.17379513185530515,0
0.5565986205953329,0.13006653011537228,0.5839860576839312,0.255016148132422,0.3305627887422691,0
0.32263002989351997,0.05085544119522678,0.9323818655711908,0.61560867609933,0.661890210964939,1
0.7840314485705014,0.3178590053721895,0.21996201542755744,0.18386909753535896,0.06817646910442587,0
0.09194555393906645,0.22119808110145278,0.21335381018619592,0.3318835149039815,0.3607978246627327,0
0.9966310826043387,0.8236884009252022,0.9811331976152965,0.008803696295037411,0.6689384679943866,1
0.621131697623634,0.9588968160739335,0.682551360768528,0.32093701050708145,0.9159324302986754,1
0.28282899427939745,0.9113359266286181,0.8221090642399662,0.37495804216197914,0.8028167375082939,1
0.1925123879336771,0.5138947001274335,0.948211819648418,0.16739480921349492,0.9562762064733991,1
0.6703351261430567,0.7735822663692766,0.8649508557126312,0.42420945194114057,0.10392680917367014,0
0.7752067404630613,0.6465611593183453,0.9397511115083135,0.7468908256742621,0.15375457721764552,1
0.054268070891441034,0.7942147869758903,0.5580842053178108,0.5749622942627916,0.22764563494165668,0
0.4330250346392709,0.016890968304141274,0.6732987323277128,0.5348343700610021,0.6414227464816397,1
0.7008820313830021,0.07258944479897711,0.9280477501663338,0.10613554186997254,0.78689189766257,1
0.437676149468225,0.39511325822861765,0.6607231649072405,0.47398767736795144,0.5334677638103494,1
0.5457244686408226,0.9601342650804345,0.14407553745848312,0.6772890455050625,0.9141689163846178,1
0.9494651035305127,0.5535241877642789,0.5550697456402619,0.12323515893349901,0.005029839074005116,0
0.3046911523495084,0.7482965867327934,0.9035463759745459,0.3438516498486469,0.41265449602624793,0
0.22078796935740796,0.8347483668680621,0.19432621534632544,0.18135798477365006,0.7996600536055314,0
0.9943130504254334,0.4612652036895939,0.5496646096791667,0.29065266752008534,0.06736275740480135,0
0.3308509316827234,0.12821514659595157,0.6554729806969527,0.1000450572754229,0.6195157771543329,0
0.6163424302594531,0.30567548940672074,0.5841699328451972,0.5655520079051098,0.36449343567862924,1
0.24617513854548412,0.22152570420651974,0.7398162159386168,0.43612406608968846,0.8401100587806553,1
0.46284837607561025,0.35874160211359674,0.3054717964453353,0.5516718261601972,0.17577016089522535,0
0.1400016687161999,0.5386180370780224,0.2632346505935833,0.8863358320788955,0.07646237855721538,0
0.031194231008309092,0.5818904904939293,0.40513446755111404,0.590036311840718,0.9063035773981832,0
0.4721039507829259,0.7751972388374282,0.3658186301030095,0.22330664762435504,0.7721448435604628,1
0.5104119933437855,0.39678515764970745,0.5021672696664309,0.6626784893786967,0.8479818401038666,1
0.5141366805163822,0.4462204438390017,0.17914518390862078,0.9487118316129783,0.6594133069529767,1
0.35879553884580595,0.21881911725902836,0.48764214837364783,0.0628611614134692,0.36943518544747433,0
0.3612513645596288,0.46967422901020894,0.45464344979488835,0.046437457501178114,0.9805897820631023,1
0.8296471556536503,0.8348722662173934,0.2633160693841534,0.5443500620883714,0.17384981644645003,0
0.8354690676766445,0.5166628975539387,0.37632878104354517,0.9072424264468196,0.5163717821675703,1
0.48211008971312597,0.6042109802856869,0.5018369844707418,0.13896830707712993,0.16560582242899213,0
0.1869056758087676,0.36222294421509105,0.7173027084540954,0.11833022282354266,0.23034633259932458,0
0.4788146427200821,0.21070395105176343,0.16124625986262575,0.8333649963952542,0.02244603815429136,0
0.629540424888155,0.03919086523948356,0.5722692992304645,0.05591200416044417,0.2582596460167085,0
0.5636047023357652,0.01862003563723691,0.7195472995040887,0.6617450626291581,0.28345462640564045,0
0.8673023989920944,0.17056678398969627,0.8303635747042808,0.6008387144112001,0.7946160702604512,1
0.2645206985452897,0.7241867980777559,0.34267127456033186,0.45347014514009176,0.5905959909323073,0
0.20234854908817512,0.8595916920106055,0.5043595260707127,0.4197950126716061,0.14956119362645603,0
0.03903656361812824,0.7838682348387684,0.5033292081384595,0.11751640657477047,0.4822409351124809,0
0.8969689528475316,0.7748704230678033,0.6492317351065339,0.5220442296615542,0.3703774502487801,1
0.8023001960078138,0.7895555851509546,0.3812364961990551,0.5890480861412065,0.741394042282245,1
0.13388310562460137,0.47714123700454003,0.23251289062265568,0.8590532473014114,0.28326666800895584,0
0.7091488372061079,0.7894224823051249,0.5779871458004462,0.11782860398115103,0.007194052450581467,0
0.3622697897745908,0.1547785805618136,0.6515759347779317,0.25363272623198396,0.8549769262679285,1
0.6806057050634484,0.7549719006098334,0.4132281582959364,0.7837884169635375,0.4824677570068806,1
0.30665308667459446,0.34435630421485364,0.7054946079710852,0.7357824306046107,0.8549989228235969,1
0.6993114422950534,0.16179511770813626,0.21445814153808007,0.40056090642572284,0.3384378463093469,0
0.16073800913321723,0.9645702513745175,0.005290633472571971,0.09108858423870403,0.14532843583575372,0
0.221770244619512,0.08003973669580267,0.03775533828507893,0.384326010426022,0.9844481006312732,1
0.5974725638140963,0.9457158578456077,0.8202287344282204,0.640291314530137,0.43897204854123584,1
0.2860065117086954,0.033609351396258424,0.5995149128924895,0.5158136315528283,0.2316709728180616,0
0.00028727185462340543,0.15744476085039083,0.9968171438272063,0.7796728789764172,0.353127663356528,0
0.736925540146395,0.06861717193705896,0.0901658575951505,0.2844937870363794,0.8297648024492998,1
0.2765078486971222,0.6063634079922522,0.19452519308596106,0.9297138408121203,0.5749067217458147,0
0.07238597052670392,0.29425182446812004,0.9470154651776626,0.8029422425723574,0.9567093495852752,1
0.6941918614713001,0.9660554556331059,0.5631686038049302,0.7699671927338335,0.7574732850466724,1
0.5868265171499795,0.027350697532073864,0.1162683014409226,0.06755426066125358,0.6336617975581885,0
0.3157306940289286,0.9554456871233602,0.5165042172048383,0.009723191714424928,0.8321770449232286,1
0.8210746894925302,0.07602882053368909,0.9313962398356627,0.4765554540892897,0.3535379262161711,1
0.6831073085237686,0.9099274589878878,0.4989993403636831,0.1996665390943092,0.7354290652428307,1
0.24969543394695748,0.6185968991818083,0.15599556847615892,0.10668929010539119,0.9201881295329896,0
0.764244212635527,0.5414739546030245,0.042263126730997747,0.4822920812010506,0.6206674748317667,1
0.8687688356245534,0.4908053516065467,0.9843946826775545,0.9160068296725573,0.28026662318318707,1
0.799269917779981,0.47832007661204345,0.5407679455918271,0.5024752121216726,0.3937169228523979,1
0.6982445680961396,0.46007059004643003,0.6892105490596488,0.011819978610448922,0.21075238570144772,0
0.25970076909029804,0.5485634003791886,0.23713915250754525,0.47134536473845545,0.6130840431384478,0
0.7007126268163008,0.37230962786881605,0.8543260872408196,0.27962953188068407,0.17988922872699586,0
0.09986974090945311,0.2699491069025366,0.23580517288550762,0.4322187517308349,0.380883382231468,0
0.8056683615575901,0.17660727665961284,0.49959782611185066,0.9955617702996016,0.8493899153966604,1
0.3000341821534487,0.5621384520717112,0.5678345192053117,0.3984019018633276,0.6905431759606442,1
0.6298622123621544,0.44985481906379177,0.3346565385145628,0.36096202105512154,0.5603500348142645,1
0.12123748921670374,0.8673685839741367,0.9631165609179141,0.1989581106368732,0.5758944574733487,0
0.3551090383908918,0.6731928401473501,0.48749374430436165,0.736526164762155,0.8896324491382205,1
0.14484833827806742,0.16757553548053383,0.8077171439570685,0.3373883099989331,0.631273408325837,0
0.16199948894698535,0.22821793938787327,0.3168782416955612,0.29135635279441985,0.2674723908706379,0
0.8628064836470025,0.3631648402504287,0.5869197735260105,0.9655260328224946,0.41398906087367315,1
0.6620225478086397,0.9404373373379956,0.7006969284246842,0.08006473787554713,0.16691046503965246,0
0.5484337438182938,0.026364913366241027,0.39701252076016946,0.7649963721335957,0.08325120139068665,0
0.8854713170963988,0.3093706535499986,0.24739651931519224,0.284175280058089,0.6264806846261897,1
0.6635491353038045,0.8603688174133926,0.3252013166564788,0.47615474065537355,0.9749815454400946,1
0.9695422645545462,0.6976228769070474,0.17703663997971208,0.5975841988365607,0.6310475226410597,1
0.639528248710812,0.3096613281139966,0.3471683001641309,0.5396681221360596,0.804707766246453,1
0.30357291557308896,9.234639492805563e-05,0.8153797891608882,0.8479464883826706,0.34388491724999426,0
0.9469575118681244,0.47706707045145713,0.009132599576333167,0.43043531326923345,0.29292261300238776,0
0.4117358690661346,0.5605543586396154,0.3947520796201833,0.16326949533028878,0.7371178541033774,1
0.42223938275369266,0.23956181493856055,0.7645382940766146,0.9099544034392849,0.8075749404275756,1
0.8088086490990372,0.41290387651324734,0.8534820233916041,0.1824071790026428,0.28959529929128547,1
0.6227537802755535,0.1877894425440112,0.01939539724699635,0.04963207222309862,0.5349707530597663,0
0.715195942211275,0.727107070447535,0.23281049795595543,0.15068369369748857,0.4935795531957453,0
0.9979634461655995,0.46368446720342926,0.7914247142652953,0.33024864703583034,0.8435462992680786,1
0.07138469474905684,0.47014677659871973,0.1921922929264528,0.8415392879402597,0.8172507239995703,0
0.24896236050723408,0.7712253330273345,0.44296094214292003,0.7376190125535086,0.033510291570275075,0
0.9821158514056141,0.4728255449915152,0.6814423200578532,0.31210936558406976,0.32306318848290616,1
0.5209262529175096,0.2533127403350889,0.6385200120420238,0.19872363180239982,0.8875195760435425,1
0.6329089659017447,0.3245134876300968,0.16736035640828606,0.2761000438384478,0.11964959201073866,0
0.7834752402510599,0.4752706787616501,0.5962122839316125,0.3713986633032337,0.08947990274967443,0
0.9308487845186271,0.9969731029835355,0.6251323302094067,0.059775131609422494,0.6445748966479184,1
0.23267463085606355,0.9816757109638335,0.7885618257868735,0.756697523201389,0.8055253765865859,1
0.3581674972504314,0.13473217376095226,0.8986630442700426,0.48530213316251314,0.4375000041650592,0
0.18662672894910382,0.3476646790182655,0.7324024101227128,0.27532446285830314,0.8313495933911199,1
0.15502547807532696,0.29567266121073477,0.263349268895432,0.36711270700453946,0.0007198287242494716,0
0.018719856588055195,0.8568292883342146,0.7760165677979388,0.23878655821602113,0.7210035626839232,0
0.5240697688104523,0.49754915956954726,0.5514678072492145,0.6130392423505268,0.32260003991279396,0
0.06667984309626562,0.8351933578982914,0.1297742663222461,0.8734927775805723,0.20207902868878214,0
0.8362995266064913,0.6579212582849684,0.5258213626144117,0.7013140215747126,0.25593853033397806,1
0.930211036809051,0.20873809349350148,0.4914055014282741,0.8897673251634665,0.07995680323287202,1
0.9382438576998606,0.4159532027097531,0.3690686508584735,0.7084337849788369,0.8236429662774005,1
0.3039045488680554,0.9446034820072357,0.9605867454371249,0.09711925015766254,0.7251719328091889,1
0.24876302905401337,0.625325053539152,0.17889789162891712,0.7491943579773724,0.41518460024974024,0
0.4587205924283744,0.6652423547735437,0.8828240193732261,0.16680931890354744,0.1803965386000682,0
0.9984335720532814,0.44301216999828785,0.35232407527033216,0.3151549961423973,0.9914629906181269,1
0.4305880727332455,0.7258676836151697,0.608413370257039,0.5631447028042841,0.2139281360437204,0
0.9616517756313344,0.4474997889982494,0.3970905616894038,0.7263132783372915,0.9829564711785478,1
0.3018416539323987,0.3003339617281736,0.2218867034824401,0.8557204255082062,0.02170137145759954,0
0.5536631532853207,0.5563230855067685,0.9259224502117323,0.1547147862187559,0.037736300083769825,0
0.58215570635987,0.2329941485542344,0.8110742367826583,0.09190512128537265,0.3997982484777639,0
0.7929041943142799,0.1729024908563226,0.8257052443848855,0.6895951010498992,0.5762324617766981,1
0.7307893619562772,0.5762836961563387,0.07847739592285385,0.0559227088233194,0.7709015036701384,1
0.8678310969512203,0.8697865141212199,0.2267176713621516,0.6527791831603509,0.6023016343165425,0
0.30478339287924283,0.04118225216356319,0.5399297294386691,0.14958001916730124,0.5024016104472327,0
0.3928827045190352,0.4456162359777107,0.5951321912948403,0.5047293461120348,0.2220856281514143,0
0.08254511263858266,0.5714405905106293,0.049311098070088044,0.3991912995469419,0.08507898746823539,0
0.13487076372595497,0.5592961773135403,0.4878610998043328,0.6522484389791688,0.19609930039322077,0
0.07164398034108488,0.7767718987916836,0.32341164115621124,0.9241380808950829,0.08959464812673523,0
0.32073836285266955,0.5938771490410705,0.024206830335269047,0.3048188475463931,0.9876519169637292,1
0.14581847519027757,0.044877550931373245,0.8181719201318144,0.19968521360575575,0.37382079032056936,0
0.054538013361754234,0.9489409150257888,0.9267296951091071,0.8687523516449686,0.8201339564299962,0
0.45006157063834595,0.02274811515120201,0.20900954112420211,0.5380054579069861,0.20380135287660517,0
0.7299235835097888,0.1413474209239418,0.6987552320082528,0.01838851255630447,0.5830049433264157,1
0.2840135410479907,0.7891884945074221,0.6179647763913978,0.05308524865627895,0.654757871815387,1
0.8520829447572587,0.6601003733293648,0.8642822735599535,0.019078323934194175,0.8674104428544812,1
0.9766119398898542,0.09960371184253736,0.3154559693087797,0.8667727455281198,0.5315606451632132,1
0.9263499730264335,0.02148845821434553,0.24739213974975127,0.5294153638551199,0.3335696346307757,1
0.351913082267181,0.6252309702510104,0.23620476570721272,0.9782442672445463,0.5012514611771574,0
0.8904020860787615,0.814858637678337,0.02946589845520775,0.5549393515968055,0.28019384462820507,0
0.08779501713730142,0.3822071218544083,0.9606056934445716,0.6124483933501055,0.6255246004948266,0
0.970537173095217,0.9097353935641712,0.3292847383705465,0.5422337512058923,0.20675727466100935,1
0.8625876615800682,0.3089983961621827,0.7051363877851007,0.5238054835018717,0.13525249384391524,1
0.9330299464229068,0.9171121206734174,0.31749621084193913,0.5573402980935688,0.9486015641647615,1
0.7270795332601915,0.7654350125691849,0.880131900108576,0.41404015541967887,0.4112517632793493,1
0.9332500304158002,0.27379616463152356,0.7791078849727928,0.10677143284340107,0.18474649657456732,1
0.5670430929389746,0.230911348733013,0.23218253426933566,0.687377885178361,0.35926133453455134,0
0.6047117596027515,0.71201912797666,0.37395940113050097,0.8521294324655851,0.4914455970663347,1
0.7645388541282346,0.015014260451757022,0.2698587026461813,0.41304402219171976,0.7423666616628996,1
0.9271032061777938,0.9856276395863681,0.8671290026386034,0.4899428985108636,0.3248956268040456,1
0.041826275050118156,0.7353317798996606,0.38037416875512087,0.3128974914114975,0.611504874670052,0
0.8757829718598168,0.7869198623188731,0.5206490912237487,0.45160959256366207,0.8270101016593498,1
0.3956111966358917,0.7351700815502674,0.5577009498134095,0.5161266830947985,0.6306485530927204,1
0.30455414782223855,0.8276210076057507,0.461347163963963,0.4224621824504414,0.6131342792438925,0
0.8298935044266396,0.45169808782965537,0.7226467914928331,0.11317158624359502,0.7787311418760398,1
0.4135593050976166,0.45088585484707433,0.17887857894361558,0.590315475289654,0.7126343913063027,1
0.6917174283309014,0.9071624630054067,0.7964862224757225,0.718374719718563,0.12354421683543348,0
0.5238173060661488,0.3840873742615717,0.7910665942370252,0.5116664514845053,0.9497538891427194,1
0.9122527788221324,0.5654915785141691,0.6595303406020439,0.15008973451051177,0.8688185374782038,1
0.3095183054369818,0.7686304223609426,0.4462582341490725,0.6264528496615293,0.11755397840247983,0
0.25311097511803926,0.45864265782853664,0.8554110564190316,0.5435011596043002,0.005750548899053909,0
0.4757119898031539,0.41015136571135635,0.07940491736841615,0.6001021042955892,0.24471317143863336,0
0.8252525047036826,0.04891879994302972,0.14825616817969034,0.6532768782155203,0.03672105182241203,0
0.29844154664211775,0.9203846982695362,0.049031362748799046,0.4169569238553582,0.1782483917574228,0
0.5949689863047196,0.7873075795335859,0.17741926734367952,0.4553378280202657,0.5789662924422967,1
0.3685694254750741,0.3789393515904601,0.06766667782099534,0.42732383939109464,0.5504710828134854,0
0.2744185427517334,0.5270527334046208,0.5246462092537088,0.6958294973451716,0.6120537449284239,0
0.9871892637585828,0.483662983209447,0.6886542782543451,0.9338916747881832,0.9862784423441114,1
0.5253912253315947,0.9950243355575512,0.35385334437419,0.12971313755430258,0.5626343376666078,0
0.17990723165619127,0.6094057577306153,0.7085870675033931,0.9792576595660704,0.001580917225831202,1
0.8480697885701867,0.7995643512555062,0.9989870072501308,0.4140411395243718,0.33379225693382353,1
0.20118713893009021,0.2816267032505386,0.7901955028462117,0.3077725492438971,0.5066896270960092,0
0.3413615852300027,0.7243966428110118,0.6159933429964842,0.02911738181146062,0.17562908823799772,0
0.9161630531735752,0.7972543838289249,0.6456522206645748,0.4814955231203607,0.6272004877076889,1
0.7839890332085387,0.41395306533418574,0.7425846461655369,0.8351057359656187,0.2993437466393607,1
0.20826247019616984,0.6854933003464287,0.7995353334858003,0.8880294695182352,0.3535955404208081,0
0.9836187688651739,0.6265108476152507,0.8424057749358526,0.570981641156145,0.3895662738932587,1
0.7052661840455194,0.31449939839422714,0.031628215845655006,0.41386956786213647,0.4970544343966896,0
0.21613987926468559,0.3023182986305113,0.11223127226692198,0.7849439832374083,0.7777903914607942,0
0.4826631911468192,0.5000543084299398,0.19021167859521426,0.9236367678900952,0.7324410667559437,1
0.8717989854384329,0.8221385179629435,0.9380238467167811,0.6767172887378956,0.13271715644886417,1
0.5223448732185064,0.004109869234124597,0.9323373440208282,0.6870523307332695,0.5942875807872049,1
0.5205777121050669,0.6589842866775,0.31248080002129264,0.577559834409459,0.3121428984317991,0
0.27664953866806474,0.3191497905014984,0.44111562275233895,0.11765083873759363,0.14932072279971842,0
0.514060661959464,0.20657737957335043,0.35031813792411726,0.31848491185197303,0.1415568287914828,0
0.07124287122024264,0.6132628835159771,0.3387388925297342,0.44364763834123444,0.13007400206470998,0
0.05379987572222633,0.42646574521002734,0.1789829932501732,0.5961213625317505,0.5927562238981625,0
0.3124406511510319,0.8174419790368314,0.7128986847281645,0.6708702654339359,0.5334849288951278,1
0.13179528037396193,0.8128510177310593,0.9196890421107367,0.4682759053801223,0.4555841707467413,0
0.23169421365446052,0.22379445391686015,0.8610962770558958,0.6169420872483607,0.9128616106767158,1
0.7887787063478796,0.8824038902279815,0.45328306769957194,0.030264132211843098,0.47533436203663837,1
0.7679415147648412,0.6044402314326037,0.1273940019901817,0.10293221030895394,0.8175528922250351,1
0.7924309395411471,0.5327455659283313,0.4008164747844335,0.4134419056667036,0.620874838856541,1
0.3407141581791501,0.8139157048915315,0.5909701990421748,0.7843139766171964,0.4353537080229162,0
0.6626122569263369,0.07789440258865832,0.9308632590763928,0.574188290810199,0.4866303064996217,1
0.8220230523140447,0.17617400220063117,0.955883446378959,0.06960763482942567,0.10874463383487365,0
0.4942951473965429,0.6601647590211199,0.09053300483235538,0.8170335899212713,0.8872615365741244,1
0.14672535405219633,0.14921643177400834,0.5312558210753147,0.38998266023078676,0.57793141489595,0
0.5702764078553516,0.9132042652335682,0.30455013303832423,0.9433332974961137,0.434727033360237,1
0.008119252409717004,0.9864216484906068,0.40419741606441695,0.12755569705743475,0.294184662866671,0
0.7033541244270671,0.8207532836399691,0.35924463055803113,0.8612478396461102,0.8656796368299777,1
0.31812730961869395,0.38278961484158525,0.3815650450824949,0.5451187879682784,0.6624875603125252,0
0.9244820427916041,0.8399626867267154,0.15426729089372504,0.9974560430104709,0.6700660819228675,1
0.7213392323619774,0.48670133693461637,0.43673511575888857,0.9902176420075874,0.08466344428971606,0
0.7889284245326408,0.6044295126967952,0.4257041709367072,0.1797973770975646,0.5094149144301167,1
0.18579103369095806,0.6045732573228328,0.5779385007780563,0.8468038866736991,0.23674996727801856,0
0.36697002525226674,0.9782334494431691,0.5681495777015994,0.7048825425548747,0.1131643696149347,0
0.731293183016837,0.9835790981303949,0.9836683776272998,0.7788698172526088,0.46493632731549106,1
0.47245157234864565,0.7416861106733749,0.9604110469573522,0.07808191838915657,0.6336876641154081,1
0.34354617100233775,0.7785271332471325,0.4688688103410211,0.5126631103907159,0.46923239211712253,0
0.798223222006991,0.28920844322076555,0.03532624017485342,0.9228645160618164,0.7494252793794187,1
0.4731605319540283,0.16907924095436921,0.05161988479137325,0.9903648293894023,0.8088957796795672,1
0.505596109307276,0.8514452560526342,0.2778487969342691,0.13253876280633925,0.2809719314814888,0
0.17461384765901777,0.5917701254708113,0.1511356134649786,0.44665316767816854,0.8078406913235736,0
0.7993720064117673,0.8620144280276486,0.342847995341358,0.08440146570910234,0.14507025178927246,0
0.9935855747233917,0.7703677891430779,0.23794743910929028,0.44018500839173114,0.6375746664947514,1
0.6422610973149202,0.7554839314485416,0.11599436441453692,0.16760039675246863,0.3987448027449245,0
0.5325208323721685,0.3798007941507544,0.7056078045820481,0.47458958076406377,0.14514983095558076,0
0.448820623621375,0.678493405250375,0.9617627228070305,0.6828763109137919,0.04101761503043999,0
0.43178587861720885,0.9180420164172792,0.8583556731983318,0.3349674066180446,0.2670878157192197,0
0.7731510153061979,0.7490909117594134,0.7343134557596582,0.5887242911048031,0.19492568463051552,1
0.5476125554038433,0.6728018597399902,0.8316894998248812,0.011961411023503232,0.09769875947582918,0
0.2832970190934546,0.19307953144641044,0.023700472857037358,0.09194128257693279,0.9385054677288128,0
0.6380828851594785,0.7080751058295022,0.11997710977782583,0.8564408243051602,0.12990725320546648,0
0.9671655087528274,0.8960016303572437,0.695653633656077,0.25333573888665895,0.4669555772876578,1
0.2763835621577436,0.426983398886185,0.903391492870295,0.7698805091538996,0.3234041277865811,0
0.38279900244318266,0.33265473690598135,0.06005864782809167,0.9556056992173259,0.2646648524547329,0
0.6103018849539342,0.17844217006477092,0.49205729446135804,0.1438726003515135,0.768707323307198,1
0.7154003177508432,0.10328711595282625,0.07291950337895992,0.5713445598449196,0.2505963502618459,0
0.6403352692787918,0.9328937235313328,0.6646058364993618,0.2664364811152776,0.7000551993387256,1
0.9399110732301371,0.4906794538955347,0.4360576674633677,0.8440491536838368,0.7809370369633708,1
0.9541553459261455,0.8179766593860825,0.4820663416475329,0.5672438855119353,0.935042187508951,1
0.6322725265995844,0.9588238868644416,0.09066697482284425,0.5346262965600347,0.9609255220000653,1
0.6477925718063151,0.1766183045094868,0.039331182595438885,0.3841636751646853,0.19100316091530278,0
0.35926112150030987,0.08486248467277102,0.6327912691085319,0.7353241830279268,0.1399429517663887,0
0.4892325504777396,0.06299263084485507,0.5405520472184392,0.3077308796322654,0.5339400467645663,0
0.03704267993036736,0.0560544530877366,0.7877785319165288,0.042814533453493175,0.1181871087229115,0
0.6780778234466912,0.8742553929728373,0.1489536295909546,0.5793457123114589,0.9248158117535223,0
0.4712196358083104,0.9180190758285827,0.045801693519074815,0.7012968111692847,0.13053773354265985,0
0.7936971045828777,0.4561845929266951,0.17068938788288945,0.5910424892899215,0.8178001777639269,1
0.2205725242429234,0.8044535309273089,0.4262114639382295,0.8115210297397967,0.9821927527928977,1
0.575967010452485,0.13732940198175514,0.8364270922891228,0.7931016699465501,0.7642278823672722,1
0.1412368026193237,0.41515432423391074,0.6962957856798718,0.553407729901419,0.43866121205422726,0
0.8473667102470592,0.612441505313896,0.7776616376471047,0.01563032626827754,0.48696747482361347,0
0.6517557918558308,0.886915141967919,0.4162222422175371,0.8074118032473379,0.7725627085269426,1
0.5230868641318316,0.41203132450024593,0.938089610446609,0.6105379886304853,0.037621211977839186,0
0.6271916540450125,0.7825830303221923,0.3478535668461462,0.00457004128180738,0.23563900732921705,0
0.3619013045931686,0.7611282392351487,0.5397228263880368,0.21927613365811105,0.7703312831108587,1
0.7966129716427431,0.6852437544150776,0.9685738378128734,0.4744128398412081,0.17632381737053082,1
0.285064520013256,0.4346716422690583,0.3342946292222987,0.805153674558398,0.7584080208327444,1
0.1758876082155526,0.7854920180817337,0.4850613960244038,0.11606508546217897,0.8950791749007987,1
0.1987513955465462,0.6768525458751079,0.3256849589203539,0.7789752789596681,0.32613222470717174,0
0.375532387877741,0.22066275830216486,0.4709902598343212,0.4844077159042608,0.890488843887039,1
0.38733030388865675,0.13640461458072206,0.7198212161224702,0.6320211169018609,0.9755558913178334,1
0.059651719634265854,0.13650149934820277,0.8516513665432802,0.45857892497050634,0.17120131671681682,0
0.7895469650221273,0.6379992138800035,0.6115280904291428,0.16993548406751036,0.9701358419117005,1
0.48921339856236457,0.9956643373999193,0.5915808712951018,0.836989026239238,0.27917087833958754,0
0.32729594733006295,0.5794670300364986,0.8918226281365728,0.5917716320324864,0.14896970178004143,0
0.040058679813694154,0.4706526304295383,0.7686063908354664,0.03362055440021783,0.5311217262917768,0
0.4524413682169097,0.240511492513802,0.5584869664391777,0.012422991493045044,0.7317862838999784,1
0.6476401984613512,0.09072950494237364,0.4797829513924986,0.30483660222443065,0.7033044879085036,1
0.45484079766095153,0.7718350078063004,0.8741990380222714,0.405360372252358,0.7898587127890572,1
0.860382650996037,0.07069859195410655,0.8934344402756589,0.33290613838225847,0.03271417540751376,0
0.542435106450538,0.7944787532623591,0.7876918441404788,0.0809590415690482,0.8808472479559084,1
0.6746529665886649,0.8879779059556319,0.11096654372628767,0.36559085894638943,0.6191334503954227,1
0.0670059141573176,0.7093371359525286,0.2047125930965379,0.9812516222516423,0.2386327053579228,0
0.5801193853551997,0.9591037310871751,0.2097939756004027,0.7450167146391116,0.22543722629892682,0
0.27714533399388186,0.06336918005953562,0.3452265817851621,0.4862269051481045,0.5266825991091119,0
0.5328554652590394,0.2922643531261263,0.6209512678395647,0.7999038671948497,0.945365322330766,1
0.8919032132922037,0.4578741199322697,0.08017040335150427,0.8979458598704027,0.2883726876844205,1
0.6970821108516606,0.4963287349827443,0.8749931395370971,0.52068763935644,0.6272761972448995,1
0.13202736879814347,0.3467002467820791,0.4438600520618948,0.6446844415477089,0.29151679716304435,0
0.9474487119884825,0.6446720312228602,0.41169172956574407,0.3427924786192216,0.646051226458135,1
0.8419078703855627,0.4452563036829761,0.3040823382679496,0.13195425196202037,0.7893482618517801,1
0.9707240483771733,0.7697497371249922,0.04731893649949381,0.3531208953587862,0.45592653718750065,1
0.28524658219725263,0.9732060892534207,0.8393316768714126,0.6928592689686354,0.6663559659902548,1
0.31662583779189857,0.12647351206011048,0.26040719724947314,0.18449658308293937,0.5624872424239992,1
0.3729149360092662,0.5398665962775474,0.1625976080718856,0.30155976952232433,0.9204339759418756,1
0.45804073607780993,0.32021793094317064,0.004294305817411526,0.738494981424105,0.9756010361567812,1
0.2898271826625284,0.9440095257324103,0.9806897788797746,0.5737275828934292,0.1470834746925247,0
0.6891469814800889,0.7316405212803276,0.9001744690543481,0.1394232934564973,0.550959990299315,1
0.44597269115890226,0.09248113130306057,0.0550336361538708,0.6413126527901719,0.5834314415338177,0
0.022548646357577584,0.5384122941602124,0.44545808193879854,0.6715577763141967,0.0873769370901547,0
0.6050778218474674,0.9434021641019553,0.908446950217831,0.36106486914722613,0.1479459383783025,0
0.28465036559790524,0.3513550334281127,0.9775236282168033,0.874301735766478,0.08759863090288,0
0.8036855045147565,0.28863401833020397,0.805672785103326,0.970360673202005,0.42383219844554,1
0.08607797431677044,0.2077837907018597,0.4746131300060631,0.8675258198775428,0.9866383473233635,1
0.08844827865525229,0.4094606387526243,0.9144104963043992,0.4145140139378086,0.5558138449648019,0
0.186006418111054,0.38176953263180824,0.5538669265105248,0.04223291443883781,0.8262483053057856,0
0.4634518342056887,0.02684001469030639,0.0024466749580499547,0.2626770235610708,0.9560265961330772,1
0.892686525640555,0.4171567721618138,0.49188650330002004,0.6878431859969037,0.2447502615186764,1
0.0667248263872513,0.7455655735862218,0.5810657700932466,0.5655745896404125,0.8683459181928004,1
0.11958368400634978,0.5125258694064413,0.575263686608859,0.8452800680662481,0.1628472326819188,0
0.13549739388663662,0.16330885181492805,0.27267035365971504,0.4195140051562125,0.912104621195468,0
0.9363170197369656,0.5138664930598053,0.7664424376787986,0.18324749741471835,0.0945086523798293,0
0.8268219966068482,0.6849671512833029,0.30107230895354575,0.6854437194613181,0.6883466419765553,1
0.012897663838784656,0.518170746277405,0.37301419510549183,0.4848990247547217,0.34031309128483656,0
0.2211135017244037,0.188416784965297,0.8970567327637613,0.6134283594016195,0.8314161818660438,1
0.7563067436410508,0.11396673632671128,0.46049135860823953,0.07640032557074461,0.8188447440507423,1
0.3625685657487361,0.8170387032772444,0.8897263853816817,0.5976486394041859,0.7635895458617169,1
0.8145741084113485,0.22235784775551015,0.8568152091968375,0.14235933637654152,0.22657443067005512,1
0.6908181366549706,0.7840297230461403,0.07773529752199648,0.7746923080403721,0.7573340343776902,1
0.5134791925041092,0.059265237071233545,0.11892221799887193,0.2530124712234847,0.06624736116562635,0
0.9200980708136556,0.20540118655266637,0.9011748671533497,0.18478182457834957,0.3515336664710873,1
0.9487916050832819,0.3478365417734032,0.16055733602596878,0.5006344153046767,0.7285540894639225,1
0.578133678162426,0.01398431158690705,0.21699807581165154,0.1915475201924428,0.2818567914647866,0
0.09868571850830388,0.21401538640616213,0.5041952718145907,0.7077560907208584,0.3664630256454118,0
0.18084853764431286,0.35482234493867393,0.37961505669423823,0.2142740004826411,0.227554212567046,0
0.11031616121327559,0.13591236990553146,0.762273679384965,0.7047309151908103,0.557132122830574,0
0.28361144257296445,0.600389508427489,0.31200691079383003,0.9761790472350282,0.4439558701654779,0
0.18878498566727153,0.0696091569569307,0.8410582751217216,0.475676796876505,0.6791311082798346,1
0.10517188456930038,0.4380583504040716,0.6585482632854481,0.08500591009272518,0.1433675616593022,0
0.9252903155418308,0.9778533292466641,0.06471041115902354,0.975207494192469,0.3386316463370881,1
0.8381091313414588,0.7252005003326394,0.27851833227885514,0.7134938073603224,0.5819186239961532,1
0.40023552891684544,0.4758262832960263,0.6031654324392886,0.4044435991907358,0.4845328592614421,0
0.25068986035392715,0.49727378212527773,0.6283710296631083,0.13460838071795933,0.09960339023022613,0
0.972072550498662,0.38263298276501834,0.679204362086623,0.15273665117288082,0.6219667615237282,1
0.7675721085979603,0.7927314152272181,0.20193175445171385,0.6620932333014834,0.49025036025639435,1
0.5466200338130472,0.9525804949102171,0.031598523189958594,0.4304064056286637,0.914939158552394,1
0.45965623882398843,0.03285979611329115,0.5566665504828916,0.8603607027186637,0.30304457161352205,0
0.715723189630214,0.48745492669948287,0.10938199288290151,0.6750245801400669,0.6600785892738692,1
0.8543514695488732,0.506685048757025,0.39138481962227056,0.49469113045219415,0.9708707584276624,1
0.32048278347718695,0.028146986592288425,0.0451184520736192,0.8369341519952572,0.34887678779328923,0
0.3412565244777007,0.09735004922858015,0.3451430275436157,0.35736608067102427,0.35126926046944584,0
0.592531666792495,0.9103890187143628,0.06550023607119881,0.30491245623284047,0.3375942570699695,1
0.8633685217982011,0.568049404880105,0.9014098452118979,0.2666188852518966,0.6959584762878708,1
0.39030079038755117,0.5725386448035066,0.808326568367769,0.10005668320405448,0.6751112953268611,1
0.33953942482640753,0.6148278735542364,0.3633343053566497,0.43599113227247166,0.49695171144190575,0
0.5358340234613426,0.28735555905964294,0.04753136111289458,0.996227693360453,0.40202735218855,0
0.8441868840023372,0.09473361515897993,0.33683806116405823,0.06726977651140309,0.8011856714715335,1
0.651536813555203,0.3018470146107638,0.804126711934127,0.4329104845483355,0.5399475791555118,1
0.45322860532671394,0.7634422149327582,0.18060085088682598,0.018603322117357934,0.703331645699025,0
0.9621170746081172,0.7422080109872147,0.46729531338763197,0.9371629255855557,0.5327193350265433,1
0.5661164427296449,0.6267584715774779,0.5222695857334735,0.36427466915910456,0.14774368882457867,0
0.435388784186991,0.31865318015356314,0.8302143805558815,0.06442752952819675,0.20355804149781898,0
0.2564466348801173,0.6012322696755068,0.40586593924822967,0.1135585766282845,0.19191601148027304,0
0.5598250105328344,0.43613291101171914,0.6469220512036653,0.03700373472266272,0.15935848856502743,0
0.658670712640182,0.17598522189478438,0.8525210175084499,0.9637868905251771,0.4858419655429851,0
0.6015997402219412,0.867171779748661,0.9005748849741255,0.407006851559678,0.36343424522632406,1
0.7242344531621804,0.14056015190512794,0.11193236388991301,0.7344804070908466,0.9329354473996356,1
0.9315556252394627,0.2518080584440462,0.8845648623276411,0.23807685524092104,0.12227683345370643,1
0.38995066885532137,0.7483742292520327,0.23593807917460863,0.42286899848288584,0.1442779087037892,0
0.25430592047348566,0.5894809443945095,0.49035858015321165,0.37470498457266177,0.9487108894658188,1
0.9633153399656248,0.8794335408827159,0.9369722913571561,0.36299801226870543,0.7156712291221267,1
0.6058147328705298,0.8414729665178784,0.6622234344403544,0.940848276426437,0.6906824552823401,1
0.3092685016911406,0.9584836117969214,0.3628550984200618,0.812250298896792,0.12205376874588936,0
0.9097890999968943,0.39297556823125024,0.977992854400923,0.2555336900121581,0.09025032770873898,1
0.8902467277662994,0.9158908012423355,0.6313527026562716,0.8794672475177627,0.7667409006091169,1
0.8231977803964665,0.9404954201854159,0.47109128338800343,0.41296131854129736,0.8411634663695261,1
0.8244008657361815,0.6984821875465667,0.5063345139203014,0.35185634658389187,0.6021159420105188,1
0.027350893333371262,0.052098822901940234,0.6415925114135416,0.6301563415184986,0.7910193178139537,0
0.3137218026504617,0.08223205142340206,0.15782243944409158,0.5163658910510237,0.9696645868391346,1
0.6857533783489183,0.7926422949091957,0.31939912923790437,0.4783654799573558,0.735172108810468,1
0.7995286679401794,0.19866371962725327,0.414496424552795,0.1818892538062794,0.8763900129297377,1
0.9481092171592271,0.9231123518834261,0.6471066893041368,0.6266273575179818,0.9068447805119795,1
0.16875595636504115,0.4010349111110273,0.42890336811835117,0.26015777997114653,0.08906126736128972,0
0.7185834238368101,0.43515873531519855,0.9199890489003425,0.4537078650836456,0.6736100427370446,1
0.8619367242858739,0.7821219434306237,0.28796197285088165,0.4941681577419751,0.13019933127841787,0
0.2829672450326983,0.6771886511844633,0.4183309911219021,0.40852410191642885,0.1459428521154308,0
0.9073282349729386,0.3696377395309737,0.6842670861425665,0.45816411141856517,0.010320242262494617,0
0.6868524492697243,0.7133359490595419,0.7084531666583638,0.7361041053920682,0.2562255939323873,1
0.2348414396564097,0.9082265373639887,0.9967394367335324,0.9393219401746358,0.9672098443079628,1
0.25365688282655174,0.6196578769455676,0.30250735564175146,0.39469681435273596,0.37090121308146595,0
0.26029165215690797,0.5037467218402014,0.930326941156214,0.877896751970685,0.13191953368222697,0
0.11684205616466403,0.04416216148820962,0.12787149473436632,0.8716795591516158,0.8348040378168273,0
0.8769363855065135,0.612931570631185,0.7615639189386135,0.26375794050822166,0.3130103158636045,1
0.7636754136536322,0.15126474615689145,0.8530336612675548,0.657419477676244,0.7982201832532108,1
0.035862248169239774,0.2602239635851603,0.7059628625745538,0.43642986652272964,0.9952017433581889,1
0.709029142266918,0.48519951446175347,0.4929885500110006,0.8458383509499129,0.8668793003861137,1
0.18065496411140003,0.16829500161064148,0.5087377639306467,0.2727915537599279,0.8908945222432738,1
0.5260154065999957,0.5707878111345235,0.41641899138996896,0.07683546279488074,0.7682534269847778,1
0.6813123448292498,0.6806394094377081,0.39416980276672764,0.5903384978260728,0.951219850078746,1
0.8306992255725462,0.6595393231500319,0.45405551514295284,0.9552015309730055,0.5942042593509428,0
0.9508959684752076,0.32491546830101603,0.7315452173338912,0.734319559535968,0.9574027791398276,1
0.6436440295201094,0.32317084668686213,0.05553502398580301,0.07072408904996674,0.951900188641932,1
0.9650493098115733,0.8655155107298289,0.08918830767655395,0.852345833243599,0.1629406838752545,1
0.6540642988244791,0.12060198410262657,0.4908450976096125,0.43235841941750996,0.80635319591835,1
0.6655202962168417,0.832052874322659,0.5126532256593649,0.4896230358290852,0.8854130386418814,1
0.7564906434903766,0.8109943596142234,0.6138677834447908,0.4341059225103725,0.4260170988213081,1
0.22423021232791696,0.6862365358593723,0.15506970085701055,0.49532225375830163,0.6295595813335879,0
0.9072077110524824,0.4776113651722167,0.14860653865476126,0.12778974834318402,0.9029036186665941,1
0.04772827439750971,0.07653251973764608,0.0450949036584386,0.10763217144199888,0.4249135212080136,0
0.2533803310651901,0.254860204350709,0.0817695615339783,0.5034445674439422,0.11393549099949118,0
0.39295733753784534,0.08329056513496902,0.8767553471355032,0.29764751578827464,0.587208388180246,1
0.2650743897358654,0.9667196267702574,0.8713448182493896,0.18719173380038412,0.18508739082679537,0
0.10633065874724767,0.5343760029816271,0.0058470695833402475,0.11667826036590778,0.17173535120338923,0
0.9658038075584682,0.6018874401294544,0.48672249393761136,0.6184993744874929,0.973921892171687,1
0.394997237657314,0.3026566586467261,0.12508948993022695,0.013875918021813649,0.11191250246739548,1
0.2092294803344994,0.6486232217040224,0.6497398260368422,0.435788473800493,0.6260591511293452,0
0.4634255554390374,0.4739890875062288,0.02181682822450115,0.16610549317609768,0.15242223992035664,0
0.8597964454406222,0.5852262693839494,0.2013384200247481,0.5694304617453423,0.8338385328034564,1
0.7130928146227296,0.9794869379377804,0.8486162610031903,0.7370783133705054,0.5958395505776892,1
0.48610096062239794,0.5910392755613787,0.6114952931946587,0.6786679171403731,0.8166892369660302,1
0.4220045475393783,0.3158501502369022,0.06351056894547391,0.892877196135374,0.41713745809451186,0
0.3467641133690281,0.6975144403892011,0.020806924710671804,0.2880107814536179,0.19220129750103077,0
0.9090701541675186,0.33915299863916326,0.6021001328040196,0.8424671345591482,0.6569581364726073,1
0.9598033682768127,0.8330807457953466,0.6731072936393334,0.7345846322197881,0.7959726637030008,1
0.28245721526963663,0.7492543018325559,0.6670564523554575,0.12909655402072595,0.19948422280187972,0
0.993767235381343,0.3036518933975615,0.2094329413535484,0.047049336129883046,0.018130595675012073,0
0.8279486884136622,0.8944574706515588,0.0319700077683891,0.06366558624606389,0.4306204625514841,0
0.25782214100407674,0.3403242139882281,0.35524097658227305,0.046676358357778835,0.8777136471645709,0
0.5153874427399745,0.6694858901511282,0.706404917317793,0.9266320984532515,0.4378267064615107,1
0.10589185939470225,0.6105725438122142,0.7821562577663913,0.9473834939440193,0.8236102280204957,1
0.870869474153118,0.9109857705357554,0.15703254735730043,0.2921229877186071,0.44151791007790475,1
0.6470929709355302,0.3346075253126083,0.1377724641783793,0.8485950917146379,0.4391084609153618,1
0.8091452157025287,0.341320069780635,0.5050227282290294,0.08523386169981673,0.37243635740279957,1
0.15161121452753434,0.7535071710471084,0.4217222093583326,0.22818200393016874,0.8017686786414895,0
0.8523904794168121,0.7946073463722961,0.36177436965510434,0.029762927014966967,0.14558430589848648,1
0.08477821453141887,0.314804571879289,0.9819449243871319,0.1643246817147156,0.061468328485386525,0
0.9025111315738951,0.05780982954601177,0.6316075621548821,0.7133695170214084,0.6603616317794719,1
0.6808706574200868,0.5536104282255945,0.3043230229731726,0.7426975020296516,0.9092308532011312,0
0.9204505916451052,0.7002950638826048,0.4461890507033418,0.2051335713832062,0.5444252910044765,1
0.8876748965071967,0.7815630931314602,0.4045057056501532,0.19729575426112622,0.3015314123353431,0
0.74005222231057,0.1260056459938712,0.9919239695429073,0.28392785946827015,0.09281956785672607,0
0.16002734022901755,0.027891225295657907,0.7965986992413747,0.5925036017499132,0.24133977914027105,0
0.11044190624345962,0.05994573862540298,0.3729788680356476,0.6269895323179615,0.35447334590414925,0
0.2979611126514917,0.736858695784311,0.4531471605522952,0.9829505625076392,0.8053875621092175,1
0.6277443518155853,0.5332886565066558,0.5955489146250329,0.350337135040772,0.2845354949453649,0
0.7143509788637289,0.5196666474455023,0.24763333130796938,0.3278469630811499,0.5823690458577517,1
0.7116404207474897,0.8284376294318806,0.08194716343468877,0.06219367254441022,0.8885092968498417,1
0.5262556031551487,0.5882394578976068,0.5189449994178468,0.39478247517358356,0.2636937095545513,0
0.9310356076644363,0.48954106667426933,0.9732724831769045,0.8238118303033916,0.1443461813463709,1
0.704524684795629,0.8632716575945996,0.11805815767102468,0.2126425389605192,0.47335556173777116,0
0.9518217527774427,0.6016002137386635,0.40861985914659615,0.12086642808903725,0.5717647544264091,1
0.991020101118533,0.3032600827066696,0.4859255405364765,0.791203701070468,0.14213980573261153,1
0.8890572062394194,0.2155814557006741,0.8191250692282641,0.48879365624551285,0.12232790550244821,1
0.5730590917892894,0.5657639760700942,0.9002872879641,0.7813493488528254,0.4752275484387575,1
0.504763861272188,0.4609361645704416,0.4499293913485165,0.4490747388376488,0.8663455525626551,1
0.40962832709577024,0.23282228335920285,0.39539712920038306,0.5409944507913269,0.9580794920805382,1
0.8659535733283666,0.7072086261570758,0.5719947936394006,0.7961587814360495,0.7073988490465885,1
0.19242673333859683,0.618704054816323,0.5768555831731496,0.05287438599238392,0.570244383228971,0
0.12028317643891573,0.9361818099905508,0.17974340142590373,0.018973583541531225,0.7867570460275187,0
0.44422946933394625,0.8069210241253961,0.6068548211487469,0.40179786524841954,0.04498364397490795,0
0.41493642348093485,0.8596484104387593,0.31738243536659316,0.2571777931677184,0.1146446241422453,0
0.2555545253180317,0.08962856348028303,0.306794218362605,0.40727643429196303,0.16919104798818918,0
0.05850178225356584,0.38993971123355786,0.32004146384045884,0.412822811998509,0.3242177907968632,0
0.20255945801454,0.752133738972281,0.5860290768481129,0.4929794409023319,0.7523899786503706,1
0.4648235332453331,0.40707646359099603,0.48417150995810654,0.4074937897439397,0.23374045575957814,0
0.6750974290185378,0.2463160959108046,0.5547074500586905,0.7852141866503011,0.3046128419655981,1
0.20345690684677342,0.9679115127203392,0.3733052204582076,0.9853087154640877,0.7820236626651993,1
0.45174200118923247,0.0010010586130895227,0.4646520537221017,0.8293717847818874,0.28924945483400555,0
0.48218625987546837,0.5978677515006732,0.8394877216219737,0.38015351443917944,0.3514179203095933,0
0.045484730313839705,0.7391829455948568,0.5630815779412927,0.30063834853258053,0.3953049011411466,0
0.27945829837232294,0.4319624320480985,0.6104453094662744,0.9574171736989658,0.31830394181558197,0
0.7526940011065758,0.45271808112422474,0.24592828498987118,0.9830219471576679,0.34162980474996485,1
0.6918450603911708,0.6464432919193639,0.002047513490816555,0.4765289500674549,0.9014449939845398,1
0.7032996750546746,0.7624652414976886,0.5381314537014721,0.7873052349442264,0.6490972761159127,1
0.6716130781559405,0.6722459131733745,0.3529947323504017,0.8127812473205956,0.827466835091344,1
0.69703013437834,0.008431375956266085,0.46269253172338476,0.9362478494121943,0.444577656756068,1
0.9213986896663738,0.3578210189306116,0.0899665192982615,0.6134427087399107,0.3031785324842817,1
0.3629991787433329,0.2807563580038984,0.9045075901154257,0.7069680065365654,0.20908632134747052,0
0.86991623250654,0.5691022314155522,0.4940113214438937,0.5517851873768139,0.6598384211869152,1
0.06536062500003414,0.12824639488736866,0.06504932140880004,0.2596244807061806,0.5699032906851095,0
0.19185154771556834,0.6779787169629149,0.991951353623053,0.692985815388966,0.5329415173415583,1
0.937890368902046,0.6409662863098068,0.9430742237719152,0.051862797542361894,0.9387593293413464,1
0.6801734754316155,0.4665867276160025,0.3614718431029983,0.7590217146535565,0.8838024416656812,1
0.44886149701656375,0.005159284113786189,0.19460813950528066,0.08180890142990982,0.5718196169113584,1
0.42382025687229397,0.07444036690142164,0.24998416153249747,0.16448157525974982,0.3108058576497742,0
0.8080590741636121,0.5925307705791362,0.6262971083451867,0.3343025359549193,0.2504094708498833,1
0.05443286017800708,0.3335884550189602,0.7941111194844817,0.9435475772091063,0.7757494717833749,1
0.5789344692589817,0.08553469907138922,0.06068694529469587,0.033343675564193154,0.31327943421962656,0
0.9191157877623073,0.4419184033184411,0.3014710740055042,0.6261852117764874,0.0657902591066627,0
0.3814554840451707,0.0958302514054028,0.7519633577101529,0.2331119840188528,0.5995758532544583,0
0.7951646777101288,0.8799381674841843,0.6192305542623842,0.33961647488863334,0.937584852246762,1
0.19248131743078367,0.10268965372658201,0.5951751076675906,0.06754447216456005,0.7894164237438102,0
0.256286102200979,0.42100700349658204,0.7246230365399337,0.4446243136072412,0.24315247787291328,0
0.43584812814836005,0.9597413513936472,0.7543736350368234,0.3111882402275943,0.885221910038171,1
0.3429003156055803,0.3688299951722551,0.008081842345599721,0.5864399124508858,0.6783003743335633,0
0.8587022055283732,0.4220611404166825,0.19540712964915308,0.20037190348323275,0.9085002184008153,1
0.6947815767812803,0.9819232558265506,0.599762303325637,0.3311454344690492,0.5784107488848038,1
0.16227998662626664,0.45430209395368004,0.7891913869272398,0.04219214987703168,0.21940588146413553,1
0.6239200175787397,0.23901903987486806,0.7345861775305003,0.95258822899053,0.3315151095932074,1
0.9898780435824795,0.36281714595773884,0.0737311568698783,0.03001758869507609,0.11518929259778532,0
0.7655327346914205,0.043904825861076024,0.02968557327332244,0.19782499435619172,0.17414660914946367,0
0.5545049551573713,0.17854143080106044,0.02149202805815198,0.8428814207150682,0.9106489501982198,0
0.7874140805379415,0.11096900953638011,0.9361141041683955,0.3050723780408775,0.2401499328735519,1
0.9771018460320147,0.9976949142158312,0.8816637950667594,0.8783878364484171,0.06537751941750436,1
0.19168129215057716,0.3781955293890379,0.3742553019371003,0.5995491626079392,0.9769815402935664,1
0.18910216431644133,0.5354683421118761,0.7895877893907347,0.3276806045112881,0.05325897506966537,0
0.9683843075043128,0.8858342877700227,0.20923757349922167,0.08140770185489365,0.47066729360071724,1
0.7513080379547333,0.6450715642507096,0.5091585172285593,0.49858777611622485,0.4642672775611171,1
0.7156498726885906,0.4947920253407817,0.26833545849611373,0.40094607053775777,0.9211852236883675,1
0.2030004967159037,0.8631682636915489,0.3958999754383692,0.305999036319724,0.8887089295467955,1
0.5505519739147939,0.13433031552748942,0.08402814935928593,0.44450531541422544,0.35157495163513397,0
0.42610234358274335,0.46755098873753587,0.40895277535551733,0.80450446529346,0.31702042574449973,0
0.6453548526457581,0.3590929351856995,0.08241851102201503,0.8426033891868957,0.512790989478319,1
0.09840910970112593,0.07134867727932992,0.03828138519842961,0.2003065968584853,0.19664632286956396,0
0.6835393298078196,0.27446455650510215,0.7056426376404914,0.9979957054396354,0.99840509783476,1
0.00853387840148867,0.29947415204230887,0.8223088558512356,0.783128254092055,0.4038111414448544,0
0.47200399379500024,0.5126469730531769,0.7611605372390811,0.14928114313979535,0.3975052850513048,0
0.5158253504857692,0.7859746482418123,0.7576212992425138,0.7225103513479062,0.4614011372674969,1
0.770131066008879,0.6979412691122879,0.20958475350350736,0.44997193554747195,0.5584468173243409,1
0.943354001177885,0.009681154040993789,0.8104013849709043,0.8342988815505984,0.3398222418538528,1
0.7786434046217695,0.5376040063771397,0.3260795145254961,0.023239840325544936,0.7853578107968642,1
0.3302505282177841,0.629839307063414,0.6030027859937562,0.60783727149575,0.8669447555458983,1
0.5344905807557243,0.1883386781422619,0.10863835609586059,0.5695150119210641,0.45153532653304407,0
0.5529067753079242,0.03205915411170435,0.6890245497477345,0.4886133225771673,0.18669210522620927,0
0.2330394259922618,0.6595698932140744,0.0699794326325035,0.05745318061599325,0.5185316801894239,0
0.15703545503016647,0.11074394828928757,0.5364530192197352,0.4782511423762348,0.06876299075031944,0
0.20567700497625152,0.43220067633611037,0.7096716140567708,0.4747800242810044,0.603709448688413,0
0.6848359291177722,0.27544097752647645,0.00744330876384014,0.14269198809364125,0.06397004294829534,0
0.910302538940527,0.879239391468157,0.46020456003170795,0.5761327522924898,0.737290710889568,1
0.7003165397244652,0.7116479336645214,0.2974487274221358,0.6130275117116392,0.8099847648281149,1
0.7332439529305443,0.45782815206546323,0.9108330954542758,0.1834443189093622,0.5686152659023863,1
0.8705395918930487,0.27377627702471485,0.6280832032690759,0.2918895905215809,0.9162963335718501,1
0.49348757722436,0.9923897218842863,0.5528238946291105,0.9953163815195267,0.07653363611844821,0
0.4509359833958678,0.25276661818751756,0.5060645717727777,0.4621674867474874,0.07319549202074571,0
0.7459574371527271,0.8557731449187068,0.39667432783376166,0.0107373613909314,0.11468271694406562,0
0.48475923732934145,0.06823717119208439,0.5484285403566256,0.2422936090348775,0.9500184240767632,1
0.17058909564089664,0.018066127650354424,0.10051512105194182,0.29414465370887055,0.5346538330722338,0
0.6773831417653878,0.15349647731079152,0.35808698965564534,0.2166724332750758,0.03444484541332493,0
0.8365011411517144,0.8115118259405677,0.6410121892581875,0.7164104332032829,0.8970098801165318,1
0.0046657327463082154,0.7724096952184701,0.7671142384539399,0.9288205523021502,0.3746447034832565,0
0.989290624965429,0.3371166424492489,0.19215181976526619,0.6689494554934761,0.22056785195131035,1
0.16788288745292645,0.16704725506911056,0.4156800099648542,0.10768382858950143,0.3271414661607114,0
0.5417026534308784,0.9389232279947421,0.1208039613992582,0.21377998669360065,0.3565763259184943,0
0.38918665955042786,0.45877593174648423,0.06601628406317306,0.8150848916058064,0.6499449955218239,0
0.3015342486466849,0.5988690964846016,0.9831024929171375,0.10181358987488676,0.5361815302912873,0
0.9590347043778342,0.5998671451535394,0.9814158948575997,0.6963153659445452,0.6779005223851904,1
0.6353534516820034,0.8839670321913443,0.31796697510794936,0.8515542124686434,0.4821303789877406,1
0.3823713996337811,0.6405919547514164,0.2324254773811999,0.5874685474084997,0.9883808643616115,1
0.30884862867292995,0.737913283918037,0.7572457435991297,0.6197662284924808,0.05992301655974597,0
0.204385330096177,0.03790671555745573,0.9234091395535202,0.5980751886110854,0.9458764973560437,1
0.6436020716054057,0.7604938822955449,0.5208728595955652,0.9775675044573351,0.6480464250796328,1
0.3312702726030976,0.24224898372454517,0.539311752126172,0.9066320577090842,0.6650060190884491,1
0.6080631976776255,0.38148592055940567,0.32163699108023547,0.4423608901335486,0.006042659764117553,0
0.6343669592739087,0.14153201087023703,0.20422001276583224,0.09175939242300257,0.5926306512120895,0
0.0781645136046395,0.7249891047706771,0.3114629698109538,0.7216737657601853,0.24492495822918992,0
0.4482711923698023,0.6356037721142247,0.27186078475732744,0.7812889254180394,0.0800159718916802,0
0.44137607084734176,0.5052925542696879,0.734928104530502,0.7603244644096379,0.8196038078796678,1
0.8540422103049818,0.7588583224002795,0.9215324990468587,0.595183361598832,0.15279870892205927,1
0.45360310586710084,0.3751468849341727,0.6060253566566433,0.07193964968051114,0.13665634926306724,0
0.012834272247963519,0.500699808674817,0.7253453759421244,0.49145371768292223,0.9256910712705564,1
0.4895511143491478,0.6410487218761597,0.5883090054335769,0.40878758493810574,0.03882689768427949,0
0.1942282003384147,0.4362979453585809,0.25525841691546414,0.9130859952537521,0.7222452934725484,0
0.6964554120429204,0.650906334708133,0.9265187563303138,0.7356642056017504,0.24235286919568144,0
0.6764255987722879,0.6974714224463375,0.6453335370710811,0.26133069847103674,0.4554707701822014,1
0.9517782454386701,0.8415158999072567,0.01233738747783475,0.7709721855245962,0.6443973907203187,1
0.9009956499960148,0.5185370438542153,0.18882325199250993,0.42294485990571673,0.8297495650266965,1
0.6584860599536514,0.38278861035466016,0.3079788665021467,0.41160899216281055,0.876400470169787,1
0.7766911148841228,0.34439281235805164,0.14271348170206943,0.748730072450083,0.9300168659410644,1
0.8163893780985717,0.0015785775845547079,0.06984149496066294,0.6963167072671622,0.5249619887533956,1
0.37465138872265835,0.7040471966142361,0.19802052890115418,0.18198433147828086,0.9484833114611971,1
0.05898206494685809,0.1827293992726402,0.7591646849504473,0.2593519164841407,0.9022732889027562,1
0.8683619919153573,0.16612613260604292,0.29312558536013256,0.3777285376539944,0.27676220286088016,0
0.6728045922557532,0.1008091420643521,0.06105646689296318,0.7517986964822838,0.007226658354120508,0
0.5223345442994426,0.007261957046879819,0.602984871864871,0.9868968424354335,0.7613639702337667,1
0.4294536213319763,0.3707851222296058,0.8901521961620259,0.9994451352598056,0.8168471920460241,1
0.057241543943472584,0.3560292338809179,0.33025525365971176,0.1001773625842084,0.45691925935850664,0
0.13886302728712874,0.6019091764308104,0.8690052817063729,0.27946753018395554,0.699264621372817,0
0.6588761051733275,0.4751994275667816,0.41312659278682173,0.1879349351162396,0.986181405470321,1
0.3602056121337003,0.04575428344009491,0.8075578118548767,0.32552519945747715,0.44430615926950157,0
0.08136923125635054,0.42791628047141983,0.9314834694674432,0.9308445042082809,0.9868714634950384,1
0.29386297320704013,0.1950769551988093,0.1431614448864662,0.5200544288473874,0.5718926249806727,0
0.7968207604221246,0.301348304989592,0.6730621605836208,0.5487466602565318,0.8747857769340504,1
0.6626421104421311,0.24090161355850093,0.21164082117701322,0.7532525207415959,0.6597451023750678,1
0.16023527777942614,0.9289673591144442,0.9026485188565389,0.7663088238265949,0.220376034968905,0
0.12309811015036976,0.13575643243444102,0.5345433029051735,0.7254144064482956,0.09044175442710856,0
0.7663373866963945,0.6006794204165564,0.6439865406097902,0.3770103224379354,0.7174427341145859,1
0.5618999448884129,0.8561410116923023,0.8084474819404441,0.22355083569209233,0.11568996527028452,0
0.937210650653812,0.7446177522987699,0.11610622385769342,0.36773702597184077,0.8533303090436182,1
0.061884936616270037,0.5356030403812055,0.8471185966442937,0.9798494981504864,0.31964298912347033,0
0.5197513823490051,0.6016176386980413,0.2221415572359109,0.3953123838394025,0.5382929433313163,0
0.8372166545607465,0.49983266502604573,0.45578453054596,0.6014654135956825,0.14587069859400337,0
0.5988803082714926,0.3088914267895966,0.9903351119801401,0.12346401269326013,0.9968486044382249,1
0.4950255251787238,0.7041404766328312,0.37670862718531917,0.9811427951619787,0.333144546692835,0
0.810418652184842,0.7004074136594353,0.05256630423037589,0.8654318956735636,0.1790202323852389,0
0.6592503109006312,0.848518246108243,0.9910632149991826,0.5479429095408735,0.3374101476552893,1
0.39106309467422373,0.5278444344308569,0.28303986998173647,0.6963763156761511,0.19509217665425438,0
0.7522664799636413,0.5803836797614055,0.8050717864492781,0.8498097206248002,0.7095875315671712,1
0.6959555259528883,0.2910815693230784,0.14482288218860584,0.21813647303252248,0.7483825176630546,1
0.5756820969428705,0.6783178060166482,0.988484187859526,0.14760545921739776,0.9503981544278602,1
0.09604773190307503,0.9741587599655669,0.1796328793843328,0.052472115437290356,0.9802767598288892,0
0.6269725465964556,0.4039939958229736,0.033992827823776994,0.24085542110089053,0.48862589376188514,0
0.37537164074070606,0.6917948498663601,0.7953252097274056,0.6585188514710303,0.777730811116649,1
0.6531954738879076,0.3673230559498252,0.12000038561692561,0.08263699056246543,0.4892184409604171,0
0.5729819088231722,0.5726305654607591,0.27372480700705826,0.7453592948209735,0.7943437143629715,1
0.43365647866102564,0.5714230993780228,0.0994412550719751,0.06349830116158828,0.9088805233106798,1
0.019746388448748986,0.556060163806847,0.5364167897662114,0.8121962586796854,0.48856326240250214,0
0.7900676924862017,0.12408932859829225,0.7529881910045725,0.9656810437037228,0.8976022982398127,1
0.5547217685523098,0.8005129718355543,0.12304530321913332,0.12881599050075576,0.20622990021586785,0
0.03500527951576049,0.979928434824326,0.5061483107401276,0.3635596406927418,0.544427150276327,0
0.30059997771804225,0.9462146158948137,0.5194430716679953,0.7828018240138651,0.6591575781561613,1
0.5226662599353726,0.9860195219278124,0.3521171257359693,0.5382094868316527,0.2098395056123309,0
0.18807365105798335,0.29970922958914314,0.8326278046906957,0.9574229280219078,0.6021443870072858,1
0.6223127426357196,0.07435965947694034,0.25496737108137035,0.38178231306201915,0.9036599335321737,1
0.4253433640316078,0.6945153708997662,0.5359043196124054,0.07055804602480076,0.7326748987242555,1
0.3721422595057051,0.6573180530054205,0.8205082082109707,0.6049446922841897,0.41968647257661673,0
0.025909863144291112,0.6036072466336018,0.07752459697518665,0.12462122389279429,0.1099901324807051,0
0.3628194846901699,0.3335173486029427,0.27325300236291905,0.8688553705669743,0.22576546872889092,1
0.37863235139685014,0.10500272946606282,0.9256358602904043,0.175731372285453,0.7283274149560326,1
0.5289601188071087,0.700455535740838,0.8653983494788163,0.5515422319699373,0.607466944300131,1
0.3895633308639562,0.3451728880858793,0.7412971383170178,0.9680002837534799,0.5316821377848959,1
0.12757220312253403,0.009497468819158805,0.5135654189677734,0.15549128247471844,0.1263683597942452,0
0.7254192727744093,0.9744998467724821,0.7075024156088244,0.24911162762504235,0.6087029905486385,1
0.7984688987483517,0.5022292456538949,0.27582297438842296,0.42776508272137237,0.941677009451887,1
0.8579214743296971,0.9474546485070996,0.40651478447450995,0.31273691240881085,0.0901405933102718,0
0.16511312555757685,0.057411522303410734,0.7434094569522951,0.5541597748517171,0.49285053318997407,0
0.5086823622319208,0.7307973663242785,0.4796559475198775,0.5150114870453019,0.9979544257877332,1
0.6162866070135236,0.9108864056423114,0.7459172607011366,0.7141600729896046,0.702591713773644,1
0.9508683899079184,0.8233633935389512,0.8803318958352608,0.5281114182180024,0.6091936084803639,1
0.8819305655636671,0.5235164158329264,0.22506857793639745,0.07512237405069866,0.839408935109666,1
0.37909476586046786,0.3732836989293128,0.11323350919752262,0.9140451750089464,0.24976522350107433,0
0.29917799296322967,0.2935450394805579,0.213065944628673,0.7380257221398983,0.5688419445873907,0
0.6429736354613975,0.8257273874686498,0.03542912703316192,0.4630569807625853,0.6177486915018542,1
0.3285518012817997,0.3538927443859283,0.005154411120129265,0.8901962766232608,0.18615770639529883,0
0.08474377936941802,0.5143185995408144,0.15371066637872943,0.12384264851442806,0.48741215472601684,0
0.39535882602862615,0.29928495261442434,0.4283414698555572,0.18218204033693208,0.8115438540986305,1
0.16183430060650705,0.3537377770773402,0.433960154695885,0.359236746159019,0.8705140703113334,1
0.3945460052866918,0.7439239869357162,0.9009978103012334,0.16031250108931072,0.19899192413967726,0
0.42109532273611294,0.5501236728993624,0.7998200854788458,0.7143209586101322,0.32488769852437005,0
0.9235612507305532,0.8430629136088439,0.38884850689334916,0.10973278401552577,0.107879584973402,1
0.7673849514457409,0.23650493511587256,0.678310318513481,0.34214099816728416,0.9764385267875106,1
0.48592924388211134,0.760899897135436,0.24774729920635485,0.1524957249257607,0.5112398355220276,0
0.9942570604455155,0.24735437084980638,0.8206094162848512,0.19841245914915817,0.7064608989858397,1
0.18118824950359003,0.9925516683971279,0.5911961989768438,0.634477191781447,0.22938419223175333,0
0.9290983315274799,0.4263029770378868,0.6164673581692837,0.09093543041013263,0.05095536545181756,0
0.23142764882575895,0.3361778514539886,0.47919523761682004,0.5098636927237572,0.6438731555018983,0
0.35102451377798316,0.4180741999072479,0.3198408849172758,0.04755639420264679,0.040889129046618344,0
0.4720581641805123,0.9084819749483601,0.10076169990679262,0.18484000304537296,0.9483281857616181,1
0.013661583386074816,0.5517682267014953,0.8619742701225585,0.33121173352426814,0.7412921027096752,0
0.37159228502401864,0.6502483433183055,0.21003330189233427,0.3840493566336569,0.8871937998113447,1
0.5865614560867114,0.9121768316927654,0.6543551595316018,0.19043360049223523,0.7046600538922085,1
0.34289796875027123,0.7253506591483839,0.9896446150614918,0.20199911693898998,0.7207694661145833,1
0.25252550759603565,0.877075342531168,0.8534382942772509,0.9068148475911173,0.9751261573086644,1
0.9108491795966458,0.06770849587634664,0.41900416108789107,0.9313323270711618,0.5038694276726631,0
0.12893423653883007,0.045445225803575795,0.5661747683643802,0.7943903801774531,0.6938033341630616,0
0.87025571997082,0.9715384175999874,0.16551822005022265,0.7507277914082882,0.38415041984989184,1
0.18406634035408898,0.16000305542273796,0.2178077220329102,0.6967217475836077,0.8791550169037826,1
0.5250732023927168,0.30341017136331705,0.22033632767471434,0.7082547043898303,0.5521509209208443,1
0.039090675410742626,0.148139476344332,0.8836024722289778,0.9272479573858633,0.27043485547142354,0
0.8234102667121022,0.5345949241234722,0.0013999614763668955,0.3474618988684034,0.605159535797079,1
0.549275072396086,0.7220795909584432,0.40834288223337945,0.6114820338405321,0.32463514048800823,0
0.2192795927113046,0.9652274644351736,0.17673523914804457,0.9716047049733884,0.5373886947133957,0
0.10644273253233871,0.7457697889813437,0.3819809775475882,0.6538247187237826,0.8700257884430113,1
0.22063903752165304,0.2687935024791853,0.5816637995079208,0.8077329610155621,0.7528976976533488,1
0.3686400066937072,0.9021681433842099,0.09369106215209644,0.18151354386948126,0.18502802264390872,0
0.729479992243697,0.6475642717036921,0.021047303901316372,0.1629186487589258,0.17773426933213465,0
0.0720486896216499,0.2452538345383417,0.9091310549163725,0.9703854650445602,0.10023379865517401,0
0.6032935164848711,0.3778751297592412,0.020715915486481107,0.8265622482713465,0.7634457560667182,1
0.08359554609400388,0.14263560577182754,0.6273843765231757,0.013496904018524436,0.9663607627853465,0
0.33838991711080224,0.7074557549131303,0.20232164218448168,0.48042543053382447,0.5628512344687453,0
0.15451332363343873,0.055875506576347544,0.6920411979217577,0.6274858530134924,0.12307551518982573,0
0.5115424162630503,0.8364833847827067,0.14183502645202284,0.9121669622086938,0.024000869890117182,0
0.2258843922741034,0.8789901039333453,0.38474380736623914,0.8842239135120152,0.8227848701299328,1
0.10173625466575087,0.955849068476366,0.3573079040370132,0.6156967679688691,0.11835097045074028,0
0.6045063819818419,0.1780677767740816,0.530480640641183,0.599611484865587,0.6794333117100935,1
0.8175625449940975,0.34838568326385444,0.103922562830845,0.916234355414292,0.6617317152702249,1
0.0763694926266083,0.0021787648030665574,0.9330949483666525,0.14864294810432221,0.6558541219427368,0
0.785546094002867,0.4784320132035744,0.06731363470229523,0.577842879499891,0.95958531444302,1
0.18187233632456812,0.3850173976466712,0.3193157799110299,0.4238320699430148,0.6934208346370523,0
0.8021409283878673,0.6539542222142585,0.24590812163937992,0.4186596315304879,0.4971022944059017,1
0.38462725344015447,0.5809639373043257,0.4218407610576297,0.5778764395161908,0.6934989527709192,1
0.0028661057597373363,0.9939053121998541,0.01715465160011076,0.5583744680428977,0.9576157713949134,0
0.8487514991263234,0.8667725084621226,0.8190104524742757,0.29469728812864704,0.14414024230280764,1
0.24249740847004475,0.8278218077464937,0.0558656658753407,0.13780131278362717,0.9620519853814,0
0.96491319257549,0.37168423126700023,0.7014017634541528,0.6627473203957608,0.0737702956559253,1
0.3652442182695679,0.07899329248849896,0.077065296564085,0.5691831546356378,0.8137112588919316,1
0.7481071243245156,0.6985639255401921,0.29950769595939286,0.41152248324869134,0.3373369905648651,0
0.15588733598590487,0.8811571422402135,0.03211910727749456,0.7511329291282609,0.5032954227950334,1
0.8759765137307085,0.554155921275964,0.8295182306919571,0.9191502300803746,0.501872437492266,1
0.9731223292048016,0.5215010447618386,0.977926283710249,0.125133356028309,0.2118642434507788,1
0.7459957374333396,0.5592942878982677,0.8417129894883129,0.8165588355990245,0.46843609569531874,1
0.16482435952627394,0.8033392606040696,0.646647195698484,0.1947305893146959,0.1084008820682768,0
0.02804885983116856,0.2822069314327865,0.5415679149811308,0.06531916716627728,0.5971107558233812,0
0.6383889610260867,0.03236679166805112,0.2691680124777507,0.9766631466904488,0.5647968131666968,1
0.3145802922041038,0.9435091414198641,0.008478730772000675,0.35664914363383815,0.2824021798278318,0
0.7256881248640812,0.973850742947436,0.7026568105420948,0.09737983592836696,0.40728656125449514,1
0.1501866580820479,0.5871755093043245,0.3821117317449527,0.5863582035065616,0.8520270961329958,1
0.8852038728144223,0.09329086506976403,0.718462707337514,0.8844020680758893,0.8074760338772813,1
0.9636673592151694,0.5163007974049364,0.7287206397111633,0.6513949150091937,0.9302272034334854,1
0.36031635570131804,0.8559525530050779,0.4309014457465179,0.8906799309906548,0.7741750008081904,1
0.07499828903388717,0.15240140681639947,0.6277896463454107,0.49752282423828564,0.8047264442961048,0
0.9689471185012387,0.7814455173547181,0.08716768398070529,0.09411399405306464,0.31371870018331427,0
0.3633282657963669,0.08922924154351586,0.17918625258397325,0.7719405104275133,0.25794409950184305,0
0.6502920830559787,0.1404472435998132,0.12396622428060056,0.5687334499378427,0.039592641319871724,0
0.917140116397923,0.12898423851153007,0.3667322658932153,0.8448356436538093,0.9520449587229297,1
0.2628274327323482,0.8755364566389333,0.6825555864175824,0.6206137238251539,0.6438667852957447,1
0.00794294591666922,0.8530597843624502,0.2906606001840657,0.1582058040062615,0.3992804203467756,0
0.09350312016113072,0.4658775960541419,0.6424844826394003,0.9001265154651533,0.464852996983521,0
0.9224907487403219,0.7682166504346907,0.19947099984825,0.3287206371461714,0.31728486226814634,1
0.47621946867053533,0.278375062753101,0.03828233886570642,0.15574111751119546,0.4699675451629891,0
0.6010774133667761,0.3802848239421863,0.9364596665541349,0.36149275891154353,0.43010973914385453,1
0.9526450094477563,0.6836714403548863,0.26984811016970334,0.635687292934251,0.0835912834237359,0
0.7122067023174533,0.8712891297021647,0.5247779430009789,0.669644399680744,0.2594472258096805,1
0.3420191478980017,0.7531760506101324,0.1645332813159026,0.349276259108943,0.419101077926347,0
0.6966900858043431,0.35469237649886165,0.6929014367633825,0.3891379671023465,0.009931508905503428,0
0.6679624883717995,0.6165123741672727,0.32373257476138273,0.9863679470382914,0.9389690587994202,1
0.15050627959147922,0.4586590672568932,0.14748658611957477,0.8643013485998499,0.11360687607539299,0
0.0036768912392750597,0.45055896746608415,0.8325108279084196,0.12571720506469197,0.44932865082410267,0
0.979031988886423,0.42017610890005586,0.5460862277029782,0.16610102803217885,0.37755657148463484,1
0.5768364292018447,0.014371017890098758,0.8137793493553582,0.01619126872676957,0.8966549136263535,1
0.6489116772938383,0.45599748502711746,0.4103868108371569,0.35221122077245903,0.5424670161742656,1
0.1758138050051299,0.42838361392260704,0.1768951606210587,0.5948918101389492,0.5427628788044763,0
0.43749367173095965,0.28324836270580156,0.6203764895938451,0.9251355968854037,0.8569972671510656,1
0.6496245862277336,0.6162603715993221,0.4112796642160065,0.4964049290861463,0.7517267586575872,1
0.5812335819443363,0.03263553729437385,0.289904459206054,0.420640857606166,0.2228793708747644,0
0.4695742424618564,0.12444056086699418,0.9676161020528615,0.9140293185706967,0.4129347421824452,1
0.007605134990936513,0.37464380102005634,0.22393659880430106,0.28360442271537434,0.8796071608266371,0
0.41471652443186047,0.2415544390988167,0.9001872532744635,0.4145566600015358,0.015530064897588014,0
0.8200343902501868,0.5999456742217463,0.3350899381221141,0.9591605929448265,0.9928291248531615,1
0.6444343581297824,0.8285498995451702,0.8013316462333527,0.5778536157988193,0.12887046440982597,0
0.9041713723400603,0.5172770780208978,0.43740158700175213,0.09957792393881715,0.8011719742888977,1
0.8430307266277959,0.6273183816422921,0.2602301227848073,0.5529055085707691,0.9487003037512647,1
0.6288941261919754,0.5932881918031618,0.027818334237483366,0.7075759138440525,0.9205943940013638,1
0.13054801511328062,0.4537062617723878,0.6315017922043036,0.3581213517975447,0.23972188422473306,0
0.24525441770488476,0.7800289527110561,0.786048199073277,0.7703915853834131,0.6592576954644088,1
0.638386569803937,0.5793545757751095,0.1034192302147412,0.45912772362827525,0.5958944419226372,1
0.09277714101509316,0.49424505118000217,0.36139731789171037,0.8383158833382461,0.39080020860337994,0
0.9592171730524507,0.07631268508952826,0.6873364107303851,0.3752543694504612,0.31358493591511094,1
0.010140291628525921,0.17867707207550398,0.5672938498199984,0.6066548589975307,0.03145047364538256,0
0.6140049964188997,0.5464827716724169,0.15838826836458253,0.7416968290098087,0.9265831792473317,1
0.5117447209429813,0.15234601658811064,0.8668742579586106,0.11478845699557938,0.21695778540892607,0
0.939848103572281,0.267590532255668,0.48157487213043515,0.9532293609676498,0.3485533796853093,1
0.4958017053906767,0.5126565467293983,0.3999421516235776,0.19305423833499213,0.17295951543656318,0
0.3928259246266975,0.5836482554164024,0.7664488672284698,0.3115851295415544,0.7940995261507615,1
0.42373732176668777,0.7470792701220059,0.815892199566578,0.6229109623101287,0.6072956501174408,1
0.6326984675179548,0.06426625288578403,0.16724905289299552,0.033760010883937985,0.5113568101306531,0
0.6450979705928123,0.9651452491469545,0.3522533357017239,0.029939950366690393,0.17990423596680505,0
0.07264033120262736,0.6569546116267166,0.3719642843681549,0.7795145535055763,0.12230360515142225,0
0.4653766272028479,0.7952394211408588,0.898743973915642,0.5616405834722157,0.3855908832223285,1
0.27804846850235476,0.6079043741991449,0.88336012368967,0.8599126388977838,0.07482419590613532,0
0.3177832947179263,0.3201214089851857,0.1971232522253672,0.802725192114221,0.49865096842342493,0
0.17113972903363905,0.326874759727501,0.38285751816944713,0.576413817862188,0.28503691418346977,0
0.9116431434584547,0.2843658188809308,0.8416428638015206,0.4028107899204506,0.8958295250942334,1
0.0694541146598261,0.09511981777735212,0.8025132821133648,0.7232536695971956,0.2746735462336961,0
0.3131746612028673,0.6123206469943581,0.39332749171885706,0.6964569388625534,0.4545817411939548,0
0.3739060829408746,0.6179770015384526,0.02928818184148041,0.04783423859966196,0.010396027108538264,0
0.4356824623520765,0.17019145256293355,0.19115969333133032,0.9022764847597627,0.36887953293433495,0
0.8680148724652155,0.25968769105761746,0.7849440354338003,0.11080359703304898,0.9471448608062423,1
0.8124855263498162,0.2699120543797674,0.17033863011642103,0.13776332574675376,0.4606937625996874,0
0.8877984125178582,0.9658362634143015,0.41329391775208446,0.44677974036511214,0.12237330914857758,0
0.9763494527380288,0.32191136309984303,0.730864580591815,0.22583051839321377,0.2638120335802583,1
0.8728723320541997,0.6594807777340282,0.7352682788361867,0.2058912343901773,0.07801672872263488,0
0.2161354680966614,0.8185114442189054,0.18791742986176585,0.10453471795059843,0.2086614580005065,0
0.7604879583744806,0.3118254297115829,0.4540219653791885,0.15399892514800262,0.5045114092950558,1
0.9750646833511583,0.8678587870335434,0.5134640425668711,0.7800210595146186,0.18795347264885387,1
0.8698313800785115,0.6483829625104691,0.14728973404283907,0.8761962362168236,0.7450259932145414,1
0.02858624962151357,0.6618855039096281,0.4526409160491587,0.2655787253255113,0.9269277196400185,0
0.5021903919491799,0.5079268241952323,0.05315707207724896,0.2725888667239299,0.09781269765745393,0
0.2940058945823433,0.40269210321191773,0.5940491652185149,0.5295627534944425,0.49361622719927467,0
0.9589717172911971,0.21957976456871553,0.053137771003383794,0.03568795751952003,0.26617824464117834,0
0.6202207408809086,0.7158233180981829,0.3919080897635625,0.1013042719653866,0.7339243726735462,1
0.7857276514438948,0.3476331132419348,0.2879925497312348,0.5963133967517213,0.7338822707765316,1
0.4767583291164841,0.3053241882664258,0.9066677666301721,0.23861948527569,0.3151124990093893,0
0.14183365525486336,0.01273482789122593,0.4746006908112954,0.3340541498424623,0.17751505206801632,0
0.8530896679292163,0.5940051552067968,0.9695415308611851,0.5831588581279402,0.4883073409886549,1
0.5672667300704587,0.9904131016929341,0.8353590311727499,0.5252691842850035,0.1673047375305926,0
0.7361864621615212,0.45261635251836363,0.7348150041012543,0.9897931184300413,0.2573395122841635,1
0.35262637809763864,0.7101571510265683,0.8913724163013029,0.7745262955422477,0.8569561605537513,1
0.685784157509423,0.7282155427321815,0.020727277904006636,0.9786374375992934,0.8562655241806477,1
0.24436780495631838,0.7410124294147348,0.9732905881905594,0.3594199285381102,0.7443651191091089,1
0.9654530605221083,0.8771440358973421,0.678801525718841,0.8992213823824409,0.4492693467984472,1
0.6790663625958938,0.8879949028134023,0.3910262256052184,0.417294285783667,0.9939437082130248,1
0.3432744431061414,0.6123674297553394,0.4334596231232054,0.45502767389016163,0.9681530355850276,1
0.498927018994339,0.6855266999239555,0.46631747246476307,0.15022775175561132,0.966671468986435,1
0.2882599537418521,0.799785064866593,0.015592399640814825,0.04095309389624968,0.28301729876898674,0
0.43032282853316894,0.6602533149280403,0.0006417114280315994,0.25143346293061064,0.35021823554278975,0
0.7688853782471203,0.15503701533142666,0.08600346530375702,0.2706688951152879,0.9959142560739304,1
0.21885776543719082,0.4731777677903679,0.3546322379166521,0.8117090886719545,0.6370446487236084,0
0.2612609112277189,0.3020226552861839,0.31073580066339646,0.5639076116369386,0.6789232110674113,0
0.1995066646488044,0.13569075179332712,0.5542837694251773,0.3010622658207721,0.08559792710344594,0
0.37596594380144566,0.8759214791197504,0.4368928156498245,0.138609875191535,0.44190133135120113,0
0.46837887431825576,0.42766917099470314,0.42050566495542907,0.4102586244142352,0.027672938351022358,0
0.7558564554198502,0.6152085505936203,0.3023899852233535,0.24264565542580496,0.5122067956113155,1
0.2933431867773534,0.7553351733469019,0.3926593223656404,0.40294212602137947,0.005952845981775257,0
0.054346234237097835,0.054692754672280186,0.8298942892713361,0.6498799406517216,0.33348345454290274,0
0.331307596447424,0.06086476982714739,0.7404729394958726,0.6744129993827706,0.7393634223710848,1
0.7404241186922673,0.4953046525746788,0.22354358356485016,0.6756807613348076,0.8522556957213244,1
0.006450800639516419,0.48495514410483775,0.6877746969513585,0.11470886369900446,3.5711772904400974e-05,0
0.2042936541408823,0.4737424032737044,0.8327264525428749,0.4438158749842188,0.0556531617495748,0
0.8202709573129404,0.8417208034375927,0.5467192475517952,0.8216864586827163,0.6813204470212001,1
0.6361971648160955,0.18480785296623536,0.818550100509811,0.6574653628519318,0.17077549183007323,0
0.29003618873245285,0.6675355292858159,0.9590914144274875,0.49296413635715397,0.6676996594308416,1
0.4168964685014903,0.42483295610671135,0.027970658864246434,0.4570822799215204,0.5642090841340228,1
0.893220973440941,0.6198764625525428,0.04263179680785778,0.9070584353411709,0.962796525204953,1
0.9817536857598612,0.3577476628172276,0.8558395718114239,0.5032056213228414,0.3488340817581901,1
0.6559192475035989,0.3518670026655002,0.7192091089721602,0.33929107680530646,0.7151823331316105,1
0.3029298851153026,0.3939287295059122,0.9161600235054306,0.6451340055744696,0.37652273448225115,0
0.9274122454746083,0.7753979985334358,0.5254339073540718,0.12942196948653983,0.32407661221066186,1
0.40377385219611206,0.044929132085456236,0.8520311842328123,0.15917967432517044,0.09654044110522397,0
0.7599092813695562,0.9813283962886282,0.8085554832016547,0.7326470523745189,0.23661718596094694,1
0.755813874105511,0.420056156235753,0.06436990247612173,0.6119036246127176,0.1144737827585508,0
0.6065333011097762,0.8406793551851768,0.9235508454894068,0.3211592145834937,0.6987257260792674,1
0.19973442849306722,0.25249494233059144,0.43751485406494894,0.2860893325917164,0.20119274215514882,0
0.19229581271125595,0.5821079464572895,0.6291156631695652,0.6686582497969725,0.20353961015670885,0
0.4080273700378464,0.5465808426178332,0.07196511582070075,0.18530435623497665,0.7299771156738967,0
0.8324029088577238,0.5703700693516115,0.47373287007846143,0.3521060523128896,0.6184788636845033,1
0.42751174886130316,0.37611822690052465,0.07086761719847035,0.0781438062130837,0.7823873573336516,0
0.6014895851950199,0.33091979490624723,0.22402122483646714,0.9406175187967455,0.9222733291100599,1
0.8714733359058425,0.9681148177986517,0.07477712284344284,0.5753558743104219,0.85319521663904,1
0.05664819885746841,0.697517908303502,0.11087447094002745,0.4709787066051876,0.917391337342068,0
0.26088110506915485,0.33454124546071906,0.7647359152092931,0.13928862813288945,0.5470873476323662,0
0.878270179497663,0.23561720172729428,0.07291190181420792,0.9479975965906395,0.9043238655477889,1
0.9810560425427786,0.9499077827948345,0.5981476287490829,0.6124326506954698,0.0805934882724183,1
0.04174097704933,0.035600084786092556,0.5076042654011028,0.650336968528164,0.4315155631124421,0
0.021443262184012934,0.055356547432793723,0.7736132426695715,0.8113631695223918,0.5341858611117221,0
0.5524959600133698,0.05214041759911758,0.7656815154643938,0.6954405317100688,0.42971864865226883,1
0.8971467287514596,0.9825345568623489,0.36770867073378777,0.19364562886301895,0.43652483014813503,1
0.22712588617999463,0.7474756892961938,0.8883353382925319,0.7931808422224043,0.5680486116243877,1
0.8126218919223819,0.07661167574416539,0.1267158943307093,0.18059347780492885,0.043719428137882654,0
0.2924127215870934,0.6061238452629644,0.4787013654230745,0.12237635744057807,0.07680383381529055,0
0.7352186278508963,0.3569583140137804,0.9151008640137326,0.220287289049788,0.7131338589095988,1
0.6536438706830575,0.5268441877736038,0.2675352492843489,0.6977716873691914,0.5034454025654358,1
0.6218717805013634,0.27978384553228375,0.203554935098061,0.13713148863185454,0.9759384059980135,1
0.372389985061517,0.816379709451944,0.1419612320949708,0.977909700834045,0.6983419391533539,1
0.49890749034527837,0.03375618361159094,0.27796733072579016,0.3841766588420632,0.8271788505099451,1
0.4953574986670052,0.8627728103294088,0.3846632498802225,0.04441555011606546,0.20573012068366237,0
0.30514807277400857,0.5415491667613112,0.34780453843790204,0.025992102250859128,0.6087392922824477,0
0.8102436866858479,0.5909586266915808,0.7572522165428485,0.34094438497562907,0.8292394550258705,1
0.7354144882589632,0.05711859321144741,0.10921020473013932,0.38811056280488954,0.7212970251774243,1
0.46350253689166165,0.5726025530637815,0.5683030543402757,0.5189128611989372,0.16254886955250059,0
0.13187271287823166,0.01518341362997977,0.7995889237716699,0.9509672319471301,0.08553686737124688,0
0.3946012037888631,0.6155472492744765,0.36169486693104613,0.6592299435325956,0.782426287628942,1
0.5684410755394136,0.3209893914759143,0.2645175445645501,0.17878439608073737,0.46272426856507864,0
0.48020790992485796,0.8443253305301697,0.21784249997594118,0.058584835973160776,0.9388342580165482,1
0.06404348790973058,0.17980390979354788,0.7659768297280051,0.27614434256807563,0.8690553716937373,1
0.6179493044017117,0.04957967424893717,0.1144465629354181,0.03850177812766642,0.6844413839781223,0
0.7173576968010695,0.06081286781805595,0.7145495637653108,0.2590547500199253,0.2574450747379524,0
0.7183192971701403,0.6005788388453189,0.34972965053590743,0.07747914274735701,0.4438126840679538,0
0.3713593619252581,0.8226929432229418,0.4159696703507987,0.6418870272224793,0.8758531382909744,1
0.3349857850007625,0.4081375516756789,0.6519782124066025,0.4706850345617498,0.9735012001846957,1
0.9303085144613925,0.9118726595582621,0.025535286264360635,0.6090381459256979,0.8080342137299907,1
0.5814864986601489,0.34405274644449224,0.2148687197181559,0.8307267694375384,0.032599528558994284,0
0.07844497230037561,0.07731144099403287,0.9355178698325114,0.22458100740166287,0.5034958869055879,0
0.7330456608626422,0.8475950798279017,0.5277563989028747,0.05143150394485896,0.4723291595220398,1
0.836008940452663,0.29306530886195237,0.2440289953998066,0.24307334273312942,0.7676434142699446,1
0.1154169193884218,0.24104647669946755,0.7327983301699798,0.8802267790580228,0.36188115983970515,0
0.6533299273562022,0.605218583571537,0.448968021469594,0.41885022990229204,0.5693422543095134,1
0.7764482714926133,0.40761743988175037,0.5847553362392086,0.13814015392620604,0.2602789535809751,0
0.4210225902872229,0.9832477506130827,0.5760117508038896,0.6326297661769482,0.772644975767316,1
0.12078884555865521,0.2633761224561151,0.554578778977557,0.9301251655061562,0.7428539924397719,1
0.6900465649883123,0.9899334838465952,0.13237775500787108,0.866879988680107,0.9186230032750526,1
0.5569407808887579,0.7119835115476838,0.11902964366084545,0.8974263207965759,0.8983538920927083,1
0.04523769821042223,0.7387484231645145,0.35495763234733824,0.44889534198250036,0.4088747250350713,0
0.4771060474225408,0.13460553983929102,0.18345077875038573,0.765955713313506,0.916341847331122,1
0.5935532867390534,0.3698739087127677,0.649404760103875,0.3793745809826021,0.4385870410257746,1
0.096898602189597,0.2973485327757408,0.34111721104598003,0.5641313382810178,0.8973016256480935,1
0.3228000729089062,0.3185783010520057,0.17841581220562508,0.1431965607548834,0.8139871801812399,0
0.5191349705923812,0.575137822922943,0.6154774972376778,0.0994665350567222,0.28479095671767396,0
0.8853491631844697,0.288478821063078,0.9176930655496494,0.9888055742246671,0.7534688048520642,1
0.20684311205270467,0.838789995824532,0.7548647386495204,0.027350124704774714,0.902541302440651,1
0.006665106776102547,0.8325044946551189,0.025777305435691455,0.2031409388917499,0.9418059583595377,0
0.8310378153163893,0.2949415811746954,0.109614876778803,0.7063221999942039,0.8447441244120939,1
0.8645027513564976,0.9930772504095225,0.7316337426656154,0.1164626402291623,0.3537211627039394,1
0.3271157157177268,0.5070601726721016,0.276108029883087,0.6306239421332012,0.5128441130524983,0
0.9247299808141354,0.4333776243063717,0.9323680006347871,0.7941973993278801,0.3175271987199684,1
0.035636186221111865,0.6344971554524083,0.007970588251305588,0.1368746726687503,0.3762090569147081,0
0.15143310639640062,0.813868851863629,0.7335606850439786,0.28259967365705907,0.19857296820560633,0
0.7494459764226457,0.0031977104717402227,0.06726126738407567,0.5577371613026946,0.20854697160415725,0
0.38029022984971383,0.5838989558422251,0.6377146270029528,0.4842330629412914,0.6569409665043295,1
0.29211591681820004,0.48505995042787464,0.7967461767049692,0.3922100558716215,0.35712787168780946,0
0.8808951891721665,0.7549611014421032,0.2872713537483962,0.9693621430335411,0.325397046263488,1
0.3189059545145396,0.11353629341407545,0.6969685807681777,0.7048188010458488,0.7736817813081401,1
0.41200291877405293,0.23486004046322806,0.290930235891967,0.5074874029688996,0.8898106131776299,1
0.26160525288424674,0.3176183582188865,0.39137839383654693,0.4419515462607091,0.398679511701311,0
0.3398415568192764,0.8185245845141152,0.3085106495591725,0.40981154308699097,0.5725056966813056,0
0.9478777942676524,0.6133039713706925,0.3296841765136669,0.6049612055701562,0.01991991661696546,0
0.7047305206454402,0.9122285645656334,0.766842050597168,0.5528941904266534,0.6549315828771531,1
0.15699291108659685,0.535698811676549,0.8597228357033468,0.2293344683214089,0.8012853947386456,1
0.7333343494586925,0.9400137961927122,0.036074972491576984,0.020028373264683763,0.9403551930677546,1
0.15694550635732496,0.30146643537465,0.2300052391853593,0.7724116346841308,0.24730873878134796,0
0.6552759587820689,0.1311931894592634,0.7405257364855828,0.26999866114544635,0.08491662946736123,0
0.41538002357001735,0.014741783906906614,0.8302515189476158,0.6048718610329521,0.15184755694535867,0
0.6056915809162189,0.31218970406630453,0.32372673172617483,0.5123556311688077,0.023431951568677833,0
0.6560507087126461,0.4714003531380051,0.29123865387987025,0.09306239502320401,0.9668863296980463,1
0.5332039036347977,0.24461403774029267,0.017212532409682457,0.49703489040998705,0.39364518189025954,0
0.22406086011141146,0.9751905949778249,0.3973486182928516,0.23211554770980236,0.3698216265202039,0
0.8096807869517343,0.9758174276622723,0.09538903505269747,0.16925571268559847,0.8648277144290005,1
0.6164884704207658,0.4735146576419894,0.7230324137184769,0.5666392055197179,0.2324297581533562,0
0.33786848064007924,0.15061197457097253,0.3214429817274034,0.5653123602176464,0.4065342833953195,1
0.7946957907730854,0.5455887354896625,0.3130161759218222,0.6520086246411453,0.3218379576606454,1
0.9927553589125672,0.08143430889569514,0.10504387636260704,0.6992555638961825,0.37568605040969305,1
0.1661969736022324,0.4376012598704484,0.9719162740831419,0.039061947803965436,0.4241822249828616,0
0.7489934330747652,0.5470850498836289,0.39940565831406805,0.29675102321493085,0.43547940251040684,1
0.5224801027952591,0.61510048724372,0.3716318127796827,0.6502207157458787,0.14151759661880714,0
0.7144748000148929,0.5193797842004729,0.25123936289630855,0.4628801659540618,0.9362024987502184,1
0.1353392464238271,0.5243784540525185,0.8294080158611418,0.009821186346471444,0.41630294307489524,0
0.3118405096342014,0.1876744270270141,0.6940451718408454,0.537731494446051,0.3310351304316116,0
0.3504527929152811,0.5591560891519723,0.22602951038597108,0.6288217530707231,0.9278794988441517,1
0.5844683850506179,0.305750320607981,0.6245009360238077,0.4032683591120535,0.254749384232702,0
0.15242180304956643,0.730658078316163,0.2799855334932003,0.262937617031185,0.10232212488877834,0
0.3301601899836637,0.7719786826774494,0.592169974779898,0.27723750447227713,0.8072995821927899,1
0.16809938850008532,0.783364916084938,0.9890872256192822,0.09133826888760255,0.8033538283029473,1
0.3233378758861677,0.8959533420938407,0.052189187235943346,0.5117052630129038,0.43968902100179885,0
0.1172964963374502,0.5601451351735491,0.3773095516407461,0.3855298586655005,0.4744780015572282,0
0.8832856089277639,0.8421912209235084,0.9553601232626758,0.9454899328482886,0.8336049339006599,1
0.49009350460097,0.7889650557230341,0.6853675851243719,0.5579050846380154,0.4354133729047486,1
0.4660758806075511,0.6700390975623693,0.7284915031796539,0.21377996069918714,0.5597940227113278,1
0.17900560001427257,0.7476284950631739,0.010672421722382919,0.4420805674865199,0.5260025947905228,1
0.368867426483386,0.25376032667453097,0.9215639532580562,0.6067744141297625,0.03352819120301387,0
0.6954990752359068,0.2530379539294081,0.625270411798559,0.9711406944109567,0.8233257087351865,1
0.6322400827294641,0.4903004852963311,0.47344841621768463,0.8749368313517308,0.7505863498567591,1
0.8942651354768161,0.15319175053864398,0.7361961690851127,0.8709132213215761,0.1316482058377908,1
0.637478155721656,0.06232547249076181,0.09747546060301582,0.5440834855845433,0.9834034282906046,1
0.8372735282182017,0.8482300259148067,0.3164802856574689,0.7093089533538635,0.9057247488667836,1
0.9405451615489672,0.4031730846790874,0.8377166738191429,0.6696411748340979,0.06495490068897547,1
0.08396870026428416,0.4433988708593579,0.2755254552403764,0.19868340111312788,0.5054658309314513,0
0.003224382632706413,0.27376313925206197,0.3506847777792407,0.3414524902869185,0.5681732657261611,0
0.11626169024416122,0.09056171910838007,0.7295503771783236,0.185658889394263,0.5911485301451752,0
0.2175258520092488,0.3745295588698171,0.08127493319808232,0.7242767657580772,0.24673211803870132,0
0.19108605941689327,0.7558325435080414,0.13273481510942475,0.053335304404127926,0.7059139630725723,0
0.22596038010176467,0.18824529106020493,0.8835685789527344,0.17711208745299434,0.2949323449980772,0
0.5786961642176895,0.34885919669546583,0.6418259108293259,0.4496731447391217,0.6310264072346677,1
0.3856806915678398,0.5379487839990206,0.2106627970468672,0.7021874668736263,0.34692153070873,0
0.6996538264191929,0.5037652518720269,0.8298576827580614,0.7942950298558928,0.09075750047916509,0
0.031448050751681444,0.1152981856244043,0.6583321812086825,0.18642551060922308,0.1398152818325673,0
0.5883907817399121,0.03384978564360763,0.7012882836506736,0.629472079566748,0.8693291015999322,0
0.6478813134355833,0.10020768781834477,0.9131488230675796,0.3062756297196868,0.4668412323801078,1
0.45644567604046127,0.5759652010686579,0.4349684769731377,0.3993334805486505,0.8340964111953133,1
0.6785558417525374,0.30017329782343627,0.9707656720950419,0.8774327131681371,0.7631729910876932,1
0.7740724479359461,0.9539819402805566,0.4007501273831431,0.028555170923664885,0.5122043502806479,1
0.9428463319248367,0.19846214317898359,0.9724277523755153,0.7518500919606477,0.12989082681690467,1
0.3092735394303756,0.7658231119920383,0.8014896239794973,0.4587135195433636,0.16534208104452286,1
0.30128233363871837,0.08037527043069637,0.2361835826766654,0.20332198170236404,0.09016689452629079,0
0.37425781045067885,0.47734408944345863,0.3447118632488956,0.4708006944494625,0.6867864384803719,1
0.8313469921312032,0.7062241006101817,0.7630561733018587,0.09582486292402381,0.12850239365068594,0
0.8980212903260781,0.8197910761442005,0.7303721075704976,0.42459243980749595,0.3938503603198764,1
0.5864289553977271,0.22169404391637537,0.6085223345321419,0.7678439262148558,0.36913256617099366,1
0.7516844600303527,0.9145860007201853,0.6455772685265054,0.1380799002941674,0.18797054919785194,0
0.654044934957293,0.4257113199736742,0.2849641241959636,0.3868155157213876,0.821275014286131,0
0.1635428771243701,0.6823397764366013,0.8342324950280081,0.46492270235887867,0.08264047165428745,0
0.8035502568402559,0.012224489159016083,0.3190257782395147,0.574682209692675,0.38399028544350444,1
0.4017033906464059,0.7713596601375288,0.30295451302067333,0.2586490492676571,0.6341171794828654,0
0.37282531545313835,0.47354728513973554,0.3350635084820419,0.5350241658968496,0.36486178719753126,0
0.3834718232625297,0.6747189095617019,0.15038722013649886,0.3371156897261829,0.9341770761278623,1
0.7276287665382414,0.4549893620229366,0.04854359824033949,0.28171395540121524,0.12155144563240339,0
0.6863876385189326,0.2523268045909891,0.3374617448076328,0.2961444539340864,0.8191693426931674,1
0.0175189930704992,0.3246325500136863,0.6359826999576023,0.5957789056873566,0.3572444821290993,1
0.08404685955483615,0.09457257483940285,0.7267874043035828,0.6329200230050853,0.43110054651436713,0
0.24410070418398921,0.8255714096395707,0.8349179024418169,0.7326877774334374,0.5235587475379427,1
0.14675044722373398,0.9768433326766655,0.6378144831394886,0.8820368878627025,0.3819129952239414,0
0.7492669992296842,0.42252990902021215,0.022383475183921586,0.9503588806596922,0.25685800404544135,0
0.4334352833417061,0.11642543072733869,0.1916436372018987,0.26097574826269154,0.3032014192311575,0
0.7989540997805537,0.3742363868157268,0.4729184002817367,0.7607190455159415,0.43694563414742604,1
0.6714396405647857,0.6046225681801932,0.9097464098130197,0.6782082489498891,0.27267940346189623,1
0.12976694311774262,0.2670532797458859,0.5990794508923457,0.9758976223681618,0.31815939469000465,0
0.06372245856662295,0.2878313118827638,0.7120336041548561,0.8269749765146087,0.5879141645190475,0
0.9298726957861865,0.01256722467355964,0.34059597789975105,0.34636631475857416,0.4443830635531144,1
0.6977253643424317,0.6729859515284095,0.2556925967554615,0.032266509985167446,0.8522916776784754,1
0.34529919239202134,0.20755120179065234,0.9848686049103121,0.36919145512605256,0.2918230425630325,0
0.6248626976082987,0.16673430520493637,0.351626378036234,0.431530791635759,0.9958258402715635,0
0.4907568766897934,0.2347185639685715,0.9211762811064177,0.13169738932273412,0.6071217428804866,1
0.9921309062140641,0.5707450158100499,0.1786224384970463,0.15911751811857988,0.7775246797828578,1
0.7512809203397676,0.4181799955700256,0.5992485380089262,0.31940349765494214,0.36317468159106114,1
0.7617531317190264,0.31777509676147,0.5356270487048357,0.3921733664356113,0.8590565875468102,1
0.44945592550164304,0.9239105572800479,0.17762662768404447,0.28840781005723304,0.5326657059033684,0
0.9072808854156962,0.38335342392442984,0.6531042413271956,0.9742473916580496,0.4102938040262084,1
0.6199202947568986,0.9989098838009373,0.5995681700899057,0.7321479947028701,0.945489019325626,1
0.4719135439720977,0.09096644037847279,0.3702959121966325,0.7429653748969925,0.8835124804815639,1
0.8503090136737135,0.16137927366620963,0.36906432154074387,0.8746501970240125,0.17521099352962433,1
0.2929819156588078,0.8944456579602491,0.20700727088453053,0.4611795876860091,0.24504697087162053,0
0.9728052874014245,0.5002149391277079,0.11115729662542762,0.6040067958673495,0.3312592347866703,1
0.9624740263062884,0.00688331386900376,0.03232256831246305,0.6768723756547771,0.8670627140981518,1
0.4170896109757931,0.26002924802420313,0.715976577530365,0.12098197427239155,0.7765965283436843,1
0.4808075638693111,0.7260317508860399,0.2929630712543606,0.39839673659434716,0.8223157579090485,1
0.5115596996938302,0.6496298047903613,0.42858853777813555,0.12405684667544814,0.14598373954795585,0
0.11178373338277792,0.1689534661655463,0.41289305431050805,0.3398346240963793,0.9129745903839817,0
0.6420355714389387,0.07406955553771566,0.8991953112861728,0.4915769305266624,0.24472844419613904,1
0.7873739484725606,0.6995616723442208,0.5682311898119671,0.5944281297605085,0.7613227377833499,1
0.3708511185909765,0.3627242350116605,0.29121829797821286,0.94479191091535,0.15830244546860395,0
0.29487961645753147,0.7437331661969322,0.6950825164359292,0.14652614003009656,0.29233287914952355,0
0.21166204350613327,0.3029565673199546,0.5842347742026054,0.2594211724710598,0.7211393677338328,0
0.618459991365701,0.1704101262420662,0.34421354266890525,0.15587685694646403,0.8526104725978917,1
0.4852457839874662,0.1691208770184387,0.5252368709597921,0.17538735631107105,0.8971336065223244,0
0.3093082845690046,0.22430998943812042,0.27831554866314845,0.7780143598374859,0.78927424639159,1
0.9127025055783732,0.9063020274952112,0.8399771358538909,0.8457459346867835,0.7830874382532046,1
0.6642440857949892,0.39849122335316256,0.09884002023956373,0.3295150809542574,0.06719772719944683,0
0.8726156136352367,0.9704372197234467,0.05597479974204933,0.5667021611552595,0.24797194633403596,0
0.6508072157019571,0.24508705160275046,0.6896374502582872,0.45606605095737185,0.040232792343031454,0
0.19001416663331716,0.8306923800518128,0.06366893579170818,0.9031335870366464,0.5225577004459564,0
0.5812704375183754,0.46427129282258617,0.5369336447241955,0.7814125869503825,0.3188583388180741,0
0.08338620868351909,0.1973962418725781,0.5423688336415281,0.21499394326130872,0.48723066821665284,0
0.11152390182004457,0.8865174833136932,0.7773958641486417,0.1947987645040269,0.8057658645133119,0
0.7545602500972812,0.601354146530801,0.49260513954705143,0.17653187609195253,0.507292982066271,1
0.8672609666898103,0.24902200207965286,0.2752883484798859,0.5612643175055256,0.30880401749850594,1
0.48758044098703024,0.31920754830067744,0.9743543901260787,0.4705063290580207,0.1631308732837078,0
0.9252953370066723,0.44319833325171254,0.6378829753917376,0.5385900946152037,0.18265567119118198,1
0.5017796703084098,0.3200158608438113,0.5303995197406086,0.10291711751182608,0.30006141906642536,0
0.15638772541213075,0.7663973822909592,0.7858111275119877,0.8523572844113645,0.6101232294931318,1
0.6534906297566715,0.7887486324974087,0.779754912305387,0.26938318631592084,0.9328435455475406,1
0.14498652745956464,0.33372216468088056,0.3539335714968389,0.7452139356385666,0.44970787546051205,0
0.7622227440773495,0.40408110659798546,0.968679952686934,0.35361195836806825,0.8053707565362027,1
0.7043389097021006,0.20860904203396002,0.7166726980800131,0.2947968902628998,0.37347518670319757,1
0.5599722619281482,0.19945214537884748,0.21497985435691347,0.5029434221990641,0.8564034422782288,1
0.4796826984099608,0.7212639793227632,0.4698717590573829,0.9711331721149989,0.04599995003065416,0
0.48704134859030035,0.2801426126579135,0.6067048429408249,0.3750189621695639,0.10143991601552482,0
0.9236060923653493,0.11103079074502631,0.1342847338382135,0.7498262083082553,0.32454551739378834,1
0.15041957490003344,0.298855629370273,0.1999943074720828,0.08800515859023628,0.2452266687739052,0
0.5310274795987456,0.2914193845508257,0.02185180887928273,0.7721007151149651,0.06800390683654933,0
0.8534333285780966,0.90510349551367,0.4458403717523306,0.8845852182419063,0.18414002896299309,1
0.6776688022273679,0.7040603105651275,0.2553577766091889,0.747650280093262,0.023138308080061787,0
0.4863575309373215,0.04803108298535974,0.5283973817548628,0.9129822029891839,0.5122616691401181,0
0.5042115589460796,0.798278244786486,0.7901375035852893,0.4920094704825164,0.574815469486658,1
0.974227536903997,0.7805882104660192,0.5317624372111552,0.7985909768454756,0.8462993417045916,1
0.99294972561961,0.7519073491773274,0.7671152851280059,0.4309467287194413,0.2768649121054646,1
0.650443697947483,0.07302578674013771,0.6478398634137493,0.33980971913074753,0.5277139677190252,1
0.021483528624967163,0.5747378415898515,0.006353956637455083,0.8282226427640579,0.01887165016336667,0
0.22288998651785008,0.6745383126123162,0.32661927888068754,0.4577533204377643,0.6654018700147535,0
0.8803117403008376,0.8672431228820687,0.15260478249823572,0.7729920010885879,0.20614417127133655,1
0.8446983176429017,0.7794632176110412,0.5400762509444326,0.9546605949794268,0.3274610479962531,1
0.3029295069224306,0.42428363852950646,0.2710779401136848,0.9363022664180268,0.21723580935854714,0
0.43964094015292887,0.8341572429836817,0.37511394191849146,0.4439524625802992,0.7439423788650937,1
0.39917820095000955,0.2056322676761726,0.3805048882232397,0.8144994163859585,0.09285181737872794,0
0.12170375259878474,0.756606356871411,0.12035832509916844,0.48910842642666397,0.6048484098791357,0
0.9851521036832852,0.7997912131764753,0.35985847918673564,0.25528453669499795,0.11199235875082636,0
0.400308347952133,0.8574930734937342,0.3546810996561679,0.9457317837326357,0.8365346347190856,1
0.999706564107641,0.08445147164488309,0.6435819552106367,0.3896862110193209,0.47136145841963606,1
0.323270932177972,0.14073581879895036,0.2489981217485545,0.564579248497441,0.1279483029143662,0
0.061181460292670686,0.8023802728192925,0.8663450609136314,0.660952190258239,0.3717040391084181,0
0.936291586746273,0.9653001885964013,0.7419666708217381,0.8103196745266602,0.1816146922489107,1
0.4975553915208346,0.3060648173366062,0.6253124875812539,0.908980852674134,0.26518134491081213,0
0.8888204505331987,0.034222772232821774,0.8720281954433083,0.9135769337985985,0.046499450053832825,1
0.15817257836546927,0.01493846139808297,0.8971886949442303,0.0921238990119313,0.9881915082508752,1
0.8561404265325024,0.5367272007496344,0.13440539581265798,0.6032710955249154,0.6368552371913315,1
0.1281986111616824,0.656374272256986,0.365582726574729,0.6136095722647901,0.7163152925401798,0
0.19628709648425113,0.2193111294115635,0.12980761234050597,0.9422891299619938,0.22555184110410453,0
0.8869179235027325,0.10522820986642534,0.22622340359293447,0.18462675608717105,0.6593693591736863,1
0.5199169257052567,0.5771671085629084,0.8835828398669203,0.7598936177755305,0.13170709705311068,0
0.9346244100537033,0.034225312977551936,0.9060145303589954,0.3850300135603564,0.048018431620261426,1
0.034114039207839064,0.7947722169595162,0.16188520488711888,0.32253237822437664,0.5720867326913504,0
0.816989488682,0.5772014812056485,0.4521041139416305,0.2148361910372495,0.6213125606090175,1
0.7685110532826998,0.923885631094503,0.33725459126148893,0.892526844041939,0.2552844236864372,1
0.6632480703033761,0.6680126850024937,0.3423750233893791,0.5190729220424841,0.06311777071620717,0
0.1262281693114602,0.22712505590236098,0.4574334385251846,0.11113696634976367,0.550464769547398,0
0.4361641075707863,0.9843116994168507,0.08296724383750964,0.8669674915945512,0.5047237216130821,0
0.1948779831953974,0.8400128161949989,0.2218570916050029,0.01671923845020762,0.7334123234793231,0
0.8599261979055519,0.5250452238842488,0.800259989002021,0.36265615030718745,0.23042354504536644,1
0.10013807326850965,0.1656355160095344,0.6343126211981536,0.6181842627097479,0.843238792796797,1
0.6096655534507016,0.8582951963111469,0.2784213799902213,0.9590567646112023,0.9488991081779662,1
0.8937444945912497,0.46800414712668414,0.13611987770756806,0.9381433300673455,0.00035361256353916293,0
0.9230521524955368,0.6131172671465942,0.9592757528037935,0.05922222700096336,0.4103755290828889,1
0.8069882763658097,0.9509106127794582,0.2424630626383294,0.786312849517487,0.646084624670515,1
0.07053163816262076,0.963357343890146,0.27621787146061905,0.8926385000455419,0.12347142194195804,0
0.4433813552737864,0.6722380688449017,0.7605845952590513,0.010769036686097078,0.11729201317295634,0
0.47110933238402875,0.6604214343299865,0.29882221536517417,0.12486449287280044,0.7429117307814634,1
0.9105061644316227,0.3413771903159877,0.27210278771436136,0.987959407575217,0.38150171069784045,1
0.584978574279368,0.8762423225474407,0.6914369230382601,0.7944556138463624,0.7584595329396943,1
0.6033160683492901,0.5990469818196078,0.362549381265734,0.8693612877276943,0.6649106107244774,1
0.6380599074452377,0.8651672435547827,0.28020356478039166,0.7240523676011162,0.2758656360561501,0
0.8362962473276933,0.9830866110076106,0.08309336016272084,0.10113098258596365,0.8059914893325325,1
0.665628487361626,0.10396545378344157,0.7809219272901179,0.708529088555738,0.5606707603234098,1
0.9252430920865911,0.38258722455874994,0.6016623087808316,0.5903430345520797,0.7935999679764939,1
0.7640306743876212,0.3607008276888881,0.6726093941130138,0.903789606718762,0.42182932656469596,1
0.7881363514084002,0.852233033334784,0.5733449225381856,0.5227653908526616,0.9401970013878698,1
0.6690683656042912,0.025640571236904885,0.5669299973602421,0.024144423235366252,0.9459497580599951,1
0.7290573675678906,0.8494300834159899,0.2535142254724273,0.818368432544259,0.34404972458167704,1
0.04779911283040339,0.45820457264113734,0.9909756901473352,0.2631736976549859,0.7936410245343455,1
0.32188115075755686,0.4013208728530939,0.34853914216882154,0.8154694525305778,0.844719845800373,1
0.7398593262222086,0.8362356496297093,0.2275709235409955,0.8286831103700039,0.10129816766210875,0
0.4971926930507645,0.18619214562002173,0.38269638420752516,0.2646803919671177,0.7073960861969041,1
0.7547708463610512,0.9593083349506795,0.32275977742617823,0.11148060254595982,0.5818468355426757,1
0.7567705777281616,0.538254359199912,0.3979712323730511,0.6956360867316674,0.19861961225691194,0
0.40463708976066715,0.26337004561547517,0.7158881004166897,0.5328277524843785,0.39675673941546885,0
0.8145730858777794,0.8874511033183875,0.2939122588442268,0.5701067818011736,0.08221160116669746,0
0.5479872163758561,0.667521327679435,0.2737882958826362,0.49449292737594686,0.8332479647925428,1
0.6478950516248145,0.21596809584928078,0.012418354278751709,0.24368020120703038,0.020773953628028474,0
0.5512261539576395,0.5680857017058067,0.4123235656772407,0.8479047754300488,0.5808956131310524,1
0.7467927803210338,0.7067459285020629,0.9819161919055053,0.8034260854253569,0.26355734043802836,1
0.32015472308076254,0.3570741718786987,0.9580910928040672,0.13449280203627456,0.8599446999091497,1
0.12876467478738274,0.9810110249927598,0.7842186092250363,0.507453834327712,0.47573770981550145,0
0.7201062466825752,0.7175645359020268,0.6449659614003673,0.5540728257676775,0.9850770847794696,1
0.6188059407313984,0.49713294648425965,0.4361842503000628,0.953164011208628,0.17134118096616247,0
0.34760310110916526,0.8675771482758895,0.14788012254071847,0.6820070099414309,0.06541275944362757,0
0.7277605014113856,0.7136121883819886,0.4908098163517566,0.7042178196040182,0.9427481527131556,1
0.5383957005829063,0.6746676214386602,0.3305332454485025,0.5698573648811603,0.8759686984714488,1
0.681321729621831,0.3144585927034472,0.0067753417111077185,0.6095944348944047,0.7121137138788872,1
0.6138504599305148,0.5297719792553144,0.7303803426117242,0.7325563370780569,0.24879953250126496,1
0.18123809270178937,0.6494070137204689,0.4949750507523649,0.1195000956340887,0.08910572598994837,0
0.3874511406191732,0.4075741870797478,0.6964150553525057,0.13850950335909085,0.34329533713303206,0
0.8790645320118526,0.49968182363163294,0.18456638053436247,0.40142775476431314,0.22664020472169422,0
0.7518153868170669,0.5238672737610923,0.020400761658707633,0.6061594267256624,0.9820101228142409,1
0.9635997562492543,0.5291209668858236,0.00466102605208496,0.3847535200883737,0.027653558552549473,0
0.9557117013066482,0.18848209557296147,0.6208723969623547,0.18178670507083827,0.21837385725806924,1
0.599718305276098,0.5739850117037317,0.8914367663912295,0.706367566033997,0.8796719444690914,1
0.030341667101402625,0.03877428125808413,0.5375898472088093,0.9580313696984013,0.9407040113231768,1
0.34905402126187124,0.18041675977488103,0.5184888479663826,0.9002306021729228,0.497651049443779,0
0.9378182623883119,0.9286064703649878,0.5479804339391747,0.38884584444807946,0.4479355807901255,1
0.3656935106320781,0.23945135593702682,0.8175855017510664,0.1883401855383363,0.4042846936105965,0
0.8109073627263409,0.9096680630718172,0.7076374348596597,0.8390622034008295,0.0987803701145511,1
0.5273374882563702,0.5750867925748668,0.5319256821399392,0.3941849154004713,0.5463811207055934,1
0.19804151574491813,0.9442472802574878,0.42631919983206745,0.4351388244112353,0.08238888897348451,1
0.6096632360578228,0.3058975823045864,0.9922873585399982,0.7707407719432855,0.7708427360955804,1
0.9467798552601597,0.3071198306388596,0.5874698590327156,0.9002763448005535,0.5427870316308644,1
0.04720754896676682,0.3029459222026273,0.18823901080910566,0.9641871119869029,0.05243525522758152,0
0.523984438547647,0.1782901175971745,0.3708239248479409,0.6991831142062,0.9106621013171461,1
0.7124105790280589,0.0729634815010024,0.20360823344644308,0.2067369414206246,0.6404211417810398,0
0.6893895202601776,0.9243122360888248,0.004738784614173985,0.240387385037498,0.8136377477291598,1
0.8265722112981365,0.37178377745735414,0.8377873107936884,0.04475678619689483,0.1416694193985435,0
0.4228406003147044,0.5705397330982418,0.8637433789826021,0.6261904113720301,0.20487628087604626,0
0.6902812571095481,0.41588736939098625,0.4136398537243289,0.2780866834717559,0.9010758041552939,1
0.6265370971897478,0.39546847374587757,0.6960017663771406,0.44912820405429776,0.6629630304090631,1
0.9022171407281611,0.4885368054099404,0.18335856152280938,0.3273785648298765,0.9435031245655785,1
0.3982045373678712,0.5362600854518932,0.28470482569566435,0.5701083336882232,0.1084920522644317,0
0.9502090743668605,0.5547499868754617,0.49796721488824613,0.1271150299774524,0.9955584633029638,1
0.8330947338645447,0.18447832825487864,0.762541411024457,0.8064091136112836,0.24175184544882644,1
0.59700147635584,0.04105190681574311,0.9336155914039856,0.7667901812084585,0.1889694241326243,1
0.9485894154959211,0.3413474921843972,0.9504143986910742,0.9218397749627307,0.35011721746649904,1
0.1530975173921979,0.29180559892650393,0.06364938039508161,0.18396316190968176,0.19433909159815776,0
0.0693828824417464,0.24577612133070859,0.5285566023573766,0.556853131660059,0.14336345007362472,0
0.409924168274159,0.534273766111298,0.6185862252152149,0.16991524192749974,0.9328005635861774,1
0.23366196457968358,0.3812133893625509,0.5627116565288419,0.8137060656214301,0.7686954331916181,1
0.5636387582539211,0.07392401262963821,0.6488626288175463,0.9108114576073604,0.9372109366319468,1
0.44967120818973383,0.7480694073264974,0.6828811726761038,0.6126085016879611,0.3451462535569898,0
0.15313791822063316,0.5364546766835772,0.3601351471531379,0.144407401136037,0.6370932141764353,0
0.8819374901079882,0.3680780957639632,0.020937125621263486,0.8054504789401417,0.14398377420421604,0
0.22698561092830716,0.40223094914126556,0.8401353480406099,0.35294137305096474,0.9418810934259918,1
0.44389288836996355,0.388442855056503,0.3635602618590096,0.3260109846694277,0.3988830606126388,0
0.1909650755553438,0.19460193774107837,0.8736061359145253,0.6593259780416323,0.6188762513057507,1
0.40820808987927903,0.6440000482417567,0.213513682729226,0.14133148990744682,0.1086501817615978,0
0.7745776613809982,0.6235960901686388,0.0508857086256872,0.21717813862624125,0.551693073585068,1
0.18031523334383426,0.4429803417908802,0.6939696088914072,0.3859706712319918,0.6669935373391269,0
0.15585568279950424,0.4018764836718822,0.7818589121165633,0.19780974947425167,0.41128973153599113,0
0.9312524682781471,0.316214603262827,0.9330202174439476,0.6123248974277683,0.7353176223344029,1
0.08575005845327721,0.008668682874528932,0.8622492691089492,0.052752705898200136,0.8526009253408534,0
0.15060293643144207,0.21301185568840675,0.8406785135419896,0.3629400627555823,0.9092456051371993,1
0.7036032168210893,0.28974104898602127,0.10149948896717964,0.5618875560150474,0.9008170580905774,1
0.6182888925796739,0.15828042150783583,0.5523212077370471,0.4695676766325727,0.9833030200096563,1
0.6638690899714963,0.14664629034090648,0.4449038885315427,0.7556735131098207,0.13559874057942478,0
0.019954119519705826,0.6881214975399751,0.8179517042814509,0.930942181057755,0.5848912043266762,0
0.9466040780526528,0.5667830060707689,0.8856038625521707,0.9878152987734266,0.886490705385567,1
0.3936157518384159,0.1494859986824677,0.9928968022393351,0.7909675386578917,0.6689038663888858,1
0.9487617744995449,0.0830726947986472,0.6028125582901456,0.7993176690842948,0.015955534740255684,1
0.8512528259509486,0.19202314699756196,0.2802458404156296,0.520431607248484,0.9159250559169377,1
0.238803928349278,0.3066361193590863,0.44893106815333605,0.4329496721738415,0.04045573825267357,0
0.08024418602078298,0.5512741135908201,0.13064985626965775,0.9782486626993503,0.624169655223771,0
0.9045348202446175,0.3800169332951093,0.03598315786785089,0.671903917717067,0.6968560917313542,1
0.7841203542390035,0.4071950369125643,0.3421286875928947,0.9429062556195191,0.7191171069561536,1
0.9133573506018088,0.9187761148200029,0.08479530219342679,0.6662225940327472,0.318613923054033,1
0.8062266540681076,0.10704960855067536,0.0744146270834447,0.37338829088925696,0.15400612780383827,0
0.009645243906282741,0.01344722313063973,0.8069862450743824,0.8701595955260949,0.6174606686113981,0
0.46076299720259684,0.8734014356948482,0.7861316328118597,0.10583273777786772,0.12197839510564812,0
0.08115559954624474,0.0917038822044014,0.9513919211297178,0.00384113515145601,0.7915927297294214,0
0.32040495146402515,0.5293334811377419,0.4760441095944563,0.19729975393591537,0.9879295788355199,1
0.6761593341217342,0.8650082264907578,0.06126634361234551,0.184927847292903,0.006313391622590259,0
0.5419984353738582,0.9727237164180397,0.6999670201838784,0.7028680947547147,0.07577975979595264,0
0.16242357637485838,0.6352969246807724,0.5923082031065188,0.601553964706376,0.506654453580044,0
0.7354431542811594,0.5305508450193931,0.6548421672773068,0.968139042582594,0.25166817219144944,1
0.3442232527039457,0.732914180013567,0.6198453884992757,0.8177035110450892,0.07995161171283582,0
0.7442686980553055,0.08823168514965507,0.5881386233224429,0.9163333841746797,0.3614797867691216,1
0.26243730431161016,0.8397251763870118,0.4507869508721867,0.7421926469427746,0.48044880755576036,0
0.9990974273157817,0.19028505107843596,0.5872291264724205,0.04269948371398902,0.352894964886698,1
0.8464816059560561,0.9722760647776848,0.46362385800989214,0.8990895708232565,0.45217640811715154,1
0.024479820380819972,0.13943202635843532,0.3167234985638957,0.989762133883316,0.6321930374904269,0
0.6617720716101103,0.17277994864462798,0.5929371636066059,0.18390961898113622,0.09484620404533561,0
0.021680671701747367,0.3922318976992095,0.30352213106884174,0.9551957611278791,0.5493286347215592,0
0.43285624262025624,0.9473308909803412,0.159820649678574,0.96909991402767,0.059760416696737706,0
0.4767002508626703,0.2893218557646706,0.23515241979630808,0.9433379880654185,0.8036220462352324,1
0.15860239668622989,0.6304590352670246,0.6840575681513561,0.4289974317820874,0.12184738814172014,0
0.807124284569282,0.864097536564868,0.36956754002964254,0.9704307054990756,0.06312499208532107,0
0.32620061701746117,0.23343834959079413,0.8718737803589856,0.3125370415588574,0.9157379113274811,1
0.5772197976247818,0.3310607202226634,0.19437777177882054,0.12713284764791943,0.3218327520906561,0
0.5928347826703423,0.2370178760090611,0.8196569848738541,0.48858792009426666,0.46975254185912796,0
0.7501923229422827,0.6236069971446315,0.08130766845670012,0.4909404774210546,0.602599776539434,1
0.44948492489439595,0.7774332180111238,0.7912815792109495,0.2762103655331404,0.14308335903124847,0
0.6330698207248242,0.32721437779194684,0.8248367802847364,0.48255312116353133,0.14612019645932517,0
0.6047710246087126,0.5363101676110799,0.8241364420259638,0.6458415775611628,0.9577256956972864,1
0.7354948810098446,0.19494308176265795,0.7988484986434076,0.28245625829865384,0.7907093046308227,1
0.2609878793674709,0.14405960065203438,0.025283694482007846,0.6516349661647399,0.7623736293719949,0
0.14761474316332557,0.6258898703904409,0.5552643623722971,0.5938450652669316,0.7584615671194122,1
0.7062967315803652,0.4533334842679111,0.16290109296500932,0.12853568287792583,0.9561055601906494,1
0.3688219945263329,0.3152687313542093,0.7205012468623299,0.5501271190156434,0.6288903387953312,1
0.8360733223001026,0.034533989754475414,0.28290891888748226,0.5656168889737976,0.568529628510635,1
0.13186675680187798,0.06387790238074009,0.06789465352826884,0.1515699260104687,0.5227805835260579,0
0.9723194342634158,0.3381580492940449,0.4126417885986946,0.750850692909781,0.4924557015341511,1
0.39599016826291833,0.15498400887919594,0.8228459513893255,0.8143641517106783,0.4484981459309194,1
0.23926537526036928,0.644758579757228,0.5576845781819909,0.052483101508785435,0.8428931809759719,1
0.2326656501737685,0.1526307460250036,0.8704831386929237,0.5005838745792136,0.3229502542877589,0
0.7655366755250052,0.4922272639238322,0.6696420737709267,0.697124745063027,0.550031081348371,1
0.5827391854782779,0.007152373711627136,0.7018242111848848,0.5815832159045856,0.3681182303216206,1
0.5362299830269064,0.9152006628191455,0.7442538933663952,0.2814171483043336,0.5562627194397194,1
0.6076185126325355,0.3344857409281464,0.3270580835486063,0.26034184837812513,0.11916766055272987,0
0.6514086177337644,0.5118051079661895,0.40569082054935435,0.18483203733484066,0.04166008820721545,0
0.20014263510524688,0.570206975457836,0.7472730375722779,0.8329296983014778,0.6742063329692365,1
0.054367554544136554,0.6261176335052404,0.5668465933964141,0.8843804288175862,0.2523325772345517,0
0.1809191469874829,0.3339320138570122,0.4995927136152615,0.7199421032411732,0.7199692750525384,1
0.9208189509189296,0.48017557383201914,0.596740374604929,0.7950031756369859,0.6670243133407758,1
0.00027073810012190336,0.031199936712359877,0.050028039940938185,0.011211908957266092,0.2742313215893464,1
0.9612083968481957,0.09723266999079161,0.36804976474723694,0.6457721158175576,0.9709401981768433,1
0.653625972735841,0.2974699271503365,0.03499275370330879,0.12007651703097011,0.141838083138508,0
0.9145660639156845,0.12032502084528174,0.6367097850461343,0.9524249932306156,0.792762525605914,1
0.1125867671228592,0.724809029957673,0.455244577450989,0.8864400057478026,0.6949185770559669,0
0.06328384378130747,0.6918015193439636,0.21547557462124345,0.3975389352293257,0.3774250226460256,1
0.17502289245208436,0.01326906365722924,0.8974081132116445,0.6566100274250674,0.9594288823718804,1
0.20269863159910595,0.2672844381959205,0.6712425594923082,0.9631896083950368,0.1880698147030062,0
0.04412310476244152,0.5632119688048398,0.8569982158790863,0.5589443963180961,0.7029469347635479,0
0.28651710870887925,0.08841599969602432,0.36729715359402804,0.8207142015730975,0.5445907426170611,0
0.5407670151121593,0.3207112381994348,0.6393141846864502,0.4070016456690634,0.580211791409397,1
0.14763318608870712,0.6726579424117447,0.8894290811904569,0.675710697041963,0.40782577812916665,0
0.13764149198535136,0.9247190755506507,0.6454641406726477,0.4507687446005889,0.5392117937043306,0
0.918298683015343,0.9827140914280922,0.14505049287373228,0.34164987906970856,0.6326974468828223,1
0.9772319780011341,0.7922777995900272,0.8246855042369277,0.3963501757513239,0.823443371198893,1
0.5195688464031764,0.575464591414038,0.2547171632536147,0.5504485641765365,0.9422898602835975,1
0.48917999205679696,0.3254872987557552,0.8364687844880893,0.37332212588526825,0.9369280665737428,1
0.35113435797263914,0.40799844777435756,0.7515655159052504,0.10642662812631432,0.6404693472676147,0
0.18833113250286793,0.000596120157715152,0.7935939950442348,0.5045110866422594,0.10780086737277295,0
0.2418333497330588,0.40611987041575903,0.825231956014365,0.5419668826330349,0.0965872254338157,0
0.12107553487336187,0.18571411689860073,0.7760678505933397,0.07133615066872423,0.25343390146344413,0
0.40300080933100313,0.6978185146865312,0.30021547781802405,0.38774731289532727,0.20844840484698568,0
0.6148031770686521,0.04187488316832044,0.4913334695772339,0.03151803836222622,0.3196318473778438,1
0.3837552722760882,0.5390173030628814,0.09800681786761922,0.6885911419028394,0.6202317243861835,0
0.027328128963465148,0.0386715752092619,0.48744839995391265,0.9058754152568327,0.47487178632733507,0
0.7156084897465915,0.9223108894676388,0.4546861974883907,0.7490522216065428,0.24137863966531103,1
0.7771637715700275,0.8546421934008522,0.2165553541013393,0.4106070927899611,0.01029395076501205,0
0.9355381839446316,0.44442997179254595,0.502072611311326,0.46317997779504316,0.6971310493726279,1
0.04871487806144581,0.5856610619848114,0.6982165613527321,0.49109900127290684,0.9022617448249901,1
0.3314156042540938,0.10967457061117403,0.15479619032565328,0.8373744344474423,0.19912308068682394,0
0.8068026576479638,0.905409963254866,0.7724626688414783,0.04387467579749693,0.1826777996377844,0
0.22873252417018963,0.4446664140255637,0.7007800262275422,0.9116551959223266,0.10153772059405797,0
0.5627707542753085,0.43809729439128675,0.36667564358068516,0.6989211993662525,0.020537605199283382,0
0.10632811053562596,0.4736580031628672,0.27890220609524186,0.5572815589759331,0.42225523342891447,0
0.3576425870852583,0.40132697304422826,0.919274451160669,0.9066162402023953,0.875532978307659,1
0.66464094964055,0.44610211744801664,0.9965204413676179,0.37331686584180945,0.2630066832742075,1
0.4132557668972747,0.5596665817480964,0.23224829288160254,0.14738723114388508,0.13321482201399015,0
0.7880870924306319,0.11275258306088387,0.6659111921927893,0.5855728501865215,0.008857490892292041,0
0.8605856856732753,0.8012252912935692,0.1886670117380943,0.47475955246594126,0.47873435328992076,1
0.5414028306208014,0.8038699557700644,0.14611239483268812,0.12695558263246431,0.5098678927526072,0
0.9873617147847271,0.5661574092859977,0.247067821226574,0.7534137473516808,0.8397709475876651,1
0.059673016908548315,0.43187103452465603,0.8706687265670864,0.7806319996314409,0.027665236537200877,0
0.6064365121451947,0.8669354261809665,0.7486085065268568,0.1273263505053952,0.6148957755371026,1
0.7554301666866574,0.15728512586161936,0.5989788511489219,0.28762767834315806,0.7730991696943,1
0.08484266478176683,0.8916504664499164,0.1455637870201324,0.6414001214500408,0.36952112821779715,0
0.9171107660344439,0.30349688855055323,0.5352909535564174,0.32708776682113694,0.3081418637587048,1
0.8711590531431712,0.6884516894039593,0.6952495616688406,0.9234539991779908,0.6052048176477989,1
0.09098769494462067,0.4896755365671712,0.34241002449943947,0.5169975803521771,0.6313658733884571,0
0.28894696082497995,0.5135179104495214,0.3130516329915809,0.9058108204913463,0.9072176310376434,1
0.8257352138683086,0.5176717614836999,0.4115392437467138,0.2639101490211524,0.4238481124467002,1
0.13927767278436132,0.7699090293670607,0.2950152992454621,0.68710338090345,0.3614869394348639,0
0.58174902588213,0.17341560957737834,0.7245926985348949,0.8761456704993629,0.6385953593777651,1
0.1830778337066863,0.6474773348091355,0.4969556881114737,0.2456338136764633,0.4843433180230964,0
0.14633991759066067,0.6059837570194173,0.2525356942745244,0.9665137035888584,0.8131145279905454,1
0.9341219980628107,0.9278057105470866,0.454760565867655,0.9908537533182217,0.5835836069372164,1
0.05099304006679084,0.4277072968193346,0.9816966614839404,0.5952717744415936,0.4763681548623161,0
0.3613349330434532,0.8012997880145161,0.05450214476164139,0.8471747120490668,0.27735602190689457,0
0.925747809879654,0.6867242710535517,0.204892739951144,0.8913115386686992,0.566567339449226,0
0.27717380437395045,0.42980264306575255,0.23048833176819683,0.6183119014178312,0.5706171002367627,0
0.15170289593155728,0.5537102489480377,0.31671779425703894,0.2198723045873815,0.8057103080034234,0
0.9544733178645057,0.09117775090962843,0.7404561088542063,0.9786724967813939,0.26972915835343547,1
0.2209734860213436,0.4595066130877078,0.16564255872283262,0.17354310987610766,0.2203416174610755,0
0.5796375711328927,0.5997163344144042,0.3867032933694512,0.21338781142369456,0.10036661362113208,0
0.7391643888363123,0.3844755206300793,0.6150529217026693,0.3801626341270401,0.5412646216530788,1
0.789587757551273,0.5239353801480586,0.3220800162905142,0.4990321510103295,0.6156378342799892,1
0.7034563875001442,0.6009535479317586,0.6989288455492142,0.3776642692713562,0.7880699515641205,1
0.2487656601885988,0.29067881329694834,0.23089547738018668,0.60043563602664,0.4697130245019129,1
0.697580911701135,0.4522458070000236,0.8001006396254845,0.38886987843853615,0.34518415003657765,1
0.9091880353103415,0.08946090517463046,0.2549257304387543,0.228556836166394,0.36659475350080906,1
0.8536469458452953,0.645008947828187,0.5991052205185335,0.8101421534695642,0.8459025475106634,1
0.08997250130105416,0.9158499178197508,0.09237678062505983,0.6953127946915032,0.050065072256260446,0
0.2931528101983222,0.8585002529315185,0.27851346039033464,0.9159628762753312,0.22908866710561793,0
0.09227098242152221,0.05214653590775309,0.654621912413096,0.7842629542337944,0.95383888383811,1
0.9420161055271625,0.894922004401134,0.2362452225177124,0.8077287298540929,0.19538500608976428,1
0.8172897605832188,0.17873059610987696,0.12413728072538455,0.4625371288764376,0.7608602819512083,1
0.2456465422131744,0.008746492307468157,0.855407328693528,0.7663496305967676,0.5132459090151322,1
0.1349491042420362,0.04834446660479075,0.15590941046578521,0.13229098351244295,0.8616882906032286,0
0.2457889203350555,0.1751450055108158,0.10987618352047868,0.2482147973931349,0.6401361197681036,0
0.0005733913719839778,0.46077270454833685,0.7988380528238156,0.677525414185662,0.39501692019638224,0
0.9621048990439866,0.9432853424523483,0.35393548597682056,0.6055171607246389,0.7183558556260744,1
0.40767829244506004,0.5031525482082876,0.4997266987431037,0.8048387247057011,0.20689301247460445,0
0.6043957539213091,0.41241300391087143,0.37594422176121145,0.3736234160056401,0.31454518055335867,0
0.6384536754365824,0.14717016704336128,0.8651971786501251,0.79052430211571,0.7492253120232009,1
0.016378044340786158,0.22707148569571722,0.43902603725284295,0.48677583336263286,0.4663490482635071,0
0.41580002724840015,0.051346251706525625,0.9477254312152972,0.8970388668777262,0.9227467261350515,1
0.3865568480420598,0.6534320181020563,0.43338233290704686,0.5982364661540913,0.3547743843577371,0
0.8686290371952545,0.47945851138052087,0.3524824331063954,0.19347930185751439,0.9219852872693356,1
0.7111050230383136,0.2696086098245305,0.024683509092827904,0.21869379751886797,0.5210910318141164,1
0.4602909710029195,0.6217726716886808,0.28492716973995813,0.05091634989696703,0.5169975205184606,0
0.7636396476177248,0.036155921714902006,0.7793078761398028,0.7286644410262801,0.5663505755808036,1
0.3779249886434678,0.6606162616183695,0.4398614595193403,0.7225435199976317,0.26710584866964426,0
0.38388953563392025,0.39439940616665436,0.041891649693350574,0.30291029074873566,0.9535596604119392,1
0.8259221232173338,0.15164645334267235,0.5470559713854404,0.25514788173456704,0.9160712600545285,0
0.2655076885762656,0.4826645760760616,0.06608907296578914,0.4683066153163762,0.9811972690046126,1
0.45960628100998524,0.8994053106213892,0.6167983541482828,0.9794581336685745,0.8505938311586253,1
0.8891703032055938,0.8143804277636956,0.3305998640621045,0.6649414995799442,0.5267091554075354,1
0.6826014316004858,0.8061889603275829,0.7782961122437575,0.24529653956144215,0.8149318547712653,1
0.30056894942279433,0.972761144669926,0.9913129017107866,0.05128657037094564,0.591692844780851,0
0.5550140829654425,0.8444881944617364,0.21895255804617808,0.9561767969186455,0.464347577878644,1
0.36299290815476337,0.7425235688675247,0.4192915303004746,0.3312131337753276,0.08112920256327227,0
0.06632059644882404,0.31395700518879666,0.8893065009780454,0.43562342528942744,0.8150608348262884,1
0.9375940216360993,0.11822640380268845,0.23568231974929532,0.8791058435872087,0.49186077660199634,1
0.8494500609868119,0.28646759125021004,0.6105727240780704,0.16489442688309608,0.15919200031446035,0
0.08209486367039565,0.7961942980992064,0.008489863202320369,0.5403704526166813,0.49264847410158297,0
0.647969761132357,0.9918372709405258,0.0020872613132606466,0.17757307017359603,0.13348330029415356,0
0.8267573766409186,0.35725050170763006,0.571997255738975,0.04042983178214399,0.8928797268105103,1
0.9881846684181221,0.6143633425251626,0.8214297810386949,0.19224814913826194,0.16993439120841125,1
0.5933701566713186,0.615435084975137,0.5260874932384737,0.831802216267116,0.28444485469621417,0
0.6434640271669265,0.6999427267528433,0.09612018984865778,0.606483587799906,0.68903202774895,0
0.6949087714602076,0.8102707896568511,0.3587519224860115,0.5088758789479639,0.2936532695106373,0
0.23512508566869417,0.9845986727410767,0.30932609488260265,0.32660965033283296,0.24068127916221882,0
0.5876830955977859,0.11771813890099503,0.10767449437249987,0.4489201912739108,0.1493268215862641,0
0.5792703050319407,0.7186404800534006,0.4353348345300597,0.12261850334609492,0.6443110232671301,1
0.9374361985110549,0.20977187823943522,0.4732282806648438,0.03383612904108557,0.15653095685537366,0
0.8530675828727139,0.2521819575843145,0.18656249204664532,0.4976169277988668,0.6583294493448177,1
0.13290325414971405,0.326908184180269,0.9666971169962326,0.42234839989546547,0.3147883784626805,0
0.007438703396723811,0.7832066801501745,0.954289572317901,0.4158010340721632,0.48689420428515184,0
0.24002337837803667,0.6039218343448463,0.9570626115639679,0.9073068961669161,0.7207843898274967,1
0.7113652180356009,0.8002086253082523,0.37302389247104384,0.002737306837717002,0.48279836603677284,0
0.33251791954305543,0.6586656410826301,0.736545463979635,0.5049811398494692,0.5308690994284315,0
0.6122245058168546,0.4349376616605507,0.9498169402127793,0.8002794462399574,0.4549525004933962,1
0.7557735775145618,0.04451365980867794,0.3326054067754365,0.40733629904180957,0.6270427328727077,1
0.9290484075512221,0.9141052058664546,0.6087604580215934,0.23094523640788722,0.3151795479267997,1
0.652054696173703,0.03871047360253532,0.2294729252787845,0.9043804301289001,0.25414191480586357,0
0.9520085887723202,0.4492499324603376,0.3969801813531697,0.4300107586962264,0.9586374467321165,1
0.5465459297591216,0.4167550579931095,0.5017518391351843,0.9525972510334111,0.7946297210960034,1
0.05119569224592735,0.9888683898760098,0.21341455380685626,0.661288585903937,0.28755713835116326,0
0.5607547143527957,0.32858738435236146,0.5450632546551714,0.20025707791903125,0.6850840406827664,1
0.020690896358042443,0.12987747737081323,0.7494102472887678,0.25819321847723886,0.6574571675979839,0
0.20409332759053844,0.16390729964844597,0.09760431025246297,0.9317414707599468,0.30949242411468236,0
0.982813605335121,0.8732211598861283,0.8530302862607152,0.0033282187103146343,0.23955141802118918,1
0.9651436744553631,0.11337075952366205,0.45129159344382463,0.12143904343592427,0.7659997927784271,1
0.6679983780858367,0.2783005668632462,0.08326810118749028,0.7890000275673724,0.353240163448442,0
0.7253152431415583,0.9109199338695396,0.6203419700590918,0.9694221153356867,0.7664839259268655,1
0.5220867083610441,0.6895298029095621,0.1941704413197215,0.9911135354989311,0.7573143588868547,1
0.7567563163668033,0.10356938695367446,0.5124197511066657,0.811809431034769,0.2123599809968696,1
0.7477343432408176,0.06690056604249217,0.9930222462464218,0.22675119962179036,0.6570257167055921,1
0.3872756013439148,0.6425273818438559,0.1991130776701162,0.04196462807342016,0.4529094188517371,1
0.9339200509528621,0.6487168247902811,0.415533682329451,0.8375191167551115,0.9695837297675771,1
0.5946484917440577,0.5614122879961516,0.11649389261667054,0.13577030206791907,0.4943454083322365,0
0.6249465481253661,0.03248009671379781,0.8352267119145415,0.3170669097158132,0.312058177121591,0
0.0549130062688038,0.30020511645692327,0.9640780016660921,0.13691948127677123,0.25828140091667584,0
0.41202983246229785,0.07439725082464177,0.5309623283429834,0.07511166109358547,0.30838513179591587,0
0.3277538432536732,0.7118003077289182,0.8695048849092776,0.9314103165638025,0.602906410392716,1
0.26419985121487655,0.333785156297026,0.8884083861390275,0.1826189575822007,0.21231046752801674,0
0.8414671924757541,0.550208387932484,0.5413063311053306,0.8592525801037485,0.8115771018923362,1
0.2972064011269764,0.5523667459033408,0.29754605964150804,0.8953258127246035,0.7523019308655512,1
0.657897512117524,0.2690481896780008,0.05205346745916928,0.06874755095180096,0.9489838253311518,1
0.46922311789915394,0.3611281991451135,0.5419644125319342,0.26428225009744566,0.5908538545642582,1
0.16837980736143288,0.6484857568007941,0.5690152250282277,0.8666921936264171,0.6308388770539181,1
0.16936958385900902,0.9572915570600005,0.8638252964798221,0.5096844527020047,0.9896468476050383,0
0.7946610132593755,0.7762623119491352,0.1875499523628712,0.5475637706958629,0.059371660871230914,0
0.5277811459653549,0.3442678685203977,0.40452059338779367,0.5907701284553335,0.9107462359840549,1
0.12464880724925065,0.42022418420761287,0.648337614575445,0.4976772368062483,0.9778158449725115,1
0.1281910358117223,0.18435793231760134,0.640820559711785,0.11997723554949724,0.6710237730203579,0
0.7448801476252392,0.7312524845614973,0.6840681686603931,0.1329620701463512,0.21813567188791227,0
0.7172365047840351,0.8299707077162275,0.013759921590654756,0.1069536532562746,0.20633344685341792,0
0.8688011420425535,0.3251116125080734,0.4111268399560797,0.6595202276026154,0.6803145280112668,1
0.20678146473475567,0.35317818960547953,0.8699510743160321,0.8581135865059879,0.6623035538402833,1
0.25211126359594904,0.4332933907477744,0.15860509918186505,0.7813930875728777,0.8336900402575158,1
0.11041648597498677,0.28720993653459737,0.2834461724708086,0.17706007827931847,0.7690535635781856,0
0.4544290553617699,0.3031956899482757,0.2243157360653808,0.20092400676333078,0.8638478091032472,1
0.48035028741185104,0.43812929022913083,0.13348673296828395,0.7810078131736886,0.6452203578196657,1
0.6418884987680334,0.14469216845798782,0.2676757925841411,0.37083407880386876,0.2548111803077746,0
0.31021717746856003,0.403714738937464,0.06296777402725706,0.9571541315675424,0.10711915225703839,0
0.9576789637539306,0.9313716259297596,0.8558501572429695,0.5744136705919701,0.924430672302241,1
0.0033708374879978242,0.9586215169695768,0.32737667686114547,0.689637778473545,0.5538723872581582,0
0.10846623579128778,0.30633805484235854,0.764162215775614,0.25116771233101876,0.8045931925769266,0
0.9606539875386083,0.5652156737746448,0.3568875051743532,0.37992151433121013,0.6246192246397491,1
0.35688065343636144,0.7589265275088484,0.5324859867500452,0.49315054884238296,0.4308231916837527,0
0.8959253068044464,0.23130443253170918,0.8665515560200567,0.20495935132416243,0.412359874956166,1
0.9759272675854568,0.44128117500566666,0.13572124556252474,0.7380244747887085,0.21847045697925227,1
0.40913818121163137,0.9913155829937077,0.6430192261086868,0.8898015651839739,0.893102736838791,1
0.09351015691023912,0.2503166779212619,0.5983234683937659,0.7464177357338889,0.9382717144557143,1
0.1670377303458528,0.7573263995041613,0.7286645919558152,0.926228216603747,0.48954944921333643,0
0.1000935441904528,0.5037004544055402,0.22932922784098275,0.5756747966831174,9.291192222915523e-05,0
0.5562868617172465,0.16429435481801158,0.7389006994479237,0.9807049008250717,0.5717042239111766,1
0.23421955658104265,0.04520416805476113,0.17939156439793147,0.8272774607618967,0.19764466682544468,0
0.6186462129243838,0.03149090050068659,0.7257438444513175,0.7240618929577142,0.3666424127454352,1
0.43182252462155724,0.6879171286766825,0.833619668343339,0.15906887109376522,0.37808614229874904,0
0.8429077110655634,0.42035665443930337,0.0848273095817682,0.1575343252106396,0.0732130270729936,0
0.16618918080732292,0.7136970126648385,0.7137223076447645,0.8838286375786494,0.5308658029881631,0
0.5856204702288472,0.330049290406616,0.4530551594301846,0.8287755399735097,0.5942695925596936,1
0.1721350149135943,0.8366900294625501,0.44507578968387385,0.31573020115665096,0.6062813119154207,0
0.19626964931053037,0.29553421866540697,0.772558067258058,0.4648683885279862,0.0910247480476255,0
0.05379219524367018,0.7370035775025902,0.5335428934511737,0.8571757980671889,0.5600648483583456,0
0.8167043487371366,0.0528316983428182,0.17979259445537155,0.8757990839466484,0.79894289468547,1
0.543670511874713,0.07417293072860487,0.5390028845688499,0.0835678826206323,0.5250758717772847,0
0.8281101076179002,0.044018562344615875,0.490508354084529,0.8379014298714724,0.1397124290680144,1
0.14782222080856589,0.44234764629181644,0.42212240935057277,0.6338544752204885,0.080156883133509,0
0.9927518877925415,0.33768148742586457,0.033106124143894355,0.011529615372773638,0.027321806366028212,0
0.030347407487286593,0.3224966091284448,0.7575585226878377,0.8079721379059492,0.5858405387480795,0
0.09826059966518763,0.7836496822110883,0.5390313390459694,0.37153949631189975,0.7874657856736036,0
0.988402905712551,0.3128440259325881,0.672178559863251,0.7946895652581677,0.5040200922310876,1
0.5457752333042463,0.14794361293575375,0.6681435672669486,0.5400133540986354,0.28718380250885467,0
0.8243570235612143,0.2889771945880012,0.6216549634062488,0.04245983298207545,0.3794452582960902,1
0.5992116484705593,0.0027955894323967723,0.26128529672170253,0.24561284018975293,0.34535216269394686,0
0.5300352212038532,0.40518334789366395,0.5630015069465513,0.2358017743600338,0.14927305875495167,0
0.6613239053562128,0.3662106417873976,0.8215782133507404,0.7851399077238529,0.37532552875280145,1
0.053036722591012,0.20791651487640928,0.4101834640063532,0.8560256184206069,0.5582623739542338,0
0.6243981404499247,0.6362449746810305,0.9385970224153722,0.924642358167632,0.184766427619507,1
0.12241046030261604,0.391676561927908,0.834898215000151,0.12426445551369325,0.5557934412005165,0
0.2586616274874809,0.8569457578940497,0.1774450730344479,0.9484452193501723,0.4984472236071078,0
0.7638528211987317,0.5283213008026969,0.06416592299721169,0.26779943885078417,0.15486093366890985,0
0.29515111242226966,0.170871135009255,0.5714204284935152,0.669495177768014,0.7305517741106197,1
0.4197997134661633,0.7169911200591205,0.36825651468522447,0.7252285468953817,0.528321045867272,0
0.08216827706966756,0.8734441924153182,0.8220369174345142,0.29162532050499945,0.9822083907696032,1
0.7576580069259694,0.866273454379044,0.042319194872595944,0.4032791837204919,0.2290790581786939,0
0.2938331007336977,0.9592184265365304,0.9114329496714941,0.023264100169124946,0.08460685960823333,0
0.2906007655932019,0.5757094097135342,0.814721930998228,0.5052163371166173,0.918051436711043,1
0.5560903228626114,0.500969831040106,0.17845462881338314,0.9822999408500879,0.3315512293986578,0
0.0615300809866024,0.6882573018962815,0.03754098184180399,0.6868274557522035,0.05752342934255317,0
0.20893717534640344,0.7650464313025591,0.3550634622151323,0.8285255769358019,0.2577170922392722,0
0.22187882517803448,0.14141607885023944,0.10217566110236664,0.094574888879847,0.5998551879431598,0
0.5443779159212881,0.6064564956396092,0.19861888320070742,0.5933177030937276,0.630873595765106,1
0.3230201676446466,0.2257176044524546,0.8823827758926669,0.8548135313001086,0.7233608147266553,1
0.5048864446332036,0.7583983537681473,0.32744106643961335,0.3893406696268006,0.4617131274993712,0
0.8640158737039124,0.8918238953380432,0.010671942766837028,0.18482881194877288,0.8203488590312693,1
0.7786330164598129,0.11201462559208597,0.12790701417324501,0.5971966648390125,0.9243264795327201,1
0.7028386033874128,0.26388715005860586,0.2836491824913093,0.9790017425721296,0.11970094561851441,0
0.6210581040391382,0.21370176517785644,0.3679048464428083,0.7920825358166736,0.13392630134436445,0
0.12317364566655153,0.5259614187426006,0.7718674136327818,0.28683617047113275,0.5392293281275293,0
0.8380652295528065,0.5865570838696781,0.7565211876998311,0.4072790234886551,0.17060068856884847,1
0.5058525886228853,0.07350155145035964,0.451291935704795,0.3351912672645947,0.4182689791675256,0
0.857277279576117,0.2939483831081722,0.5196802432544904,0.40724793032309203,0.7471453178141522,1
0.3374918120924283,0.49237552982265,0.3954965504159742,0.43537124966299445,0.7907319124322917,1
0.12878644784179316,0.7803067628036213,0.017968832990864048,0.04215852129346098,0.19293857272587034,0
0.39058973936610153,0.884539601262118,0.08837974681088545,0.8712351975048794,0.027269522743553765,0
0.7451612965230155,0.0999457460104427,0.17550815468724545,0.21860407482107658,0.8974936257342502,1
0.18340389755547382,0.572041504895491,0.4853861229596904,0.8474317154680948,0.42447355958113053,0
0.9839198777414272,0.8313915376647044,0.29040082357573016,0.9631290587808329,0.11582856805697161,1
0.9851468983846158,0.7802432640945105,0.3426092810812611,0.2374256735808169,0.8628336836927144,1
0.407457247720067,0.21196074957957456,0.6451355768315687,0.614508544831405,0.12413712630719198,0
0.018054176909342745,0.8222568634710554,0.5073994723576517,0.9931905013655258,0.5808436252739073,0
0.9349615947587288,0.7146527692330146,0.45310793811003935,0.25524401353969495,0.8073248503029423,1
0.9425909491327588,0.4207379204528666,0.6244839025491122,0.8080700589408576,0.8695799915531179,1
0.7594946444057724,0.7460190112125735,0.6759086152782983,0.7610843999775927,0.8542021621480752,1
0.7835307595594263,0.5792795820839616,0.6367770057315763,0.5687612015619934,0.14693185188139823,0
0.8873384096443153,0.5694815339057416,0.7922985551867913,0.8568346365872843,0.9532884819442305,1
0.8070774139416638,0.22302790950560303,0.7805281142986731,0.7762687800013277,0.42987459454098464,1
0.6222178690111457,0.02296067021804038,0.5579085459782,0.15500081627066264,0.6402394705840696,1
0.6419359553008477,0.173914624372695,0.21590685329960102,0.5616596560406052,0.9946918765038346,1
0.6625433236539371,0.9078600135579833,0.6501895878014101,0.8985218998049598,0.5202085237094988,1
0.8187729863892247,0.28470142802606224,0.0030722386930196466,0.34468288689867055,0.40747217750014897,0
0.5662678376585767,0.434148209850041,0.029939894000084566,0.8045852620078007,0.7840760510209379,1
0.14661226745058276,0.66091861028998,0.09349739390314249,0.5506139500620505,0.5729132769874938,0
0.21663210552135925,0.5617940610790928,0.8087421389367715,0.0982527782917888,0.830614184481435,1
0.31369468250503396,0.3368524907564677,0.9238259922744466,0.12018593588419657,0.8433078392747111,1
0.5876112118086484,0.7731448509599469,0.8497635387557093,0.2719014557156062,0.8989939022106086,1
0.7523328455070755,0.000978179324517603,0.6677163381293993,0.5138986068535457,0.6003924413820577,1
0.11678394551359317,0.9796505478266921,0.387187432526792,0.2020586734641845,0.08121410510178684,0
0.8233247835520637,0.025485329686970593,0.9453435172604205,0.375191439150366,0.055986252517011836,0
0.07316280050454149,0.7377303490146456,0.0543235350633926,0.40779104660193854,0.1771892075456566,0
0.4433136183177919,0.41113496293855956,0.14364811815544343,0.729976381125756,0.2205107706599152,0
0.4426949441346206,0.2815009533668903,0.1623122845454662,0.7143153693000296,0.44902508620497217,0
0.6713934252413271,0.5963120098202906,0.3445504830737597,0.555464489748083,0.09206951965289567,0
0.9228289006983725,0.9230900559402637,0.981982455856888,0.5654213704115175,0.9324851676955684,1
0.9365744778810549,0.674632419150591,0.2627990772363401,0.9702969729547838,0.19843924941619062,1
0.9313866221472632,0.35787893619327915,0.9306110454443729,0.2026185717041873,0.9158193838671909,1
0.46425503500283793,0.20491704232652097,0.9961108632319713,0.9076379177292649,0.6780326970045012,1
0.21887107007457074,0.4218995588866843,0.8251673691965223,0.9795442124428814,0.317755938562425,0
0.37598110825765285,0.19038719846497265,0.44748935158801095,0.8914005433609793,0.5451887942606818,1
0.16869357872424995,0.5788065219150682,0.047785625911139884,0.8641228258281092,0.29401650659940104,0
0.28476062413252035,0.0529001223780774,0.45173864219255977,0.6820487398663605,0.8320004202545839,1
0.9050427933276077,0.7409164591948451,0.4996583064442601,0.5133907882147892,0.9151705293852711,1
0.8781814835337945,0.894266231511793,0.5889930765050947,0.8273227824448943,0.10233796110947146,1
0.171619620714484,0.5461250717948194,0.7345479714106574,0.4913058488398383,0.7312285280732753,1
0.826333725688076,0.8747332529913195,0.5393598991858168,0.8766430624945868,0.8480760717041813,1
0.0291569556181972,0.2289082897635203,0.7502712268355731,0.9597673843710531,0.022918682491973597,0
0.4286891997067733,0.6807453105383025,0.9944676914736252,0.4535737222308013,0.7001115460774968,1
0.4050846883526248,0.779885864314479,0.14654417231754246,0.7924040110071139,0.365086307857454,1
0.8406806600908955,0.1804489733569935,0.6291749279894219,0.32789060230466005,0.15921714966140033,0
0.01483215225701462,0.3350510190358349,0.9888733733242923,0.9370587624974617,0.6867474933334335,1
0.6513016877330109,0.9370671076641583,0.07275328026489936,0.5706182654108412,0.32739254510303606,0
0.03943481711690433,0.5906327108611129,0.7725708907981366,0.2685174810530184,0.42996107506332537,0
0.016166284330836667,0.15833696072454806,0.892176560450986,0.037788136682454176,0.3308816388129078,1
0.6623135793340496,0.5422823237862502,0.9750093349753985,0.5982228868957687,0.6914064306823261,1
0.8824911684214892,0.3377209592322672,0.7354247093925622,0.5122056346650485,0.6295160283596609,1
0.5456923880244411,0.4578854513349383,0.8102593924937723,0.9129187169358095,0.6952803630741899,1
0.8951960544583865,0.40165333038254947,0.3904961830198871,0.19598874851517445,0.7691073043056545,1
0.27490004435515614,0.7802479272931206,0.9635236383529321,0.06348109036243499,0.6278189842678025,0
0.3844744007436691,0.14991707993316472,0.6236412493481699,0.9153182762597841,0.505805496105746,1
0.32011627790418906,0.5768042742919444,0.4939071610137217,0.7497644799812132,0.7905280116446737,1
0.643549458579996,0.6823387267082941,0.7924052345565082,0.36868091711306583,0.6955016275445164,1
0.7555671482866483,0.390154431618297,0.7276886002685067,0.33187693123230644,0.45663544959719093,0
0.8997667546702183,0.17590720786436698,0.7464727933900913,0.8524815989623167,0.2683224398732612,1
0.39406700578411846,0.140354159124344,0.8264684216322494,0.6113874189120819,0.18568888782189197,0
0.7393605230454593,0.8467431162987088,0.789535093243311,0.830308369296587,0.2221971516779968,1
0.5725944707880639,0.10310261204977378,0.4049010587068016,0.2607284045190136,0.684469257895123,1
0.7224208413763429,0.9321611112602266,0.17789857770468176,0.9450243886064787,0.38907653218268845,1
0.22165212682138602,0.6945976780524137,0.34332504518137064,0.607937572760005,0.686437475458174,0
0.10621062338302667,0.7106152876557358,0.36923142795118846,0.025659270224186348,0.6458208299400814,0
0.5586849028198149,0.015632410421102083,0.32044141557803674,0.48776838014277246,0.6801030657239612,1
0.628127750927063,0.11997777877561788,0.6754267133315438,0.5123101981306715,0.5769645800777498,1
0.4842490864158786,0.04688983558973525,0.5215425925927201,0.7046861151875192,0.5819769593776614,1
0.21018586601712363,0.30758047914659414,0.32524598608650257,0.45367673119546936,0.32676783075630167,0
0.36611012085809946,0.8860988856439858,0.8175388158819356,0.4758556315887098,0.8458754118578339,1
0.8515593284168856,0.04579216998857816,0.9598002107498854,0.26575442368336466,0.8466050785011536,1
0.9503867907059146,0.7924542657072621,0.0351921899343558,0.3538595078686233,0.4566329746166794,1
0.5917348006644919,0.47288771392021767,0.060142327882884095,0.7325017812469017,0.13163439749006034,0
0.8447021880317909,0.5267830905154706,0.8564533946438575,0.3483162552281738,0.16278952278334835,1
0.8093917427648538,0.4281517670756809,0.0583691593672786,0.32445517081047903,0.7729255526033574,1
0.44220148980273366,0.2986501743092588,0.16758985920413627,0.4927118622221175,0.3378905244932201,0
0.5413494604242771,0.3395362029439791,0.5883212195483194,0.9645354029812645,0.7966024493187195,1
0.17777511106454702,0.12889684218571862,0.9580051199673304,0.9104867511887682,0.9676343953831334,1
0.136125273500193,0.8510131389368888,0.8824899944618507,0.04287493345099036,0.8016214915129637,1
0.232089564746232,0.9584613236518297,0.13112789871283237,0.8773717345730769,0.8830840661466131,1
0.06924257582682314,0.005569706290785903,0.33992977053321294,0.03378930331607832,0.20409127051694576,0
0.1003693810396602,0.3032624295678955,0.8511221224055365,0.5247918934889776,0.3830675586001995,0
0.49958446594398664,0.8503420404371668,0.9904630477477098,0.2220855163266683,0.449004358789837,1
0.6431455940997559,0.1497046854116031,0.006365382147852761,0.36629410718354016,0.5153140201031414,0
0.2091508131452139,0.9586915900527925,0.5258276627841489,0.8053847611961308,0.17287391206298608,0
0.19042371836556982,0.06291558687609,0.2001810938610079,0.1432126080890299,0.8411670449759654,1
0.3771563301853571,0.008114851157979164,0.08985098093443056,0.24474848371273272,0.2623903713340897,0
0.02422538796449536,0.16505914007823919,0.4716607436837654,0.5186813004774353,0.08709189046291488,0
0.48007957983211746,0.320848861786281,0.7468265963591338,0.36318739922375454,0.6277345289709442,1
0.9421377258948518,0.32543423877988575,0.618611515240625,0.5109281675269305,0.7755180362975534,1
0.5537997651181291,0.7295562558043743,0.39249556551200493,0.5493740802186009,0.18165250657714216,0
0.06332193655644902,0.6874828429152706,0.1983211893059187,0.7872116544633683,0.7283034564351284,0
0.9566910031278506,0.9260871338044595,0.32582260803721286,0.1725438621281955,0.5766480710744321,1
0.8815587101220531,0.9553419731617722,0.7328051285974685,0.7994029620807968,0.6572471026619334,1
0.5506589274396967,0.23645472449590677,0.1665638262413629,0.6533196670092067,0.7024702501606308,1
0.20318650692853102,0.55594413682592,0.3080614154545833,0.41787539513525773,0.48910322580327137,0
0.21886602164478364,0.8082418322047725,0.2898427936966367,0.9418983460930013,0.5710437173591865,0
0.7749309576907558,0.6112128400466657,0.7250297748780169,0.1804604671394221,0.4468267232448415,1
0.18679472484471804,0.1743305656324453,0.06988247604734876,0.05543752261332957,0.24648935099482916,0
0.49770091264519556,0.11251308928606796,0.49032749763070527,0.895382723342629,0.32687676800992604,0
0.2430271963079894,0.14923957756220074,0.8123207664133655,0.7527489809102209,0.0985564077996931,0
0.8629781607858137,0.5479794754716788,0.1732663291518174,0.8833714801405788,0.2653115671947357,1
0.8848254193782956,0.5186239965517871,0.5059153948994206,0.5689213085053112,0.34931292149124515,1
0.37219288697352926,0.5143345546526035,0.18465620455738785,0.6374271328373966,0.39434576723204984,0
0.9975456805051162,0.7685686874422266,0.20199519408745326,0.2781301884203392,0.3021035286507556,1
0.85518562640435,0.5738523179347376,0.1094808389262465,0.06640843560462784,0.8351840814339013,1
0.8985397363345127,0.8675924844560715,0.02284058018732682,0.14921537520670636,0.5771884409150486,1
0.3482475479245809,0.024029948506318455,0.3027906581672988,0.4779687395482076,0.653754702716,0
0.19633261793594392,0.004912477556982431,0.41558440768851657,0.4700966111022816,0.21041710441390815,0
0.14518405048414695,0.04841646278866141,0.15093172141727373,0.15178738620549137,0.20724561927768992,0
0.46034475721501933,0.4665528144885588,0.6601828123601902,0.05350346204017031,0.6058373136175937,0
0.4026962899007315,0.12950248206619375,0.1807069781560534,0.1209567905776795,0.7216706874364417,0
0.925530653664136,0.7599519896331203,0.932402411465897,0.19795133117946218,0.6229740138856551,1
0.43144855186554487,0.3373131842047118,0.5361484588191588,0.6603372184845633,0.4553432513075062,0
0.1036295678439123,0.76436007607729,0.2820449857125965,0.10045867480412463,0.28445043431751005,0
0.14061121584422132,0.33715562417986866,0.008742157939296558,0.6649234840768521,0.9819838414686489,1
0.8399913819375499,0.5914012133602342,0.7006256941472969,0.36672719563966305,0.9676763366905996,1
0.7421120534537974,0.6551563888880317,0.8053621570073124,0.21461816665286815,0.6669505578940368,1
0.49655806141714487,0.017088538232169936,0.09716805986213106,0.9688855070899004,0.11865033315031981,0
0.32663894101708624,0.36669060876495196,0.30694515826234314,0.9240200454766572,0.21201261018471496,1
0.7785210621071649,0.025645547664506885,0.9900999999184343,0.9301852289871528,0.4224597895377341,1
0.49485708980210696,0.06030896429979671,0.5990668059842644,0.061518560671169786,0.7188409844156167,1
0.0223803923453475,0.22820124872019587,0.12648277625449666,0.2813987846005499,0.6500942702975305,0
0.8640551727905753,0.8277676394476531,0.6844486939291263,0.6420409828989019,0.2218369074255302,1
0.1246946827833364,0.6161372018097845,0.9079805083952566,0.40554000404916,0.49638703140935503,0
0.8930425330015984,0.3082593278803408,0.06488238551384207,0.44281226836236487,0.677068470257374,1
0.17248250503666807,0.2460975367671342,0.47957149775012387,0.1064250255887147,0.8367702052748784,0
0.5549414013281351,0.7691568741091309,0.7972590534657285,0.5141830229955674,0.038730391913797346,1
0.5538433509308914,0.10037719048057325,0.3986383399081974,0.7634442444384815,0.08998068786400704,0
0.516851925085696,0.8123361671474804,0.6701944721210292,0.44776120861919333,0.14813214237054717,1
0.7043037717104139,0.4634553349348529,0.19548575213822028,0.04245062476833783,0.4529631294434252,0
0.07970757759195046,0.04779838631299993,0.8702291718700923,0.3611211327461098,0.5306941341898405,0
0.17498062636111567,0.7040647431951284,0.024790145586651602,0.5651312130324251,0.18172586224178644,0
0.42590839194810204,0.42948491570472924,0.25376065445076035,0.02968404594482399,0.12049637408001612,1
0.8721680997088911,0.20036561494292826,0.40257985261518103,0.8225854472060952,0.9194562132562729,1
0.393624070560998,0.8231930743821975,0.07893341297830436,0.5851471875911545,0.5246159154217528,0
0.03208462936863954,0.9798228164464561,0.40298433910909304,0.42556354478126146,0.3106012863299321,0
0.795103394362923,0.05057755445637835,0.5885142869178479,0.6665365283739464,0.12432341958529791,0
0.5855646001991031,0.5438779873272231,0.9414766024949747,0.06794470414927178,0.7149027627924143,1
