0,1,2,3,4,5,6,target
1.0128868403581597,0.6064560401907764,0.7787567901065178,0.18548069880726661,0.47658063720209204,0.7940568095738453,0.644192989470623,0
0.8783104739471211,0.4565927923214926,0.4635815711042613,0.3009740345299764,0.5104949551830381,0.4368274225348869,0.7725667526308241,0
0.0016084587499902957,0.6281379826095181,0.9041693764686676,0.11034952324253952,0.9846837899241848,0.5115055505684061,0.01571323695994773,1
0.5071616349341482,0.9081690060399434,1.3699962500591756,0.6655690169352823,0.5961600248878414,0.20704233544730996,0.850112807427488,1
0.5038056944892924,0.3067619478223246,0.5028030461609545,0.8984459146193822,0.7033656614915622,0.024005462600713012,0.40721174327933274,1
0.8914510484669127,0.5319542330482651,0.6138701543690093,0.549522548650401,0.9047749691969892,0.4565847049643779,0.7763409867806066,1
1.647646771157664,0.4264724947966484,0.5113444200849445,-0.5209222322145977,1.0739890562562318,0.34007808827459807,-0.24028818687959952,0
0.4701597399510345,1.3737067481890215,0.9726295529441491,0.5398172234051162,0.2956941609943544,0.2445428829642965,0.07659900748912585,0
0.9875465248448275,0.5740967117089857,0.8283305658204044,0.18480047229673574,0.4786548703952143,0.8051475915481607,0.6721832723286318,0
0.6630775476559698,0.760672051820687,0.8361382246685102,0.5086052953672706,0.8138582766692669,0.3742547192649199,0.6290929058051254,1
1.135435032247192,0.3110150733894594,0.5697870757976842,1.0724630003980749,0.9084463328746811,0.18572249473470925,1.2016388738944463,1
1.0895924056197193,-0.08793196984850837,-0.4989765540786377,0.1316327304520971,1.8882496574825245,1.0809711511526956,1.0768199101922693,1
0.8211697239955581,0.6224212232399595,0.8756464068165563,0.3599079826503569,1.0582435618925772,0.2511070038836784,0.7993639773534452,1
1.0722576761024354,0.558617006509877,0.8045882134571003,0.23900610321805685,0.4689873673902494,0.7982723532930965,0.6874017020384368,0
0.49727977353766595,0.5183542769601666,0.8224724983749738,0.41463747860207545,1.1824213118036728,0.19200503454557802,0.8641498707764778,1
0.008843838629141731,0.9586764594015931,0.6212084617339898,0.9709249987736246,1.043186981625543,0.4662321293796457,0.808157731954686,1
0.699654005301539,1.1822074589872804,0.6797250278720056,-0.12172952203637216,0.5932660982513016,0.2673303318337006,0.43217256631862777,0
1.0110319631060956,1.0617795185005365,0.6294462618424719,0.17435307150240248,0.6563575864194859,0.46976589892785175,0.3490279130189217,0
0.7488569562640081,0.7449049558477744,0.7993035039177139,0.8827818763821909,1.1508686159176489,0.5132184516728906,0.5353563778929848,1
0.7869073953022064,0.5884607173836353,0.6584935575308739,0.6173950647456729,0.9731515986115833,0.3592706324432673,0.7623201294589383,1
1.0171168712143557,0.42816335741415457,0.91155063763016,0.10658447429713494,0.43946071590933433,0.6795722304748628,0.782581531005566,0
0.07809817050548416,0.5463297599691797,0.7511938429376512,0.25402576860043913,1.0364873644951498,0.38038887711885194,0.1894771886564057,1
1.0932256742990292,0.7526808048323497,0.7727995925715597,0.3124678824105801,0.39643514292893284,0.8031206845050357,0.5976044498304005,0
0.9564285370537458,0.5568232245527597,0.8448928995098891,0.24233738957721299,0.5551463291100542,0.7283704949893963,0.7276978908989863,0
0.8110085919504386,0.5709041455482533,0.6528345472147468,0.5663150159018078,0.9804751821642199,0.38382224586026414,0.7367583338851846,1
0.26937157468757267,0.13205777490177883,0.07429111781101438,0.7124637199298783,0.7953668711901867,-0.04095972796538916,-0.031356073963744846,0
0.9748538745614853,0.8418231689006579,0.76939529841148,0.06683377437055261,0.729912487682191,0.4681419980354847,0.7403867698615418,0
1.005899953953866,0.5430065282445742,0.7253312133972152,0.11296404341201319,0.5428609410142541,0.7723966224246094,0.5612906527245682,0
1.0051732040542924,0.7618582262993313,0.8289746665067752,0.22734982772677978,0.453854810838661,0.8352359685834942,0.8449288466506266,0
0.8670414517344649,0.523825734189651,0.6787532690784596,0.6435544404489641,1.0557428757304357,0.45221191976646397,0.78079706189728,1
0.9107885361478761,0.5175791030937998,0.7695782610246171,0.23789999048860105,0.5710070759026151,0.7643310685295647,0.7915335094772455,0
1.1021416940168802,0.9534368400152213,0.6804652547724883,0.9196076344318447,0.8515543936762552,0.5232654769931909,0.6581394217263477,1
0.5913898040905545,0.5322360905866433,1.203094478526821,0.8962329959825548,0.10985974479126037,0.7796434496221409,1.148252614395146,1
0.9724885246421185,0.5778158949340313,0.8092892682830396,0.180662111157286,0.4838119104489886,0.7956773721687982,0.6721034873734419,0
0.9371378969205234,0.646663302837838,0.5244054220361011,0.76597613671275,1.1324945474072101,0.22873998521403546,0.8725090729394485,1
0.9850207087442396,0.5945964263548004,0.8205117150569603,0.17818469647371354,0.4723100633284976,0.7949344305721786,0.6990023342948803,0
0.813868601951975,0.5643371447345675,0.6771621892617345,0.63997955715199,0.9355778040048555,0.3890246253161813,0.733248974922939,1
0.6463452255977661,0.7709927334092486,0.466767851550556,0.7393160605489227,1.0698203811671423,0.3892873444057144,0.7873063235742362,1
0.9108187785005584,0.7417311000418702,0.6753751094917128,0.24600501899609933,0.4438880261115449,0.7856721925576012,0.4866681231367658,0
0.7354104028404653,1.1345109447957373,1.0144429947153366,0.44573789541676617,0.27368533824155794,0.7552797056917869,0.8522780267308079,0
1.389987066752605,0.8410489581647889,0.2782173740745646,-0.06332115023217863,0.6850678140159292,0.41488036321920935,0.13033662973728682,0
0.6902147603083018,0.5245469058350173,0.5850059791514967,0.6712504312930612,0.9492063133209424,0.2933386415411779,0.712889420196592,1
0.9795245320853979,0.5685919903349927,0.8143723212951912,0.17595347445859205,0.4796050968212975,0.7915000569381648,0.6814302503381441,0
0.9821368482418056,0.7793704416772181,0.9102302831361496,0.23315752115839283,0.5699710869426058,0.5348166240261379,0.7329428478572151,0
0.5884861145783187,0.4797285344537662,0.56426275935919,0.7587140863773604,0.9462676166993016,0.3085043576480263,0.6570481836469472,1
0.9671788845154361,0.580557939702876,0.813138873270343,0.18649911339820616,0.47793036542959505,0.7785470181516218,0.6734380136793084,0
0.8707764652074513,0.5602815745605235,0.7077933086835315,0.5839250061319048,1.0404570510517723,0.26516733587330166,0.8736815224747898,1
0.9698385993574142,0.5696630244066921,0.8210599552849388,0.1736230843501311,0.47840734214974273,0.7893167508350128,0.6677424319332121,0
0.9452036955605717,0.47938853688954997,0.8927194143425459,0.22205100456700658,0.47651137707532254,0.7864968258152922,0.5760010269432727,0
0.09250593314106681,0.7434652105138082,0.2868289297925338,0.46576042413224716,1.1219581553478628,0.6122926857312977,1.2965552450501652,1
1.0868165894595105,1.14590898444213,1.3059950511548755,0.0978910418401888,0.739275805167889,0.003050076723119577,0.2530647809454699,0
1.4850838525048482,0.7884549740672437,1.2903088405788306,-0.6246031744390806,0.7015275707947214,-0.1399781185763016,0.9012872888583218,0
0.9834387481646547,1.0375717618097455,0.7799114694510274,0.28039450316317316,0.8102423518734043,0.5101141108432036,0.7520858002607479,0
0.7623963766529347,0.5696035117928497,0.6714199866231958,0.6173448832037668,0.9633215979026302,0.333332856476672,0.7975446867521748,1
-0.03344900913312786,0.6950076053193558,0.8032393963148768,-0.006620742924847073,0.8825495286309459,0.39967038835977525,0.002941391998074208,1
0.7287521422731202,1.1416709164437493,0.8103159271638769,-0.20215688325560305,0.6429198614488312,0.15459050455668216,0.39213969659647174,0
0.958508557186713,0.5483386731259438,0.7991449743961595,0.1910106515336288,0.4828017862368275,0.7747640400548347,0.6582367155224493,0
0.955788371335906,0.5084958801672879,1.0236533006781041,0.18797956555903214,0.3790055487466298,0.601704761097422,0.5158532905290373,0
0.05193864067176335,1.631739726284578,1.0832507527282869,-0.21299151016276763,-0.27940853708920255,1.3851031825192752,0.9672251747229887,1
1.6038379477855558,1.5614460862186412,-0.11665340021011894,0.6920368859436835,-0.06946498421045377,0.7195656322805817,0.5522166485417191,1
0.9137534531851098,0.5263313916631917,0.7963772539908066,0.0986617051469387,0.4682811057125681,0.8647787580746014,0.7336681103475643,0
0.5041424065980764,1.1709389221845496,0.5596998942375857,-0.3991811907255005,-0.07755434482552948,-0.09855726106680218,0.033146487787675816,0
0.8705885632172928,0.5821059276222241,0.7489071657982167,0.22766474026686967,0.3702013296113517,0.7622850507716017,0.7297125516616361,0
0.9223683199761902,0.9689097029455418,0.8261406951497635,0.14129786928377192,0.5557365574255997,0.4666826277298288,0.47215801967165816,0
1.2295032156001209,1.3624526787183266,1.1432048475238716,0.4420193822657904,1.00326144693221,0.07381297981849716,0.5017963530263327,0
0.9722622307910822,0.5706194586641429,0.8151404838402799,0.17506611443371936,0.4831137877567578,0.7921406808783135,0.6775431917471367,0
1.0168590387414906,1.1241044931682374,0.8172192080470763,0.5217057604799429,0.35368299340411274,-0.00503234658233942,0.4844131338224076,0
0.8461436463032792,0.578120893008079,0.9801702765301178,0.05918366370426745,0.34481339893615204,0.7106530659168083,0.7502934044817179,0
0.9938711201088825,0.5435933963911983,0.8591022758366031,0.13441007817077927,0.4424612403428647,0.8549828381955323,0.6060350191107134,0
0.5957034761621077,0.19408861702624963,0.9327892318268959,1.020425295730015,0.9588073101551131,0.633520600819014,0.834226012030007,1
0.8507030925320523,0.9608123931086557,0.8113600387925947,0.0413326626950528,0.5718010657210633,0.3504815272008335,0.5853639762442308,0
0.9845969330277328,0.5659239888967157,0.8277916026988049,0.1700791669393328,0.46977951282380714,0.7989029424481524,0.6860284385598756,0
1.1567805259664767,1.1291939835166687,0.6711765909071848,0.342553552206145,0.7461567859282765,0.7183937314537379,0.8347579164355317,0
0.4701558014678074,1.0023989292978401,0.49885967475569926,-0.3320604864282903,0.38219446654828404,0.36389881147030056,1.1465410700783587,0
0.7508153986679972,0.462913040331577,0.837283061740466,0.4464086609299245,0.8194808358980284,0.18188951697060804,0.7884739840229374,1
0.7672669007968881,0.5395467581937385,0.6142636495512273,0.6387064897810176,0.9424903171834821,0.3235591635483333,0.7089559540339204,1
0.7429340403989917,0.6771661953837977,0.5439049095841754,0.6369029945663512,0.9608507015675523,0.45300011276997865,0.7883394276042782,1
1.1066325135247619,1.1527107328539474,0.8011877128912559,-0.11558217318559183,0.6334629558261249,0.20431129632651798,0.5493056988029931,0
0.040001951378757034,0.5927702623191339,0.9376727219363482,0.1300582561850334,0.9721142864061953,0.43491851085287536,0.06971735220449499,1
0.9118033189379919,1.2884532929941985,0.5542111229965648,0.3156954725896282,0.5198628704397424,0.5001183753830502,0.5329135201644091,0
0.7502789498984043,0.6010085521259195,0.6478863431083913,0.6500850458852849,0.9805412783556298,0.3533637292608704,0.8096675578175414,1
0.9493861052088102,0.8958831620497154,0.9228425524559685,0.03036525016860204,0.5658476265923775,0.4395426428384828,0.4681822509161766,0
0.0731835324336847,0.265125705869051,0.8153843241937386,0.04031934952668936,0.8723361687793977,-0.07922495602618951,0.9818183537368886,1
1.066346967494225,0.07495626450210957,0.5423150245477375,0.3537147403370613,0.5758754021960535,-0.2014502544018023,1.124814798103352,1
0.9248322952470386,0.9484973106485546,0.8924794959432467,0.0835789273813169,0.5919321344644055,0.423848873926494,0.5301995791321374,0
1.8436327215727084,1.0925572327664614,1.2418396829986493,1.6824064803680097,0.663779074109162,0.16042315893758913,1.0656494250084627,1
0.42507689200506316,0.29376867899850406,0.1392707059551911,0.2642441471828673,1.4433661786181755,0.3493330290450683,1.0787010706124374,1
-0.20338954188146752,0.8155855909389927,0.9420945886607465,-0.07330070761961971,0.896479852379531,0.5663512467761085,-0.13268624830941592,1
0.7423365509366957,0.6317325019293032,0.6250671726199231,0.5925576768924369,0.9086911608614454,0.3604362414878538,0.6814521431541107,1
1.037608085815745,0.4907078240385294,0.8040322160372586,0.20368503058529236,1.1029576033307018,0.11990540700972543,0.4782643743985443,1
-0.03083468041503811,0.7550007948045125,0.9645505533991057,0.13658042498989628,0.8745331359263042,0.49410866248072594,0.1906904546531476,1
0.896774371351806,-0.17695961718564968,0.3356814978098356,0.28343141107936903,0.9679661570266037,0.5679334427997251,0.9121033300773083,1
0.8293295343030025,0.9096468078818998,0.8658288270303167,0.9534344452750771,1.3064280753990756,0.4675817289741995,0.8507723999772457,1
0.9159057418427119,0.9131001290803189,0.8519246023436237,0.08212815218193448,0.6366933286463824,0.34932369496218996,0.4476788689088603,0
1.0812570239680905,0.6889155584773656,0.55573377324604,0.9785503523679147,1.1059756170137813,0.6089154290995696,1.018609371109098,1
0.970800147604447,0.5870567004135975,0.7992030733890998,0.19302567106488963,0.4873235469697102,0.7883770055897634,0.687310112977832,0
0.7870772074686454,0.6201015066951443,0.6300512514360869,0.65570462736768,0.9903477946710942,0.40321096207328727,0.8073000995476974,1
0.7159349108687614,0.3776431296625229,0.6420786504366666,0.5272501141247924,0.8529189774184684,0.38085099889529045,0.686331330542143,1
0.8929182526970139,0.9136425947490627,0.9119378672940687,0.0717416937933136,0.585724160158262,0.44238435233140433,0.5272549474744271,0
0.41035275319703135,0.3679160023461612,1.0542839856883037,0.8423552574522507,0.8326537943000986,0.7697509146009309,0.619568469548409,1
0.9564038000749829,0.6134406639218938,0.8093555585909306,0.21580169221657008,0.44581283779590647,0.7806520103029776,0.6597738674950984,0
1.0818955568552693,1.520276710750401,1.6505024742022485,0.729372261432921,1.3362345062687586,0.7698953898504834,0.6510065863363313,0
0.9597703328460759,0.5474822933113872,0.8308426367135703,0.19506602987690455,0.4916892130091249,0.8176285043614742,0.7226674525655657,0
0.9352779804672084,0.2563432032058861,1.570529633749379,-1.109219525145118,0.6185703334353378,1.0047193621436543,0.4328971133046872,0
0.6973645660341641,1.2298989653287098,0.6428399675004923,-0.10257517048255296,0.3674326665086002,0.20993038538919598,0.6063118648443088,0
0.8939127006810463,0.2620686044850208,0.8351462778351572,0.5645397450141718,1.3689903436808293,0.7698553827482406,0.40466651212585414,1
0.02187182691479026,0.5899873467208016,0.8878371812016984,0.12730681297541085,0.9786047832211398,0.4992922769740997,0.013084493922212323,1
1.0001958052970474,0.5865156482598558,0.8653046086555362,0.24475799625806077,0.39761641557735233,0.8668031646393307,0.6711287824029324,0
0.9454810407047936,0.8934832139100268,0.8536784524965105,0.03824770321787329,0.5919652414991783,0.4084377237798626,0.541740720519399,0
-0.22964134220868893,0.6196786236031175,1.136299055121768,-0.054546967080783826,1.187565230383072,0.610574227270235,0.04355318750609486,1
0.8824026146663593,0.898218238298177,0.9176768944272534,0.2109895551947701,0.7473857848094491,0.04707979455180028,0.30986344856954934,0
0.9892058342924013,0.30447915497619915,0.8396535970603757,0.41932627431238007,1.1117233941674223,0.5669175455381138,1.0445680270279507,1
0.30896523318154295,0.3624378291483175,0.5893657895673345,0.8071216031033817,1.4704663747165565,0.7642929752601582,0.29388133805190136,1
1.0492466412834787,0.9623135804141849,0.9593662091922796,-0.1410871170936244,1.2029284011743453,0.11621045288080556,0.3230043013393967,0
1.082096515806997,1.223200531566789,0.7881888200026917,0.44216249801873314,0.7844735249720126,0.19342355439949266,0.26683917653010036,0
1.0439869081419675,0.6289214442123263,0.9315206622569396,0.09428856821826276,0.40501762227203264,0.6789363940352459,0.551427321062288,0
0.8042148249314461,0.4230134180571146,0.43512936444307626,0.36561144107163285,0.8166100264952962,0.17804029080146802,0.8248463738517002,1
0.9051656415052776,1.2482490720090966,0.2749986423206354,0.20927457991065618,1.5164498130589155,0.6563308193828046,0.4770087719004537,1
0.492725413334079,0.4915695761736477,0.5590197900052425,0.6605666622392927,1.2473743963414852,0.057248515482234974,0.6526536374135826,1
0.8246990038352486,0.9052180148053834,0.9008546714686457,0.09809647822655305,0.7453220017261648,0.37438158774143826,0.6125806037943684,0
0.8343875878804436,0.5886333692053324,0.6453230513583688,0.6033552441850666,0.9449890673578579,0.37690026364467033,0.7856648842869479,1
0.0034474767275752584,0.6232969304952246,0.8908833966142935,0.106036640343699,0.9804667334045961,0.513277162716402,0.013863367568163556,1
0.8705753949637258,1.001818455585775,0.8056790742614772,-0.002745708273714828,0.6626063024767846,0.4336184940945862,0.3868750954127864,0
0.904019492477203,0.9682132760379079,0.7723035543470471,0.2425658305062698,0.522102571230775,0.5688215659010071,0.7035513079194765,0
1.2282139995766745,-0.04310736875877963,-0.09467299947768415,0.13842187319499294,1.0911519679676651,-0.39243855631608604,1.4862759038597364,1
0.9690659911057498,0.5881089148443229,0.7986927764216694,0.19083420724436737,0.48667458809018427,0.8083598270144771,0.6898402607563958,0
0.9553245773653021,0.5860174597911331,0.8391301431027829,0.19507030031286648,0.46996174457363826,0.7905450742555692,0.676064311963914,0
0.9755719947802647,0.5741556472102105,0.8141973545713728,0.18291428747120983,0.4827085770108775,0.7920256511097111,0.6798233034491594,0
1.1610749564560812,1.0388786777428127,0.7710096746724824,-0.17129488047046115,0.6030200714873791,0.2740275703591254,0.16890741834557554,0
0.8638281162523871,0.6126799455065612,0.6395108828635102,0.2872411073299782,0.5853398953292588,0.8047293894019995,0.6006931105834057,0
1.3151509648476578,0.5679235631319268,1.3213286132341615,-0.13037138791871694,0.6193331079591774,0.017999944379261612,0.21320654109982584,0
0.7106391894239659,0.4431982261122782,0.8069974575915627,0.6342427677403276,1.0618112921854257,0.37438705148007023,0.6310264848996006,1
1.044095308543259,0.7394672765761695,0.7504827650375483,0.17674498190689178,0.6161152185557969,0.21333735676512017,0.5276552608448067,0
0.9968129504316499,0.505333122215105,0.9134638439548264,-0.3190088607902714,0.11514416298197028,0.6877939383402061,0.5352926759664413,0
1.0856831373890217,0.33275634850740443,1.1131336085696522,0.4440830138366504,0.6234855986714464,-0.20419043688667737,0.34590694665812294,0
0.06469340736383838,0.5936427264031345,0.8688891285893059,0.10444696716258493,1.0163206754714396,0.5299482463370297,0.038281701933247356,1
0.5580896465032805,0.444106962136812,1.3509549868074926,0.45551823252575535,0.9370198955993333,0.876924143355911,0.964389722159793,0
0.7821148844206474,0.5845401535023514,0.6499532913294862,0.609409629654868,0.965684115883914,0.36286843206396735,0.7706569660711756,1
0.6562879311383849,1.3499568673856341,1.0914991139610473,-0.24125538497904897,0.4504502082176701,0.3554114909432274,0.6421089395568524,0
0.8035060538841714,0.4945207289523237,0.6576527512166243,0.5585785404229476,0.951283948861235,0.3113715958289039,0.7001251343920584,1
0.055178977113038236,0.5278474779668886,0.7374125541840861,0.03485625360337606,1.088856990539766,0.5067981663803894,0.012148143110715975,1
0.7260898661179597,0.7907010796195144,0.7032050341025353,0.02511500858431409,0.8070986746519934,0.378225753910783,0.7192021660130216,0
0.47637479009613937,0.4811359039966552,0.33208850729547795,0.40387861757997323,1.2705077886776825,0.7170534262244168,0.43126105650418456,1
1.1183373890615858,0.5803590227733144,0.7636735680315824,0.20437531441416637,0.5412568882423724,0.671494741246249,0.7653282262079657,0
1.0557027399409877,0.5473308307783047,0.44044740011550865,-0.3389103237473677,0.165998418616992,0.4763078549212071,0.6178647497339829,0
0.905916428154458,0.9455426062503274,0.8215199765410268,0.09415110390862913,0.5278622553883086,0.4325027147550144,0.4651498866806052,0
1.0351397544006182,0.2642992541054259,-0.39351181382357703,-0.6161571392943449,-0.24578567504704396,0.5938206796992006,0.48331107856013733,0
1.0568523960626646,0.5408827779807039,0.777214183911921,0.11164182768629465,0.4104422286181107,0.8090073536167403,0.6901395552956445,0
1.1495821683424647,0.6724012028612969,0.7157279922538992,-0.15755951430352672,0.7210594525540266,0.23121116640825554,0.8834204234795494,0
0.9278981337445867,0.9455249491085942,0.8952549034016394,0.08459430726224727,0.5950853713757521,0.42316183991981826,0.5325667352959734,0
1.0237483271857233,0.9933967236101087,-0.09726412288806896,0.9547079611397548,-0.05628805129497927,-1.1177111539427749,1.4598524581070271,1
1.0843078525313363,0.8739468996591409,0.9760018794816225,0.020935489325348736,0.6674961926469383,0.2998302201764184,0.4246901490342593,0
1.0024379145447422,1.0131988840141488,0.8742109159463852,0.15716762258398304,0.6619571701311862,0.3662278768161301,0.5491939961279376,0
0.6579062706076662,1.0322859377243843,0.619120924936742,-0.07901416819637286,0.24489391911410535,0.1987686918349256,0.7954471502431557,0
0.917336735422429,0.9548507741255234,0.900010679744102,0.08757576143176277,0.5917903373373884,0.4267878204414202,0.5316886343734556,0
0.12858651772973917,1.240958807989588,0.7437227365387891,0.37686450367444563,0.053038399576647244,0.2594711997608722,0.5335939830685114,0
0.7617899128096632,0.85646426324275,1.0274055042981765,0.24755835812901542,0.5556574990495924,0.2589611471187762,0.41399740103252103,0
0.8798082026026335,0.5900069656245138,0.6930469414698495,0.5115823518275662,0.8614222381029141,0.36209509396691497,0.6839285077976045,1
0.85792236679296,0.04872052202778776,1.58778133254628,1.283477917666044,0.3215106146840969,0.3277410058626557,0.39366843223463927,1
1.3349869751808878,1.2162680829991832,0.4252097831077422,0.07846717439937623,0.2574485547949826,0.07830087190030782,0.7299627656188448,0
1.0994001515595322,0.6000851519653029,0.6864255186545603,0.5888800866089648,0.9210717293041202,0.04395093790143706,0.8410501502840738,1
0.8890050098199513,0.75933196963883,0.30168111057395863,0.4304651563366264,1.3162153432355028,0.3489051259995564,0.8856626411934161,1
0.06771077381428567,0.6060673726192946,0.9210048614880896,0.08146825287449372,1.0335511012248166,0.4957942852766962,0.027353476604962713,1
0.9728902834432043,0.5897451089784778,0.8367435268516777,0.1564699289170916,0.5159520776359391,0.785664927168746,0.6887433875300537,0
-0.14225647623989127,0.7414370020663451,1.0074840615635234,0.26973756193272774,1.0263045437094347,0.6404700902639232,0.17242326579133307,1
0.7260747641332561,0.035110361026316705,1.5292175199900502,0.7640711316019426,0.58172934858939,1.3070192868285677,0.37251193352670287,0
1.0688002326605812,0.47727901678618745,0.8283128613325403,0.1786229550475493,0.4709259190969617,0.7131411779390571,0.7019260831417647,0
0.3657972951583427,1.3463933180991927,0.7097624643747027,-0.01875900204108097,0.6068098203220677,0.40008082159875735,-0.010456283729170512,0
0.8921579668703188,0.6068701461339595,0.8511056327079338,0.2159143265730545,0.4554591980821958,0.7868036541635502,0.6655496486545904,0
0.7587014993584985,0.4942525914305363,0.5527498693748164,0.2589743982688735,1.2477572552156222,0.3549013942179915,0.6898443726568261,1
1.3928689722386087,1.8677228305043827,0.7330860928185668,-0.6486689695367068,1.4408428557957582,0.5595072865225096,1.5898612659621425,0
0.9246519352068128,0.5153347141169564,0.6991213688415707,0.31600976359001853,0.6373216388163485,0.6271829580598891,0.6567228600004292,0
0.04174525126248743,0.6026837272038315,0.8669793320655732,0.11988242389950635,0.930193051452662,0.4866920119082183,0.046933641194899005,1
-0.005790715076152579,0.6993039410351267,1.000342404882348,0.13619549897841046,0.89172243208397,0.57263172750885,0.02650202221267317,1
0.7511431334105061,0.5763343988283022,0.6952345780510915,0.6505602159736454,0.9767096073724947,0.3756448010797707,0.709589108102497,1
0.8555400370932916,1.107188171646508,1.1233563374390563,0.23505171534847832,0.6081052556054833,0.8960840611096783,0.16924518067306932,0
0.9820469914008739,0.9931267952330508,0.8119674241101016,0.09295789950010691,0.5021900697837571,0.4268244864906551,0.5546588384243812,0
0.8272615292323413,0.5941045476087419,0.6855712509305407,0.5722143154443062,0.9260575808018319,0.511381800778646,0.7528736567317652,1
0.8775982145998658,0.821009227968375,0.4298694380539432,0.8580028112140081,1.1487462945060694,0.4903333348825339,0.45489311790560516,1
0.9122700672998307,0.9696402964064011,0.8600138682272396,0.06671441115227175,0.6065750588429264,0.39668528405388526,0.5356794868685011,0
0.980224089514645,0.5454886832530486,0.8056835941686605,0.12407576953404459,0.41730805889124367,0.7785906665736961,0.6443492838397249,0
-0.11843094408988378,0.6961217842665229,0.5831275962032936,-0.17821681900960124,1.1307618162196722,0.4600208226421682,-0.4141269291704415,1
0.7296525637584472,0.5853267928304866,0.5767228274039781,0.5763799209037246,1.0295427469628267,0.3006700485808758,0.7821155398130121,1
2.1417103785732126,0.8301954762012759,0.1942683054029446,-0.17888782192324004,-0.12141412015111075,1.6951120855225787,0.9618520817167318,1
0.33340547623372957,1.2047839254750918,1.6125481846478458,0.28278141786378747,1.1855065631233939,-0.5342645865030364,1.096583844131692,1
0.751451694537548,1.15078492866859,0.8668096283416825,0.2622888979786943,0.6283669288824199,0.5172647085785118,0.6827951198778128,0
1.0457352267282698,0.5808982047684413,0.7377051859774919,0.179894981226931,0.4205591183919429,0.8025645564850873,0.7150796441580569,0
1.0054767218664316,0.8346152784512791,0.814470384145753,0.12184726303495927,0.6097894302780236,0.34117071439855146,0.5087807633688801,0
0.8452303167649285,0.5253584245705815,0.9996264201905942,0.8436862473701994,0.7383970367770534,0.07333656756787998,0.7175819167112573,1
-0.029601357794921637,0.4728902709176843,0.6881608701739603,0.23437565431668045,1.004674455138006,0.5293409407040617,-0.11008586125148717,1
0.9514791752830745,0.5646813694153429,0.8092038910953456,0.19662011501980955,0.5046260450863728,0.814928142923355,0.6698469531201663,0
0.9647201768069553,0.563171548559458,0.8273699482521356,0.18787136118299538,0.48028680509562904,0.8001531236255164,0.6735396678841181,0
0.6706514538936874,0.7847907438279323,0.10596540318136427,0.8946806728906349,0.9048020151964213,0.4940381379881884,1.2779227184093906,1
0.9446556472635935,0.47417447888662306,0.8529858104836162,0.04684102416380184,0.4877180134000194,0.6803327783756195,0.7331319185343574,0
1.549959485595063,0.15481649615190773,1.4545221051934292,0.6603528385915786,0.23481389487804594,0.9349205994532843,-0.021224137751943983,1
0.8229050355300117,0.9742572275488736,1.1330819979975058,0.09811040168995601,0.5404532116692815,0.6786740201103447,0.7139191354377731,0
0.8887407942050362,0.4286188235433483,0.7041455254172799,0.550920134894046,1.0271292367965894,0.5748801881558017,0.6844697471474027,1
0.868210892889073,0.07321252442005777,0.0981943406798732,1.1655948617100107,1.6323364553444106,0.09099029947492576,0.9564935701755239,1
0.9590909022050927,0.5732397385253853,0.8269967616092541,0.18444776552580883,0.48633309102841354,0.8044188936459107,0.6700149725662522,0
0.8695924415072261,0.586886032993462,1.2176151870824763,0.22194586748869308,0.7855996010006533,0.5744161797437286,0.7865842362034312,0
1.1229875177014343,0.9896574990549897,1.2087206392081473,-0.04358600693386672,0.7159698900349487,0.170614568836548,0.6083871232974905,1
1.006820300863895,0.9169189202890856,0.7121891727433161,0.27625257308409856,0.5987519205100652,0.21286427258488416,0.41815824388272915,0
0.924131501601132,0.8435655658412369,0.8728219821637663,0.11736626937932709,0.6264311226921657,0.3900829966596029,0.5768665930235422,0
0.8611240449515183,1.0111676320831866,0.8566128819606695,0.16241839653532514,0.6367783541792016,0.4821906528480306,0.621053624087124,0
1.3444222149227816,1.5902813136374594,1.1836963224030654,0.3883645900712113,1.5586051921205177,-0.9764804825423066,1.6801503156320878,1
1.3435131842344106,0.7661447520733542,0.5338657911109602,0.6240347834447622,0.9072951101192229,-0.15365732145315358,1.1847456105852952,1
0.6111224658031882,0.7569604019656714,1.109098681175459,-0.01715005252228667,0.37810845458852604,0.5184054166897498,0.32127283136220947,0
1.1319168017744854,-0.27834379806678466,1.5464499560071214,0.03457233589588682,1.0607994359826978,-0.2369474885297752,0.4389682911235929,1
0.973754999774758,0.5499051255821096,0.8327280880765445,0.1597127811537284,0.46358004068654834,0.7999054302825424,0.6557464862616872,0
0.9668085837633006,1.1636303896479405,1.4784177255437418,-0.21059712958612364,-0.10529110874131642,0.057291422274047876,0.9315329642212331,0
0.8722164156421476,1.1292738735083256,0.7845157675785106,0.532882038167763,0.4796026928196581,0.40445917849524654,0.9679479772116726,0
0.8614310763598788,0.5600263963374672,0.6273778382255666,0.8211027522850065,1.1661129575434064,0.24579560339302778,0.7292189917305565,1
0.7169615799709497,0.868472694691093,0.8224313458539905,0.1903456333430078,0.40149640980488016,0.3983082282822887,0.7114388005382652,0
0.03209240080831846,0.7200966344524288,0.835072129333626,0.09568786489024188,1.004635975684227,0.5710858753947299,0.11448009003407737,1
0.9375208067191092,0.554579481820173,0.7638733158789315,0.125849856846098,0.4717365796229186,0.7844167199582458,0.6882569456512455,0
0.9666362098509719,0.5870316501314574,0.8071010591917833,0.19218722949059777,0.49951354382056834,0.7854079490562103,0.6895653428869989,0
0.882033774948819,0.36597571391564254,0.9067055152181132,0.46960951084298724,1.5146733995255595,-0.12419132541751199,0.36129357960174174,1
1.0343201173556882,0.7230458998264626,1.2903184800738101,-0.24483008518287203,0.18601441773327176,0.7609332375593718,0.6895526312043238,0
1.2937607245535567,0.6623969420988279,0.37291666833315196,1.1524550101019844,0.6037031941317241,0.24935550517547678,1.2250841741389746,1
0.9724336207625622,0.5616322795207161,0.8054789194601073,0.17767602127965745,0.49327655519364344,0.7748795684430315,0.6818894356814846,0
0.4165825223663011,0.9316389752876003,1.1485030058932921,0.3060885008763076,0.7178969365653468,0.7317285852192941,0.9744901235898604,1
0.9792369760523382,0.6499541947477161,0.7488491729407084,0.19857035045211752,0.5406202812361793,0.8802046812500072,0.7373925735220433,0
0.6453862346503403,0.9629741120657419,0.577759911381648,-0.17668997970605194,0.7527428491414645,0.16466522055439864,0.7367575998381805,0
0.9299135245031535,0.946813154144184,0.9237869659294293,0.07537548643274147,0.636370118404759,0.3680822437747308,0.5423291115613894,0
0.8275222578187417,1.1969594751094454,0.7314326212492532,-0.18430227043192865,0.885819169787947,0.12671088805931557,0.5926779148415348,0
0.8826793187558652,0.6747109756320643,0.8573722639887039,0.08567531001738125,0.40775724083084947,0.7649846913185819,0.7449364378919396,0
0.968401807005515,0.5802937103542641,0.8165525969024868,0.16844260664094357,0.4837688164522794,0.7871713572725688,0.6770994424364485,0
1.1500275445378945,0.929633035366214,0.7720299642749672,0.20078334258809255,0.478587945123482,0.23510883477392924,0.5368785072290573,0
1.1893236058494068,1.1620565130766338,0.7577075356134306,-0.08800027566130877,0.8591147271178075,0.34983928258080377,0.30450481328308776,0
0.8258722675568695,0.42243957516792197,0.9780362505234879,0.07743587437719004,0.257794202846523,0.559017438798443,0.7619371502496535,0
0.6779571353786297,0.7207189197329568,0.6098342395645074,0.5401156558438072,0.8870591057442351,0.41177383486323726,0.8447134189842671,1
0.836032652446318,0.7135895381642801,0.6116090317213448,0.7200525378307749,1.0952052769142269,0.221135514896088,0.8942246703209717,1
0.9573811373908441,1.109356286612641,-0.12067387004573171,1.3181402903839015,1.6753146794864824,0.6491281359050971,0.6191831911285539,1
0.8052047772213883,0.25005908465970345,0.9329556002751509,0.643397441991436,1.0949857427259768,0.02577627234991875,0.7637422356743623,1
1.4443464210892334,1.7133633525451246,1.047711121499576,-0.4426789132861081,0.17635073580115057,-0.49378695159433383,-0.27396148587341906,1
0.06416874428239136,0.5717949977308094,0.8429463528979454,0.20396820481864436,0.8974398506169241,0.5723750270234191,-0.06954623046961936,1
0.7270511652785505,0.6533002773122853,0.7635732725603745,0.2552232905019339,1.3311388832887254,0.07214239322350186,0.5194085698722264,1
0.7739697446337438,0.7417353548040423,0.7659400915394529,0.5722993917448298,0.9067718186005208,0.363930751456478,0.6843516900776689,1
-0.049957382422790284,0.7362007394950616,0.7133496103239898,-0.05590287636842162,0.9091188805140931,0.4054852734448716,-0.18971092250220142,1
0.8288435672561532,0.5792409004271216,0.61171361430411,0.7030554504903013,1.0064536250010117,0.39193059078694303,0.6916162590430237,1
0.002002642301422093,0.5827928891399401,0.9211605547537044,0.14730732202917346,0.9590499793888267,0.4621578785404279,0.014716357860034224,1
1.2678411170700365,1.3043209331652177,0.6299740954178754,-0.2008512119603027,0.5282305259197356,0.3822819527916456,0.5161093584940872,0
0.9155555406510764,0.5325746862398599,0.7645591001273155,0.2463162451356552,0.48214404332021377,0.8209082709445613,0.6481581417045739,0
-0.2741404370783411,0.33870658237453066,0.7516566285981298,0.19801142422349582,0.7225768701318303,0.2274825039117948,-0.019129424280195297,1
0.13097347395566894,0.45057108563598947,0.5458886098084668,-0.07664179296947327,0.8742811928487401,0.48201791844933467,0.05506538974425591,1
0.8035118611924578,0.18903845110948836,0.4749645780561518,0.7326327426541425,1.1386747755021045,0.03447492042581318,0.5521132119238803,1
0.07375109605709387,0.6760784198227464,0.9810510531769611,0.06918117605866364,0.9236799357584488,0.4863517649056822,0.09884339506741943,1
0.989406781691697,1.1531049752547717,1.0888050991790883,0.26290619897330036,0.44923803984642496,0.5585495556939593,0.4104713404921332,0
0.16102222677686343,0.3582169448781515,0.9659368128656056,0.006405303599625739,0.9659781127199007,0.350281816519021,-0.14355383951977355,1
0.8838951588375055,0.8435005216732016,0.8939302489405632,0.06014829742915021,0.5036445997010583,0.3179951829372618,0.5393384163983725,0
0.8241147847618638,0.6296582554681197,0.6033974200372166,0.6513353268912612,0.9659277493966771,0.3959468242136951,0.8057280449886812,1
1.2792503164160685,0.7759354531662606,1.2401405337254996,0.21696922227068183,0.9337973745309494,0.3925893198107044,0.1250039583926571,0
1.4313937292474601,1.3953353936225912,1.4302228201155107,0.3919902238002352,0.601525633848783,0.22490453942295813,0.8961035819361174,0
1.0895374586373159,0.6050456883640283,0.4889166977005749,0.31198897875652765,0.6214113576654888,0.5083981051558053,0.357445545267048,0
0.9022380081027426,1.012835721019171,0.7297669225996906,-0.014745675437032021,0.46042251929036904,0.530746111590772,0.5723474187680229,0
0.8250395370846896,0.5064159399187004,0.5262506872391979,0.4287776183958149,0.8614117636389639,0.358028709134994,0.9589199555085418,1
0.8839725810643375,0.6835892827959703,0.7776701424717699,0.4694513699482057,1.1698332655174877,0.19691753765736295,0.6500270915296602,1
1.1240916864687405,0.5614645250139303,1.3516406388052369,-0.0016327878154851622,0.7238383623633949,0.8785776470170474,0.9221699317063125,0
0.9932899576162513,0.5527977935234938,0.8191136649647643,0.2184327320474708,0.45365283716459914,0.8620813717082838,0.6942767277034413,0
0.776225492972473,0.7311645339179922,0.6170854423393077,0.6220181820639327,1.066314020526881,0.5303386316714777,0.7481667995670318,1
-0.011991486071114745,0.5732036005203467,0.8968205971231066,0.12419810327320466,0.9429410832718037,0.5396840880688946,-0.018248802369969556,1
0.9586258024861556,0.550527831662596,0.8241356914315726,0.16432975486396442,0.475532840196482,0.7952244066706673,0.6647290353323501,0
1.0250094056884842,0.488150969874116,0.709618030126457,0.14650926113357302,0.324503504492246,0.9202713968704618,0.8878253684451298,0
0.7653499650913961,0.8643868903245997,0.8963106064868587,0.9341440336727016,1.119834193261605,0.48574767103308847,0.7001088214585542,1
0.40523968954406564,0.7226463132921085,0.21040561996705176,0.4594256052467796,-0.018777580691724416,0.8462447283460738,0.17784538292021246,0
0.576042756181318,0.8969712557154523,0.3465117695352659,0.8562713298398181,1.1033943164225564,0.6092424561617257,1.1279681022417787,1
1.3116163972772998,1.2111929938194448,1.202636448245243,0.5641540093146913,0.6870403207320083,0.7124922841414704,0.5227153726406141,0
0.9751234156093518,0.624703627557293,0.8082586095399604,0.8166536844018555,0.9617740037093966,0.532934450237929,0.9182265618031591,1
0.9297319586382369,0.5472614586974182,0.8503474281503617,0.10465711260375263,0.5398908450409072,0.7875098428091296,0.6083604856599373,0
0.7953662167867726,0.4301697823667209,0.30258244046006905,0.8034106274854069,0.7642349581093897,0.32405473366377807,0.6932979917316489,1
-0.2938849132153454,-0.14155228409576004,-0.2883413562792225,1.1764881773723541,0.6287307665622565,-0.06461750326912508,0.12964181945426223,1
1.4751334853995643,0.5407706251315985,1.0536277365868152,0.11283735748014834,0.4766318838056533,0.43366287136697335,0.9952581464634245,1
0.7096549338390702,0.5123652332110874,0.672731860508048,0.7118229282404004,0.9982184145851101,0.4353954584250061,0.6904671721420919,1
0.7030074377371577,1.3695892467111697,0.39436004965149185,0.551101224291932,1.8815316675211093,-0.2669339504949809,1.1498208515825166,1
0.9463346743186594,0.9495172329006967,0.8568707187060866,0.05264679165159819,0.5680259200805591,0.45406972840773996,0.5235024178131359,0
0.995043810157718,0.5479546060408892,0.7122452612094987,0.5186355483954839,0.8635961132176231,0.08316450983319351,0.9224492545540554,1
0.7697470598279296,0.5757639684293056,0.689492660665863,0.6027161079076805,0.97138570083699,0.3351457542502102,0.7872515733510302,1
0.2673497906076823,0.8673214494581305,0.7894668892033514,0.13335787840574628,1.0851655245257126,0.4694032447648943,0.23154880892400254,1
1.0244983562251395,0.4088719594117767,0.7509332090978964,0.007543613285357603,0.48186725587152607,0.7687109326367205,0.5457835392273388,0
0.0008000623014653326,0.6040830773284257,0.9482959176503976,0.10411832106571393,0.9705822387496529,0.521015737579874,0.03320095531234615,1
0.8993738102986318,0.9122796504184902,0.41066128198332763,0.5092112563356838,1.2740654702813914,0.027184018370501162,0.4214814726748292,1
0.8698715500961858,0.9443689954313906,0.7839070126592386,0.11767548051817153,0.6774215845627081,0.3463544408884391,0.3775987637022724,0
0.9521162674586202,0.43295173111945107,0.6850826620467471,0.25267987139392756,0.46162241972296775,0.9369426265420036,0.7577842273023959,0
1.0641930790980534,0.6358367955708961,0.8369125528407878,0.25328902606171766,0.5360581417544452,0.7769380326859571,0.6375400100478039,0
0.7530184795956496,0.9068026355927403,0.7193010073105143,-0.0698244207097892,0.5722012088796881,0.32230261140392963,0.7236671767201875,0
0.6486998208253989,1.0048355750911167,1.3067249175408744,1.1004081379568633,0.34622504200117776,0.15399335699898023,0.6411670433570457,1
0.9862487212893105,0.5651781904126965,0.8274785244239016,0.2066187235707815,0.45776237001996634,0.8203908097376668,0.6513266325840718,0
0.9739747144410931,0.5742484405916842,0.814670654576789,0.1760947190955579,0.48468017344947817,0.7903317332224822,0.6772515406642131,0
0.9705307744592655,0.6112562869423547,0.8519636208156518,0.20193559977331174,0.5104704840669029,0.7688364396282451,0.7022270105565402,0
0.9671216212865157,0.5507387959290347,0.825075287982286,0.18644248035291364,0.48303074420387176,0.8035441884839654,0.6676063657253358,0
0.8464147220948479,0.5849122425582558,0.7066294364048481,0.26256084320594175,0.4635851130804184,0.7403294414334456,0.8605836546368631,0
0.8716192414958053,0.5909614213660073,0.7949112970589128,0.25972247116450653,0.3842119958006657,0.8846351645723726,0.646496882807452,0
0.38731463362251706,0.04176836540211182,0.10786766822850502,0.016031209433176152,0.4466296283449245,0.9766590049324078,1.2622468122254675,1
0.990531957062752,0.5853985059690336,0.8129856790788367,0.16289270442519327,0.4692284053820654,0.8039630807083308,0.6669441341702216,0
0.6478502984530911,0.8201912862795834,0.6023840843293885,0.12180984448262294,1.0098417568500704,-0.3300015828662832,0.525407245607593,0
1.0954608501296423,1.0319992607488593,0.6566343507174438,0.32467251835269506,0.35630727369718723,0.3687957832898644,0.5693714766302881,0
0.8865901967961953,0.6664496343535292,0.5246021305316749,0.7205577721610283,0.9317951278142388,0.45660548854065786,0.7589865608375285,1
0.6698620234861656,0.6516858768974765,0.5455417222819484,0.7413891372364065,0.9514600886009554,0.5260521796790428,0.6774555988628141,1
0.6597253122362299,1.5414299376114555,0.9961607964343269,-0.001890516540467499,1.088910644079398,0.7119278338040316,0.26490537006236875,0
0.8250720388467236,0.9561427034377756,0.8471058615939269,0.271847909581285,0.42884190265751043,0.6065590082278783,0.5174770372689976,0
0.929466491146445,0.8419091275082365,0.8187147321403789,0.42388442052194986,1.1842377611671253,0.41957234830259116,0.514699704233255,1
0.6329193863852738,0.7367884033100575,0.13271982075981636,-0.5045366523193768,0.7278195549424502,0.24042275680853173,-0.32647799891740037,0
1.5614627446733413,1.1788641062664453,0.7447244662885284,0.24924053026209197,-0.3292698946252969,-0.4854561611209889,-0.01775413795108638,0
0.8813623124002882,0.730965311729912,0.8547577258294519,0.3467778062313391,0.8479075211733953,0.32018506606914376,0.5074388685775204,0
0.871257359816607,1.493238817191183,0.46584315256196496,1.0427274694631814,1.5532597486089523,0.9056149620420907,-0.16747317687558994,0
1.0100336940104637,0.504160399631684,0.7426616193742979,0.28013228483496033,0.38551387706135243,0.7927108004139274,0.5794392149179929,0
0.8962231341107767,0.919063111446174,0.8844834294071523,0.09316687583583139,0.6141511000857212,0.4548030439273074,0.5582923712182659,0
0.8239021154858426,0.9967900952517932,0.9541986267909697,0.21598579177289265,0.4948960997445142,0.5181430693141769,0.6240637432238387,0
0.9501851123806593,0.5278774686903213,0.7634423805846188,0.24397513907523966,0.4460507517087449,0.7392955956310807,0.6110930305967431,0
-0.015570688475010402,0.6873857917435252,0.9550618256076325,-0.10083574353267205,0.8496587400331987,0.53498445710134,-0.10800038973227552,1
0.9290617570252093,0.9483937522712441,0.8902824022998636,0.09162259250702362,0.5878265798811492,0.419324640175864,0.5379695668013438,0
0.37572592956159345,0.4735697944110691,0.8970282280083377,0.8562696824346745,0.953357665954201,0.44032535084587204,0.2436400013788963,1
-0.02773809023713269,0.6530107865023153,0.9900216921113373,0.18854106811207774,0.8951449949926723,0.5143722522234921,-0.018326762873214435,1
0.0541697457244315,0.6305076452010471,0.8871702069045178,0.10524518619196849,0.9600057169511472,0.6054494170876613,-0.08917215559150748,1
1.0924813641093014,0.8074078827910083,0.9611137787240804,-0.015519365768164123,0.7709646832569164,0.32946345161972734,0.6770563178771191,0
1.1211674299177115,1.0414417843786996,0.9143116582923259,0.7823975436427475,1.4141747976362953,0.23382800234471213,0.60305348054399,1
0.9377753295486909,1.5089093511968703,0.08817856504898935,0.13419643956422173,0.9097731649509866,0.32558921647964123,0.07205736491254555,0
1.1577552165147371,0.9577385677357177,0.9891440964199337,-0.08719628590693376,0.7699850690521293,0.6854602735027797,0.8243441582637788,0
0.2983124888194168,0.6412749465924802,0.6774811116958079,0.0819866536671887,0.7114509953177995,0.2633877314259271,0.06218317123945564,1
0.8823782604676687,0.621751670603125,0.919697861516113,0.08914210548374456,0.393533712373581,0.8817430687419816,0.7423053242739011,0
0.7427138089912935,1.095322996369653,1.1129862989696602,-0.19716445803871696,0.8020552686743004,0.2341835710334002,0.2569691735444142,0
0.8634024001988857,1.0865828785499005,0.7534763575437025,-0.11743278523329242,0.6946847752911615,0.5748497724752718,0.37887824828707184,0
0.6280330787812087,0.4149103259613675,0.38994457687643075,0.085498469422708,1.9238093297302226,0.5865208967444693,1.0549178018979413,1
1.1163714840452403,1.233709715540929,1.2176329689261896,0.3605319967976767,0.46759649722810326,0.32534038451298897,0.6394781057799868,0
0.9504083614481615,0.5729675073801844,0.8392308643554011,0.1995258501330537,0.5016898630790736,0.800782910808749,0.6854765158076407,0
0.8178262855071385,0.4279246597326097,0.4751957703382562,0.4532351670253445,0.8691178124403234,0.47567624650326856,0.8704571601599682,1
0.8840490727645891,0.6891104941038124,0.5610862156087623,0.6669143810234391,0.9689019841622128,0.2667569486495453,0.8273020406477154,1
0.37097765237224634,0.11535167550250763,0.3256616882622003,1.0081652899242814,0.21435655966322964,0.8701090202350734,0.8532565591763275,1
0.8945698685320645,0.6075820033884682,0.8843475685177536,0.2501977362563854,0.4058500144146956,0.7141907159289277,0.5810446213265531,0
0.8468538835181832,-0.07858242710007246,0.9331122546217665,0.16199124661787423,1.6790274169887076,-0.030575455089876358,1.2163651513518206,1
0.9749491833440741,1.0231891261960242,0.9146533196051408,0.15377366307870938,0.5863920712132165,0.42126708935235835,0.608734267872094,0
0.9398758989632543,0.6150073275063072,0.8300480939211263,0.21647696033232505,0.5115642225399704,0.7978873718912858,0.6913996229284103,0
0.5842438692324845,1.04053458355841,0.9903840342121135,0.7374142560376166,0.7082809713146064,0.5216062330253851,0.9359396445676842,1
0.9849556414494909,0.9764240434829379,0.8844886364211619,0.08233486046397702,0.6164058733438063,0.47674769952091645,0.5209347007904671,0
0.7617086660722101,0.5300787202987154,0.7519221103466474,0.7193979250716751,1.0355096860299908,0.3251503881284457,0.7470548684489539,1
0.9403941702617011,0.959097500564808,0.916752333351145,0.05907634907429814,0.5710414606991248,0.4494390787131454,0.5089865577032096,0
0.805516494783876,0.5747725751544865,0.5904075450979186,0.6745129099438033,0.9261438608837868,0.3253126467895016,0.6944775869058167,1
0.5830179618750964,0.7476941622787283,0.8638970517676843,0.5872958113291644,0.8018724922118127,0.4187881938774956,0.9589749966956167,1
0.7214859005375408,0.6553351677758573,0.63008502837318,0.8473370766772581,0.7251096119270892,0.5740846125343876,0.6690977794857147,1
1.1108607658029694,0.6594613456500544,0.6904332990446123,0.753052482193098,1.0358761244630224,0.7502990033127008,0.46411151320342786,1
0.8191085993962728,0.6745528274872613,0.6228659878206174,0.6561228465363674,1.131082766003283,0.3944665067523551,0.5651651008017735,1
0.9614403658161084,0.5671986920752149,0.7979623246142429,0.12991175427087243,0.46574632044165665,0.808221762143666,0.7238763474020299,0
-0.03741275249087747,0.6312924249074897,0.9324069196884602,0.04242173071549289,1.017816198677272,0.4555113485768886,0.07199000036297881,1
1.0638467939135734,0.6705494350902905,0.795480551031472,0.2668024617021068,0.5638217825144303,0.8545978736595933,0.6087611332518654,0
1.0424508302128448,1.0480775466380465,1.0189086070639417,0.08517835762531109,0.4849793304832969,0.49567681144155334,0.40488013088836916,0
0.976653261572035,0.5687344114834865,0.809703872092455,0.17100382048682652,0.48998048268449795,0.796949257222822,0.6722644652955827,0
0.8973169367851368,0.9295479200388955,0.8687791130795431,0.04070468005200058,0.6380487677467829,0.46390120607426355,0.4862075499137052,0
0.49126255242149164,0.6613221718066572,0.9466039155856204,-0.5297100206113806,1.2603196298166974,0.6330913051544105,0.16465146497845767,0
1.2309377842039675,0.31973207967027967,1.0340225486011771,0.7609038093796696,1.11954963101892,0.8416283772018273,1.1709696577307591,1
1.1604294406036433,0.14793488024377432,0.6309427847638771,0.8525834319874331,0.9876471698444824,0.8250180217165446,-0.12485690419679552,0
1.0260454209423255,0.6185623530971996,0.8097482165107117,0.12539341983090804,0.5188480840638112,0.8012918067644434,0.6657576880012385,0
0.3838491528756844,0.8612862510347734,0.7460443225106119,1.00710211150358,0.6270235127000803,0.7201897326628641,0.49696744063300424,1
1.5726548071239308,0.6361218062867617,0.6681821668340779,0.029733298616159247,0.6215456268419114,0.8703200875831663,1.1056906949942589,0
0.048052644449052384,0.6617284114297672,0.9886713667097895,0.07646410390838419,0.9791976627207098,0.3821645898707846,-0.018470031228201893,1
0.6384020800796285,0.4211925196608828,0.6434536641555682,0.43363521954763373,0.7366561141971981,0.31939103696077376,0.5308236472328323,1
1.8818667878747928,-0.2207744426303031,0.693509266936739,1.0187128744760354,1.0363590149454154,-0.2786096999781912,0.2996282284782874,1
1.2653539706555723,0.18570447249182676,0.5971453962556766,0.2957944731033363,-0.14110618817520415,-0.347999359399792,1.1650799184085776,0
0.9076986275352283,0.4651022028135467,0.7359679254732798,0.49681277541099733,1.0100209186858489,0.29456047164757243,0.8457432065205044,1
0.8271323806661804,1.0087188857387854,0.7830179050798013,-0.24644180734783355,0.9180867203273282,0.5260718433628846,0.7388816196161717,0
0.986022810005602,0.5720450272543418,0.8059817139515749,0.1738621307414497,0.4868778962518593,0.7850532012795237,0.661232526157997,0
0.042259305762546995,0.5971268107277713,0.7846916359815321,0.053192395851978054,0.8435399746419294,0.35923787752412306,0.012720283260513405,1
0.9721607625394302,0.5656118600996232,0.8121185713344949,0.17522201997928125,0.490552719096665,0.7962842250921283,0.6729162350828825,0
0.9715781789474587,0.5759367981372572,0.8000278278502069,0.1725192948069889,0.49410791671047805,0.807812964477046,0.6894465918431923,0
1.1575478415238367,0.5981246972239046,0.9652762764372332,0.33887955682582804,0.6806386321396631,0.6629600370166046,0.6462624001191797,0
0.6517101835209858,1.4169566249378598,0.6131887887613713,0.532798290861414,0.5884565998994687,0.8176844470140501,0.3415772764615901,0
0.8736014218411555,0.9063395185119549,0.8672071682717895,0.056997085205871836,0.5695429285622357,0.4297257771770798,0.5866539355998869,0
0.808712246547945,0.5385792832133205,0.9917330617123181,0.8854983097296067,1.3852746290592068,0.21989950901984368,1.1434697101438331,1
0.7602013105534954,0.5242640480632597,0.6965897831646427,0.6806338291795911,0.9626839455559613,0.40474727590107434,0.7826995564175144,1
-0.1422765872349035,0.6879846124895315,0.8194796846330643,-0.09126501109061472,0.8214669073388152,0.3783440559453026,0.11341277307388141,1
-0.2246334060292401,0.338880741685697,0.9699123487947476,-0.2447113153920365,0.3606619523440072,0.6859729583854604,1.044934994334015,1
0.9911562899256501,0.5713027608435828,0.8292897129448219,0.19837637573021588,0.46199169813846547,0.7697014333853128,0.6613119914791883,0
0.9398144405693132,0.9537818892627642,0.8996725778356118,0.09025866594345587,0.5966412834215441,0.4310380412226879,0.5351757927632569,0
0.5576919737645967,0.9067879183350998,0.8800524659186403,-0.34499754591837006,0.9095557555393032,0.7686425724804504,0.3361695695963578,0
1.1045035874802014,0.9796600983258649,0.8786113586537808,-0.2993365361263933,0.42145682520558386,0.22732010558509086,0.754115491085028,0
1.3896533847836967,0.7540624967270719,0.6518966764879816,0.5388300785906397,0.2833964969819853,-0.08631356749746721,0.7192999670153593,0
0.7819537897968922,0.798335676126192,0.9001805697258474,0.2358269152626731,0.9579620091087175,0.6982427710458466,0.5742416312145963,0
0.8080261090505112,0.896334076725468,0.38878197045404406,-0.39431105990690607,0.5513269467658592,0.6247547700038443,0.2186657558809767,0
0.9742294907546607,0.5735219432233384,0.813918306448093,0.17765325683406322,0.4836214163593942,0.791599664930881,0.6754587855520975,0
-0.08054577429764563,0.5630453258366711,0.9506367961094631,0.12197994124687903,0.8696464320773668,0.4705704027667309,0.10775014553852803,1
0.9484671506808336,0.8627357805114929,1.076620183892207,0.10424920541494034,0.6043987624332946,0.4770752135749017,0.3870294961479603,0
0.8067908693989725,0.6413759062606942,0.424613871844372,0.6268813566092484,1.1072020739974713,0.26203759168371965,0.709315060714244,1
0.7413652103853103,0.7244087549568935,0.6782074521946035,0.4576296912297232,0.9578796124927991,0.41471926276784743,0.843205621255677,1
0.8417642910604388,0.703595491764696,0.9071098368436501,0.27749747665737157,0.9530582920421382,0.926987869492953,0.08870037181272733,0
0.6663794757159051,0.5861893764046383,0.6345956291222599,0.6546387314403411,0.914053584330577,0.32291698760122356,0.6036149167380884,1
0.9208427499095087,1.2563865500338447,0.4888785954446006,0.4034305090478337,0.16377223996156093,0.153587251853809,0.5659611990977308,0
-0.02255981025264571,0.6002291708325846,0.8810248351707131,0.15052742166419783,1.0032905518092903,0.5566073766966341,0.09093605964527145,1
0.961922703255952,0.8248163125738969,0.5441868588061787,0.37938125714509074,0.17655212509514479,0.22623914268574952,0.874196374369083,0
0.9667846470883458,0.5542240560074442,0.8136743226849313,0.16456865902274911,0.4705151519447374,0.7862099617498757,0.6519428650715497,0
0.9752533370311443,1.428377585292322,1.5311146808296936,0.11018213266279876,0.27252999467878913,-0.12158491789084491,0.39819603677995297,0
1.0667639446673236,0.6712952960908064,0.7131335063188257,0.2570029637146791,0.5232503222780909,0.7385435230403181,0.6985885804137414,0
0.5046883797893613,0.5379242936850753,0.4412001880344695,0.7625829694323909,0.768299011235824,0.6994957774276346,0.8206717256640559,1
0.9162907505350254,0.5031485194681785,0.7859992772703066,0.12677461355955882,0.49885579590830004,0.7668876383399872,0.7248690117981615,0
1.000924004410014,0.8302935310514592,0.7951459469086153,0.1850058804344894,0.4954177815736787,0.4124310244480663,0.5604921388627211,0
0.9108875280377912,0.4461605791883344,0.812744893004818,0.6057118103038178,0.8957656363462264,0.2586677096562039,0.6251538763855763,1
0.8952183172991506,0.6647359875242899,0.47425802173390136,0.767379087288433,1.0069192908211229,0.49122775917743217,0.8695324485116271,1
1.1726220382355503,0.7732752389500702,0.4494875393450675,1.2720676406974065,0.47939286907078826,1.083478509126703,0.9838417869307161,1
0.9702320421982362,0.9149625604072402,0.9379412496476447,0.11379420757280714,0.6284092994982009,0.3754701104168572,0.4960169677998205,0
1.023755235344994,0.5134420253375246,0.7350647664603428,0.2137220393530732,0.42257278485318117,0.8174459002178867,0.6778771083479649,0
0.971793789693538,0.6586744185029357,0.9022125238453231,0.0960622293085847,0.40910220044034606,0.8136697099085192,0.787373644042824,0
1.074446930658728,0.8232284222242681,0.7658962497697768,0.4080467986870182,1.3412926224354622,0.29346603654465087,0.6288562690824095,1
1.040940076473491,1.4157246146485316,0.40813786492154464,-0.3770132071082999,0.1897754248570318,0.7150118974708024,0.6956453292570222,0
0.9347132679122219,0.5928664113184778,0.8037040956795155,0.14354620795321962,0.4998961961716468,0.7377962361264385,0.635261335536434,0
0.9285872044684014,0.5455319827377691,0.9443855793933458,0.2648005922283946,0.8488811156015921,0.012258877823071057,0.746581068981421,0
0.6534581868057621,0.4020866528472234,0.8499843337666223,0.6768336742500896,0.6946679004749019,0.07388009037890086,0.5319172693846512,1
0.6550559142533529,0.3485298275019393,0.6920091726230687,0.7803401959147628,1.2619057983739992,0.16278758444703778,0.819414189534957,1
1.1185930999058316,0.6191567636252922,1.285294536563445,0.020877388788094933,0.48366881729419636,0.4016432040787699,0.5515711882611674,0
1.2238282428573461,0.9140912839837848,0.618483149036686,0.44307282773409645,0.4552238459578618,0.14383236117981058,0.6240336037004465,0
0.8417920614130165,0.5867429849261521,0.7094253770480792,-0.07359943137157163,0.8484951938188265,0.21011683783900365,0.7284335277385882,0
-0.05019114676541728,0.5813048406780755,0.8531275370411887,0.17514180590099487,0.9754995837323333,0.43881874771019946,-0.026384333650007356,1
0.9849600347822255,0.5315821962766867,0.8560065989332446,0.17002466112127584,0.5117728922643602,0.7531378404247285,0.7027935266014292,0
0.6479561076944556,0.7627843035989452,0.9050936106216143,0.5636621511943138,0.47314343699906886,0.6672890137424176,1.1899769565602758,1
0.9917137853099933,0.5966681503822774,0.767436366607685,0.17554674351074862,0.41880569055839745,0.7967988889812555,0.6589197038089,0
0.7224323539131403,0.49144218011112506,0.49311103789163946,0.5803011575662966,1.2036539814504297,0.5294348860676001,0.69267462029081,1
0.732644465428382,0.5722302884210739,0.7037655506999871,0.5941680284126344,1.0175341789377896,0.38245889908284003,0.7250006571027293,1
1.0559764757073564,1.1024932231367583,0.7924817829752799,-0.024381813185176793,0.7798167029336104,0.3781063214339572,0.5154864542280987,0
0.9355595191849222,1.0429256159433526,0.7936030976297812,0.19073304873941277,0.5938629233742465,0.40373253389797736,0.6251524479709669,0
0.9038431980764686,0.5648011815670739,0.7156170315673563,0.1557706877685958,0.5786955141907286,0.8280940439047307,0.7250893757208978,0
0.7457396125811481,0.6879588408857993,0.7671143458238517,0.7551003011724908,1.4247784002228403,-0.3548832331070907,0.4977590434148005,1
0.8508211122440386,0.5574704612808329,0.8114442024987045,0.2114583203090475,0.5973561213113976,0.8243512068286581,0.6457606142637068,0
0.5289021352666377,0.35369853620105085,0.3005082325681515,0.4519168378987515,0.8807617927333188,0.1866411970890393,0.628488566125302,1
1.0059727374256462,0.5215418847162645,0.9516837343976827,0.26084277163457775,0.5497681371095733,0.9527263519782704,0.758864490034448,0
0.9935079940807897,0.566143442535158,0.7901639821510397,0.18629079942286672,0.45738903718041196,0.7777883243162044,0.6649304249436728,0
0.9595194824399765,0.5791746400554002,0.7724712978516423,0.140052760154984,0.4893963892719005,0.8306723050625042,0.6662673406664468,0
1.3025395457348854,0.7448834205109711,1.0491493327927168,0.1856272827333436,0.3039414512243922,0.5161437794239587,0.12419798592422704,0
0.09569302364794688,0.6403433678594929,0.8000748873290565,0.21774935220370556,1.0751696944379743,0.5852834206746951,0.05556635088652499,1
2.047682331326574,0.3604214588121031,1.382480386878367,1.2582672430557116,1.3981116969539005,0.2877529283416346,0.3944192619046626,1
1.1538393364327182,1.2713416539450342,0.6216775526049487,0.2916343656695071,0.8600760716569085,0.5643178042015426,0.4956616002883217,0
0.03094148981561456,0.6469341188649268,0.9334531896264714,0.17485770653561367,0.9516008023154757,0.46842698724167553,-0.024776399601331302,1
0.7893042667468296,0.5977499761327385,0.6521761452032027,0.6154436846575175,0.9737994155008831,0.3592086936977897,0.763428486997811,1
0.7546093172103426,0.31944518813232803,1.0524205607429316,0.9065793264616022,1.280350366856271,0.8242967850276579,0.563241912982839,1
-0.020659624236135272,0.5718150588417662,0.9481676289481551,0.10579044152083182,0.9881671876429213,0.4917687574570618,0.02646720167320426,1
1.5991687823130838,1.5028086380157912,0.9092987805227526,0.5386707437716167,0.8860850573958801,0.09840301725056483,0.0725730884499976,0
0.4031319279897671,-0.029270603247803728,0.5016368816932592,0.49286682109009555,0.4216763743676005,0.027442336326099326,0.7215882213789275,1
0.7315805930199168,0.8360395020400821,0.5325989705879907,0.531234452840583,0.7296018740997479,0.0933348824245141,0.6015099640783972,1
0.3989047980923353,0.43915680945584135,0.33860763137650685,0.8961268018070929,1.3998723357211844,-0.09730120388238761,1.0677407103883583,1
0.5211090414982698,1.1576064332104832,1.2968543937954544,0.4469147190348737,0.3568918728641201,0.21308621992106203,0.252943976507277,0
0.907512539126849,0.6284463228590831,0.616026567749939,0.7254178902924373,1.068020266541368,0.35974152254553526,0.6319670928992231,1
1.078986093800733,0.8900365699507731,1.2584600893500566,0.4597108254184775,0.36914824846091976,0.5842660780734769,0.6337063950171915,0
0.9493098235929555,0.7192261847313374,0.45559104980896187,0.7862873275883143,0.9871909201925596,0.39344078448688186,0.6130900420399803,1
0.9802202955743476,0.6341600457898253,1.0505954507908744,0.06512537632793974,0.47019582893863104,0.12478188026631332,0.7984800029585413,0
1.553884132255226,-0.3012253748121686,0.6931402178188981,0.1473031177352791,0.8779720842472906,1.0559770027688005,0.5112238008535983,1
0.7149573232844115,1.0377907366397277,1.026672797655908,0.12747815774206311,0.16744123696497143,0.17817479150443566,0.4808488412531974,0
0.9812045983729851,1.1416380547778342,0.9504398508491851,0.020904632229171452,0.7201653882534321,0.4190119220320537,0.7085142158102827,0
0.8570765963710488,0.9975702992399376,0.9109620878051112,0.0574437850083476,0.8332458214474106,0.6447992275445669,0.5817241042806913,0
0.7096360473767455,0.6060802777259963,0.6613081196156947,0.5747409338879651,0.8835076644707259,0.43939883713363087,0.8192825197743314,1
0.9057819933364102,0.6139458724290451,0.7518210111320414,0.1991629601441071,0.5434458645012692,0.8456690311223658,0.7158900975413451,0
0.6729141282794221,0.5598120350328266,0.2920702019186255,0.5308666841839482,0.6841974196666702,0.5942666455929195,0.2156278795714036,1
0.03330144516114011,0.5599547014711845,0.9065458176539924,0.1599083687303765,0.9498021813105559,0.4393519369778087,0.07886173394862919,1
0.6115843212988383,0.4035294221155567,0.8497461041538049,0.5671203744744284,0.848034905537544,0.3621224395508245,0.6336970302033923,1
-0.0013877287508241992,0.6314884902100554,0.8968240297417225,0.09289551608124602,0.9917454749959481,0.4975619925980741,0.00783127025972067,1
0.9792896270797948,0.922169471566939,0.910408806769651,0.03419302962254376,0.45224588504305974,0.38389288200225585,0.4004616373148976,0
0.9462008903432769,0.6055064676166765,0.8452633612149181,0.22079982012777194,0.4980205029758216,0.78799253469973,0.7099562381930373,0
1.1900508802926772,0.17766024029970728,0.848225752257973,0.9121941055280356,0.46032525827388127,0.264942168190326,0.6292613515756301,1
0.9851883233833281,0.5678210829254714,0.8087618632583761,0.17870063058293364,0.48648583892694824,0.7922601198051344,0.6762212989224338,0
1.2404505838251174,0.8101231010555886,0.986433593794362,0.7860737674018006,0.8997458550440998,0.7720671057698785,1.213730719848619,1
0.7990447731413866,1.0122552737032842,0.715597157517585,0.2390398250101602,1.3264922189511124,0.4164261486523147,1.1555950587976052,1
0.9692274812477305,0.5902930722135717,0.8101770327356533,0.21145859950658052,0.498018017057478,0.7996405738994687,0.6989006548082848,0
0.961447130935985,0.9860309175085178,0.8287393588762686,0.13405555752474121,0.5340750227710345,0.4241488234640086,0.45511064905937587,0
0.8560124763184307,0.8699150757992842,1.083819841712128,-0.04467454806274815,0.7185150342368384,0.600527394769718,0.6708152580213755,0
0.17173534563975199,0.5381197716197074,0.7746394474147923,0.06051619930522191,0.8059428141700072,0.654371593335409,-0.02810465460102464,1
0.9230855982029287,0.9424820166935087,0.8890636468074651,0.08489456718465162,0.5885055061053067,0.43074903793313757,0.5281586432010572,0
1.2124950447407903,0.25324518536511104,0.48765637915093674,0.5417212093140129,0.522149433700646,0.5183188484822707,0.3752764911774686,1
0.9765445483744818,0.5773215291201249,0.791933208589329,0.177427641347866,0.49780247196951216,0.8300482460746846,0.6472522671177644,0
0.9637268214937439,0.6036403324955734,0.7829083603481334,0.1686297407995238,0.6051921845430122,0.7457985575271073,0.635649856180591,0
0.8289785236731216,0.8633041471405241,0.7194785258015826,0.5695573647008592,1.5731007147193,0.2747294403470746,1.3586111380143722,1
0.9402208711704914,0.9515533131919142,0.9083431449062287,0.029813490758929466,0.554640927502332,0.39440464978097783,0.5347284221028126,0
0.7088105052695114,-0.19049303285735653,0.8779457692155366,1.0363730565174216,0.12920056745665542,1.0368100428515177,0.07691162765058501,1
0.8382322228176722,1.0922415982583409,0.7159069548787905,-0.010026201527024076,0.7772937828258524,0.13381845818462035,0.8652472661277498,0
0.5124188209880568,0.38594184785815283,0.7235467324306203,0.36623310662122305,1.116180978685944,0.6450269847515324,1.0424363741348546,1
0.972302377282306,0.5503471178186685,0.8207069431987738,0.1421949948898269,0.37974080654449444,0.703585320000998,0.7967449074721124,0
0.9764434205994785,0.5728218371626524,0.8192790217084037,0.18099817476485963,0.4830911512945812,0.7882787595476505,0.6758795714548056,0
0.9753365305301535,0.5735165974546139,0.8142119938172988,0.17813804778244974,0.4848588869130363,0.7911688940426348,0.6774284411935965,0
0.08316721734009225,0.6862898542386658,0.9971674256521029,0.12239960362934675,0.9760759035244385,0.39507225268534957,0.1053305757017056,1
1.0420696688976778,-0.8079610546479679,1.2964029176325689,1.9762032901194577,1.6396473599320087,1.220880800399527,-0.02937646840887942,1
1.0979151226337527,0.45863651494657276,0.9582719584161827,0.04677663347832678,0.367306864710441,0.8617155752029788,0.7114152900098798,0
1.007802870993491,0.5953530871413357,0.7565954730372212,0.17546903289362387,0.5850025240525958,0.7565742729335255,0.7583156828392139,0
0.8225583550735956,0.6135632371481131,0.7703560049922871,0.748332642109056,1.0931635479594632,0.23737630619313665,0.7362987316851564,1
0.9029294157175132,0.6374865118078509,0.742062205150384,0.2298754574872146,0.49508073436194094,0.7172755590334718,0.6147080299129882,0
0.92089381598416,0.6451408019177116,0.8649341719408065,-0.05876211210048651,0.7624015737711849,0.7565790460658064,0.5856663151307079,0
1.780312108380337,1.3560472179166685,1.2270762948807035,-0.8124216610439352,-0.24207048393009056,1.4590980859737113,-0.2607718132578195,0
0.34529601569852997,0.2793201193343726,0.6862155555741953,0.9624941623321626,1.1988105192908989,0.42256922393299645,0.461714221371975,1
1.564619507601985,0.8922602551063765,0.7999086865700695,1.2049505211082892,0.7509802826046366,0.07638496028132497,0.5222319765106543,1
0.5884800839368427,1.2135821832417972,0.8815259993168061,0.4526380781197558,0.697381976850205,0.6067434117558033,0.19514733728592315,0
1.1657444639238652,0.5851701013144867,0.39244499743668465,-0.17051878448534574,0.4806071497933277,0.2713397692382371,0.10932121035315073,0
1.0520257139002418,0.8168114770896548,1.0229618946524695,0.07080414527422718,0.7699168990064966,0.5407588197786279,0.5716547353401271,0
0.34994223599752994,0.08998697984268889,0.2885680262971967,0.6617009881999596,0.7357484320578902,-0.08643941532786964,0.9161095635139286,1
1.0146440046840335,0.6035453498859087,0.859636859078077,0.24247371852076674,0.5613999823547203,0.694757088705395,0.6083909388563964,0
0.9918931067773008,0.379738254952019,0.8433967121805306,1.0765891351323706,0.8188064895663821,0.18937607893023628,0.2577564519915728,1
0.8197421639948332,1.0177584546477785,0.7697515135682585,-0.02315619199447999,0.5430589345778192,0.467503199518361,0.4940447841562971,0
1.1459185075586016,1.0685689267103777,0.6724925812263611,0.20387652470223466,0.7275827191852028,0.5878958473506898,0.6059305020312813,0
0.552275584018378,0.9632332612253278,0.643396222769441,0.10729835488378606,0.6911657895111281,0.7822521098777306,0.2397855803422157,0
0.9434221509645505,0.9084368506794233,0.9745657517097538,0.19580106162614405,0.5245765913718893,0.3260807514092176,0.43961452629554354,0
0.8729597472442214,1.147670484563003,1.0415276699900051,-0.055608166114813645,0.5641056279214347,0.3984071345315642,0.5485227174604289,0
1.0211145668212223,1.0202434592837266,0.7946328652994432,0.1501368828955222,0.5473211260192009,0.5044936389386778,0.5074213106674812,0
0.09343140493677005,0.8212954048114476,0.8025691970008685,-0.6455361641827911,1.2660231659407517,-0.051278707327157,0.12545628248526047,0
1.035844484414357,0.5845333866578311,0.8010618150318394,0.13179755087928485,0.45691559995662623,0.7685828090439246,0.7155702144467343,0
0.7486517248815892,0.437228237399258,0.7132558657552232,0.7359598577685739,0.829938165826769,0.3565761933704691,0.6909253685800782,1
0.9480088671447858,0.6287357941056758,0.7298622214994881,0.27481211926361204,0.5098379348094269,0.7098841556823761,0.5488845438671532,0
0.6787932210877831,0.9742781781417443,1.174527136424895,0.12517889085575673,0.927475935747055,0.5770624011822906,0.3272513176610774,0
0.6963262313200026,0.9678462657612796,0.6759566188385091,0.24718863612161876,0.4132454064852089,0.5455272279868033,0.5983039931423448,0
-0.002052590687798339,0.5721660566477835,0.9175735073310044,0.0864409717718273,0.9639855183470476,0.5046770793200016,-0.024761373389910732,1
0.7355135169635207,0.710548881448508,0.6129454510691085,0.5734907412428343,0.8988089095628684,0.23074019297613912,0.9092174353983071,1
0.9725949677193921,0.6384099498502036,0.7830603968373515,0.22140021022531037,0.5259160227344851,0.8293676962458489,0.6733365800657621,0
1.1183812336651981,0.484088103390254,0.39422014943216643,0.4158426632614104,0.6667953806039867,0.02586912989733442,0.7357725769105233,1
0.4474239038413768,0.7487120095812104,0.5875029626759939,0.3073908616291496,0.7974783969780026,0.2744681637760513,0.43845680725167124,1
0.7243695386718035,0.5620751493430713,0.6084439828266732,0.5963489530609932,0.984777898379093,0.4306591726309536,0.7460319603021373,1
0.8356647819645606,0.6718955895701628,0.7379202944015449,0.6478052801993252,1.0694029801328608,0.37317985480739974,0.7725713965583173,1
0.8817740632662375,0.5220122836719027,0.6292904126645696,0.3339815606281143,0.418332159820904,0.9224488627994977,0.7578149702878669,0
0.5747358656655491,0.751200503774153,0.48042581272074203,0.7014080621436214,1.3852556942311913,0.9404881945430944,1.2046702133698663,1
0.8462577685205152,1.251700729057565,0.7588653779481587,-0.24265917691922761,0.5333205416440442,0.7253056352837292,0.12160739963639516,0
1.1589407084349361,0.926948165762788,0.9935133905421552,-0.10015603964165931,0.5633942158623063,0.3138564131692797,0.7324049562213586,0
0.48647434424144265,1.0406001944586172,0.4999722835333618,0.07188506228206469,1.024635820466447,0.019003848186516736,0.8038797749224839,0
1.1975601136663099,0.9732168581471435,1.0442273374592255,0.3949038248401927,0.808247867711603,0.7468253036327708,0.5096788627690384,0
0.9031207279867985,0.38572004390726006,0.9565325969299289,-0.012901088938926136,0.43390429671445313,0.620672267409518,0.6805814894953192,0
0.7830271113787896,0.576711874935331,0.6447996736766197,0.6249393650166202,0.9772388106462857,0.3629489345512444,0.7418829100570518,1
0.5612733807242178,0.9543933143573455,0.9867330169777069,0.4286327290710739,0.9071274469441788,0.5275482364390339,0.8719005863637763,0
-0.29829807894739124,1.4962533011247556,0.00352250881558136,0.4283516659903165,0.21935931323650915,1.1216675393393674,0.08327844301218934,1
1.0139890636677733,0.28656603992579466,1.5770677769635353,-0.6157970743506084,0.6038453126571378,1.1827496911527438,1.213549672966134,0
0.12399651271788847,0.5772109045733566,0.2403911672831367,0.3387665834833614,1.4974289703834387,0.13283563505769408,0.556392622350419,1
1.0227747562863059,0.5404093815727521,0.8431708812160257,0.16272139282147555,0.5232071038125082,0.7518907314365099,0.7060338190576289,0
1.1457394223939117,1.112538594869552,1.067793175044233,0.8324374068380318,1.428989556260245,0.2761047170598041,0.18433176235788884,1
0.11374833790372273,0.5614417796126974,0.7279005561830991,-0.0047277778745331706,0.9233377677770032,0.6935438673422543,-0.1656170340165478,1
0.8363207435822791,0.82139092472393,1.380660308209676,-0.08502201244262308,0.2939781101114854,0.5949552098710249,0.807168854456027,0
0.9531025913885876,0.6020793910680292,0.8665164955242175,0.21313126589968864,0.4424974504836258,0.8294926896536956,0.7248068998524122,0
1.5042366018168734,1.8256026948037778,1.1585688440870587,0.07216698776240134,0.5927457920216732,0.4342023298637793,0.9201607184333298,0
0.8196796262812343,1.4985933856092355,0.3875745831202856,0.1002666984329128,0.7848270829363875,0.8162586726879109,0.6156596407627736,0
0.7365469159410563,0.6875267580953828,0.7182529504333888,-0.06138450568438955,0.5608641426864952,0.5251733556843298,0.3168073195521327,0
1.0509743842007564,0.6879693007118022,0.636089514739897,0.7253892098849335,0.8200234373711797,0.3149920479612112,0.5749623067436525,1
0.930980827215376,0.9161499750027154,0.9140221834090216,0.0681067315102483,0.6318923078031998,0.40588735584120056,0.5735927747224275,0
1.0811622181633438,0.7461224817762033,1.7121790955632437,0.5167463386200456,0.07642066890478283,0.7504148783437323,0.9950016310847383,0
1.5759780564187782,0.7777175177648015,0.034763632691164004,1.0263332690047355,1.0493439086254024,0.9449480795038813,0.7386875450725251,1
1.03015039070387,0.6705055328065119,0.9136258501058668,0.21782566479248452,0.47242233783626175,0.7484906456083137,0.60592283079763,0
-0.06938199356122264,0.598089812797607,0.8660350747968703,0.046863848974831326,1.0271443164690028,0.5767048210987995,-0.04332862859258531,1
1.120524372612009,1.216480457214911,0.3804586733571106,0.567138938539798,1.0385401359896635,-0.04515565657790088,0.8312654879384509,0
1.2004194774870607,0.6848919048546471,0.5590398141673029,-0.22244456383358158,0.5785036987152826,0.5926957714763452,0.30087219411960553,0
0.9898637617417665,0.5538155502496824,0.8110240175100756,0.19995910968696318,0.48882865669642744,0.809934165181728,0.653370650969833,0
0.4945330036153737,1.0387339590181082,0.2552729109640472,0.24525621485069798,0.8133363080765238,0.6362522887154909,1.0172105577725858,1
0.8946552577812704,0.5566374874659666,0.8945831513793087,0.11395924261082599,0.5938070791300755,0.8361871405290784,0.66944104354225,0
1.079524104141926,0.43663822052693696,0.20722844933461182,0.10259727762394111,1.3079410368260271,0.7183708918607037,0.2301513365865232,1
1.036484472326489,1.046894389515103,1.008323688091576,0.6350244349971921,1.1429877629232514,0.5004007443414366,0.0029346872385030975,0
1.183877296176537,0.6427283358628908,0.62856262567574,0.19624496782346346,0.5060584844914552,0.8513093707746072,0.6968516220925342,0
0.784342567626815,0.5899013466287989,0.5075107338418318,0.6728541661281445,0.8308061329906314,0.42086913343781923,0.5786135084350534,1
1.020040289652939,0.6926665955434589,0.6876137154722974,0.6962241726774444,0.9342886805020347,0.11209266560843911,1.1577656888411332,1
0.9474326407051852,0.48549248729333805,0.9326657405044637,0.5851208673016489,0.994373739778576,0.20581409102411005,0.9497886733552534,1
1.2773705026094047,0.7022863697215416,1.32332856384479,0.3389275727865417,1.059765684188452,0.00013702054951975073,0.2270425090468131,0
0.4558731258858328,0.08675178330283129,0.41803248157026895,0.22692901953505146,1.248042912420384,-0.0863304747843765,0.5173018388272069,1
1.920314369765257,0.38242338975343926,0.5175569711184735,-0.31264558721053054,0.08115822640177428,0.1221679575183321,1.1944459894705266,0
0.9108918469071665,0.31125152895797276,0.34376686600741746,0.5489195408204437,0.7172482922713553,0.39892387438596905,1.080234709928127,1
0.6709562285690696,1.0444619689735362,0.977443790890598,-0.5231589360593328,0.5583659907520939,0.29470777940960735,0.7617797819874589,0
0.8383514558881777,0.5513567421403295,0.7052493524143121,0.6612821316543087,0.9883014853943694,0.29382020316588076,0.7384039055571109,1
1.4941928782689846,0.7919350771749797,-0.6040646290235823,0.04897457457464993,1.5423227132787551,0.5489962102127564,0.5475315599829552,1
1.0702695896070047,1.1345745764293733,0.6492001009873547,0.07574566209527157,0.6682326692168272,0.5875843613340404,0.3670009878290471,0
1.05262402291998,0.8506963950638973,0.7983547115828844,0.439207074623395,1.2708097565386824,0.03919651101751398,0.5363397053189434,1
1.8276468277526488,0.7866150598853969,0.64901930492182,-0.5141103169582331,0.5404650657292567,0.4465188316936404,0.425702580535015,0
0.6738779808625409,0.6536696277195609,0.9409895752810392,0.8942666984928127,1.3995733718612686,0.37680633451088835,0.9011503005497868,1
1.2370602293396142,0.9557747870012503,1.1529856949644477,-0.3253409736952619,0.7174211177786387,0.0655827813350236,0.4607780477551618,0
-0.01467948009203367,0.5836593960881291,0.9201468608219481,0.2033338932482825,1.0714897865285957,0.5688225669271558,-0.03434549371696185,1
0.9732393510732766,1.0581072370579252,0.9927182119715695,0.13268791227182866,0.5575718642022218,0.2787654627325764,0.46798063783652244,0
1.150191827114665,1.2867941209234628,1.073074952889931,-0.3319432221929825,0.7648020768818531,0.659111875348941,0.19129403788781035,0
-0.015088710926470617,0.5427748653652851,0.9153303033208838,0.08753450556342028,0.9300535274416398,0.5156586800352678,-0.03596713721272358,1
1.0017425504934785,1.0138852669840026,0.952671340032859,0.1499986485203623,0.7584620894537343,0.5249263078120421,0.7442614258676575,0
0.4408140791160856,0.3317520001381877,0.9460403989663846,0.4161936422147333,0.9802187618611415,0.5510452135456104,0.39614085726466786,1
0.9931384266977421,0.6184230406587965,0.8257043299148791,0.22778034790098747,0.46302038351270397,0.7711769506537862,0.7026544348334093,0
0.9764742981999915,0.5672686562596768,0.8180054491833743,0.1754249562518266,0.4761287382126169,0.7872746634227845,0.6720016971177117,0
-0.2380063327232007,0.8076714877448554,0.7200771960111121,0.14318898854595197,1.1682746837646727,0.3120717157450882,-0.19797123927174634,1
0.9702951798639119,0.5754306381079275,0.811476681466554,0.1759747793408323,0.4794225335788298,0.7909303859876008,0.6732158313115016,0
0.6521728812261426,0.9749430096447759,1.0022116450751068,0.3530107689279956,0.6264862796758423,0.2862453680022691,0.2481881902373983,0
0.8724676519215409,0.6968284202440576,0.5456560003227762,0.6677054099384211,1.0261509136989075,0.42029344932914414,0.7733236576876358,1
0.9218687657540605,0.6676073767327918,0.8659016954112126,0.11389198921058931,0.5283756761441338,0.8612646798931215,0.7787447042169602,0
1.718391683283249,0.05148607918571635,0.7911795369503799,-0.6916376703753487,1.8393702430412309,0.759368882404224,0.8936028705839952,0
0.9256036869243376,0.9487400173274706,0.8916804704811319,0.0827648785444449,0.5916330756549983,0.42425730337104994,0.5296468917742898,0
0.8646850021529202,0.4827459103417776,0.7539963293586621,0.12276237092416893,0.5635456580941675,0.8443190839612221,0.5741787120374592,0
0.9540271985578188,0.6102638929999913,0.8075378155459136,0.17517097638899912,0.5147308407451444,0.7439462613753944,0.6923011160691093,0
1.1068267461983097,0.26651864545155396,0.9497936068442794,0.38978774632030067,1.0033938876464423,0.414528578086067,0.9826801909327051,1
0.6824815498036516,1.0088675358266672,1.12800877715154,0.08867021702809084,0.8185502949246266,0.5779109043668208,0.6185917616128652,0
1.2665159605050775,0.580647096756481,1.5478517680168329,-0.5559725992944566,0.3005811656306846,0.9269556235926729,0.4976550733869679,0
1.3122680615398483,0.10914369860388601,0.8018606406554001,0.8333962678352649,1.0041807807137078,0.709316290249649,0.8821672196605278,1
0.27382353707381357,-0.2568372557463121,0.24344757914016352,1.0574853294854119,0.5903522802568443,0.1614339251275243,1.6843148100280692,1
0.862618265750963,0.45486144470369483,0.8144923201428548,0.19099225354317326,0.5355704048365632,0.8921095194203548,0.8410717844757156,0
0.5964933243639468,0.47877318065031593,0.5007421717785524,0.5259016344618072,0.8082741784746257,0.43856007054785473,0.7793929005801913,1
0.6990601634173752,0.5587350042159247,0.6149598453616847,0.6666099120033523,0.8818401228409104,0.3916594772606933,0.6989377840148807,1
0.49834227217540544,0.29171532990567184,1.0711862098463045,1.0657537456975277,1.5329749453588541,-0.165340113868792,1.235457699634089,1
0.9077090568783529,0.3789395686488208,0.5024273869393991,0.8683144296445299,1.0254915143707544,0.24198031783058593,0.8511947245848637,1
0.578044786051821,0.21652254732865267,0.7419778428786631,0.293853838652069,1.2328011071806262,0.4277409393397955,0.554497363434784,1
1.0627278632473005,0.7961670640543579,1.1610808906330838,0.21663258616856526,0.27218123586119525,0.3912557683773171,0.6855726537312095,0
1.0363013347217775,0.6262018858697149,0.4070296306541556,0.9510585855280094,0.8922006870844864,0.15273682770889394,0.9304915795595063,1
1.0308853898962174,0.5260346060034738,0.8716864060157598,0.23236542084842227,0.44514827050489003,0.8474854552514894,0.6156107056497333,0
1.5057752780858822,1.343656580162022,0.7814826624229937,-0.07749921924627917,0.3826161395730793,0.6809108666104018,0.8825264919644715,0
0.37178791416787665,1.1020789104429887,0.25543396901983906,1.0931176024367095,1.234449222333807,0.2575424206210454,0.9671052248414601,1
0.8437067126743117,0.5535751185044966,0.7217354063391271,0.1750992482473246,0.6166123145266112,0.9126520565119131,0.8080419295516957,0
1.0270683245378711,0.6423059155780505,0.7815304045583751,0.13804526654736393,0.4886839602642935,0.7696544273228039,0.7016286807710048,0
0.9351093852705078,0.8953659949960978,1.1717372972580102,0.3325707054413245,0.36421087175032707,0.4260170256165936,0.5709828564577283,0
0.9123103489815835,0.5720695696475339,0.8506650794841618,0.0985711176685612,0.431574628169026,0.8097608060918985,0.5894045107183209,0
0.012997634739766555,0.4931580412278457,1.0015199192930642,0.07191925652388648,0.8719869945963545,0.3613598088921196,0.23415872796711878,1
0.08212616853146998,0.48550714663403205,0.8479368667990437,0.239363276955361,0.763100442433348,0.32362573079405216,0.15064451793439504,1
1.5006942359229836,1.0821780688555038,0.9096494332355749,1.102370199287124,1.0732144019054888,0.842315063568555,0.8764788047069092,1
1.2250859197057196,0.3975842132229629,0.9985513912694797,-0.09282481492337635,0.48402706573720383,1.0463207273085144,0.43509012653362544,0
0.7635869265913332,1.1956300946235516,0.48478893764672126,0.12214787949843237,0.7069132331656642,0.8705299740652755,0.7360911424359506,1
1.0837772894832662,0.4748362142448218,0.8067838044815909,0.1940775317666397,0.4992866881022469,0.8913048743273102,0.5903318084578054,0
1.8002164031114523,1.1298054339816639,-0.020962333453555693,-0.6417291241278043,1.0995817951276745,0.5539205121796382,0.6776337771645732,0
0.9856084564699792,0.557686067959806,0.8052628246999789,0.16601888117003155,0.47971573241098253,0.792190198728308,0.6524049874141858,0
1.0365396882885995,0.8292256436066411,0.8968369652897579,0.20753992904648644,0.5816454033494685,0.3922078382642161,0.5776517193451112,0
0.5488175287964975,0.6371400156174487,0.8733945132160297,0.6506335236260048,1.328656597004556,0.663227199068317,0.9917508550750972,1
0.9779065184723501,0.8470300234253576,0.7903026701319756,-0.0520017166547832,0.6579636385399575,0.49275561406309254,0.4845793680315951,0
0.28088481520268005,0.490440036088165,1.0921059367688688,1.0443603338354976,0.6394579410368098,0.21692787483489032,1.0448203338989852,1
0.40945729125332786,0.4902951323683843,1.532469705969131,0.5642681377288973,0.2651387281326455,0.25977764866896336,0.9033235763387651,0
0.9339610511794267,0.9290168245078158,0.8718351364264382,0.06594457281745658,0.5879123014454929,0.43545481026351945,0.543813310836421,0
0.7881148729381241,0.23507654760498753,0.4236877036659644,0.944690900888132,0.7923109064564395,0.6703502851832984,0.35515802638564836,1
0.7287880586582451,0.8745164987176691,0.6197104479722957,0.9051412575234732,0.6951499508575145,-0.04139964036393862,0.6430680140110846,1
0.8829823741730451,0.9656640383367275,0.831665957896494,0.04765530199307825,0.5477431688503194,0.40462373310481825,0.5334660534055546,0
0.679436226098076,0.3812785129506304,1.391148169433844,-0.3028478570414365,0.8663683863746627,1.0951901573027096,-0.16897385362220796,0
1.0024811516897911,0.608495933761362,0.8713690058399832,0.2333524085550459,0.4731618561703475,0.8290142177958967,0.70623130819123,0
1.2697674417480664,0.9621248226910742,0.731160252968938,0.2697340337691938,0.9546824515904211,0.4176126081257234,0.9145385482149639,0
0.939012354622992,0.8145986436077257,1.0349684846573162,0.2150288358659702,0.5171265074068844,0.34465779335588986,0.663779786475525,0
1.159836737216958,0.393260814087542,0.6669668368224049,0.34935078878707604,0.6141193731842874,0.6933788109555723,0.4387996672738285,1
0.04249873673043099,0.5984596015202714,0.8624444683272791,0.05848918061653582,0.9415176625335676,0.5347194078999217,0.05261814643268798,1
1.0214979474057773,0.5243002356798608,0.7626519293495025,0.17236916804279348,0.4405293608159963,0.7961726758917077,0.6622623814916034,0
1.0462709240135846,0.5596966318573067,0.8558104056233572,0.10267240271764641,0.5420050304263239,0.8247774135417038,0.6928360153619163,0
0.5644520300940693,0.5572259859554229,0.9247632301961275,0.5161653132027634,1.023959077042056,0.15357539420760224,1.0181861867031503,1
0.8688934792459849,0.5040022798885935,0.673741193742417,0.6844040420918419,0.9081586379754297,0.286910616662446,0.7073926464934511,1
0.7558292184592098,0.5415746951377616,0.6597711252445028,0.6967020689216478,1.0104083759682756,0.39136341658538026,0.8197094163972204,1
1.0534749160014716,0.4524749598182206,0.6731070126534558,0.2771023475187247,0.60240556850729,0.7190557799669687,0.7917304589654076,0
0.984665398956995,1.0622465282578513,0.7468575385949485,0.2377424930528627,0.7249066077224677,0.5787576953821643,0.5725038338640037,0
0.8645142026769699,0.3167735942617872,1.3069464056013613,0.692018019940081,0.7719331469194497,0.43948986650771404,0.5281373677628793,1
0.8594252225806115,0.4292805283863973,0.7693724043859101,0.6296267903495001,0.8143873561249241,0.24581579011920968,0.5836939793472449,1
0.6270375017222825,1.1754541745505322,0.6551161198467415,-0.27070876301771873,0.8170595772314317,0.20455996830570153,0.18904476979088009,0
0.8772196658887362,0.6271001624833795,0.6631835413071574,0.7191880456462518,1.061570812962337,0.44202757413390825,0.7543060395952873,1
0.9801195086960028,0.5658323390585797,0.8268835654476107,0.2739964776743098,0.5270604868615852,0.8422299314101142,0.5746078408505361,0
0.9312968510167023,0.5099372070112281,0.928450432283435,0.29381810520782325,0.6061838831745259,0.8726889122079043,0.7138158583655577,0
0.9167548243065978,0.9434246359440409,0.8847108534777075,0.08097599301658323,0.5689823879383411,0.40135782357509875,0.5088068167785015,0
0.12759129998815713,0.7445218641550035,0.8420446802020747,0.0007887831568251236,0.9868871017695896,0.4004087272743289,0.04315079937990019,1
0.35019089875200066,0.1286452602727708,-0.4494629968111583,0.3099270336035582,1.4805023042030534,0.8804029399922669,1.9430379686404633,1
0.9784910429623299,0.5719224846223323,0.8093734190804422,0.1768690774428091,0.4903999779285795,0.8008445845796812,0.6718232455359304,0
0.7809049948251461,0.570823273119446,0.695232999445947,0.5545030106579749,0.9290201361734318,0.4961968779176964,0.8291319725611307,1
0.9805279759379856,0.549431070769482,0.8023022667972588,0.17503335916519075,0.48116193348496933,0.8032271299093929,0.6959346534951562,0
1.0202630726639579,0.6021942147941702,0.8287342732736266,0.21984788938084215,0.43836076459880025,0.8383196868275667,0.6577272326999808,0
0.9141513233435743,0.5199418203230108,0.5457937943961955,0.5938448695223162,0.8241530909372601,0.07912659992228566,0.9725867700562559,1
0.7932471702465193,0.8498545001203235,0.9034858703791546,0.5452032054140503,0.727391371115298,0.5545008656987859,0.9082418080803956,1
0.6553476011145363,0.3512424268811689,0.5398501149751377,0.9331062221739674,1.1450216029331817,0.5937152749261718,0.7644459739019586,1
0.058047844609315016,0.6546333026112068,0.9477882148827842,0.06219942502732224,1.0360420482962722,0.46241879982553735,-0.1326522495792252,1
0.8776709529527265,0.8263146577969293,0.7233941180306458,0.0385898500932788,0.7136839858629092,0.23043270216572498,0.45375043316509545,0
0.9029125984831279,0.9815467425102333,0.7353324051551375,0.006845676515254723,0.47673619618611734,0.3210086719915809,0.49851428310601326,0
1.2423215303935995,1.0235959527584877,0.4417084611666859,0.991780762258949,0.22587313633440143,0.19150331372557364,0.30074271003489617,1
0.9290832828607141,0.6729740341250727,0.7934257873827774,0.24269047744452912,0.5755260588147091,0.7789367983256779,0.6013315309383519,0
0.4891936849893777,0.6107818592649035,1.0760104157660864,0.3594801279320564,0.27215878016780565,0.7150105477853095,0.2938829819373814,0
0.8571297980238549,0.8428292888982356,1.0507956733853132,0.0728172264194277,0.39334210220190746,0.6389628117676837,0.2427467100959106,0
1.1547359998497624,0.9956787471906636,1.0067454958266935,0.28560625200873335,0.2566308010214819,0.6426478355839487,0.7369055907648083,0
1.2267230136859963,0.8447232120381238,1.0105827490771964,0.21846835868198033,1.2963187496515158,0.7471016686130021,0.5490260230905104,1
1.0065921459680127,0.6283604811619261,0.7283199120682253,0.5552881803127225,1.0855592703801795,0.2781061770798528,0.8393527722876946,1
1.0484729112314766,0.9570579540895199,0.8339641174631721,-0.001350571498150252,0.5705718475767462,0.5913831528713117,0.5121248130950656,0
0.7574103448471492,0.5616700877246731,0.6928941847813511,0.6319976629263958,1.0064292164051285,0.32404990640327636,0.7115009745717353,1
0.8073510336380709,1.2434668684632937,1.2213093947621716,0.42292413625617964,0.8072874861236734,0.07248396553247638,0.5575274055884843,0
1.0509581679375954,0.5913926371004032,0.8965156095578625,0.253382326813389,0.5123599076581742,0.8232371455185206,0.6822316996947533,0
0.8934870075748753,1.25990464117423,0.8462130158934967,0.13776666636493656,0.6628267056598254,0.3411486190262548,0.38152438133595434,0
0.8989559377180925,0.5588959047658683,0.8906379825996672,0.2630474009676045,0.41782342695309105,0.7230364367161095,0.6361010017054434,0
0.15528665377944134,0.756502833696174,0.8037257851546127,0.05229707221877131,1.1785345124302327,0.46767030409570004,-0.03262758603081171,1
0.6310934686575939,0.10369722901028394,0.6903238028850514,0.6003020335826131,1.0570007620338453,-0.11542728601382796,0.9211805182584469,1
0.8183625515088364,0.48889430746107476,0.5493176040312827,0.4369055632096963,1.1376635957365062,0.3071542681455561,0.6685945565889264,1
0.8347551033104246,-0.09948124056420371,0.5031173684793104,1.0325735230911397,1.1597875520851733,0.5260923292512465,0.5333093810972616,1
-0.0059747939826008956,0.6575603369374619,0.914209760590483,0.08076188639125478,0.9845976360457682,0.49815206097255543,0.042230928077011794,1
0.9396086257893094,0.6481677730337423,0.8195178752675752,0.1196781021502004,0.5889085008459928,0.906055917241222,0.5596921480909621,0
0.9825145038301216,0.577536542207838,0.800919677627629,0.19095394416779388,0.49740615362696206,0.7989874879963123,0.6620612315145613,0
0.7718237922341653,1.058750834224877,0.2708532014098355,0.2573263314205658,1.4559420658338365,0.591680875155339,0.36009587642982455,1
1.188615384701973,-0.13331211776464547,1.2230521730090922,0.46293270904475603,0.32205661119232964,-0.07142545922935795,0.32360598703224314,1
0.8719978446762342,0.994756033288743,0.699485483057588,0.24454637450984348,0.5791519790715662,0.5744553265431511,0.664673235818876,0
1.0134346863254007,0.6359266610093324,0.8133273885619433,0.21599899142141415,0.4919225124151954,0.7719017297049314,0.6721039072098794,0
0.8713941070441129,0.09617335297638069,1.1323483706931663,0.0869474366604075,0.7115676207908487,-0.11253507785995398,0.43239063110893855,1
0.8967666125118149,0.9535245270001927,0.9037676268872471,0.1509747851825147,0.6158567545337597,0.5193849670113879,0.6308209467194237,0
0.9767048529805953,0.593982497275891,0.8003711356748359,0.17467186136846727,0.48597827437226515,0.7679693188144734,0.6578397248826312,0
0.4947826603336599,0.47662123943785023,1.3723662082239467,-0.0024113796609134264,1.2771122338073926,0.599499859452459,0.9991282983294932,1
-0.045676934074103434,0.5879895796202141,0.8070144273206539,0.06879545116846965,0.926420256604133,0.610341215012527,0.006812987851180405,1
0.5443566484479903,0.6082811898068615,0.9081343918122162,0.7100775647138058,0.7752400007135178,0.5285541827585745,0.70348802694999,1
0.9793085886120827,0.8364509124849286,0.7869953962760072,0.2089133957573621,0.10231632835561899,0.8613331803213946,0.8334648173597776,0
0.9845179263216552,0.5005533443956693,0.7650906426228662,0.1472811371778641,0.5356119924536237,0.6949839005672215,0.7171778237022973,0
1.1250594447895446,0.3688477685227751,0.5359269722349828,0.04291671039452665,0.644980160403124,0.9189262258482902,0.9802717863599111,0
0.9338234058257304,0.5912719357277149,0.5250435178103097,0.3083636547205658,0.7803249435223254,0.3884138739464028,0.9742818022617608,1
1.385010241028625,0.7251155547774603,0.8195527268333173,-0.19481143610036789,0.8818749528494201,0.14893859298778708,-0.2233206782193844,1
1.15380876266837,0.7206827238464175,1.0336654225586062,-0.033939257498425635,0.41764705895390253,0.5036909528250645,0.5605604128284071,0
1.065574136975421,1.0093775134903031,1.175761583326718,0.21425376932408474,0.6317894236028444,0.2539195868662639,1.0639053952525774,0
0.4523861325878,0.531796101944863,1.2453938816554613,0.293936679233891,0.6729977542002674,0.4705677502730713,0.8290654586354123,1
0.0746260072549133,0.6417084256229802,1.0010984328650443,0.141845040153856,0.9574576827754986,0.4544283121029048,0.11205822113134585,1
0.9538367210065389,1.0449487895323706,0.796326134750237,0.13995551461667796,0.5042291437468092,0.4712183584277096,0.6452672383012038,0
0.9691807789582433,0.5425715971554523,0.7947600898054644,0.2007790921460739,0.5114495363432735,0.8201241910286194,0.6828260991066705,0
-0.22701132711703487,1.6357738304748977,1.4379848594429654,-0.23358370734919587,-0.11408523263744019,1.8981341528295776,0.3815107066159376,0
-0.1432259565919186,0.715362176802438,-0.17384406905740435,0.9054403127671522,1.152197083252196,1.7155117948992251,0.5298290790175725,1
-0.3269070721300169,-0.03898770597969248,0.06740135163006011,0.8321161751764867,0.4738707234148252,0.279845764032533,1.2414728519922378,1
0.28112259079222757,0.5072688557213889,0.415508176070256,0.8273961668344041,1.027513059065904,0.1517165987436613,1.1664300378438601,1
1.0438445976000847,0.4507757913047376,0.8731516171191158,0.19667247169981125,0.38468511741384104,0.850305775147438,0.6308329385506801,0
0.7961498102793151,0.6212216329078994,0.6054801151975021,0.6340251017536663,0.9287904149765736,0.33340083983503077,0.8087963490521828,1
1.183478797090657,1.0383321500015503,-0.0067940367041327,1.064264641695058,1.0473951153714718,0.39491507880230586,1.0835968268680842,1
0.9720974174836116,0.5538366351919715,0.8369436491900145,0.16105164342401504,0.4686555481133804,0.7623850387611175,0.6512553535517642,0
0.9915560972273335,0.7909973553953848,0.3064620949795823,0.6138127630380111,1.1539613144373582,0.6867248518290756,0.8204743917330164,1
0.010159267952497497,0.5289021475684406,0.9789229757472869,0.07571639055535154,1.0128843333856243,0.44016034301660695,0.06706249410383208,1
0.0866874220669197,0.599468362705824,1.079506063005131,-0.047202507524699705,1.0997034190793085,0.5954002148846257,-0.15557270216204594,1
0.9463877464068082,1.0296234053640856,0.6990861004292719,-0.4585646203874495,1.0536143998200953,0.3565819178017258,1.0303773540507528,0
0.8244704147701595,0.6680739635779877,0.653975483902501,0.2827463501976344,0.34066542161738633,0.8392433688904146,0.8361855806896007,0
0.36622591973648266,0.7450996622358168,0.25220127208515025,0.34007473908953073,0.7600528142072528,0.2734139579093399,0.6282039503937814,1
0.7966653567171732,0.5988450708939212,0.6618318389796923,0.6035382639418193,0.9811199488217248,0.3529134687301204,0.7746925370311888,1
0.8761710121026622,0.38465415607935016,0.25378274125887273,0.7799092993330782,0.9701998274194573,0.20123625759150515,0.8505046171749635,1
0.9817677562887094,0.5569142792010993,0.8084341616554598,0.1800116359484972,0.46465426424194656,0.7657258331358257,0.6564145066261021,0
0.9027874424744009,0.7695842696428761,1.1039801923468935,-0.1817263886883546,0.6304566438720371,0.1850126612815787,0.3037854059522882,0
0.9589884247391951,0.5565138182224805,0.7915185582738875,0.17657253011275728,0.5048507147623639,0.7781705329044994,0.6885155013818252,0
0.7727007269923237,0.5819372625434018,0.653895974800516,0.6148041007322729,0.967390491791877,0.3638491332124082,0.7561264374267992,1
1.0624820717597945,0.6326143121126516,0.7103297879753869,0.08480232311017043,0.35363080502460026,0.7525810548170243,0.6018033124735754,0
0.9898809777465561,1.0521380658700685,0.8190493010870045,0.19552594741378826,0.49639769111871324,0.3120286912920327,0.47723332786072226,0
0.7348339751189064,0.10647873585350576,0.0865835754655484,0.941740905021966,0.9947088396531615,-0.2589163074305192,0.5217801662564059,1
1.0610936358589818,0.633949286837164,0.8014457455237025,0.22233253492554622,0.5413909276274442,0.787311836855296,0.6982734846422739,0
0.8913745124741144,0.3191533818956229,0.9513120670723239,0.42049305222333877,0.8863360883747823,0.6572156961577658,0.49455639544902624,1
0.8850264873680149,0.6052155239655821,0.7353511808496241,0.4588396922030358,0.8371906225831259,0.2908597918187205,0.7247686305521122,1
0.864797757889992,0.8354135404141059,0.9567497001578233,-0.013535635310565702,0.6635154774957026,0.3432733865661333,0.5696621114858738,0
0.8541665075716415,1.2483151460636144,0.8416422984151559,-0.11003746001727052,0.3940884283710331,0.6478652188543522,0.6912371347040753,0
1.0313774017357684,0.6725804951062376,0.6991194051000772,0.1661708613291856,0.5165258916304213,0.9180555638097163,0.7238975063442898,0
1.108139456861193,0.9250598439122886,1.1294437698721616,0.07355767847185868,0.5613625292958883,-0.07274329193110723,0.32503467003183567,1
-0.008928017861619699,0.7276776532447904,0.7756907964808211,0.05436679785999507,1.170156526440887,0.38479851766304873,0.055419653486494136,1
0.09086019022859383,0.6991603996448285,0.8737326926112541,0.11929613650215525,1.0725277638056676,0.4469872295071321,0.07399737159630462,1
0.9548930497380568,0.5500670602700533,0.8125622265693206,0.2075625630254485,0.5033439085085366,0.8191678470382819,0.702301922748927,0
1.43071970909183,0.20118253248143014,0.20897022155439982,-0.32033032517596793,0.8921078577363395,1.0101283372321046,0.3017805630228088,0
0.7057759441554254,0.7041178435066011,0.6514722250978583,0.6697923758841358,0.9370165868846255,0.4425458585891545,0.8720981769765541,1
0.43149676253629404,-0.37891587211780176,1.2230803937063695,0.4151104235326767,0.36142320224999747,0.6071849334603965,1.0831092289582387,1
1.0380155157193605,0.5814777317589023,0.5610917224519177,0.30883607786200556,0.9280138073579357,0.6268596890245364,1.156513052319982,1
-0.0902811045869294,0.9582387328065143,1.136239618064567,0.15186413148018602,1.0545992384642133,0.37006916704048565,0.15861383812936705,1
0.6584877593986315,1.058723698547579,0.6433466899406126,0.24320539724244952,0.7495356160574499,0.33028509231570197,0.7577159758663233,0
1.0052421119218682,0.573812204917535,0.8903312125026991,0.27195068776439457,0.5456520710219076,0.8652191196391956,0.5836877215375673,0
1.2432309411729632,0.46137910514139024,0.8139627836161765,1.3970904281688465,0.63849415793865,-0.030591754230379298,1.330114817630823,1
1.0105814647531322,0.6130968793223084,0.8473029166937405,0.19458392809768155,0.4901685254906054,0.7594288411985737,0.6840681670768749,0
0.9152589597216085,0.6287363456832956,0.753116264244684,0.12308419062822339,0.3446483792498771,0.8094680317509902,0.8942816411933302,0
1.3603480302314974,0.890387462559728,0.6699028255979369,0.2664409444049356,1.0059327137436322,0.8636700241807922,0.9299983568413238,0
0.7279863330382815,0.568547661210377,0.6878419338554814,0.6313259233648716,1.0517482100418951,0.3570481447791935,0.7239680020645005,1
0.9586234383051279,0.6276125156384774,0.811832216765733,0.2423001729001248,0.5492602359243244,0.8324134927118028,0.6782961354486274,0
0.6423008648492925,0.8072997101783947,0.8963305513735669,0.49366859568840366,0.3891448865562901,0.24282275834125255,0.726264892428631,0
0.7805058784751089,1.4115646826126111,0.9369347796856732,0.7777934920627737,1.1046740740625178,0.8081709294471919,0.9538430750219641,0
-0.0718784490813591,0.03150357845514129,0.5101059154431988,-0.3500553134778208,0.79856214754942,0.37388476901782186,0.7564156003777135,1
1.1569877207753119,0.7682536636606598,0.748995819423202,-0.1695018454738909,0.6290335771087442,0.23049707414100531,0.4444893852682755,0
0.9427213582923737,0.8899079256318063,0.8089792832736067,0.031214087842181208,0.47577710574650756,0.2985898272419174,0.48144411283483635,0
1.1791817051171343,1.0405099863990541,1.2215413749172521,0.33720412986626597,0.7678852298859635,0.4266035099438333,0.762416810099316,0
-0.2885546785069919,0.3156105942740692,0.23716762244949463,1.332472877036985,1.3876906952873673,-0.6535888065295252,0.6090126997701028,1
-0.7045897691439957,1.4743818777120725,-0.6347392133849321,1.4054996222315528,0.01972969578733874,-0.9722475981131864,0.796683668484984,1
1.6651085963941883,0.6768258907246882,1.5398267768262266,0.2174248506846807,0.8831095652527718,0.2354153169333494,0.4793619197152063,0
0.01428725448172042,0.5266289940668019,0.880479500767734,0.10988472081333138,1.0690151734286943,0.5805171523528108,-0.07147980443041653,1
1.011697370718432,0.5792128611423731,0.8154806054828065,0.15452471913460747,0.5358167391111658,0.754902424818416,0.6525327002736627,0
0.5651663826908112,0.45596351816422526,1.3009032939029221,-0.718780470195264,0.3930901656619784,-0.3599197828357247,0.8814314747236243,0
0.9282791857223444,1.0105206116649872,0.8030985184537517,0.007151770291973933,0.5646725615761676,0.5079757624562492,0.5343418423612017,0
0.9127150491291054,0.9419181192042924,0.8778125272818478,0.11046786246914586,0.6142801259486843,0.41220212732167716,0.5394625006117312,0
0.9771529533368584,0.5784028566220564,0.8085419796745618,0.1708647644226467,0.4882489751115254,0.7865361380002368,0.669298024541574,0
0.9784703586375241,0.5703889184960018,0.8226797510508139,0.16863143043243073,0.4849893172360329,0.7950575391467298,0.6788941255744485,0
0.8975217647188218,0.6573708490436311,0.6046978497563291,0.7280442913834548,0.9620446863945135,0.5018404559389135,0.6305184125334276,1
0.7491132947568195,1.245782140359435,0.597941529906182,-0.2351573232813493,0.527281763522216,0.21930912217708529,0.7587920918482682,0
0.8122871040947572,0.6416653458621336,0.7360137574238568,0.6885862084580432,0.8812872466833069,0.43495465702168823,0.8059346303891628,1
0.9724213440863241,0.5274069215513253,0.8126418637571217,0.17912996049393284,0.49050062587748355,0.7788470326494259,0.6598706427510224,0
-0.03808032051649924,0.6250719179100103,0.8217753930401298,0.1812909903195996,0.921052647443639,0.5915674890213685,0.10946698190958452,1
0.16016705560009356,0.37673139299551034,1.1947812238878117,-0.09983205989884217,0.8784291015913374,0.5017564622038825,0.008839939282259443,1
1.6692171084618108,0.9606167872707436,0.09215021690360292,0.5170024902902641,0.6895528735189514,1.0083355084047332,1.3009084826560842,1
-0.17531398318516977,0.632968806152167,1.0809803870552235,-0.07645238957309089,0.7863945050409338,0.4264241160548909,0.14668400498851933,1
1.0332824281930417,0.547480281382463,0.7957810944195437,0.18392914268258892,0.5059004042708903,0.7307851363351322,0.6852501293132954,0
0.9948044244335599,1.0073910731724163,0.8633285704098088,0.08872798287038672,0.5362279585966164,0.40103659974488187,0.603316798828092,0
0.921203815486653,0.9525958793186362,0.8957735199581242,0.07790451026664222,0.5901972254761378,0.4223648463727961,0.5319783467933432,0
0.97359735524383,0.5720446352023579,0.7916920206625433,0.20097496541796417,0.45583934503206325,0.8038997872458432,0.654524215539765,0
0.9323282757234542,0.4440470960311256,0.5306338202592861,0.7448268328115987,0.956657081139461,0.3135699279598498,0.6623890150313165,1
1.0818377528245562,0.1484480079149293,1.0956746395235366,0.861799515283209,1.2669358446462269,0.4635606393169867,0.951905965078304,1
0.9871608457144634,0.5146674300589601,0.9077024085524218,0.17990138310135192,0.5289283768126204,0.7393602843985642,0.5814264321096786,0
0.7230830739216911,1.3105347175887778,0.24999239795616723,0.46630713685496156,1.1313990430932641,0.027722685257125734,1.1340398420143813,0
0.6592394633961428,0.9950316306975828,0.9634297558849263,-0.1027738051549329,0.763946086554147,0.14021198360235965,0.6169642736037004,0
1.6574727095885615,0.08940438281976498,1.2020931833575044,1.6662812338639261,1.5947081918842332,0.8581665683876527,1.6940242402862844,1
1.0623667493723397,0.32111289567091017,0.38293773200866327,0.4659354535785966,1.1781944392487742,0.42643983168180666,0.8984641994512772,1
0.6839007327499218,0.86732507485836,0.6082569388300539,0.7541075866992556,0.692147176278848,0.36355506789224484,0.8902305230076591,1
0.6763387438981766,1.451201023915426,1.3502063339464407,1.1422336158757114,1.6429753713216269,0.10876139199115603,0.5710289149420118,1
0.9877645816062597,0.5887921884240861,0.8029088537874913,0.17786609916537052,0.49430353803185567,0.7815349254250259,0.6790945504356286,0
0.7758265736557518,0.5899848655378146,0.7173976038880626,0.6007648574612755,0.9032621598527156,0.32286741846867667,0.6883313971697411,1
1.3053194644585093,0.6353524706219871,0.0698647068238285,1.2100544120171808,0.6939420572011119,0.16522799686803283,0.1685478054745133,1
0.8312969259113498,0.6303438560957773,0.6794865599336233,0.6039274568098255,0.9228539272801457,0.40934466759796206,0.7997394250489884,1
0.956194566275527,0.5611575533782193,0.4856293810398262,0.7414773777429292,1.283349959040471,0.6580347568688728,0.5083930190674656,1
0.9701536413759696,0.9010092823892728,0.9167836240744046,0.07858114032353629,0.5549391171239177,0.36618910689420003,0.5663745334385484,0
1.7626172272930238,-0.22144564456372362,0.19038517305437525,1.4829977206729281,1.2173746535739327,0.7058661408636175,1.7927650746326989,1
1.1358480419202714,0.9359960472752867,0.5558905189079695,-0.2012276495970356,0.7535339879782826,0.550120032463142,0.5731421171566745,0
0.012051955653042103,0.6105036216046015,0.9069539194180373,0.11641591692170382,0.9943529080245164,0.5062642267692881,0.03041404725514397,1
1.4049366112748893,0.41233080702848024,1.406946748020982,-0.49227511437448546,1.0008434848579104,0.827931131974017,0.9510610487688684,0
0.9518029146219033,0.9084247002616266,0.938061276397541,0.11537818271860326,0.5840425114194424,0.4468362690838525,0.5687044953255159,0
0.68881355826381,0.7077458576183789,0.8175945550649052,0.8577093729769276,0.993433128609332,0.6009635080355655,0.9117538167898619,1
0.9910269464240954,0.9108328485528735,0.8915858341318119,0.012623495227757145,0.6108967315259735,0.5117162836812836,0.4486162727798536,0
1.0026161281198738,0.5561591222942264,0.7854488118970449,0.1760147070182987,0.5243715644448669,0.7601707427176693,0.6678380619626991,0
1.103795431381243,0.8825654779015697,0.8743332463093797,0.6782371811172643,0.8845868983784593,0.17664978504679718,0.4834244701035233,1
1.3970840307491852,0.35244598698243124,0.47768683305918763,0.12403080863528332,1.4330297582384486,-0.08165647630588824,0.53132976101495,1
0.579916839801984,0.46207926160092305,0.16022467276076308,0.2501721600462425,1.4547831920036183,0.4818163460703445,0.40080366286440416,1
0.15537245038759234,0.49773392655665794,1.0187637455036502,0.12780351656449263,0.8351152689285586,0.3433047575052929,-0.10800128206034135,1
1.102986485711638,0.7715977860827918,1.0707533687781763,0.11527667013834503,0.5561458866133975,0.4882066708579866,0.345032839143792,0
0.7835752191165151,0.6595443057892791,0.7363918986249267,0.6281023131444264,0.842300699892045,0.374192037653602,0.7127980024952647,1
0.34823986901913256,0.18309094919814406,0.0013627118619945477,0.9522638663768899,0.4992456143116883,1.0042287067152693,1.1084365511281487,1
0.5331025919446641,-0.530510151894791,-0.2940381149126583,1.0021958621235716,1.424239292049362,-0.2018197592474873,1.6900074111164578,1
0.9827907347534869,0.5729259278177083,0.8214498667971479,0.1754439704614624,0.4906778551426553,0.7981525860633301,0.6746858007826916,0
0.9990730290328189,0.9783496685002646,0.9570451744827067,0.15589171653276182,0.5755062937183129,0.45018677244671335,0.5573501403617505,0
1.0707598780095526,0.8762253125298147,-0.11455769845422004,1.0451815982428865,1.5414182833637327,0.8943853204606961,0.4063485515364456,1
1.5509882181466998,1.1246571646833856,0.07646149055714946,-0.07157931765067227,0.6455568372946328,0.8384991661073832,-0.23477186122584426,0
0.8813571794813315,0.48915646966176807,0.7659458189061091,0.15014965058676932,0.48201963650907176,0.7297449347206196,0.6126270076422337,0
0.9717055867121275,0.44135001198300283,0.932715614387482,0.25071373986784273,0.5737313386720204,0.7036965963228689,0.6808890743116115,0
0.8907135510769931,0.6641187143498659,0.8078350095834989,0.0756302304506965,0.5177138205530551,0.8990158427239722,0.703345171212665,0
1.0383257734251314,0.8824085026406094,1.5468139617901615,-0.4034794778148204,0.48386507459955425,0.4590814317844818,0.9810772923055979,0
0.9396739752619865,0.6823652855326798,0.5422078337231951,0.7889962459352176,1.1638597412519636,0.2654546549361059,0.5893516392844781,1
1.3847196784764133,0.8433456022251817,0.9702008216860134,1.7960157769436518,3.0640452024747296,-0.07275317169957535,0.0782803550973441,1
1.1634201070328143,0.43211044365464735,0.35877568668407167,0.2132747085310121,0.3031370680695925,0.3000254461672904,0.23741101068346004,0
0.8642231767509105,0.5816804756336806,0.8636900364361368,0.2741714346996015,0.552383999028607,0.8279049285359057,0.5857760039679103,0
0.9498253001841717,0.5804369805959063,0.8240840942982026,0.1762284922472413,0.4978050112921026,0.803671023805427,0.6535406771073815,0
0.6642163585996679,0.675979699089475,0.7555237656423477,0.767161225629663,0.9803215180307236,0.2091314518880327,0.7193337045920554,1
0.9828737845052622,0.9581123599074627,0.8502436915122829,0.11132707885291734,0.619830828822952,0.40278027893884216,0.5713913873599896,0
0.7875257353668631,1.1139484712234786,1.2044748755025831,0.30679864047792504,1.0032082965663978,-0.033006505015102106,0.335628259884134,1
0.8587948103757039,0.6634606016896591,0.8017508949030483,0.16642940451539737,0.4511122497850961,0.8286467306959884,0.668128047358946,0
0.8590784480543728,0.6385131429949339,0.9630991924041836,0.4854781387472532,0.747592768859461,0.004295903900749909,0.6460963821385998,1
0.8953366759202965,0.6091479086490342,0.5930103893186799,0.5082806398548437,1.0490583080917282,0.3732743045835425,0.6641042133159041,1
0.8975719217843461,0.9135418606352886,0.931739216225483,0.002078977037891519,0.5525165182321676,0.49241891021294787,0.5431238529956035,0
-0.1457853803822362,1.4357384799534811,1.6991433752978127,1.0516514049955235,0.04783406903858711,0.3415053407505123,1.5066886605674523,1
0.8959717640410755,0.5907811669919889,0.7317935542634852,0.055955747299640965,0.4606343648780674,0.9201205153253363,0.767081689547318,0
1.0315073983710987,0.5748357684756155,0.7490461506350434,0.23980790259182183,0.45046388987131025,0.8125591094358305,0.6135035001544311,0
0.9308682379717323,0.616779819436718,0.7603720222210151,0.19050816922937103,0.4819552962512867,0.815854590676452,0.678797532601106,0
1.2602659388373578,0.6330771105761162,1.0668857690556695,0.34983691545032514,0.4574491375900822,0.8278471513785981,0.5665638806972256,0
0.7341971200902033,0.4918138682500097,0.7108251956287767,0.6316928010304621,0.9475356366188524,0.27420175691908294,0.6691987165403411,1
0.7527918415971939,0.6393589106118738,0.5813561300346014,0.6247661727952969,1.037645538342881,0.2772012298254447,0.743805498001851,1
0.8981729093619957,0.9417643287754224,0.8650499447247255,0.11220486758297091,0.5856655703127377,0.43017100090508137,0.5260629321257108,0
1.4345687286181525,0.6178221053069654,0.588200564038251,0.07224480327627081,1.904136457088172,-0.14893536055774548,0.25619903356360885,1
0.7134387274870957,0.6373340179319203,0.7508068017596032,0.5739697799264322,1.0022980078135528,0.45669153915687205,0.8026622567262188,1
0.1682800140952112,0.9838736551647385,0.8610499831708238,-0.23600023486333788,0.7986638647880724,-0.2146413495858881,0.19953567012795193,0
0.6902321168522365,0.7942674591228746,0.6700213418873978,0.3458495323597843,0.9229800391328036,0.5862505306239977,0.707352332871726,1
0.2661246621002034,0.7224167026004271,0.9834604497159855,-0.1385243635112964,0.7777970496711593,0.641406726223147,0.20297098620781256,1
0.36416373994935414,0.8075518398227565,0.518711603753389,0.4119748020679433,0.6034234364858819,1.0199281802480145,0.07182488475329807,0
1.1293088244644238,0.24990677189344823,0.6105032235814325,-0.08398737436173775,0.9024835840412977,0.04425320606562322,0.5962728611890042,0
0.9730950462186074,0.8323939129928746,0.6810473454641062,0.16828205769430896,0.36941214936440403,0.6187178483182866,0.3263309121592888,0
0.5839432580497372,1.2911588704236405,0.9986814152274017,0.2741485840268738,0.294288203600837,0.23829703281389136,0.8121541108187244,0
0.33547105221971063,0.20977580023850606,0.6310990658755812,1.422533915499327,0.6403807751904615,-0.12899288826285715,-0.00700962378470571,1
0.7346755222937913,0.7648482586398971,1.0368220216163697,0.7945658704268375,1.1604519017255064,0.39606939047507495,0.32932354067013025,1
0.8112417029294795,0.6341744925261529,0.6384142738552017,0.6578723583410435,1.024454670954897,0.3794086621787148,0.8146193141631348,1
-0.6543603103232725,0.7809820990384675,-0.02104078105819629,0.7455269066525155,-0.056993859533597924,0.19384764292679416,0.9811252743838341,1
0.6074282826810097,0.7840354783027645,0.6062374359063686,1.1125570815463233,0.9181865142968948,0.2428089340515595,0.8322029855315571,1
0.8854657939610943,0.8753581137424908,0.8049923380622294,0.08639704897666405,0.6718556555378629,0.4125031462751362,0.536188091119912,0
0.94446162732521,0.5708912990088952,0.7883839950013789,0.21028566500382065,0.4640325599560192,0.7621854533635356,0.6428973868024155,0
0.9182674537880127,0.9547294701488366,0.8811582373750265,0.09962473642687927,0.6014854933332363,0.4373745294193198,0.5241465719438788,0
0.828990844487091,0.5382333129308611,0.653356297492629,0.6715617698567055,1.0103251007851648,0.4027119779176788,0.720803301852076,1
0.5803619413840628,0.28940855089106055,0.5531599737392352,0.10275774299798847,1.324649308396783,0.29712308819819383,0.8395528106487546,0
0.7686636723675159,1.029750007183467,0.606765172676013,0.4913080685813097,1.3745070246992268,1.0421069584215341,0.87988367450427,1
0.9904945886311685,0.496967138026527,0.79623362242176,0.06162183992487935,0.3173922698358529,0.6953476530137566,0.5254211836389009,0
-0.02573138120726088,0.5770020892864315,0.9088369220725357,0.1342608976969769,0.9398961270221227,0.4535533763409266,-0.03720559245530721,1
1.0077050979000428,0.591389272395263,0.8211528567265578,0.21543368880275887,0.40166842313923934,0.705050382228333,0.7475683657722343,0
0.9272248066017408,0.9864372683158777,0.871323702442663,0.06805942114940561,0.5616585743931972,0.4427478232182185,0.49291765155303446,0
1.2816960963198512,0.4949715688772561,0.5159357297654605,0.7284180000428782,0.49393059942283507,0.4082694487066348,0.2668041674516091,1
1.0977696970344173,1.1107923631417649,0.7783238393034416,0.029654312765140425,0.37914625644535405,0.29607121372050954,0.6856392107590258,0
1.0193351007486255,1.2671940239874497,1.1287466642485138,0.39779639612401146,0.4740992187915145,0.38710413726310133,0.3152345076248303,0
0.10379387732155498,0.3242763031034059,1.1739821965225659,0.4248172696292688,1.2724694585756164,0.5730772983758694,0.8182067418232806,1
0.38251365024737305,0.24961264612231937,1.7687787095725913,0.9500152862076394,0.9365051597418579,-0.1761920724214744,0.37237078885139996,0
0.9404896259251755,0.7897889913179538,0.7778596839057754,0.33868944362562203,0.6068071710436835,0.43356813888592693,0.11802051288222237,0
1.054275141691158,0.5136367867266483,0.768400201441002,0.23357913434398603,0.5065293702194977,0.8701627267480425,0.7078523374418629,0
1.137511438760441,0.9220290950676262,1.3097542264957913,1.1530377860494072,0.26845697656154477,0.9348666283372388,0.25280480083854295,1
0.9374660049556828,0.9573546235653186,0.8845964042776167,0.09756597311157303,0.5918362755357469,0.4127215484445213,0.518337620292843,0
0.6476328022336563,0.869233200503694,1.0172800667008934,-0.19673238211899197,0.3717974325136223,0.8095136890601222,0.44059412226893796,0
0.9720273846928815,0.5800761952656737,0.8197246056292531,0.18453442040547088,0.4805380264961906,0.783954818420018,0.666834103281696,0
0.7165591900438423,0.6586371707229159,0.5154707811721743,0.45804089725854735,1.1425450021487606,0.3599758809624374,0.6414656612282471,1
0.7886572985145753,1.0943277843432941,0.7059424537110572,0.4366230326897684,0.15778866858706198,0.5109209787446893,0.12405243871655736,0
0.9471998434057568,0.4860939820610778,0.717949596255058,0.16366531817558144,0.6946673290483044,0.5196577558976636,0.7522108722044416,0
1.0682193056952483,0.6326521120990138,0.8192277477478787,0.16236300307204546,0.4778149874985969,0.8557851547140876,0.7687666985920613,0
0.8594202773347213,0.9246778207171311,0.6926951480132619,0.15947695035525064,0.8517666503885641,0.5348584798147688,0.2607203388191362,0
0.9891996128558462,0.5571644357481473,0.8174947235039864,0.20162765091712023,0.5001418932490365,0.7958340166751282,0.6612424842393883,0
0.9763151459005777,0.5760447635284575,0.8170892159269925,0.1768454429767719,0.48093637712186166,0.7941789033355967,0.6734513186071915,0
0.9243470610327623,0.94795215050834,0.8921957347217148,0.08315721284312548,0.591695367419149,0.42421982405856845,0.5300843902144309,0
0.7156912856150343,0.48548723459265636,0.6298674660254788,0.680455829334097,0.8625169861462455,0.2731194544753127,0.8190081426255007,1
0.07380037104255444,0.734455891571737,0.8391510143493333,0.022782686830389157,0.7807518676838137,0.46905489056825905,-0.10012976017861963,1
0.018926866090242696,0.6068413849491354,0.8928536118540242,0.09533408602884287,0.9635998070563168,0.49160097893742927,0.016631240197964258,1
1.0111453777836956,0.608184322045866,0.8109596143814642,0.1863367257192718,0.4482685873921364,0.7739405167430927,0.6959140518960852,0
1.7441116621162367,0.7842380987223644,0.21703227533557534,1.5127453503419805,1.3203742565591923,0.5847408357246815,1.3812839485937378,1
0.6698505951510967,0.7219013948560654,0.8575661126091411,0.659381459138102,0.8035388585909584,0.4150449853210752,0.8054941229566562,1
0.9380618425807838,0.8585163418497777,0.9916672402307442,0.02989982832176593,0.42643576229752517,0.5570815090436126,0.5513543697161778,0
0.10409704890923732,-0.030286224479745605,0.39171071555073406,0.8083143233965184,0.3183286657410338,-0.2889295800752739,0.5297851921935424,1
1.0372912194076438,0.8107315135128903,0.43166167597069943,0.3949008004151352,1.1682831489439713,0.0728403806561958,0.5257767244537298,1
0.3234134841686825,1.0509838081294571,0.11993250900264196,0.8790902301252217,1.2291530548018432,0.7476997680907409,0.7750001774903859,1
1.8654189878117973,0.8893307338747894,1.4397012895722185,-0.1419394716496673,-0.40841531664595954,0.5330781534791578,-0.1315810751330394,0
0.7425192057356321,0.5737495897621641,0.6400743276247071,0.6282692737671272,0.9312257210503081,0.3663501309789954,0.7966830100138068,1
0.9978395936884066,0.6472566132965842,0.7587275044219748,0.2128461138390762,0.5919330899062222,0.7842071738886722,0.7218580348535413,0
0.41678052743399524,0.09623373389203166,0.42641963520488047,0.2202972983978696,0.6155671440964626,0.06927628799622643,0.6293725399589353,1
0.928741243558406,0.8843224781107609,0.9284215625419401,0.14055907452160135,0.630230211680694,0.45740583014889197,0.5696593649627371,0
0.7751487380685587,0.35932395203268885,1.1302800303036855,0.4621800445075869,0.458320047933376,0.8175570914702394,0.5721548883485428,0
0.7020177410431678,1.1330097525458644,0.7844171813223422,-0.031200706827279545,0.6972364418340856,0.5697053896609388,0.7500650274314948,0
0.9476602168508264,0.8264801011681935,0.923212742979159,0.13882603412910396,0.6448368186940203,0.30369525181310025,0.576978574776464,0
0.32779006376438935,0.10477343342903334,0.49504278088940357,-0.5418371834781004,0.3353185752465212,0.1978139819291615,0.64985964621909,0
-0.0040033616998411126,0.6238779530600719,0.8905637459687018,0.08224318252945399,0.9696538929252059,0.4630993329008903,-0.015550915187453516,1
0.7488984961294951,1.1475457288965278,1.1448506902131,-0.12428563241734572,0.6613749171003112,0.2335821752243622,0.30846467046403625,0
0.9642274123908992,0.9900961486614023,0.9281393063519805,0.13474935606104319,0.6282107161185497,0.4743223061613808,0.5683654667090322,0
0.9864134156179264,0.5725446608574626,0.8186716567853294,0.19018826623076582,0.46643158533885204,0.8004569049996164,0.6695918937317001,0
0.9856515485906974,0.7297159931348579,0.6764979585490628,0.16804603839752696,0.6642424411179721,0.6756399827999998,0.7848342415195498,0
0.9330409885112209,0.6520086084830116,0.8264935230915108,0.16502151946974022,0.5713258512616509,0.6992572973121386,0.7511031527548657,0
0.622014836626567,0.5996746805220718,0.815161639737383,-0.0642525971722688,0.8936586894092221,0.5145580871289164,0.6991871460466321,0
0.9269294835873604,0.9440352147223383,0.8948216705172988,0.08614316060450754,0.596585240085919,0.42632779764378764,0.5285207542691508,0
0.7804104902983909,0.6093339013657972,0.6771504263380514,0.5921694686145772,0.9362009645086441,0.39793879519980335,0.7598967687925902,1
-0.03104107590951647,0.7595690588164106,0.7885922952285598,4.8165056971735676e-05,1.1374814296234705,0.3015757264848296,0.08000550516630905,1
0.2577979464334027,1.2037857259505258,0.10890161591173908,0.8983700793393734,-0.5142314902328244,-0.2614970913421413,1.3027860434242315,1
0.774240230128534,-0.008801418622185753,0.3076938069454939,0.44259890658923,1.0148082574178419,0.20250063735510676,0.6042565030391088,1
1.0238608898492718,0.5342488559415542,0.7854160348173307,0.13052222391019896,0.516429392907209,0.772559335106194,0.6431256325028348,0
0.9640852985512146,0.5932591437934375,0.7966413858978547,0.1671673484566726,0.48611917600276056,0.771333325760396,0.6704598446364688,0
1.1771873448893986,1.0758064459578567,0.7206631423310973,0.1888127459429917,0.7997793584787051,0.6772699279923556,0.4332184359685225,0
1.2648927261065417,1.2781420365069929,0.7362561933704617,0.37743835048339347,0.3823031543903447,0.4942058193485793,0.17018174826209276,1
0.7608760143175805,0.8316818470293421,0.9567019625814708,0.12205729965057012,0.4234936253353099,0.46517828360964364,0.5149522771532142,0
0.9067623245835529,0.4870611802552846,0.7481850066937501,0.12981947261625637,0.5574386642148992,0.7934075865151038,0.7760355995403532,0
0.9708489320925655,0.9181554927750958,0.9058109578650684,0.07374752657597762,0.5999944259356934,0.4153731958029428,0.5590353543296309,0
0.8260081584472453,0.8916319424688893,0.9875751934146999,0.06282766667604518,0.6557599082262833,0.7180644005793586,0.7579119324103684,0
0.9983915218342624,0.8406079961693228,0.7088797069471108,0.25583745788382684,0.9783557355726182,0.8013345627759996,0.8030355880149217,0
0.49586444149888415,1.335822007259841,0.8634429186699248,-0.22585678451573765,0.8000310194969698,0.8451788239562827,0.7105080390980228,1
1.0437242530340207,1.148623630774753,0.43529084745760904,0.16364260986862877,1.408442773616869,0.5151595504651764,1.1821067210249558,1
0.9856583898221276,0.8739439282835938,1.1723271178948715,0.23472864352680145,1.6977364420712522,0.6083493996377105,1.5138405806107031,1
1.060580949615964,0.32175395002488844,0.8205099587254195,0.5517940500882695,0.7196225815498523,0.6471260495486479,0.9193506842579134,1
0.994920142943109,0.5720707866549857,0.7683403240408441,0.19454547674971853,0.4691745280429751,0.7672308283521341,0.7135033774600966,0
0.7559057261963849,0.6772179047062962,0.35998686117906303,0.7033337879184187,1.279909890779026,0.7496713277936238,0.6990382450092008,1
0.887929218179791,1.5619769643876393,0.7816066006152376,-0.7459979968645918,0.6273860000153592,0.40857479006412517,0.10652773166188073,0
-0.10475978785976746,0.4987949986930884,0.834248869449007,-0.0020815774086570538,0.8635096698340661,0.508154530260327,0.1404610654413579,1
0.935508708889465,0.9525638090174238,0.8561297587736653,0.04814727273597673,0.6251804556149259,0.44575031899649087,0.5127501262342328,0
-0.15536021027823582,0.4811116347595642,0.7871007315064351,-0.09329153915226321,0.8547580842557829,0.6724999800094905,0.21156272651800503,1
0.7791392602297239,0.5884899658220369,0.657944416662701,0.6174998783096924,0.9732905729658143,0.36457649298159606,0.7572842145846357,1
0.8606337648775839,0.9204945135019011,0.8812005119336974,0.16730974701418197,0.49960543693233433,0.3034640293414025,0.553138838955862,0
1.4540751327757953,-0.10356017093422742,0.7056060918982217,-0.24369890759565627,0.029118344385089534,0.027976255338117317,1.1708824517688945,1
1.037708409849826,0.5883622930484199,0.9583474806444265,0.03110236245564635,0.4058362472015135,0.7061671911509307,0.7016237260389644,0
0.8082511960848715,0.5648083160597418,0.6492820767189443,0.643856642810775,0.9785679951400916,0.33741652837836544,0.7784953046355393,1
0.9372548951784577,0.9605568972408418,0.8807875180691552,0.09629002485077909,0.5928294295730677,0.4177693200516104,0.5381086920461635,0
1.0017853040663487,0.5581480960248414,0.907915280199911,0.20167827383562048,0.3939858614366207,0.8977735485206183,0.7756609820662103,0
0.8224393757912134,0.7296061954568716,0.9756608407510715,0.023093625278065272,0.36999402622951105,0.8117967338553281,0.6832536237471084,0
0.7764783037500278,0.6137254842405336,0.6293004312428744,0.629650632704374,1.0041600060804603,0.3871738829005776,0.737314658840611,1
0.7123028083115139,0.8043944310557828,0.9702947382855478,0.2461097181539822,0.5685920145746631,0.35486327519743216,0.5806775079222773,0
0.7483166565227456,0.6921902324699281,0.8244563829369932,0.4606530294945197,1.1497501034872377,0.12695658773080967,0.5509557910699745,1
0.7911205616816385,0.6107353939390936,0.6525033861472657,0.619279458854649,0.9906832843424964,0.3795411994708835,0.7677626549881592,1
1.0051942375940446,1.169651880720792,0.20745387927381653,-0.31292620825371986,0.002694520876015738,0.5836224318453032,1.5103458957587357,0
1.0998986579005299,0.5904367816229718,0.8813824181890415,0.1293824971887865,0.37182061380037124,0.815450834445452,0.7947948971242866,0
0.9149707242606713,0.2899862062858062,0.6623315385568177,0.3273478688429252,1.3144270178487614,0.18714808177271083,1.012380373756323,1
0.988442206749486,0.5777013073310664,0.8117966135665369,0.16183157241626828,0.45702690246442446,0.7825334822335589,0.638244944526253,0
0.46019010699420076,0.9099181534008499,0.9005409471823803,0.8136687184976918,1.0057558060439136,0.6753561626309901,0.7986128517288777,1
0.9406296741923831,0.9477914515479114,0.867764350126406,0.09893911378775562,0.569392324286972,0.40095086531909724,0.5446284948384514,0
0.9127059742666218,0.944596671031724,0.8909548844464996,0.07057994212302027,0.5731623582551696,0.42092873617269266,0.5294379465270078,0
1.3372079835341637,1.3488970242094034,-0.3900592816518509,1.0684035750656116,0.26224101085888607,0.820910790718232,-0.3164832211901335,1
0.38275817415620816,1.1236049794195608,0.09889896862611469,0.4255606632086433,0.915628954549672,0.7212457577884879,1.1833456006678853,1
0.788876578306112,0.7087958008014145,0.9255146161231149,0.7218265227278515,1.4827506128346415,-0.10877801994767378,0.8133023910426046,1
0.9674997468473879,0.9370205052528601,0.9496489654119901,0.1554724858848086,0.6356668513525762,0.45501826610856505,0.6091688393429575,0
1.012648790128385,0.5034746940186073,0.8017785556186603,0.15584452614440533,0.4268461570413596,0.7392911395146937,0.6237274301570632,0
0.8741418178677849,0.8724894410402098,0.5389926241929662,0.7598225527787271,0.6397476722044853,-0.009628946194641552,0.9867412637394886,1
0.7979342150323936,1.0982529848825076,1.0198924917313894,-0.0970773646188397,0.7939662016608531,0.36131923192806353,0.38367437057612536,0
0.9150753535317043,0.8860074015914619,1.1008319804644016,0.2309614647595255,0.4387989167638834,0.40021554600768683,0.3251197430863863,0
0.8753452920720699,0.7123397922164352,0.8174318080045707,0.1031960247892034,0.5446482412263632,0.7378089488487011,0.5396883431342736,0
0.8840699509811301,0.9202301033183276,0.6384498100729762,-0.1932867375660723,0.4301454886902634,0.5049561563650412,0.5407604382644621,0
0.9580745776415949,0.52409618027035,0.8639289426260479,0.15411069007724626,0.5317779528762707,0.7325590061133157,0.7284122777972182,0
0.9814000139938811,0.578153151455189,0.7965522069802567,0.18669939165387694,0.4982611214532554,0.7849890202305053,0.6551617030333022,0
0.7901153594418723,0.47671528118158,0.23075758798452534,0.7865631408550042,1.0162007106691837,0.5700794954290767,1.2052619559630313,1
0.46781853257027667,0.673247409463278,0.9330872186496317,0.3109028589049866,0.9764260209065676,0.630576604724215,0.7211080362701743,1
1.165735717325746,0.879592395739403,0.8462051703186736,0.2932493163032849,0.8432460191028188,0.4431984457033642,0.5361350199656595,0
-0.018074984741248787,0.6794886653963983,0.817759392930119,-0.015352743130889746,1.006469005490092,0.4676084444862746,0.13203384545410046,1
0.3919505944357547,1.5257144202407007,0.35566322402931927,0.3407431589637214,1.7038697719396065,0.0636332650147215,1.6862128443568287,1
0.8583458585892155,0.795492283522117,0.8479395947262479,0.8404799558177584,0.9818437223942311,0.5298994161058006,0.7236217965604945,1
0.8380724923837524,0.6456487761744784,0.9444774304579325,0.334460670674668,0.4775267299609705,0.8925841881839546,0.6381928854269294,0
0.9020338202308875,0.8698545979283667,0.4862260224107888,0.4643362532401575,1.1896398654560065,0.5957597422528489,0.8854019247907627,1
0.7472259165640583,0.6522035643854998,0.6366672644834996,0.5701702860790766,0.9267039576883114,0.3264979015297157,0.7291525484810635,1
0.924044501101973,0.8225744308418862,1.145885970759156,0.22889857956828666,0.8598089414595196,0.7534953566481996,0.46978225698070525,0
1.2844959050414646,0.4525400140958752,1.0515294226983676,0.10341294893578504,-0.35062054774407747,0.4349169288132114,0.9661304301649645,0
0.45451694761052247,0.607265111681963,0.3856104909917839,-0.1701166741702662,0.46600798327913096,0.5053212990627296,0.03794740349251541,0
0.9724373985722352,0.5818773685576724,0.40457199684578754,0.5685507449356979,0.957027272702587,0.07303857685823156,0.7555297005853032,0
0.7839868667120834,0.7016244937685989,0.7779107788785008,-0.2726145485132266,0.8291028597866358,0.5451975392122933,0.4320932907270444,0
0.6011813565791974,1.0120167292143232,-0.5445027190093445,0.9463033313695706,0.33222890225939083,-0.5840765709192772,-0.06950979548177927,1
0.8080145126752408,0.8194439332690583,1.3057336816435599,0.22016963910227327,0.593990477544995,0.8585999773547548,0.9825691216033345,0
0.5938877539001113,0.9817011069828796,0.5446940940779492,-0.5052669644865977,-0.01640034111217359,0.018337713903844477,0.21374233723388864,0
0.828733406952156,0.982480893774644,0.819736563946931,0.058538780654078346,0.636280477254187,0.5438115575245976,0.5126407743860733,0
0.9812843391890742,0.5669950305210806,0.8105143774014232,0.1709596494618891,0.47955983899011956,0.787500824244962,0.6693879248790255,0
0.990141093604194,0.5412502113220862,0.8804440495601759,0.0916297151229104,0.4447523667543746,0.7892818240779816,0.6773981407654893,0
0.7478439282534577,0.6242085301249362,0.6717184453859464,0.648145537579479,1.0108937330144918,0.3946573149299449,0.7926025952180091,1
-0.44858487432014416,0.26169644551337556,-0.03323473365268825,-0.050352017909958635,1.7142536715445225,0.051712436536733464,0.5701260334502849,0
0.02420844210947498,0.6154652499706139,0.8922174431330278,0.0977098160001311,0.974281369997019,0.4987149908378903,0.02382652100674865,1
0.7768791933485499,0.5771744190109703,0.6767946109115788,0.6185917496391532,0.9810106196175451,0.35042927210525743,0.7498524510186821,1
1.0911425927074296,0.6594162288612578,0.8259879509640061,0.08796765680931698,0.43101925031504945,0.9060254113925154,0.626033147987177,0
0.2680461188081795,0.379560743290524,0.40076338214260504,1.2774034971516648,0.3675776016491077,0.1586116503359331,0.7505695734271257,1
0.9714171547228405,0.6630305607400658,0.7681161295980493,0.10133902041294093,0.40242008480901187,0.7847530572742356,0.6754323687301798,0
1.0003178144311962,0.5671049522497513,0.8259190708703393,0.1668783278293751,0.47672534572211683,0.8084722005258905,0.6812364325700638,0
0.7112597216850847,0.6070914428586377,0.5414242709913554,0.5658110983336295,0.8802314409812548,0.39514231154750085,0.8609403009004706,1
0.873303519299774,1.4223771106540615,0.6258962000423087,-0.6565417201860695,-0.16781291630466488,0.9969131546519144,0.01177263264900319,0
0.5822017521229802,0.47741794100374196,0.4688518151091232,0.28821378793202834,0.5988168163925671,0.723011516060962,1.1994037653658023,1
0.8595794942644388,1.0400429998773049,0.9026481858753677,0.022918408015795012,0.5891644349585458,0.5472748557352326,0.4488821479418038,0
0.7877298434032496,1.396664581907224,0.060254928265550345,0.5721357566508861,1.2832543158410563,0.6577015820832421,0.06239986552115595,1
0.9998721628257643,1.094147865922047,-0.7590825696783101,2.47906821658631,-0.4176136622725495,1.1555328047756557,1.321557540688099,1
0.397338458712056,1.4244227487506187,0.8528211015866539,0.7097332079956633,0.7567878383015796,0.16914479833741028,0.24803900723583205,1
0.7680426013618962,0.7210615423371837,0.831457553949127,0.3444830959121498,0.8010599188000304,0.6903250459135453,0.7683456513388347,0
0.9100834298865947,0.5817569334427818,0.8809876603576429,0.09891921111051803,0.5628241518876205,0.7274276663267994,0.7334634550885151,0
0.9257041940675989,0.6965769231709579,0.6361246741095239,0.6251937324854635,1.0011171128998573,0.45593795502931445,0.6190419138997069,1
1.0619298213693573,0.6336361877224874,0.7165044234593143,0.05874788262473922,0.3710818249518638,0.8978057783202413,0.5486590090294551,0
0.7873773178643819,0.5894713089162926,0.6567030318721995,0.6230490394406272,0.9672939042081632,0.3635278693062005,0.7606144661357925,1
0.9958757165785751,0.5267635231783937,0.8315020439697377,0.2347281602875243,0.5595657060589514,0.8132582314645369,0.6731796288913885,0
1.3710912014674166,0.46107020167760254,1.7116864110295364,1.4477462420647913,1.8243797169998834,1.00834667051855,1.4247076617736671,1
0.07771143580355633,0.18652775818354933,1.8241610605140264,0.9755120561975408,0.8791400589914347,1.1212824048505605,-0.6511433097261318,1
0.9972962549809548,0.5050719023283884,0.7392541355863845,0.14570796136249065,0.5396260674966817,0.8615099984339013,0.6119073205097354,0
1.28295746721665,-0.012640140624952223,0.2972800259456925,0.5438774381184587,0.6861662437649356,-0.018625065295772902,0.5401563025340406,1
-0.03548262949960958,0.7855834603786901,0.7408936512039733,0.004777024976342817,1.1595913462072656,0.6695506327959915,0.06682067933893873,1
1.1951356848652481,0.8491070055599982,0.5822550504237655,0.4405228962401019,0.9945214877282715,-0.10409660334357401,0.6790921581160599,1
0.6526046121647775,0.702165229167459,0.6480133093678115,0.5654172342832836,0.9251875302234975,0.19350160999661428,0.6058602795420924,1
1.1370999170894918,1.221347005122805,1.1587716813393025,-0.20107034858856948,0.9186112496255155,0.6676940330680006,0.2841580554457763,0
0.8298162091181059,0.8048710423899272,0.9627383949143484,0.23906200493654828,0.7364963508010864,0.5739580696884454,0.5772290648630776,0
1.08247592574824,0.8775278299029868,0.9321163790001762,-0.03701810299182756,0.7706731675381042,0.5649842849864002,0.5511427436501132,0
0.8904420161143862,0.4967931011292747,0.8151678865226953,0.16235136530315056,0.45582648812922794,0.7634270911903855,0.7486908458707349,0
0.8700911319882556,0.520751718687013,0.7610349159932587,0.6274763115043077,1.0661347840697244,0.40683840907007235,0.6587170656844542,1
0.8859965585590928,0.48401048492428556,0.8406644491427316,0.1663658562433472,0.3979052398609721,0.7920536848405352,0.6811034668488859,0
0.7591643871159217,0.5130721091832705,0.7144787566129593,0.7036957489845677,0.9241242049458874,0.3565740085027721,0.846896380970326,1
0.6242989496515506,0.6500930396523712,1.0260402432111113,0.5771324712676904,0.9965731315246552,0.23739906555974497,1.0763187224652593,1
0.19634947705611316,0.9309237195240478,1.2261352734560949,-0.5135217559063553,0.5116588652874077,0.11027427872720041,0.8070058116173211,0
0.9148777575509834,0.6012518377834866,0.839699838778221,0.2523083831965209,0.5211237091436834,0.9073661075088066,0.6192251091488875,0
0.9707043161685661,0.5711977114474288,0.8152162780731228,0.18308742166794612,0.4824340354781024,0.7970131539964223,0.6814005742552617,0
0.030719967113503166,0.6153702224915097,0.9229640449335114,0.12628724713243114,0.9978129456726039,0.4822437217143952,0.044721302847868766,1
0.025497237502500894,0.5882732679757504,0.9276949653344383,0.09561819388751809,0.9593833132931066,0.5303433730735304,0.024396784125666295,1
1.215775251291845,0.49952073076526626,1.3359441434332808,-0.11334152290257293,0.8255168112491009,0.4635673599285618,0.15367885532549286,1
0.9070918315986621,0.5812685830984102,0.6710394663127761,0.5150680403773791,0.9258787345860394,0.49111996663547763,0.7524602044659052,1
1.0033965160277607,1.0325661757202085,0.9562138938717756,0.11643330715837172,0.552888330549575,0.40471717878180147,0.5427874209904295,0
0.6169197738915367,0.5990666012105115,0.7026401355755296,0.6832366721231402,0.9776861243123276,0.48415601585825163,0.715241674231254,1
0.9526213494386587,0.7682936329664827,0.813528630735551,0.06862710333704398,0.4473542592054379,0.9725480177787645,0.5790271307316794,0
0.5984567921727237,1.1384384829698941,1.0143638534595982,0.4166005461475099,0.796495750397646,0.642799939606153,0.72338452863306,0
0.9635308108575816,0.5673426907054144,0.803354599532917,0.17979650245864445,0.47172118611927666,0.7795322845912959,0.663588920082601,0
1.1337930642999716,0.9837793815789956,0.8604737583855889,-0.03199132155710126,0.5873483075444942,0.28226681823990973,0.5799797011836034,0
0.7103873106465943,0.5067194614759253,0.8721584849831591,0.8800163624950584,0.9906651545707463,0.6297054611693016,0.6662090887393994,1
0.9235564306990052,0.48421782280134146,0.8443679798857872,0.07185108088715347,0.48636274166833493,0.902398980441456,0.6156708265173803,0
0.08109782405685967,0.5928539885646272,1.0308915271081638,0.128282916604938,1.1147629254468403,0.3488954906587108,-0.130230630316262,1
0.4327882375454531,0.16258994500773372,1.2558668189421054,0.23364026486710127,1.5035420805342352,-0.43439883036826776,0.24728617939461417,1
1.2608471856559933,1.3811892976242457,1.0273315489554384,0.6542719043287634,0.6434455258487441,0.045435638667481515,0.4948748279986075,0
0.8440515998676142,1.0327627944249806,0.8649023825303974,0.01188066848603081,0.5893985934338215,0.3406045735343829,0.544264864821063,0
1.0015826062603692,0.4904274376150551,0.7519108638086266,0.3028638944227262,0.417211986993079,0.9043062004599736,0.8185641435206612,0
0.8497377001918792,0.9797873041354833,0.8329375502013756,0.14504684932823705,0.5515201595336089,0.49516890786716783,0.5043694110471911,0
0.9314425956847704,0.9585545662786935,0.8972537487322365,0.10008219847140212,0.6005562593233588,0.4222727228918986,0.5471717896942374,0
1.1139701159259658,0.7293783557183329,0.7839526850562669,0.20641735894445945,0.4989061356247572,0.751685737081206,0.5345090599991436,0
1.2284524149217317,0.7679896634441812,1.2983064631561922,0.22981919627797837,0.6359461764530321,0.5197110962110715,0.8009526774770083,0
0.8659097601053178,0.913660552025354,0.8582266199287802,0.009619717262864008,0.5422817319167764,0.4287361405389294,0.5624544066668107,0
0.8051608425923289,0.6200424193067055,0.66648096285555,0.6961954480447915,0.8565526402240585,0.22451541642021058,0.9047640644488399,1
1.038912255635924,0.9154164963069831,0.8875966929343903,0.8141631960451116,0.9362890782433934,0.729922808474549,0.3649865576098157,1
1.0674601780842696,0.6342078311187842,0.8190129653287055,0.32424044467951607,0.4160945659261705,0.7084683708822795,0.8630002043361309,0
0.8787009155716519,0.8425335974113103,0.8168613875407338,0.015308719302514665,0.5598782263681735,0.4992787757790217,0.6280226552464118,0
1.0496518269850337,0.7874152011473537,0.40801986884616626,1.078293840202241,1.3154130300651816,-0.04396474566357844,0.3962640287462897,1
0.01475083655219978,0.6270066328070241,0.9147030109365473,0.07259185864754927,0.9466412975688583,0.4655882478765885,0.06151218693402952,1
0.15223421940388715,0.7635406391952111,0.9927619121382767,-0.0581545263481561,0.9063297003169586,0.6077225925731446,0.08266976605943996,1
1.0397847895554224,0.22004453071198804,0.2762741802808677,0.6247367212380368,1.155176135581509,0.057328990741616126,0.2598518794578819,1
0.9520998710800899,0.6130948104273123,0.7521194094686728,0.20143079874678654,0.43422508221244527,0.8066643354523599,0.6239425008348912,0
0.023074255609477165,0.7047614465287285,0.8768812874528368,0.13947073474173186,0.9705773952232393,0.5923530613474672,-0.03794874779302919,1
0.9766417279992631,0.6060923921018856,0.7585876512325258,0.1737315456134148,0.6339374801136161,0.8438026820552121,0.7828355409687533,0
0.8212239508898986,0.6492091879598744,0.7597886634082361,0.07770293262033712,1.1362379838292251,0.11990753050596265,0.8548687285847021,1
1.0162147821328769,1.0498202928527303,1.2172680988922144,0.22363058011962553,0.9668260837281768,0.5491361243752833,0.9600578192717656,0
0.8380811764247387,0.5779031959498413,1.0829423387811727,-0.2572848033201733,0.9460296685235192,0.7286385649053457,0.11102509089770929,0
0.851879637262791,0.6871443399972332,0.7694016570308704,0.6540550600330232,0.7988088772609389,0.2434071179367382,0.6815147306415257,1
1.0006958464309754,0.8895638359298699,0.8286622460580426,0.024712200340586757,0.6743966825343968,0.4773286140866925,0.47547772590885806,0
1.143602409589246,0.6230300304925691,1.0407429098892578,-0.22523441713751302,0.3044052270248198,0.5629555774327691,0.1923087433130543,0
0.06232639367627344,0.5797771223328044,0.9708108279232341,0.06675821154442287,0.9603336329012405,0.4986283438105478,0.09111189591425639,1
1.0278745652389063,0.5328525092110714,0.758755992063342,0.11504914107789567,0.46251378513819524,0.8384863065816693,0.6714632504910344,0
0.7077134754761679,0.9058112353704313,0.9052014179526076,0.1514251142388805,0.949878203894065,0.05067304032966208,0.27300732818524376,0
1.0215601374048553,0.8640923236931444,1.1464837659470302,-0.021476047779586033,0.307999365543195,0.6655490946158403,0.17096090031290517,0
0.8057627133731451,0.867604699668717,0.9482624530359328,0.051528720278769,0.7360387331938955,0.2729989167985736,0.5278707773264052,0
0.9318943916755156,0.939278444138124,0.9143755182642425,0.08846087094582235,0.6199100354616726,0.4155716806484768,0.5150462128681533,0
0.9639016955737156,0.9117176683726542,0.9667179500171128,0.005560028276767104,0.6379078780618452,0.48349064537373526,0.45872577696374567,0
0.8495965170295965,0.7637720745627704,0.3382070957836001,0.89429689507954,0.8937224526703562,0.12272432700290326,0.9516440227063532,1
0.9498288000962538,0.6621702613252918,0.7124073434789309,0.16255529336618968,0.5615573589233892,0.790896349126326,0.6473785351453224,0
0.7929793079808131,0.780788356269959,0.8728846630292626,0.549036694952027,0.9303350793233107,0.09838097136742102,0.49606868308265384,1
1.1075727363074914,1.2880595666112251,1.1066304795361925,0.0843568659518993,0.32914692424887293,0.6543863515219006,0.9467008245921331,0
0.15815696054013778,0.5585637047975335,1.1434055796501674,-0.2775161504567383,1.228387630250871,0.09185741078649895,0.3061774576721308,1
0.6304708752187689,0.5581662525223748,0.5446670316794846,0.43844987605716534,1.0368309287381618,0.41834138872044396,0.593121523003382,1
0.9350784557736831,0.6256463030709749,0.7638617474627177,0.12186051998654376,0.4955005096010101,0.8329942343664827,0.7148165991203961,0
0.5654554276670898,0.17749362026545973,0.6272288233576582,0.949553228741469,0.9977339222267515,0.7145878639030641,0.6100589788265491,1
0.8603449265279168,0.6567309348956523,0.6852328263809121,0.20213679709063936,0.5578920692110159,0.7286318794330955,0.9676518296456389,0
0.8534105526928534,0.8819049070979046,1.0645419963524236,0.7275680811990558,1.1905650639490564,0.5330547578102773,1.8455812389109272,1
1.1726373587017698,0.7723695271643654,0.6486178762175971,0.27812539412609194,0.4587340169911768,0.8066230387703732,0.6954600178555622,0
0.9058197256532295,0.33268236595109324,0.9726356626484634,0.6860677636229592,1.046668376830337,0.776157326388635,0.6766001781008301,1
0.8109044080397305,0.9389224091919502,0.6592356767530617,-0.1114337226269225,0.5216094106754148,0.6037771537184122,0.7181118498695165,0
1.1721573267251755,1.0713352296956558,1.0268474275006145,0.3077446458214007,0.4875169141403713,0.32167976636221907,0.4535985335917039,0
0.7511357820164417,0.5767404815876873,0.5480181053343745,0.7026452782665967,0.8954725823073967,0.4066332866814882,0.6899182636779722,1
0.4868919502467796,0.6874654335641155,0.9260101027053523,0.6321023106716833,0.6982326776531436,0.33918510612452357,0.92420134188135,1
0.9888872986161074,0.46898405936439613,0.7186608926782148,0.29383974874071206,0.48672335209337403,0.6487130999180258,0.7670585397110878,0
0.8747265007243096,0.6054623679146717,0.8759415953470122,0.22369334647843225,0.4065868746898749,0.7175265356301926,0.47975053594285755,0
0.5812205845997727,0.49389830859212924,1.3245786827816486,0.24228820747254612,0.8237434255606234,0.8103882447414839,0.19604132654365236,0
0.9090121057164833,0.624820201134915,0.7304707401698367,0.2458529900597995,0.55436789804159,0.7345650212112564,0.6303519606333391,0
0.9899914375650176,0.9783435520580714,0.8360921949765918,0.05210788991302478,0.6180283878249844,0.4764961583349312,0.6047326388392941,0
0.9754574510045686,0.571059337584911,0.813918293317152,0.17874577677953807,0.483885554817767,0.7923877630997151,0.6765283477126887,0
0.6872605156660875,0.7166156831028396,0.7090549389276946,0.05152093814218664,0.6210503780845568,0.3689626764284656,0.3347247388159348,0
0.9745779942469179,0.5739575515586169,0.8134930226390746,0.178578481188717,0.48252160442119296,0.7912998188740396,0.6765461231196211,0
0.7503402573380955,0.6596670721652458,0.5997964638452935,0.34967985894141074,0.4951382739270107,0.7469921545297556,0.7601086296333642,0
0.6939594127626192,0.7908812054631965,0.47788560398313995,0.8934440745531822,0.9746176002495526,0.6287369856260328,1.0206193234719219,1
0.9811427117946712,0.5380372653682635,0.7605448428752086,0.1923537944637574,0.4539386964039223,0.8171402947435793,0.7104927660353921,0
0.8766758681216112,0.18185077208957606,0.9544709875879048,0.3559683395778579,1.352715213758794,0.08912417856854005,0.5879662198458195,1
0.9852038435372139,0.5555565544956135,0.803446345289447,0.1682631875842012,0.458116201304478,0.7848814048098208,0.7160816145115733,0
0.3289181028384827,0.5474526926132876,0.21133344202860804,0.2188424617997849,1.345265044695389,0.3768413692540564,1.0335768300919495,1
0.8883566899866582,0.9542764030286317,0.9323320221169421,0.03140614493452768,0.6617540028009822,0.4153492574196245,0.5647309756581396,0
0.8523214518047535,1.1278744557600542,0.5932077805127554,0.25425651797770127,0.4304391653510563,0.005685489064199356,0.9450190408390897,0
0.7410370419321001,0.7688845369176285,1.003454844031807,0.23219434724981125,0.5930884306371053,0.6241337325791273,0.5913509648426587,0
0.12497884273120086,1.5620036419847292,1.1094504505894782,0.4225530444393345,1.2176931374764783,0.6886672643741565,0.07016850296883925,1
0.6060052522972846,1.1402969421086908,0.42592501223777834,-0.08742471985857031,0.6482988109255293,0.5515506637245928,0.287447328574835,0
1.0053791050333956,0.5468959911792097,0.8032422568782702,0.2624937273619776,0.5260398812570413,0.7273836731957487,0.6471664179467438,0
0.9703208119740333,0.8690774566181025,0.7342207549137754,0.20481020710058517,0.7259967941516443,0.5897167591278947,0.5530663600261764,0
0.964283621302106,0.585676947263137,0.7784155829125118,0.17606439867646606,0.468293745491175,0.7741469156554536,0.7023783949927606,0
0.9694789754274387,0.7820857384867614,0.6859997899716574,0.7030598976432658,0.9957696558925497,0.24096403295750304,0.5796971093456098,1
1.061207971857834,0.5986401356777329,0.7745215944975957,0.19270414128052243,0.5899426995041981,0.6949756266618977,0.6725591093372005,0
0.7569529347102981,0.46435587649322596,0.7139542165241144,0.7678642935849216,1.1508405174428562,0.26423446256301075,0.511749743597022,1
0.9786197936666696,1.0981940910056303,0.7004341153874151,0.03497752387031103,0.6580588049447734,0.38750995977745734,0.5103200014519168,0
1.296492869326567,0.36228497502543194,1.2183744390101934,1.6861565384552848,1.759092229087662,0.8947703673785025,0.3749154266496302,1
0.25213880118663856,0.8795649054254976,1.3939108713228983,0.352018982291538,1.5331557113564833,1.020318777376579,0.3966726754281092,1
1.0680324624361135,0.6762244297172115,0.6699407410411468,0.7938368751416227,1.0297613615155943,0.5648076410997689,0.7665900218365138,1
0.8856369489948457,0.8253679350177018,0.7707692550020717,0.17649040203469168,0.6349509579243593,0.39097500684946185,0.7523355886046843,0
0.9178194658518363,0.7989513808032792,0.6461854477265714,0.17955438451987044,0.4322972289313351,0.6074519004244786,0.7078307156095686,0
0.6446795808647966,0.3654022103890314,0.7137196180128128,0.5325875908489781,0.8516162921857287,0.34660332841676217,0.9411824168587084,1
1.0419508261006576,0.8646837031913233,0.9116279025041415,0.09602840756936534,0.683131838420575,0.5525532481046798,0.5058402530287429,0
1.2773445076882404,0.9182639799687634,1.3757146633531832,0.5895263949195928,0.3558623337315388,0.8689384008968479,-0.025090630024620975,0
0.9959631810061801,0.8318287079458685,1.0628392925582502,0.20950010502651123,0.4125848012008888,0.5159401793002723,0.793419272210986,0
0.8549435447126879,1.0155666824313292,0.8300935932451791,0.07439294842743059,0.6589692393674199,0.3957185183350797,0.48856425259540254,0
1.0808043908203133,0.8677111625739334,0.6011456344437076,0.25582099908485295,0.28260118223541486,0.8441934948563309,0.6309030187130399,0
0.8670538873529637,0.5851813327600949,0.5425117448997363,0.5427511914384062,0.9745758799171916,0.3938641733362769,0.8838420113206461,1
0.7909001601197692,1.2899879254922622,1.2572432055800733,-0.02568227122077893,0.7379519357539813,0.5547501830536635,0.9391284250734271,1
0.8105923410642705,0.3754464688553578,1.3777234430183218,0.032877902924376395,-0.048801290504913664,-0.2612584158496314,0.617623788924329,0
0.736033535941679,0.606508047939464,0.9786923500079814,-0.08243429021966983,0.3935063856223496,0.3504593372314353,0.20534262317952046,0
1.0192816835335874,0.6188373980056797,0.8326009978622065,0.20254493753417538,0.4479630584742441,0.8613386028985042,0.7514090283934456,0
1.1820187946426137,0.9225784903074967,0.34450766739864486,0.22751903886212732,1.0216846319927047,0.03697744514024115,1.0753237852161834,1
0.8674711769627569,0.9060738577104427,0.8892175542066164,0.027839158943215647,0.597929336532519,0.36650998018345493,0.5809072384530719,0
1.1128679269454653,0.9807293735096165,0.9636145642606175,0.1567341896872202,0.6245748124710907,0.35209439857318514,0.6259403787101524,0
1.118791627888881,0.9726096677728631,0.6689686947498089,0.36449136524303105,1.2930051644891907,0.33180607740187446,0.7080069911884553,1
0.6431401460270182,0.29711094873055993,1.559938988256068,-0.28020430147454156,0.7367308121710269,-0.36985579053298345,1.660682505915992,1
1.067065533134965,0.8563985234780551,0.821788763888509,-0.006120023386177953,0.7052142385631852,0.4352303468342597,0.46303051149528696,0
1.7920003607798458,1.8446711476465294,0.13496975814489243,0.7115280681078775,1.2515004899928188,0.9564547657940968,1.4707357483975134,0
0.8829310192892946,0.7734146165371404,1.2288101208495825,0.33562056531992573,0.4136865739652414,-0.005360004280884623,0.8181589888111084,0
1.1321681753939576,-0.19638495653391508,-0.14863913579682908,-0.3731222271806376,0.22659404156730145,1.1954935613431563,-0.20858703044468052,1
1.0098493064111542,0.8857607250183714,0.4798990035585118,1.1613978683300257,0.5570965332572582,0.8512637261425156,0.3791018951216682,1
-0.026234208206548537,0.7587079127500513,0.2419593059377938,2.089204661141862,2.088330279250214,0.38642461734387956,1.6202791997068993,1
0.992109498389349,0.5643785540810364,0.8153367361164097,0.1843708702936823,0.4731600039831765,0.8055471066344984,0.6750353855841308,0
0.767862711621499,1.3285843880848223,0.6338528540298496,0.48608822190512146,0.5823542722554546,0.7277431688712683,0.9072580142639413,0
0.9571609361301386,0.9653809149726618,0.8777063394157567,0.07321072252935745,0.666253699943911,0.510981764447377,0.45343206092841215,0
0.9818972548288171,0.9407175623875369,0.878649412330489,0.10087014969465156,0.5840197613386571,0.4765785031241178,0.48775444974085813,0
0.8651517147054852,0.03166568546265336,-0.22715714759436567,0.6547204190457926,1.4795428717090566,1.1665667296209956,1.4108307322293099,1
0.03294697328299242,0.8669941000718395,0.7799445123795421,0.08138457766643321,0.7659913886579623,0.40841190448235376,0.16289098028188273,1
0.9022796497538629,1.419167084338945,0.4925076296390816,0.09816802365399907,0.35739412211109084,0.3334087120705544,0.9070467661191222,0
0.938824809737139,1.1237403323893422,1.0678596660054729,0.020548706508621617,0.803497841076021,0.5513759546657283,0.5417266326866352,0
0.9443834088769982,0.9520391750110017,0.9139619858162014,0.10396174938893644,0.5982475547484375,0.44768435158712233,0.5011172135580034,0
-0.307960876422668,0.8942325488830376,0.9025711033750192,0.9251512043117621,0.9831294369968394,0.39318361118348605,0.37997726883603994,1
1.53558299088873,0.9390220611792957,1.6284885779005032,-0.5601364941228196,0.7932707831732715,0.14593054069428307,-0.1380029447597686,0
0.7163833893094628,1.130998452416942,0.6543812575331325,0.6346155827806551,0.444370363711845,0.9035504233521846,1.0144491529609034,0
0.8288361335066242,0.9583850392179424,0.8730002435032544,-0.050728429078002235,0.643847812891526,0.5460886165086256,0.6744093711525045,0
0.996834279823218,0.5939495842857612,0.7970150884527241,0.1780368731492729,0.4643656436710226,0.7715899719270372,0.6614800229777693,0
0.914785837719429,1.0759006330694834,0.9535123986233843,0.12836017714317124,0.4532707379629751,0.3536610256727787,0.7653401160280034,0
0.7524675296408256,1.16852918041399,1.0143990687827706,0.14910951011226256,0.5013601403569263,0.28523633940833154,0.1703599923200399,0
0.9322460908365758,0.580236792876412,0.6083407297358131,0.5924185530455316,0.9368178229190882,0.434001063068857,0.763778451543241,1
0.9835563949731759,1.360544174302914,0.4315848820158382,-0.1740523175312812,0.6721932366171128,-0.03633792572528233,0.5454596063934738,0
1.5230711742537473,0.684806306526577,1.16391728460871,-0.14579308297907234,0.2557975018395353,-0.14401320718557253,0.5403598474449741,0
0.9419701730327679,0.6064132446270035,1.1771782359436842,0.6403345146442865,0.19178177666151108,0.11064958722136603,0.5914557359619407,0
0.9755550011374289,0.7450243090820496,0.44719831581745806,0.6196509821165537,1.1185659022823597,-0.12512354312215973,1.2232897775076421,1
2.291661356362163,1.3316006449700346,1.2771592888398469,-0.9307127062738386,-0.519083510848975,0.6687718856815668,0.244744107458154,0
-0.2581660980815266,-0.4549157361580465,1.4535408048110385,-0.34957023095481043,0.07663258763895842,1.4174646060880656,0.6182557673383523,1
0.5597704253261983,0.9483726642982484,0.8167354159370378,0.9331463071257726,1.3719202831697652,0.12519392338313684,0.4906266182984899,1
1.4943730699244397,0.6525540403975458,0.6103911501830488,0.06013193822909191,0.24833228103993793,0.5714890576161205,-0.3352705022757665,0
0.8554064831159566,0.6642978466674266,0.9650883805670265,0.032010423897994716,0.6203986911375545,0.6759309504132014,0.6447110105254217,0
1.171762000333856,0.29481889399673555,1.2438176413268676,-0.20874516917041525,1.1297072619479498,0.2366801862190227,0.3880062165760076,0
1.0811611405216675,0.538449856065622,0.7279777465611583,0.19371310043242146,0.3584177320315509,0.6928151341539571,0.691196414174947,0
0.7215616336860013,0.4655785707510532,0.5490369886110391,0.3394035550602332,0.8547909849280078,-0.0503797103842748,-0.15037011471137673,0
1.078782417022778,0.6316406415691919,0.7745049933338137,0.1506076041829949,0.5733412038001415,0.7829452738177834,0.6702299256363502,0
0.6445845143581314,0.6714675200789751,0.7960190920518772,-0.06395952725584458,1.0100546814413125,0.7745866183846591,0.3433253768442657,0
0.3700203549291455,0.4357695201838775,0.7099013997636745,-0.07208409714067646,1.0918409943924965,0.4057044512163928,-0.09719004407334471,1
0.976180293541845,0.43618096069029694,0.7608364109810705,0.8135187581309313,0.679463173918023,0.8386995343200107,1.1788397996615805,1
0.7597987771797724,0.6530593650306781,0.5595400231749152,0.6492407046038836,0.8337833789229174,0.5337536940342693,0.5668234502516791,1
-0.07608214043414718,1.1804089562738675,0.8320527625642011,-0.49846963555556467,1.3561228608142715,-0.23712313030735477,-0.19230513528861037,0
1.2880707048617008,0.6083493925906363,1.0900152190697925,0.19640731116012977,0.9959409680289297,0.3346271205662963,0.8484427322628345,0
0.9754116041951063,0.5732354412447392,0.8146490182154252,0.17673494166972792,0.4830099158810671,0.7919009247751365,0.6765729604084464,0
-0.27473847554369224,0.6183594807353802,1.1526218093191238,0.43403402144092107,1.2809901196189342,0.4750607611556727,0.12353696399420204,1
0.923408781017608,0.8717085257621514,0.7746602982287476,0.20712798529775672,0.41393274163120913,0.4323139049472909,0.6730565727969575,0
0.8748531172340291,0.08693649849545104,0.8805263592195562,0.8180875722684735,1.0778494238679692,0.17135583340030053,0.7225018739580119,1
1.2679266330978327,-0.16046948835330666,0.21870898688345985,1.1800371896267392,0.32869268716009836,0.6156447338037192,1.1577625584565518,1
0.9361850624203392,0.5761396581139384,0.891827890880792,0.07609433045020672,0.5607674622324638,0.7213637383060834,0.7614979239829358,0
-0.11236729385674371,-0.2479332836763808,-0.1517614771994531,1.1992128408272755,0.016374489753944732,1.0822752570738388,1.2708112919396093,1
0.7653872820121344,0.5488823741596288,0.6750865581798692,0.6656947662626256,0.9964587677038335,0.39844619408688825,0.7987985489639233,1
0.9529373073110432,0.5904071499010212,0.7944030100415111,0.17989350326526107,0.5039746357340597,0.8028550484882552,0.6524250475075878,0
0.5705041234143757,0.6701220703234179,0.4612496869248165,0.4123299026945645,1.01979135913234,0.5623726333436248,0.7174266188083761,1
0.8914543624541119,1.7164658962047055,0.28976188773048583,0.6864547651613214,0.0871171813452234,0.057512963400713824,0.7428370693844906,0
0.7926910543300917,1.0519526523491958,0.8037833630031371,0.10938287464362242,0.44992663554798945,0.29593670798908245,0.32924658558717496,0
0.9434531328023008,0.5417435791553366,0.8798071230697964,0.2423973778590945,0.5582404378548966,0.7709655321306506,0.5965489130121526,0
0.9962507901927341,0.7523020559594544,0.8969217107518667,0.15990016901778295,0.7132826981198975,0.5293261121260089,0.4643757724737507,0
0.9523389772770794,0.5627014195163151,0.791856747425936,0.20502972230416855,0.5047456718899652,0.7978317551431703,0.6435682892056098,0
0.6637884301944098,0.2555352894899313,1.173305035914332,0.009984227192543105,1.6012339261180972,0.14150406351921954,0.4943118897397282,1
0.006969751204028031,0.628811962586396,0.8950868952946526,0.09820958894913653,0.9891846682407323,0.4941873131836631,0.027103380701960243,1
1.1503305797790535,0.6305872344020729,0.6251827186768828,0.08196801735649217,0.7761409882466251,0.6807553394047132,0.5062204022325032,0
0.9797954100600325,0.9367352844342886,0.8328081164463245,-0.08760869982036515,0.5847360812576837,0.5619134459089878,0.6150737259921222,0
0.9445291869750205,0.5335877651007236,0.8132265198470442,0.17535595925068137,0.4538031314325356,0.8219201210399453,0.6542887702300634,0
0.8583529287869418,0.9646982341249194,0.8322000132030403,0.11614288027047184,0.5888709967618927,0.4727233335550164,0.5029951762526884,0
0.793758444326932,1.2817226852949444,0.45782438314507673,0.33120106207748234,1.1332078688305853,0.3717745690634423,0.1039982072418773,0
0.8920324634298638,0.2980450113708263,0.8639265198938246,0.5408655753728018,0.8942701184685158,0.23985125634844268,0.6508928901173472,1
0.7418069984513718,0.6910893361467358,0.7332109443464555,0.6782941973473937,0.9159490598361256,0.34274004913224415,0.8109102329779981,1
1.4666790805205867,0.9498905246866015,0.11667426328580333,1.1822739500186,0.538492620453185,0.23616883873440894,0.19790080821961664,1
0.9118812094070122,0.9813720253924426,0.9351061154867792,0.13081508045731177,0.5880671973121275,0.38086528915381335,0.48080126654840605,0
0.17609133134180932,0.3780707912932243,0.6354318931723963,0.14565900152234187,0.6928588756386714,0.5732333459363401,-0.16638771069608374,1
0.20002584482117058,1.043834104984637,0.20595745342814198,0.5343089118421208,1.7089884504940196,-0.3671555270949386,0.09891088913775303,1
1.2061995567819985,0.45018562683944763,1.6895199321535261,0.550146697888193,0.8720464886586444,-0.26870847926178976,0.1895295023871697,1
0.6714544389156601,0.32899358094143755,0.44324578451840735,0.9331862468824673,1.1570579947862933,0.1853694607729298,0.5241763971832281,1
0.5418225859188597,0.27641537437159586,0.6481828055772584,0.26868462715650243,1.2457392525195685,-0.03540931764674088,0.45674939907331735,1
0.9601662816175405,0.47828991393050485,0.7325291607912086,0.27256534071578814,0.5694813502852145,0.697016957793042,0.6715168525838099,0
1.0095629577544336,0.8747178351851129,0.84360620561043,-0.04819646335827135,0.5851161970966331,0.3613934129724871,0.6216037026337301,0
0.964781122512023,0.7114396795089014,0.9933008818318996,-0.011607124193727947,0.4225813885897034,0.25418803776139576,0.21536504324698635,0
1.161920574087436,1.2394890603342636,0.8591237691313471,0.19335546581051363,0.3393286230242334,0.6104329628798978,0.8470585378179385,0
0.7627613230232274,0.6025078095097226,0.6633532559759826,0.5872382908217338,1.0055679127364645,0.38263456186292355,0.764481214462826,1
1.0086116371454554,0.3072129571170416,0.6270529735415442,0.5633677116073116,1.2144374131048565,0.31173727931266204,0.792261660358254,1
0.901445391393899,0.5643962487280557,0.41100173010583974,0.6948652361979708,0.7906213093828446,0.1295892777344486,0.5749623078872297,1
0.9557188503762608,0.6087307156049142,0.7875687047057011,0.19418001098780652,0.5096117476136132,0.8262934072895878,0.6922218302452708,0
-0.0344587176075597,1.269266397472134,1.1848139725653752,0.629367011854739,1.5050778970946745,0.6133878028132684,0.7288565237980733,1
1.0463693775680785,1.583658518219724,0.31925066890894116,0.1763482807126266,0.7117981519494939,0.15578898435134592,-0.24150538588368098,0
-0.06886134140577227,0.3010575867596608,0.6159461228663122,1.088018075347152,0.8492638564544794,0.3757503700346169,0.22975088288162038,1
0.9520648573380329,0.5964512220237786,0.8031013030867133,0.2061843674673085,0.44736836639783667,0.8152200474563044,0.6649806547107053,0
1.5446425794210037,0.2368627002203314,-0.48032146290355526,-0.49165765065424705,0.8270122691520793,1.6492776197744297,1.6759006702600425,1
0.8688078558606203,0.971022987683297,1.0005989348212916,0.1773273541849953,0.693645207727886,0.354273394031667,0.62037842328555,0
0.9503467508591201,0.20149238078892107,0.6296476651944429,0.5180337816041876,0.5126253833959877,0.7305587792179233,0.8459552096497017,1
0.9823174098362081,0.5966832215972194,0.8681911522041059,0.22240150510247705,0.5472608423453773,0.8372085218618923,0.6833074335779874,0
1.2641708495659165,0.2325942798818319,0.9404182122834581,0.14170855743445393,0.5181246732531207,-0.34516349387078826,0.9317733394605314,1
0.6203485350131959,1.0049548750697832,0.43227363984581846,-0.1530576583742822,0.5481168719193296,0.6828630920112739,0.14438218982055429,0
1.683944775934677,0.4425816174314626,1.0087153122212018,0.11924495168493388,1.156064803354213,1.0370446502727004,0.22925711968887508,1
0.8305306512390193,0.5977218018917415,0.7154219007470828,0.5949131380981149,0.8929191270144057,0.2662304992161263,0.7136530600692498,1
0.9576339183581976,0.5519605622971592,0.8319898849877849,0.21180247751797293,0.4480208337409201,0.8212014254095593,0.698049829031331,0
1.5030678939407591,0.6507326232892251,1.4824931475274417,-0.19963196791900523,1.1888877257970893,0.7616310008606754,0.6061064608244383,0
0.981828309352886,0.5750677901347037,0.7697745909988108,0.13201563715446699,0.46117752653937893,0.8311903616734192,0.6690111091796896,0
0.8260574227480322,0.7628184352968789,0.7042534987145064,0.6497007953092631,0.806037583273754,0.3503091424755017,0.590477997917269,1
0.8112268555381074,0.6522130995332797,0.7161833347609098,0.684152006803967,1.0437886400238916,0.3688144320546753,0.726921547115056,1
0.9348916519706284,0.9679444503055148,0.870969851376094,0.07385901615673952,0.6200124293317734,0.40819295377124404,0.5507497128860477,0
0.8643763507887792,0.3122127134424449,0.5105300544533935,0.49989263583524174,1.029744392760233,0.2553961722943721,0.6932749227021399,1
0.9626898753569763,0.5624830432576327,0.8319800097629548,0.1668060148406458,0.4702831793309435,0.7819780782490902,0.6631408710029455,0
0.02306737727920888,0.6255569543083817,0.9169383775534842,0.045930064107604404,0.8794650589714108,0.42084725488099073,-0.07729315045062185,1
0.963082585903393,0.8547061230880115,0.8293803516569818,-0.04990768667009443,0.5032723322179921,0.5543521125184026,0.41409035802471955,0
0.9649511008520432,0.7088613204700074,0.780515038308183,0.16585307624254203,0.5562457578671952,0.8018120671954762,0.7858041912286444,0
1.1130144275086429,0.8822965992144454,0.9437717798213261,-0.03422591328209938,0.7752024330494475,0.30975222509431793,0.3462478500677322,0
1.0700364550861972,0.9927724926219718,1.0786350984103084,0.567424955935385,0.2558295367992352,0.10484702787076544,0.7375863590776897,0
0.9622108260114599,0.7069030576491605,0.7328898105065752,0.2861394863292963,0.5099706540200447,0.847620923728066,0.7785383840247805,0
0.8231946828944385,0.7855652387473572,0.5276135596840642,0.7790157475741052,0.7973075342666184,0.13687627550021278,0.7366382837304253,1
0.6699761378348235,0.22080144896207732,1.106735726837496,0.3617343601218328,1.0613974521115332,0.43758792656539347,0.9562965977979424,1
1.1760731764555783,0.9953407387465386,0.5595490975319358,0.2844768971265357,0.8191745832127503,0.642271997442438,0.6302017015896834,0
0.8601025666482148,0.8862104322180172,0.8161616364867291,0.08066426912451245,0.6869188325890344,0.3255110447841816,0.6093119249294264,0
1.0974997549633885,0.21750141117796,0.38352419269413374,0.9235163455311992,1.0886609926961468,0.8648766544949453,1.3648993659378104,1
0.9180047969095237,0.34570230733217255,0.8405239974541745,0.5170596195784918,0.7349559952568198,0.4850796217388092,0.758100312131078,1
0.738210744924835,0.012129816674343763,0.7381161926745562,1.5064146048427798,0.9339794938572715,0.6868646748230653,1.4664589832540498,1
1.065754229445334,0.5712837474472885,0.821385379106194,0.17275857346033968,0.7015318316971119,0.7228621480532829,0.7389048792997347,0
0.015123093453401841,0.878676169617584,0.8147193105787348,-0.10967951883428592,1.1241405189901978,0.1604710441221489,-0.13111633589684352,1
0.9905764521582573,0.6029930118743453,0.7605485648561109,0.17905543167857768,0.4746493868102925,0.861140753241787,0.6660234441340569,0
1.0024471798915278,0.9260104480992707,0.9219075465254771,0.14717764852070384,0.6659654052055728,0.49083908584450336,0.620146108275424,0
0.9546387309972839,0.6255196865089303,0.779745582837412,0.1277946779824788,0.4822425827535805,0.7874447011592371,0.6313648278133652,0
0.7940993929681743,0.5902157425916749,0.6691012176577527,0.643277186879767,1.0028648962824909,0.3520098256365057,0.7573906403490492,1
0.961231621501224,0.6050517553024413,0.7919561306201682,0.14815860670763947,0.527809272298452,0.7595117189269407,0.7015483697300641,0
0.5725874124128421,0.9124057245226198,0.8567608010916318,1.3163480022232847,0.2609489927840548,0.819055980956196,0.5851060266243906,1
0.9680282050760775,0.5666366565101552,0.8156453245570153,0.1802802354904042,0.4780471590486938,0.7845377604323451,0.6810647863229609,0
0.8544769598705254,0.4854048783630594,0.8588816882408746,0.0795560040007122,0.5684148019154617,0.7584487990316628,0.794626139886356,0
0.8719754804374893,0.5137704322746224,0.713776383230536,0.17915371303111025,0.5549876788346336,0.8698003222859987,0.6015039704220002,0
0.9938707357269312,0.49705111957375825,0.7555733198203811,0.1807661796412677,0.5297986078044935,0.8514908341917834,0.7000726748593395,0
0.9046547738915415,0.9067159205960894,0.8864385985947076,0.052960777796142285,0.55757330038609,0.42237206610324146,0.5510428906908577,0
-0.028389980170907214,0.6717316073049437,0.8936404773828505,0.09267258933970547,1.012723598811442,0.5425668079583563,0.05459112762319734,1
1.2851567288029107,0.09463094973178077,0.9986296801768437,0.09934629899924285,1.5576938870860038,0.9348934244966066,1.1401797361808579,1
0.9680728385539012,0.8976914647928014,0.9366913582763419,0.05863610220970095,0.6691401005447509,0.46636421434957714,0.4537648918093184,0
0.9067658468183716,0.6434220938812596,0.8586217610221548,0.20987354324122426,0.5218260106795884,0.8061258511171738,0.6413855200405667,0
0.9228722836639037,0.9460198871740237,0.8934445528713141,0.08357063373068666,0.5898114865207994,0.42438580048578545,0.531108955253438,0
0.9002974022344623,0.9450497344503285,0.9402032797287858,0.1080539298382995,0.557122297968945,0.4162644705433596,0.6041961432186441,0
0.6166523342325211,0.47579715077861917,0.6226923632204144,0.7931502706633733,0.862385942435125,0.3291570319940641,0.5985200612350425,1
0.7666123693767968,1.135436234320151,1.1318059993370346,-0.29146779884430485,0.7784626694880045,0.5916305489231348,0.8656755390972957,0
1.3563717447204546,0.8997398044254263,0.471623854265974,0.2606716072456435,1.470137793531241,0.166855528335939,0.10166428212937018,1
1.0803876536222368,1.1859553884120266,1.0093842286750496,-0.11144291398030609,0.571160265814504,0.15034840467529292,0.8326900924795914,0
0.6855406846493103,0.7885868323584294,0.9008638335995324,0.4884979455392839,0.2290294890488283,0.5597122078875054,0.7747614070458959,0
0.9966055653306164,0.5369428911486471,0.7756299254526942,0.15271683664491184,0.5343170546354357,0.7864268855485239,0.6608398202833407,0
1.0416863033029424,1.0093135300226401,0.8778972757943968,0.3505033686226866,0.33339484957374854,0.1522713290370843,0.7023878748201734,0
1.0280384439450385,0.7994321507606281,0.9493589977578011,0.36259592459913603,0.3082791640848821,0.7152279039133868,0.589749776262396,0
0.31984698708020787,1.8396681220729558,-0.15791772941722437,-0.04883486585915653,0.8715524160596788,0.7140452737498438,0.7719402253701393,0
0.46820454805818207,0.8262787975074004,0.2558471343375806,1.0292509608229625,0.4642533952196328,-0.014157244536308622,1.3944458543648164,1
0.7282782156990412,0.8164744754676962,0.5861994666624647,0.24135002078398865,1.4832850995343818,0.5856397006282844,1.036509246622652,1
1.0194059977788408,0.8937201767895517,0.642873941169498,0.256054293601504,1.2377119840638287,-0.20516973190949206,1.1979910065295694,1
1.2861085502054332,0.788157566376953,0.5551823818189704,0.04247275043355567,0.8153654128195349,0.08023975713360193,0.7059510780146492,0
-0.5549455874707132,0.05930325458833652,0.2718833071954739,-0.10755037337384465,-0.11284166445260957,0.3638469168291662,0.8254055173005103,1
0.8761539559328135,0.38737899938288634,0.9263284269272799,0.24697202557127212,0.51391920849438,-0.18614219795276155,0.7300235856808581,1
1.216894099023112,0.6389937152833632,0.04341275437620029,0.7528305400713853,0.49790711568712237,-0.2288706594164085,0.9478932236378455,1
0.5198216732739322,0.18082885000754495,0.24857734197889525,0.056208987456171755,1.604306147740655,0.12148870803334161,1.3798911198151633,1
0.9700669918714183,0.5704500223787803,0.8118168637903489,0.18064353599767338,0.4771294490378947,0.7908274233174191,0.6724349804725724,0
0.8100676441783223,0.6558816637819807,0.8112763474587935,0.6143924206931628,0.9414353063427114,0.5639392201519461,0.9456091596046933,1
1.1308630496502756,1.2148278762102276,0.8491770297895815,0.3163379192899445,0.6076262716069889,0.5921101968258546,0.6184876835845317,0
0.8002361113564236,0.6497103239609592,1.1139297262569867,-0.1277213208788321,1.007089477798836,0.570835126291342,0.8214933320319251,0
0.7887188926125837,0.5811226082888677,0.6494761922394262,0.640404444771038,0.9864454637799184,0.3444584777704969,0.7356809562566836,1
0.6400757484809952,0.6158366805818757,0.8442023208124159,0.4978440088968111,0.7482983294656501,0.27217896179742307,0.5791967594185681,1
0.870352246565872,0.9548756532632068,0.5567222121430607,0.7390256843534919,0.9101148139450789,0.6482952483188357,1.3140077956622518,1
1.078500266040128,1.0857853645408286,0.9010417307764643,0.1599921250207692,0.5820303772594352,0.5209089134844079,0.622542569411196,0
0.14522886167090698,1.3441243633863433,1.1949601688936444,0.9039215113633756,0.42084083813168127,0.2766941750373004,0.9566164563308548,1
0.7484886835349989,1.408009749335302,0.5716023171673397,0.18591175160051523,0.3832032969415481,0.3255182287774141,0.11199028306605036,0
0.2659544716026607,1.2379700077725013,-0.07275114959957174,0.738249714605387,0.38423023896431974,-0.022129125342013056,0.29027659359029984,1
1.0658234159968563,0.7685505790727233,0.5075131018474562,0.8060520836228426,0.7001036500353415,1.0658525713389966,-0.32979749978517037,1
0.8165555595835524,0.8932331120541335,1.1582384270050488,0.3978374571625127,0.39218363756071617,0.788336140108628,0.18085789594766732,0
0.3515474855735625,1.482707981987438,0.732025884953303,-0.2198888279448712,0.680728359299155,0.12029349452763866,0.4018618267741479,0
0.06093420741580469,0.7314446672196417,1.1225838626600082,-0.018961012196179475,1.1790096764478775,0.5410367270160373,-0.20852509089355412,1
0.09070551862137777,1.0559149554343938,0.7021265541837555,0.3284787730671516,1.4567451014432964,-0.5854127857627877,1.5795995224902204,1
0.865645596237867,0.9065242645039795,0.8199079608562944,0.060203822365110515,0.6179088982826908,0.35368076167689705,0.494290846215397,0
1.042814214850878,0.9645417398956708,0.7895896167924354,0.08772058535354414,0.5314685033199771,0.43668317713124144,0.42409385326169413,0
0.028154931393378567,0.6519683008063119,0.944248271620613,0.09537893068539849,0.9714353973740365,0.48571830067832195,0.072068799587099,1
0.7566551976527062,1.065404038304035,1.1006371591064958,0.18841154305467706,0.7583795189336151,0.3471844727418777,0.4051957470073885,0
1.1280614391718684,0.7940027051145369,0.6986289694483384,0.05706240585634534,0.7772556268381583,0.2643645219950773,0.3260710289247269,0
1.0993759682092317,0.6666869780545301,0.840188678677689,0.15703768453210376,0.48614818637434676,0.8396235580586566,0.7401344256562252,0
0.6869385768845794,0.26261167880748554,1.7876597061821407,-0.49849728722501185,0.06479536397067642,0.1528417769557746,-0.09037042798490103,1
0.7813989308890195,0.5978525686442893,0.6887838511041682,0.5668730827383044,0.9354357363427599,0.39434336596621156,0.8149383433925975,1
0.003496326660242244,0.6103130374065415,0.8921645181247814,0.11412705457927264,0.9923432867636746,0.5092951511262342,0.04391486857208163,1
0.6023438098474676,0.9949372460712161,0.34606069486734103,0.5434965253700701,1.0899652584554704,0.8125703608728037,1.5422260549477786,0
0.6055966492926925,0.7028138101385746,0.8869516715102617,0.37506710668452115,0.7171328511474981,0.36112617787496787,0.7126009553884051,1
1.1446907130618738,1.1930139449482917,0.9918492103283454,0.28888319616446057,0.6235189493660348,0.284010646065958,0.7660253362414767,0
0.6868066495256817,0.7392442562839696,0.5445824481750442,0.6603591427651502,1.0864781001648183,0.20563792923999732,0.6036384218870037,1
0.9279291801976954,0.9367718415296742,0.9048734539558683,0.08779177492092946,0.572650349283549,0.4125009746647493,0.564850163796492,0
1.0017699501222088,0.5236215581836101,0.9219587880523243,0.2833491654216292,0.5497591146870022,0.8849041076829771,0.6751583814864127,0
0.9609212754931237,0.9871952784802621,0.9604669630509105,0.007859657274535595,0.5262769620742852,0.344166447385634,0.5360593188013969,0
0.48561109347952913,0.21730571292365802,0.8348066205881093,0.6095652078531808,1.362749551628962,0.2843963279894234,0.4842760928189731,1
0.9327974920380249,0.9688729845098186,0.904834133415703,0.08761965545417173,0.5716229130886392,0.42997914035064533,0.5099211281838377,0
1.2147524808355963,0.3851191545621895,0.731625743102619,0.45442318221886535,0.5619336649064499,-0.042786773005435486,1.26328313396785,1
0.9607777392368121,0.5262325208210907,0.6347911524098467,-0.11393629316031367,0.5797887340815715,0.9744743319445615,0.910044246998641,0
0.9187162423883455,1.0195525797655922,0.7777487354171237,0.04483279086786542,0.5129082701940799,0.31905387905999816,0.4826770934118686,0
-0.04729426035712735,0.567920370131866,1.0026716162505904,0.1401542130924628,0.9146971705468956,0.40042245709481095,-0.10061094481166245,1
1.1065934894509906,0.8849796537344737,1.1080742627733398,1.1660968177291564,0.47027968338741033,-0.050936501904798814,0.8215292894116251,1
0.7961693529557008,1.329043080613632,0.48691209689606596,-0.23180523406839404,0.8212171339366943,0.22313484184151416,0.7896564274202483,0
1.060333590768578,1.3574079897984606,1.068387396820697,0.023809723580394453,1.1001373275223671,0.8709252290713196,0.04129844393186349,0
0.9440631854696279,0.5846026688243258,0.7130946874899144,0.028472307678673064,0.2676030568523287,0.679283854985018,0.8682906005689462,0
1.0926989898711816,0.2609052899189323,0.44083640047212813,0.6613084628898107,1.238519538754145,0.5251485177124107,0.6880668430949316,1
0.9953385666439217,0.9713202355879333,0.8149912655834888,-0.06953254314337928,0.5841957164346392,0.4269122191386429,0.6777743860667619,0
1.007978241038379,0.4784220174947552,0.9012181870756503,0.16909647714689824,0.4098194928757448,0.7238767466547005,0.6719696429017953,0
0.8777010615852725,0.5123823537690011,1.0052211437842975,0.07841648832567184,0.49107819192776264,0.7512305085078559,0.7216724464333084,0
1.02895655190476,0.8078749396117666,0.9124340769127558,-0.0033717971928518137,0.5278525447400234,0.3516511748302643,0.6031294080379691,0
0.8555251756721057,0.21587665038900028,0.395476843339798,0.28476131337144583,0.7580702876390327,0.47059996388551334,0.9308474984836176,1
-0.06094767343933846,0.6394927318700581,0.9211016769687063,0.19173360145446183,0.9059360887717369,0.559930674131683,0.0339368281968577,1
0.7020825699682732,0.5578737065414877,0.65425448972667,0.5596196764614565,0.9597278769372962,0.42535668349236966,0.6810032875394755,1
1.0539709296686943,0.8958601501303152,0.7375123469502758,0.033773734636338267,0.5635158967360332,0.4492835634185405,0.4108764216851025,0
0.8275667596408866,1.066053800855016,0.6210985794668415,-0.07785475400891129,0.7184642890104354,0.23943851416070233,0.4844043511021454,0
1.0480793810159212,0.45696957533538024,0.8602258097045017,0.08922912083926142,0.5104782866433293,0.8743376079009099,0.6073209116121627,0
0.9449487074059691,1.4499691953730591,0.690948153243593,1.0994051857848317,0.469326116127618,-0.6578677436666238,-0.26032215269805803,1
0.9149581289489384,0.7637613351302845,0.6084452466635231,0.2054572315324185,0.2829914686967747,0.9955410531547171,0.5050225842624347,0
0.9791270499231438,0.5755229690796617,0.798574954230334,0.18579517521592334,0.4708047454496616,0.7789909645197646,0.6811644406810493,0
0.07012208938115184,0.5868487374534183,0.8458051022155905,0.09404208956965893,0.9673848577523904,0.5081613743327007,0.05305884485491126,1
1.5363792972015045,0.26903458316508044,1.154201025093494,1.0137136643894786,0.5817758347209032,0.6045582038012317,1.5997651094149468,1
0.6108829166225791,0.6744865951165459,0.750648651245587,0.920302153935451,0.6424432271787818,0.3105981638820885,0.5340139308585445,1
0.9602964289516901,0.5757136067694172,0.7974988281476219,0.17162971179643363,0.4993904915648386,0.783682841913749,0.6650472183579714,0
0.9647292731755758,0.6732328669631437,0.8157152194943413,0.2690893095849507,0.5396912236345901,0.8640258415566496,0.6038500131570566,0
1.0747111061697745,0.47880253733696226,1.2152974531441418,0.5117372397141914,0.31327291457384304,0.4515335357560049,0.4153504281789578,0
0.7218846695696146,0.6415985497885364,0.582539889237762,0.6442518265737908,1.0255624117310131,0.4255908087570205,0.7471100196444147,1
0.7990916413678952,0.7068029950828862,0.71145000069925,0.29627331250637945,0.8077111118662157,0.6056249094245516,0.7338901691954498,0
0.9713001033249425,0.56574907275002,0.8277512395168927,0.17096636010434163,0.47397727023781117,0.7916014273593913,0.6774257063469681,0
0.7621534667277202,0.5144514274141858,0.7514250329496565,0.5990304712650238,1.0244208787540412,0.4472646022229432,0.7949899095211787,1
0.8664374557127644,0.6382097664683153,0.8198084121988625,0.2349685417509651,0.5779608763911482,0.8425315840471725,0.7173911446227031,0
0.6211788304785142,0.4577787828813731,0.49843252009826083,0.8731923172868767,0.9940742018340302,0.6293086326193513,0.8229365210960882,1
0.029757502624298084,0.630721214801016,0.9126735086041354,0.11485345456753757,0.9912691352645958,0.5073248601517414,0.027432460795052342,1
1.015650918128227,0.5318403424816958,0.796618047711233,0.1307474307489845,0.5163190181168181,0.768829998424424,0.6725431766032071,0
0.9298813855658818,0.9296914631272419,0.23814962736375328,0.02453905963920211,0.5401269057374654,0.9880176051092462,1.3816188338939854,1
0.3723912592008606,0.12059695779055413,1.1021064579255695,0.8664892368641874,0.5654870577077266,0.8465318287254506,0.8347777616895915,1
0.8022320449330342,0.9600961966486662,0.6866800486459816,0.16627091000643568,0.9980542108366619,0.14193699607829896,0.21173837391731792,0
0.43316622280212863,0.4984711156476035,0.4695986571448291,0.7544520374838103,0.6629735418500462,0.20159067549659096,0.932209267690977,1
1.079056133752657,0.4450255744612397,0.6521487748890481,0.5933751744000793,0.9056828935017729,0.6821646239803212,0.6820134926775867,1
0.6615799671441422,0.7148266093012299,1.0135577782709966,0.5221669616796435,0.6980073764368463,0.5966337373866636,0.9584736630716113,0
0.9920818088549341,0.6782015329943896,0.8857461884190674,0.26645149061651474,0.4260817221652739,0.7367586437701531,0.7074875482027182,0
0.6845736776180817,1.2720774910774235,1.615681281674485,0.31743662202393774,-0.13316380441368803,0.3497850264502903,0.3541829530226467,0
0.39922975868982535,1.5518776305140554,0.824202670535249,0.251203906889361,1.1761691856129646,0.6693950710278544,0.15501429487983065,0
0.023971487568840197,0.7701256943715978,0.8088576110289801,0.1574599283807852,0.7610715473786691,0.40146029817806855,-0.08022702760287935,1
0.8498518516433956,0.4119848207579039,0.9459150164037513,0.14280543035875287,0.42394220548848066,0.8127661288635442,0.6701220354584922,0
0.7092704080597206,0.9334963464358792,0.6589792854438505,-0.24216651941659262,0.821354651797,0.5215973809702164,0.8462027227890776,0
0.648195535438999,1.0541691911983029,0.7630232971425983,0.20263044503129105,0.3524025956389823,0.6818006291745884,0.37803138287611754,0
1.408766071730948,0.4467409015525571,1.2720934961149832,0.20407765493062743,0.9935066850312173,0.6195738252524664,0.2552795732650946,0
0.5105207770002526,0.3852541374128756,0.44830672688355117,1.0066187439660395,0.8028310848688762,-0.030757978611161252,1.107049917102756,1
1.0063938261608156,0.5635939588663145,0.7736906109676007,0.16981604407584372,0.512323832121004,0.7621750094745878,0.7016208926571132,0
1.0330800020570852,0.5927014970632598,0.803757706446101,0.1712090575213231,0.5536114445411151,0.8227201913793286,0.6329626541459602,0
0.3368133664901725,0.7646243647643729,1.0401053719282172,0.186369951595121,1.3116284828915898,0.70086035733361,1.0996534000177887,1
1.0209073904419486,0.37408157864418035,0.9024329528449455,0.7229437465077558,0.7346664345990963,0.438750245644974,0.5920530427952873,1
0.5339514161492933,0.5470005684705457,0.7979947882647016,0.01784027200242287,0.407381710742727,0.3393892206233287,0.37933804417284583,0
0.37965566283773183,0.9449180715648884,0.7693521494507892,0.5577680513587208,0.705271117657244,0.6999497106143948,0.5314904271310908,1
0.1600392171546685,0.2518464492878611,0.3162191382306601,0.6244057877697381,0.29156110880014996,-0.020057116091294624,1.2067744426770592,1
0.8716710861887487,0.6940812511793908,0.805666588141121,0.18552086466210296,0.3660080922273875,0.7398538398360693,0.602331323032452,0
0.6791194888421271,0.8749307556466766,0.7757750631373586,0.7487506833170776,0.8457538471259082,0.328286000196845,0.5143233661525277,1
0.20585648859484207,1.7957923941214609,1.165885919491515,0.6603347886821955,2.183555713191624,-0.855534189553274,0.06715965785858502,1
0.9617578806974528,0.5594575883459053,0.8379730473721391,0.20293706062634093,0.5002449803300685,0.8051420266171566,0.6836890395595132,0
-0.1002250191610442,0.6953265713235313,-0.08329080363196162,-0.3945737910373327,1.5854527578513071,0.6770514280316491,1.0156222050848738,1
0.7656098626290789,0.5593533537067032,0.6822114229136479,0.5998383952734626,0.9228408153197015,0.3709014413868351,0.7332940208391945,1
0.9464923707764683,0.5267082777988676,0.6859085121371996,0.18714253753617682,0.4083976105506093,0.73446820204738,0.5549269141770004,0
1.07360313700225,1.178714202132872,0.979565876495781,0.1546622860773219,0.6374841326155742,0.4524163720899446,0.37905216479084575,0
1.0252157677893223,1.319534199072646,1.3246707413273304,-0.18642106770523664,0.21297425828941208,0.22719165894383306,0.23329648661871366,0
0.9784735994299775,0.5705752490034299,0.8056333564258787,0.18633179480139486,0.4896979228161479,0.7865804627470782,0.6664024451380122,0
-0.3847796946079076,1.8209601690450181,-0.6711478818095091,0.6650931266137552,0.37203054983229544,-0.36009429273575766,0.3389660599956483,1
1.062857054089189,0.8749644218818602,0.28919436409823546,0.9670534386169796,0.7667947006588699,0.2689897794656284,1.200984112578308,1
0.8815706812852235,0.9195282693041684,0.8710945370838804,0.019960873828865675,0.5332919613790201,0.4631942664803662,0.5815799300315411,0
0.011588997246596306,0.6168029931764353,0.8915737785861029,0.10150220896915563,0.9780777157089188,0.49467768475762525,0.012097282574957225,1
0.9363137536484057,0.5427025702451953,1.1028189086605198,0.5301105612452561,-0.5271166263209174,-0.23450283358923796,-0.17836839464405363,0
0.8042089680285344,0.7057458436592594,-0.18605337145420675,0.4404868395726242,-0.30333811863130533,0.22905567693211845,1.0331975223795906,1
0.06551006357982303,0.026953157114663062,1.0574174299352337,0.055815675092321215,0.5108669479207194,0.4512960649946568,1.3423942000072677,1
0.9679701018461475,1.0162582587142297,1.1471118679748646,1.8211488179373583,2.3476296836459465,-0.1892560591517254,0.43034698376315283,1
0.9975351323254315,0.5645137777340941,0.828848264714573,0.17338365347436616,0.46671999673644754,0.7607864510439349,0.6662086881197892,0
0.9740864776786662,0.5735300793363306,0.8145161902755177,0.17817142824456145,0.4830545815839026,0.7923462950865873,0.6749004213985256,0
0.7638696516416471,0.4480967399164343,0.7568468678353866,0.7193376875912646,0.836634122255904,0.47724699645538377,0.8045291801442827,1
0.9400363613172114,1.297152359046034,1.068613286329327,-0.1739565491969674,0.41540840585455574,0.41316249518054277,0.2550315815371284,0
1.006437991564468,0.5070349379144967,0.3547394901481542,0.9950151604433767,1.3781357978231152,0.5571803801086374,0.5016702133116447,1
0.8816346434917216,0.7557949502754204,0.6387222683681288,0.4116547981355049,0.967927903367686,0.2275251079956206,0.9514426020860369,1
0.9979477859612741,0.5309384983827113,0.7803429285361763,0.11523019654936567,0.5344199355760412,0.7608532372210758,0.7380674529574953,0
0.2669883808560358,1.4817964892216087,0.8822176166539524,-0.050547149847751216,1.8355751715821622,0.6415089363362683,1.7600235129342994,1
0.6302833889787872,0.7486953551758784,1.6659278905645882,0.008512868167259935,1.2625465717162818,-0.29305394136574203,1.782683519039876,1
0.9755939568052298,0.5561262684539299,0.823106739683611,0.2035586583241966,0.4702878930287832,0.8185391644546793,0.668613444635711,0
0.9075538501960985,0.9747792798629701,0.9122428143577972,0.07500888221026678,0.5976621009230618,0.43956499469441446,0.5036314603865165,0
0.9703363824325398,0.5800122303294115,0.8107518937328609,0.17288888533220537,0.47705072925757736,0.7852604766451563,0.6791712088794488,0
0.39944840789184477,0.7173907187995006,0.9762217282012254,0.35348124767537625,0.9537415427203608,0.42233216105917415,0.3047943327305963,0
0.9034257951284334,0.5591161217414031,0.7442372226692839,0.12312050173491434,0.5386486954865046,0.8534602896734543,0.6498586031100888,0
0.7727028687336555,0.9873752891862834,0.4051984503776343,0.2573269796948089,0.8301857870731564,0.8194752906024576,0.3181681356722271,1
0.9282456463699288,1.1375081201801494,0.7360400892561758,-0.037964771324166105,0.4710529791149315,0.23898693768231244,0.3712342775143854,0
0.11344307101469525,0.5079360866153358,1.2210975089291027,0.05478095105900273,1.0839079917178436,0.4078005005910783,0.23941547085549153,1
0.9916622273410383,0.8175681135504219,0.6976555599981147,0.09580697440974538,0.8256113266848685,0.4059675067114936,0.6410465632072625,0
0.9789290036174456,0.8421877083881449,0.8395013459668925,0.07910315702727541,0.6293739809814104,0.3986705546256944,0.5752742519991116,0
0.823261918597569,0.3590520615931456,0.8172877514606603,0.7931572684756019,1.1999208174442075,0.615511057157871,0.4773424707154073,1
1.2210481033933038,1.2517302968094683,0.2985485843171905,0.4380499815869143,0.4229928803412365,0.5134591176473459,0.926379583887526,1
0.3308079945513051,0.7153296907165635,0.018598059003396505,0.07184709307882797,0.4282043311082421,-0.008332044709687347,1.3860018109478804,1
1.1121664158907199,1.3224434981330333,0.49398710204847784,0.4868788144961803,0.42581057191513305,0.42685386209707277,0.3873241891167618,0
0.7740937707110191,0.8510999004743358,0.9240483739758771,0.5018030935706173,0.45258000433796336,0.4497173968668359,0.4878814783618815,0
-0.018779987939020665,0.4214172208702378,0.7990592715801368,0.006038554215398881,0.8816686544958325,0.4427418688224742,0.10133934213400403,1
0.9779448778217816,0.5795014788270815,0.815764572609257,0.1995447102929681,0.48347781663654277,0.8046881033630247,0.678696593291477,0
0.018358242534956354,0.6221502936377168,0.8990323444396292,0.10456598294880672,0.981921076349506,0.4957442035737418,0.015811487637198956,1
1.0284962646112994,0.9996349797303344,0.8776597008358723,0.057614903571440335,0.5831026853432593,0.34541780767113306,0.6100757709232869,0
0.9749090101487122,0.5749347453196818,0.8132364132694412,0.17883136691551269,0.48209338704765314,0.790312862532852,0.6740670515592545,0
0.8026563714588567,0.8577323087139094,0.7647155873098617,-0.33134007934430004,0.15083265608655733,0.8520761457915452,0.5176850241440547,0
0.7177120661155144,0.9182451715318687,1.5194015706070787,0.9588688572849233,1.4506419064188625,1.1390320552493518,0.25540697001809864,1
0.9370302940775895,0.2767847993997353,0.8385387895757035,0.3680016973276012,0.7320038218674538,0.3249842229214812,0.6568581792368262,1
1.335508677084796,0.994930704632705,1.5017536435798875,0.4573579349211505,0.3933776962063533,-0.2884688501863404,0.46035499006607744,0
1.3996014861197374,1.3434496927190906,1.1037493397131162,0.27443274101339266,0.15972009554415556,0.40464290057333563,0.8771981444137873,0
0.40474590357931167,0.246855662459945,0.8239372313536375,0.13459731258566404,0.5362900900894256,0.6138071907265504,1.45485403050386,1
1.1097555532299648,0.8628660838409145,1.0878111190411743,0.2689654169442122,0.463393814600906,0.24224246943985153,0.6422194353891139,0
0.38015605045351974,0.5635786369648431,0.27586033712605745,0.5891882443472309,1.5362844960634134,-0.4611104368596287,-0.16101125435103758,1
0.9502281976265775,0.8582190892904245,0.9395945571157195,0.14621837706224963,0.5240524340512002,0.3550719402227034,0.5252484376871305,0
0.6553056594398368,0.9722923053348214,0.5876245056332614,0.3199341068606594,0.7928123511487668,0.7270281217371447,0.4659310460521784,0
1.0191260558290707,0.66278634439188,0.8823442440587859,0.2310864951060408,0.37975775361322694,0.7695051414612939,0.6233919439199369,0
0.9803486216030443,0.5279596873262824,0.7737483269451619,0.20148385122438933,0.503512948580649,0.7547994911058036,0.6645455059324755,0
0.7456963261348065,0.5147661227988451,0.7131272764283095,0.6313852602759565,0.9852669493149463,0.3415216005995588,0.7461242771305778,1
0.1308675272627057,0.8108817295987925,0.7968588181363574,0.36616858678719694,0.9085697145644628,0.3537533797577821,-0.18515203936303554,1
0.9604782824500945,0.8280023694289236,0.9384920489489765,0.0931540604673285,0.657820173269231,0.36162326718886395,0.5569122362682665,0
0.2725337349943426,0.6971885947470772,1.1715104505576577,0.3983080833123075,0.8928725797913505,0.6967524690684541,-0.05797504853032483,1
0.1865163077745563,-0.06038090410641139,0.6175796367892339,0.49846206689240385,0.2929986190855205,0.24412337926300326,0.9001023649495444,1
0.7087822521867035,0.9576268958154923,0.9365359515648394,-0.056197778642739366,0.5067957171829173,0.4283215669303294,0.7864876022660661,0
0.4429338172031907,0.3368388089980379,0.25540370845181554,0.7842831897618819,1.8271061880604333,0.9434373073474661,1.1366003447624398,1
0.9648894784710119,0.6140737712743739,0.8207636614339568,0.13881840257788852,0.4959744811032444,0.742861737952245,0.7434869955391107,0
1.13516673669444,0.6545281860198121,0.5440901393876336,0.4781194568941643,0.6431806089554932,0.660014186273598,0.5055853326721247,1
0.9187027960741971,0.9885336148429248,0.8618126530391081,0.09949448676203138,0.5498433388376397,0.3748734777395386,0.5369414666299761,0
-0.03174737053325019,0.6495087554442813,0.910100695645222,0.07327957533458362,0.9353673687011886,0.46533429858053643,0.0032876684592890795,1
1.186210697020582,1.2955564652696008,0.8423009391158456,0.43692519141237274,0.6616595266151578,0.03276710519557113,0.5007717864132493,0
0.40669025103091805,0.2830491514886679,0.8304773289539233,0.20174045634376947,1.2514852381574357,0.27903144410145436,1.2154282076708536,1
1.7134733112621752,0.9054149601266547,0.8845439119870807,-0.335259770725245,-0.3095191380693275,0.6700068880026067,0.027703667986644476,0
1.1830461059489652,1.0811406869639304,0.9302289364802659,0.18867262439193652,0.5367607419416602,0.26010922134365955,0.8151674077804683,0
1.5557803907544079,0.6729339485552159,1.2207284248629144,0.05847785634336626,0.33860730058717486,0.5900242379033013,0.8607229003720418,0
0.5818063194377981,1.4508264042643746,0.7652988292372227,-0.5803319957202788,0.6953617717920061,0.6815833535931632,1.0099506864314236,0
0.9743196127711171,0.5794100217917655,0.813993570924714,0.17683980436710942,0.4913523197287125,0.7857305102916741,0.6754973984399373,0
0.7042302525972898,0.9400997103623129,1.139085529937936,0.1366651498341016,0.35572685456932907,0.2918780619481977,0.47624606062344815,0
0.9603212784390962,0.8706595689690845,1.1430133092850892,0.16833582934425967,0.6226050702943391,0.3495834156317841,0.7049603368384325,0
0.9316888284847973,0.9526855671325879,0.8931988846034611,0.08952460382560878,0.5958256150615765,0.4191302908192857,0.5322353328310108,0
0.8423035977677029,0.7529466958597755,0.7039709666221476,0.09091635393434148,0.45595366808360416,0.6030855467573684,0.7791797921087587,0
0.793185062598026,0.4734621596668116,0.7442959567354801,0.537790977784051,0.822163194489311,0.37495543152848654,0.7865481284256252,1
0.004916866691568203,0.557344734820033,0.9321646495397544,0.1759294181320341,1.0371394760208794,0.48331215746640843,0.040610483561713574,1
0.9728629149487943,0.5726950159572918,0.8164152592061031,0.1752739686461694,0.48283588774681696,0.791654621118977,0.6773723450268778,0
0.8169578338712132,0.546998702719657,0.6747602436486964,0.5937043802544264,0.9840660694116923,0.3338647364721166,0.7196129190347619,1
0.9221683307257819,0.4864007262030873,0.740772235423948,0.2822788536877186,0.5406289160985774,0.7292502022643816,0.5777931790864901,0
1.008839660528472,0.9022574607462975,0.6850255740075553,-0.0049059039781057245,0.70165183328783,0.24581572313016156,0.41662589354628066,0
0.7147812176019993,0.3542562655863941,0.528091397456311,0.6269737325117626,1.0205534827880804,0.7500349807507134,0.4781939617408458,1
0.9139699365009721,1.0586898838663785,0.8370011072703739,-0.06968821434053432,0.7300349142715703,0.587351442843002,0.5661763899125267,0
0.8026855231535758,0.6263250995186869,0.6879377575012744,0.6534073539802446,0.9564467473785956,0.3818015912543383,0.719904188560688,1
0.9676667437566409,0.6127570589376132,0.7668493381987107,0.1943816805944243,0.4737494558033564,0.8195663136505914,0.7086322069040215,0
0.7506694017522376,0.6953785166079977,0.6051159252269519,0.8242319451865521,1.118823128512346,0.5100389369738487,0.5550648437053295,1
0.5489273048145762,0.9202995570327883,1.1368324672716696,0.16672971993934455,0.5669077560995864,0.5692498160199556,0.14637152406886322,0
0.9843468365109483,0.5914283518339238,0.7840143580465748,0.22462847540986128,0.5233360641371932,0.8084062867826578,0.7360098833940041,0
0.7480781510670048,0.6144931222859417,0.6691295072075715,0.2556794499347171,1.361562816748628,0.45391589819636446,0.7883289052151357,1
1.075484743859969,1.2178199908749,0.8967328650989471,0.21057347154122794,0.4254564037184535,0.4843762793819606,0.7530920307944257,0
1.1231541869443766,0.5690115801013853,1.0592653602133777,0.39470553672747244,0.6319309053824346,0.4199263227298373,1.0021209206078334,0
0.9308458290939773,0.628679325309002,0.7592891174503599,0.16062720930152846,0.47294401101027783,0.8269736072101327,0.6794404897275786,0
0.7723930082830667,0.540262893310206,1.2728262369359813,0.4498205999139969,0.7311599270084582,0.28229918608309634,0.29280759761497094,0
0.9842868885873995,0.5836004608292532,0.820417656051363,0.1880294890882318,0.49812355689327126,0.7880389250917653,0.660641959376133,0
1.2286220848095868,0.963887133667699,0.6711626923991019,0.2099704246558975,0.8748615410629765,0.44196033536368967,0.44468178528261665,0
0.9549785925949523,0.5083955120122622,0.8630191721949746,0.2184279163083796,0.42095694404611483,0.7657568070478488,0.6401962179162459,0
0.30698232041069445,0.2312913836782977,0.8245669897741382,-0.009529834073974772,1.237357140369081,0.3416205562323061,0.04340617583144233,1
0.9597830229053188,0.5559745374733279,0.8313706743684041,0.17370238129750634,0.4862036864886714,0.7818289954424508,0.6697135398458556,0
0.870614820435735,0.9917117111948809,0.8004522183924795,0.17491839564043238,0.5410348384565389,0.4846309491460125,0.4717712835676271,0
0.9497169277838784,0.985843750179887,0.9721997733931748,0.1509829762446298,0.6140909399910689,0.42544162590591,0.6031508645016326,0
0.3997279516357472,0.7183022628352954,1.102800111770094,1.0368294338405077,1.3977739014374897,0.27241927361192964,0.8816953050841401,1
1.0750527542986779,0.39862030575971785,0.7951490381059376,0.15570411002948606,0.5557100737881755,0.8439725369369749,0.7248291876688454,0
0.9300297487275748,0.6239808566901042,0.7610877315255334,0.16450827206937343,0.5010756877138772,0.7959550399482909,0.644395790356798,0
0.9480179639054263,0.5325090696786463,0.8244451319727061,0.21606621972132478,0.45568614046617195,0.7980424484950209,0.6805529476103361,0
0.18256890893325484,-0.1336006940792216,1.4271359852305454,1.2855238320852658,0.9706087975493483,-0.34727527641820644,0.8266534280220603,1
0.45155983793269683,0.12314536038745238,0.6465277799782507,0.42525000292374293,0.8938730064776992,-0.15063697566788858,0.2843248966580434,1
0.7445789962659441,0.039670146397666195,0.5873637469089991,1.5015293779116243,0.8789943734275045,0.33478748277531384,0.34920869616894185,1
0.9338361757412239,0.5305715864436193,0.7552081841684312,0.1956047160538311,0.4734013704649382,0.7771607670241898,0.7336727246135845,0
0.9339402201409264,0.9355595372417475,0.9115458934211619,0.09235198484688398,0.5814457573382158,0.4381235081161713,0.5458350983754964,0
0.803239370399715,0.6175951240355444,0.8762562610207305,0.22267482275339373,0.47171729472495316,0.6808125913649941,0.6699589740544316,0
0.9042049684411212,0.9424837333439134,0.9142297323285518,0.07349534918804695,0.613914464212147,0.40259614789847137,0.5163493435995169,0
1.0525893707638503,0.5539043743134598,0.7293795746933524,0.05821130150266056,0.5962664254058223,0.9223349735402708,0.6799237019925343,0
1.0328924483229607,0.6982590255584079,0.8920696284752535,0.3476359622312335,0.3163532913597348,0.8977687670862536,0.6960632547592089,0
0.489439507384528,1.5428752017262912,1.2397896569171545,-0.09707596372063987,0.37410631102888936,0.6402257535652625,0.6225236761736084,0
0.9038750633654825,1.1511188287409384,1.060365147513352,0.13839270222448885,0.8170642605334554,-0.19028778020379356,0.44238229890565967,0
0.7859358283113363,0.5894382169664214,0.6607889450563624,0.6203456811051462,0.9674671651636528,0.36480909586508653,0.760242681676316,1
1.375170082272694,0.9487987105719387,0.7889235585152938,0.49400017950002895,0.37428714221185705,0.4009246446696003,0.7976573305069568,0
1.031058837224372,0.6717545267483078,0.8176308229743047,0.18689797810336214,0.4665606904165041,0.7600790492944529,0.6679786053771367,0
1.1207818995239562,0.71444215719273,0.7691271989569772,0.16152502622193926,0.4284122927181712,0.4204217567461946,0.2996388872190456,0
0.9841290362892295,0.6525225115487758,0.7188226391061185,-0.13197992102221429,0.19817214742584943,0.1148888882856311,0.3423692960642974,0
-0.10931295549807125,0.7500416860849987,0.6372021572001302,0.20389592496372003,1.1572101274069557,0.5413014276074615,0.22284477486489018,1
0.8529936864956392,0.8754986040693992,0.8036304969412064,-0.10183032144761694,0.5956674300046982,0.24988276264914897,0.32633322624324285,0
0.8992174283297941,0.6874535283383297,0.8563569561623517,0.09815854801191226,0.36798215015744,0.7388710652597157,0.5540182312109325,0
1.0467142253112525,0.8624575437529127,1.0075950263271045,0.09945459579964984,0.5673853262901156,0.5772748780008242,0.589348111685797,0
0.9764301993782726,0.5704149833162389,0.8109885262250893,0.17171141407943857,0.47861889653975387,0.797734224142688,0.6804337980414177,0
0.7455435532901078,1.160448563354773,0.943330708324092,-0.03285332450335711,0.8278918794270143,0.658033467616672,0.5932797432857353,0
0.9767338435969766,0.5637412119807658,0.8064968625105786,0.1861380222993277,0.4746418851619905,0.7858832094034038,0.6819293153737608,0
0.9600404577913894,0.5783149857394037,0.7980208755901147,0.17247259622568425,0.4896628800686496,0.8038253510653205,0.6927333845204133,0
0.037518375487296085,0.5915216012796087,0.8679266778161148,0.1012856533668601,1.0004394342986924,0.5275388157887494,0.039272548346152306,1
1.3914998173225666,1.056527248421061,0.24131029765050288,-0.03174763382172918,1.069037030253023,0.7265422424536585,0.7126922441443195,1
1.424987788558234,0.4898752216156811,1.5049943051733226,0.41965522919607123,0.19722306027510306,0.9878021312383557,0.36942374660444255,0
0.020756584887084865,0.5653880800210571,1.065632054288923,0.06447017003831151,0.839408942451783,0.2903305333990465,-0.12286444469889515,1
0.9527976440046508,0.7389605023738413,0.9846084555410269,0.35113527451762544,0.18268609248261852,0.1094217181774928,0.5318283563017816,0
0.7867352336556557,0.6801625267758346,0.7184996323581344,0.5549657998579309,0.8777016146334937,0.37212970575447935,0.8714167342098558,1
0.9690490540850184,0.6069744855988605,0.8130243369375332,0.13885384071278228,0.48257399438727655,0.825678167742826,0.696844796796366,0
0.713903201178542,0.769315722159599,0.5973789424043874,0.4480291088137153,0.5923102506403124,0.5660377684021964,0.8905351504126171,0
0.9694642179769524,0.5671636848884168,0.799225389414137,0.1979370750143774,0.48778290203120295,0.8028868098833195,0.6932359263242336,0
0.14616261968193267,0.47136008476260993,1.0604447124953635,0.03438669298908807,0.757507592729984,0.3417911115184582,0.2392397921484921,1
0.48716656201897096,0.3721214675773734,1.0193377836564599,0.6412775523861417,0.9605183381681679,0.35912458877295733,0.0002168546612845157,0
0.9625686401950347,0.5567907013082272,0.7925627571646547,0.19250361843803948,0.4635710971335957,0.787098346142118,0.7180410224166817,0
0.8641185349125341,0.5787967683611549,0.4246134400556138,0.6670859573122371,0.8139959298204438,0.44683250037601546,1.046044499264812,1
0.33853927763104563,-0.10659955702248203,1.6149629491060336,0.4894830863194558,0.397261448815449,-0.4092611633394474,-0.07913932394818968,1
1.0357724613470622,0.9600190133618323,0.7580799707613338,-0.08632365221557248,0.5875158474210082,0.46440809209092165,0.3485982658957719,0
0.9038683465308888,0.5545633477212745,0.8390775276673911,0.4984548693939278,1.0886219042233352,0.5168809490698241,0.6049539845679668,1
1.1822321468128327,1.0266155996661381,1.1373704397071287,-0.17946277869137073,0.7325778108761476,0.35817938018873324,0.709367719956211,0
0.6192678809807841,0.6394094724726562,0.6327570695216482,0.5794130064474124,1.0800193641707123,0.44347944715119986,0.850278028148361,1
0.09330883973600938,0.6804470303142569,0.9588780816425786,0.06044746327554903,0.9014700708369598,0.5150655469438891,-0.08218854362491802,1
0.6902966569375724,0.9527055339077405,0.6586314590722265,0.5665899508073622,1.0540562645976232,0.9015845790602135,0.733005208348813,0
0.845331534711018,1.2201128108172525,0.7364857368792641,0.8993614285573674,1.1475107595168588,0.2689890092731194,0.12122009080311669,1
0.11599665083149173,0.6515897734618041,0.9066253577209905,0.061554685682286246,0.9638810500647407,0.5937592558918955,0.06933397005547298,1
0.9231284635050718,0.5132897863192413,0.8569596874375084,0.1336513390874825,0.4626574927545214,0.7886349012978244,0.6511071637717543,0
0.6776582584591144,0.4646811418739732,0.8645683113943061,0.14985037078579544,0.9508007959318572,0.24547297228224563,0.9805068336712206,1
0.8228728275420141,0.5922782283788458,0.9840353134648044,0.19303523495577882,0.5799906667284382,0.7397802042846654,0.7110985818484912,0
0.5934535169739878,1.035972804985943,0.8460083986952301,-0.104048075576886,0.20216644562512143,-0.004308169022701092,-0.04482949426505478,0
0.8042579978897806,0.23120322229843732,0.3705129598176359,0.9380937774685909,0.9865611788076453,0.7919789542809016,0.3448959055993802,1
0.8215736200907096,0.6245118487336364,0.656360277213247,0.652177411079987,1.0329109733729098,0.31954214447444074,0.7941696852986155,1
0.5662464982913072,1.4771418582224838,1.4449021784559968,-0.08856262368341106,2.0560570887772105,0.9579234245611238,-0.24721371209707443,1
0.7575941547566147,0.5700194291245372,0.6710827071346174,0.6271868581475702,1.0007610988653342,0.3425251458094167,0.7274461300884726,1
0.9382009779562712,0.7784590039326784,0.59262284647988,0.8334926748961312,0.7936181149606634,0.2747125884943792,0.7348180853928673,1
0.8516475199330764,0.4976018579674827,0.7680529156329334,0.8546401766986929,1.1421914433019686,0.5553131785901353,0.7105001074222886,1
0.860597373951382,0.6102449519938697,0.6974639758827981,0.12836570163329297,0.39223553019374846,0.7782809319492311,0.669302611388175,0
0.7988218934330666,0.9696613198079539,0.8537618714627103,0.14511337429239468,0.7980316384257523,0.5409463090385571,0.3857196417194168,0
0.9129549927888074,0.6304497073003004,0.593323553376568,0.5987291254963671,1.1336492983298703,0.3139223377145055,0.7854273554869958,1
1.0605501938500288,1.140907482375157,0.8085576509988347,-0.12118041962545303,0.4745991370120812,0.51879644393585,0.6012557438272838,0
1.391076172461371,1.0585062797587994,1.0356487650085842,0.5797893365084817,0.742176878450445,0.8029491767223493,0.942155182407123,1
0.8951710705636567,0.49364999843272167,0.747422971558898,0.21807605392105023,0.4973801792837509,0.7244036187991576,0.6393192427721831,0
0.9713822811800655,0.6636396316934315,0.8037724207236331,0.27170874693353875,0.5595197580763969,0.8689585906906621,0.7273697676710573,0
-0.053041022445789704,0.6002680120327023,0.8322770409251974,0.024622542224434787,1.008396776307344,0.4398905592830547,0.08833911826168325,1
1.479450355313833,1.265760139150082,0.6722624079167178,0.725619069982853,0.27169871104804144,0.14294418718999735,0.062151027744211496,0
0.853188524543945,0.6218498249948976,0.8833378608331316,0.2581276803367398,0.5345738670716568,0.7807539138359759,0.6000660165950625,0
0.9852824419325708,0.6577048097321574,0.9278317698719994,0.1632935757202158,0.448889153552095,0.7511652063112889,0.4386355810214791,0
0.9975275939799242,0.5380393500242905,0.8289441592532721,0.19003274956286673,0.4472836026600976,0.7751209371270281,0.6498440364769532,0
0.906474862821254,0.6229440305592114,0.7759891140179875,0.632071492521274,1.0343619640679274,0.24768253564940146,0.8517528814697116,1
0.9036245676026422,0.31934912496564094,0.5130726373855056,0.6717209429017081,0.9897380222287551,0.3317142304985613,0.5868467761664962,1
1.425031441226265,0.5397716320945369,0.6524448172275544,0.07491730630470726,0.024315844550282906,0.5695883012468196,-0.08183405943589583,0
0.9973117451560604,0.6125253639500016,0.8570361693461406,0.2314983547885481,0.532998351062381,0.7597350374147338,0.6502153181925664,0
1.019385771084936,0.8521218014845262,0.9096658273279733,0.6227735993697427,-0.008482136540785334,0.04473311403085406,0.17741846614361795,0
1.117406593378045,0.39190956833398344,0.7395969740583864,0.331514237716783,0.4288312259000896,0.725436585641874,0.635423444151537,0
1.1205567183227754,0.05049135061528254,1.5651622681402853,0.36597480863442927,1.238427726075312,0.8369979526736147,0.4641545207324643,1
0.8816837840383493,0.9905825290510467,0.8481977268163493,0.0893635753680057,0.5710389449052147,0.4348455830807386,0.48163241281638725,0
0.8213049364489282,0.6311343910033416,1.0320258360126346,0.13630821609109067,0.6001254929861227,0.8941996345617087,0.8253210753677753,0
1.1921492948901231,0.6912982681366542,1.0969570801902877,0.32798667085587974,0.5218962427631391,0.21288144098931944,0.2542952805404074,0
1.3617271387416956,1.262650427988336,1.0738373269403199,0.6045600319611943,0.26695903312517527,0.5612307424578236,0.7096494120835599,0
-0.20028891441417684,0.06539701088644811,0.6364981395411003,-0.6171217322327287,1.348920807745098,0.3959008041387422,1.011892698981064,0
0.2736717409406132,-0.3294042879618596,1.339156965601652,0.7820822374490786,1.2309573131540326,0.25837292843645826,0.1876654039453154,1
0.7045043729018889,1.1537396670760127,0.7950373672010096,-0.1477463351945525,0.7511077831361064,0.22884472785682125,0.7648552668588068,0
0.9696912478220191,0.5758454143887816,0.8153373319843943,0.17839359077631137,0.48739129679225507,0.7986027177749113,0.68023617346666,0
1.2920168876521747,0.06448987994461153,0.8172726187350462,1.2726536203073682,0.9013781635453694,0.028964336031678473,1.142032315657362,1
-0.10254632833594608,0.669411138436487,0.7766243677034885,0.08859114112183251,1.0589497566226385,0.45801404665739587,-0.11787186350711248,1
0.7527096364343557,0.5618273545004119,0.6822415597902488,0.6143692823065146,0.9848872691425794,0.3542432199680213,0.7902547669869489,1
0.9624978735090589,0.6679633278602779,0.8755475576063696,0.3431289144731933,0.4720005960418668,0.766458621419518,0.8636134865872296,0
0.8770551744275374,0.6912337796740079,0.7601901914411757,0.2872773908401969,0.37019413034937343,0.8346227840110869,0.6373793846149629,0
0.7485959825859817,1.3046995131290973,1.0416522086529225,-0.23293443266418656,0.5406773386792441,0.22022078314672536,0.3425864092106633,0
0.9649216512663524,0.5709586253204316,0.8068781515397637,0.17902974410367836,0.4757816164534661,0.7974265178780616,0.6666060181627531,0
0.06813905525642015,0.677334002545875,0.8905291965619112,0.08959085128778194,0.9853157487794287,0.507978526646428,0.004714402861231266,1
0.6869681408683982,1.9994617531879815,1.3788185211644615,-0.013619998793514013,1.2052844417949307,0.4776218799046653,0.15225228915254213,0
1.0177078042823426,1.073344372437297,0.7291700856710304,0.07606214574348519,0.7263675586136195,0.4083820125451756,0.695795710318986,0
0.016231364666730322,0.5301185335586971,1.0357027456534593,0.20400960320250755,1.1371867542578982,0.41337670978212265,0.15887357397483415,1
0.6116375645403296,0.6143261097640642,1.133408117088427,0.38780287110004696,0.7275684371684042,0.27554755780122764,0.4966903440010919,0
0.41574789743940066,0.9987655375385106,0.8371676886452312,0.41258216672283393,0.16674262777114568,0.15003821869036832,0.36255106071679266,0
0.7171918627350365,0.9784215287606293,0.7296424287016522,0.30256225213227356,0.4367919476105141,0.44915843942725703,0.7210228782577994,0
1.452012215316215,0.9559018352674857,0.5271379435942352,0.6325231209558924,0.888223432366942,0.4600779251559242,0.5286299133438278,0
0.9756772401915635,0.5648768098115144,0.4412019697489533,0.8890753281544209,1.1763247014826215,0.6082937006965836,0.7397724796063214,1
0.6958541056102082,0.5660319271140692,0.6846334975651657,0.5661737722866419,1.2179454621690071,0.29993173315126054,0.8134029330988211,1
0.7413832467041093,0.8403048755088016,0.8277857633869834,0.17665578060551154,0.6821688067590138,0.46407995332224794,0.6454814000071627,0
1.2761018026817268,0.779105485252466,0.7464432919766196,-0.026552820060903273,0.20768224930646495,0.7186162574718423,0.556960571867753,0
0.5788345504621063,1.4710642579783513,0.4977064697629099,-0.4159482317674735,0.07935838737817036,0.7833548483660301,-0.03448282962822802,0
0.9763120469530207,0.5744789847879895,0.8076299256850187,0.1788195333380485,0.4786947922465885,0.798897902315988,0.6778796586565348,0
0.9833114322234826,0.803290205605297,0.8589961825376357,0.12541358517685552,0.49565251411981626,0.2737954861395594,0.6701578789563485,0
1.6543508843265884,0.10366657646690075,0.8010759279226197,1.0599225164538792,-0.0823795713054778,0.4685133512536582,1.3278926732449392,1
1.1473145223232155,0.27466675685588965,0.7024350587187084,0.7312959793025257,0.6972575522615916,0.41047248198532105,0.9279301670619996,1
1.0290292651556205,1.0688206130585653,1.0386318336451377,0.24939783470158317,0.725690808676297,0.2940154186795283,0.4377756054726003,0
1.017230572007351,0.5156329357021758,0.7769959114427608,0.20035593853051767,0.4809185554329404,0.6805700736589755,0.7559527100953924,0
0.8152867591791854,1.0487616745384944,1.009651546264913,-0.09775678797308185,0.7984604913715193,0.2939919849793671,0.6126375275763889,0
0.9264027724635575,0.6537645914624604,0.9506843451541138,0.055208941829915786,0.622020665202445,0.7409445943987435,0.6259994990763467,0
1.0628100348565457,0.7658968605817108,0.7157444109010614,0.25500384052019054,0.6264385318505867,0.7034182773651725,0.869410380098977,0
0.9815545039809417,0.6286751216610998,0.8928674340811381,0.12837983108270337,0.45027705556650205,0.7100810634157407,0.7388079946636064,0
0.9959159247864814,0.5576634213707229,0.7874748489162018,0.11201868610005274,0.5431110946757105,0.8537887987822883,0.730601397531812,0
1.1144676355103864,0.4712231815430887,0.8873831892740417,0.08267376529164967,0.43986897614849446,0.7181032041224498,0.5234475868288135,0
1.5314381198039682,1.7308689422863122,-0.2129151361865802,0.13990774442397974,0.4093378456868857,-0.252000754615022,1.4017676791689813,1
-0.20919987861720946,-0.3382709095604727,0.18278849957922322,0.5634369254798719,0.8260864402847469,0.7458473931938457,2.0792327843520924,1
0.9207922381482515,0.6143890976898739,0.6966092362360243,0.2731502153517145,0.4421191816453245,0.7464075803422014,0.7339298109125925,0
0.2895789937506855,0.2750698178789521,1.268777481073233,0.6153851152207263,1.3482617050755588,-0.007399760774365938,0.2634912842014201,1
0.9167834802464874,0.7585906177708756,0.4817652365209537,0.5474960660773346,1.6360106832749168,0.08122766718973928,0.9660794639814085,1
0.4752451527149043,0.5860108515003303,0.7031238282724093,0.43027364298058807,1.4549517523872164,0.31466437152609894,1.2369327827950392,1
-0.27664190127560695,0.5618768545063957,1.322600249847721,0.18997993539176794,0.31672113794098633,0.6541991828653128,0.24920644194697494,1
0.10251621564150415,-0.36627716545945654,1.61660665496186,0.6810520873911377,0.5908092118567999,0.9341019439465401,1.1763246681894928,1
1.00086537434271,0.560919270783036,0.7471624127900849,0.09918973284521625,0.42054376246499103,0.8030195110261137,0.6663757718784217,0
0.859207810253582,0.4694804270662994,0.7249922662597734,0.7779546474776151,0.9966967432094714,0.20403353929833082,0.8695645503885059,1
0.6024959294549017,0.4548905262934241,0.6881567725388461,0.5452318600196239,1.0290409182239761,0.2609586624516187,0.7225345693505789,1
0.8320338604857905,0.4105915198928226,0.7443039410107986,0.8046991255826301,1.0034672421015587,0.4904322339292452,0.7425508445714558,1
1.2294683143942668,0.7121932723922693,1.2295937216423891,-0.08285467827119983,0.31583297840079716,0.6251611957017995,0.47605514444281116,0
0.9601021095417821,0.5512511229747039,0.8023900428976593,0.17625806796286447,0.4709156089520798,0.813522768109068,0.6770765121222804,0
0.9632568318068621,0.5987033567547662,0.8416845220369629,0.1855788089027846,0.47290755613609187,0.7573355199669279,0.682681270056957,0
0.9800244679230683,0.7517229162988549,0.9054083571209314,0.7410779045873163,0.9279080894334608,0.5008594915651123,0.31105985702981853,1
1.0521264252414384,0.9654152461694002,0.7648063853542514,0.011954415479747404,0.6709385003645146,0.32656051632698857,0.4046853559480022,0
0.6513228812495453,0.6489434753052704,0.7020126987789816,0.535123705151719,0.9786482882825912,0.42526812302721884,0.6653756354226641,1
0.5623337628342826,0.8667780287023323,0.4282000107728883,0.7937592851174307,0.9485842974187058,0.13665270519894718,1.020534375458748,1
1.5264766250494404,1.2659568211667642,0.5785934604650472,0.4897918857355851,-0.21944001036850802,0.26393550911201746,0.4903803453762876,0
0.026253738668300552,0.6736813590234987,0.9348379509420794,0.07906178099768318,1.0152661924808373,0.5459005008921981,-0.018501409060804823,1
0.9053827669038996,0.9175323380362967,0.8792517021273348,0.06425457706297358,0.6021061244978169,0.45589408592174424,0.5455812347087685,0
0.6182135463563524,0.5108551014272851,0.9143471113975241,0.3025633977436007,0.8498703642534834,-0.11867716115918003,1.067892204075318,0
0.7908356721722656,0.5175513592833848,0.7361605741053978,0.1538344212265584,0.36272340325982017,0.7814850048507753,0.8374780225064818,0
1.0958227815998502,0.7073336701315959,1.1272038234849366,-0.2741626444348581,0.7428996471047508,0.1964514736412943,0.25694849754859833,0
0.6861483541179475,0.455497978071705,0.6289695850173999,0.7113469848882236,1.2206143846324196,0.14630674067445604,0.6617706066450886,1
1.0501799435936676,0.37794487679954536,0.7321075407681918,0.4583448332540543,0.6991282055648171,0.2848842793157168,0.6103661377563527,1
1.1961159734464526,1.2516854232514842,0.8087544216016029,0.3870101965866662,0.28760893147391436,0.03634970700765339,0.43709578201117,0
0.8713346731460563,1.1230866717673917,0.8155673864023588,0.09800547450676993,0.8284923414277788,0.42098553889715845,0.6428765774066917,0
0.6230283897881304,0.7259076259728,0.985545035845663,0.18299661695290903,0.5515387123413694,0.370528904279691,0.4340600796878869,0
1.1015911273201326,1.2765954413810965,0.6965820086561204,0.3725661379752231,1.1429522502492269,-0.009700114531704607,0.2704687056682621,1
1.0029883720708064,0.8697613426648231,0.9628091325231903,0.1455052509155652,0.510863823503128,0.5282707352178768,0.4521140693494848,0
0.5313423456714348,0.609112322336866,0.5008866797491722,0.02498305119661174,0.7199925720978574,0.5037822584929792,0.4335472441913593,0
0.9227992736313702,1.0539576135217783,0.8515165724119395,0.016935426327796627,0.819715403814464,0.54283312791897,0.4278808221759331,0
-0.058312645347500996,0.610858238926742,0.8152971346424535,0.2000140612064295,0.9110606665969557,0.5839320437808736,0.08594242214278883,1
0.8409295177722985,0.5724513591802899,0.6985346762981315,0.27729070844108705,0.5874299040874849,0.9058625749112015,0.5530074833595542,0
1.2913737999494275,1.3081350977466975,1.0133753667679484,0.14696579161332385,0.7843181033416748,0.6451286952997434,0.25359392368507183,0
1.410992674816458,1.8373857897265229,-0.15168080388449612,-0.13496773818619234,1.9234765595111418,1.3186395206610861,-0.28934458985905176,1
0.5273914287769799,1.1263643150309877,0.8097019927889042,-0.17462135805635565,0.4747796006270421,0.6823636431708258,0.4632248226612888,0
0.968150921234877,0.8477694843618149,1.080763591774716,0.061176905185576044,0.8506176765030311,0.6237346952435913,0.8031314577669006,0
1.2811652394333735,1.046224762988824,1.1590080525097173,0.26155093547210695,0.795191195742001,0.4992949701966309,1.2064071679192216,0
0.17175093967414556,1.1203133991916703,0.8209714857505687,0.8639297445486275,-0.10521768594905356,0.6335363711299127,1.1095475149304312,0
0.9192064914841239,0.5231334850509978,0.9101938456231267,0.21764752408387403,0.5830977228552066,0.7386629324606965,0.7032050515628577,0
1.0754576907038638,0.5891693989980702,0.9120136855225812,0.2564895316441404,0.5675121573089024,0.7217222883853345,0.6052808847617265,0
1.1331961737779714,0.44830049279381406,0.7139608427811261,0.3193295964623575,0.5977552350710097,0.6105196449075687,0.767990171519565,0
0.999004821694663,1.9144889173329371,2.026291426844072,-1.310339049172832,0.8969411828426869,-0.7809535619922198,0.19914528943609644,0
0.9055978814318688,0.4664891439010835,0.5508036398758515,0.631197458798008,0.9208866377275702,0.24240651897946175,0.8687820603127652,1
0.965390806153796,0.5843827391298099,0.7907128066882825,0.18870971848685864,0.4832897540542771,0.7796902642729929,0.662825140905177,0
0.65920383330703,0.7009026336791329,0.9453670722780543,0.02221112811610621,0.5207473977007852,0.15453813230267693,0.7442504475018041,0
1.022683272553526,0.7231373781699253,1.1034953518413197,0.24817045205070756,0.6880509520824666,0.3801579296292649,0.7215383580810771,0
0.6741916883396422,0.5382049005364662,0.9363062399127441,0.592090570134038,0.7554489077602116,0.1160994390645087,0.5860224835374038,1
0.9184219613666108,0.9767084876352209,0.8832085764750626,0.06553177255984007,0.5642131352475578,0.44442386243706067,0.5059435689882036,0
0.8109479161607072,0.8494231389026743,0.8291063267426891,0.1737062092468688,0.4616494023733022,0.6189006513087744,0.4196967615395379,0
1.2547699494633369,0.6889773635928078,0.9079298502803694,0.1671817055382786,0.3278887524711778,0.6182160258878864,0.5162872844320702,0
1.0516511174623975,1.206561154944033,1.168783008920108,0.3394699429324706,0.648692481010775,0.7758114382839183,0.765375392572301,0
0.9113072453835369,0.3803400495353132,0.6827685947688491,0.7383795847515267,1.062730127752353,0.15508021832671573,0.9207829307786658,1
0.9445189246431539,0.5717554522751751,0.8163420950899205,0.18004810904854557,0.4668605522290221,0.7651117360550332,0.6684385589224427,0
0.963699335418764,0.8852903463007435,0.7868645950977033,0.10688555438550024,0.5374612636098713,0.4678752956071876,0.4867901596743991,0
0.8017625866727629,0.5904196819716832,0.14923119585321964,0.2725838438846563,0.8767574855691587,1.0197096103889844,0.7160921227769962,0
1.0505246091676281,1.1567770662808186,0.7910922011036458,-0.027963068577574746,0.4804773322193117,0.5854336426749144,0.6361122963478831,0
0.6899658034662062,0.6824610007663081,0.51010490587793,0.718137244446345,1.3090181457537382,0.5693417875639231,0.9983937766097282,1
0.7161371060898476,0.2670826067034333,0.46573698637167804,0.8749370915111024,1.1494314585319592,0.7717020137942991,0.28567486934836783,1
0.8047290289184136,0.511767887370338,0.6895713693229457,0.5386360999579533,0.8879527896138015,0.3777803830390213,0.8723288669415312,1
-0.03559572056085993,0.38580250332095545,1.1082669091898611,-0.01416417243037725,0.8736307857816805,0.4129807199536525,0.05717686783986054,1
0.9751097992145424,0.5736474103004465,0.8145179641550225,0.177315950670217,0.48300126262878385,0.7910516776238767,0.6762378749341621,0
0.8701086341679876,0.6370994113089319,0.9198311412566915,0.23963950847329862,0.43907529316574084,0.7581223081494003,0.5911744307241642,0
0.9573998405926156,0.6255060088746616,0.8731071291106781,0.19173136642352567,0.4928643819043317,0.8236572864334901,0.6485441649602591,0
-0.2420485902558851,0.5923963504511224,0.077692474690083,0.5692132967965068,1.238050693850627,0.9860790133251172,0.8107983419833272,1
0.3523054085335795,0.15931118606019418,1.277188576507097,0.14043341283137306,1.5669297670412716,0.1853731190663898,1.1744479568067248,1
0.15196469974928753,0.5433843017587728,0.9949106756882239,0.05620796002723171,0.9462290853522846,0.5506660886399372,-0.1357791225130995,1
0.9291490501712222,0.539412188603637,0.8458687391222206,0.19954196540718236,0.5273410587790195,0.8095722026762052,0.6432888043414826,0
1.2167758333238068,1.0227783201770024,0.4442648957533009,0.07727467687524237,0.5507324472383208,0.821892051708122,0.5919284459693035,1
1.4640372846002998,0.10433866193472086,-0.27264779078858703,0.9137588622310098,1.2295710688412407,0.6954925422289683,0.4101497359450598,1
0.9452197446721842,1.0366530140661916,0.8595558203159348,0.18037700666901282,0.5598249802383406,0.3926195433423994,0.5791560942881682,0
0.771804515350793,1.0741084079798213,0.9328287400659988,0.738847331203691,0.9190091326212203,0.5060643696753654,1.0570871935407853,1
0.9564771198804047,0.6201570390593855,1.2977364870497934,0.1912176185378,0.36765613771344974,-0.2685668571871056,0.6059252791808172,0
1.0466389424583618,1.0493855837158137,1.1587265161952145,0.30688240998655253,0.6461732126155456,0.6899471013558196,0.7162628674337266,0
2.0421278071912328,0.40701957565549196,1.0200959460962125,-0.02086398088470874,1.0934941380386738,1.084393047539809,-0.7269942823839265,0
1.0151275167213798,1.0330940920901364,0.8925763993122571,-0.023868691571911127,0.5552335561746894,0.3240033258387074,0.5341464526066653,0
0.7455941524875984,0.3754459977249118,0.8804366109065628,0.4006802907222427,0.5450255675373609,0.9007996919811015,0.9266067119176425,0
0.9677510048508046,0.5890278636120463,0.8051606525907139,0.18906054037123393,0.4946051346861473,0.785284603493792,0.6800956685848356,0
1.0259016266787917,0.9962872723943286,0.7774967802230713,0.18918762694370392,0.493319824470234,0.3326496841736886,0.5865700342614163,0
0.9354506367268098,0.958709917479958,0.8731665480824583,0.07504577785065975,0.581631520752448,0.41090430000706163,0.5494205343293737,0
1.0358751076640444,0.6743006023265123,0.9168501737655804,0.17601643282372606,0.43834011848605114,0.7909143022000972,0.5732453132058715,0
-0.31163446311840376,0.6425439605897016,0.5428235906655348,0.3366173257774939,1.2236994444848095,0.6589101498465801,0.09168066041978797,1
0.965170393030193,0.5737950695357207,0.9270777244731074,0.05786267508933862,0.51742723638245,0.7488184869421021,0.5607431430944644,0
0.7279191890248293,1.4413820808967377,-0.17517597088632897,-0.30402042103865645,0.5737018057956418,-0.27126581909728287,1.309159787868494,1
0.8677812659523607,0.55287378685901,0.8529215328246149,0.19381995518969936,0.5443839182756967,0.8757342744761399,0.7743739198042152,0
0.7211022901499867,0.5169505776485832,0.6462254347940218,0.5784554597613356,1.0117397887794157,0.2911120037432285,0.7478650843925403,1
0.23176466086763137,0.2989511274390639,-0.04906739481525635,1.1433791563766782,0.9535566138739348,-0.010143069154795903,0.06936494222364253,1
0.8903747314552862,0.7605546948495899,0.6033181433859063,0.7698648420600376,1.0695390080642846,0.40575402901502433,0.584099802339682,1
0.974149571087844,0.5729040079317348,0.8147772558457916,0.17737836179154937,0.4835423330076714,0.7912998181570808,0.6755295728518821,0
0.9770063250153531,0.5736084357943181,0.8157748835687991,0.17596433023605348,0.4850576905052844,0.7921054153972861,0.6746298152824944,0
1.060809453077617,0.32312652425204913,0.634264013166808,0.5562381376959672,0.6043740867794052,0.10478827306777183,1.2133307377932419,1
0.8015337229207564,0.9814797997307851,0.9050784112025463,0.1038248814136465,0.7189631973608036,0.2663826629237168,0.6086840797850569,0
0.5214774622654565,0.8294499085975705,0.645033166240851,0.42609967323415615,0.8454408205267926,0.561945600800489,0.8563192604212381,1
0.4614337310796962,0.29691253975764564,0.5871209504553372,0.7338437096120688,1.3487724155336047,-0.006057218714279333,1.1770815458851596,1
0.8864123915567783,0.7125060031922643,0.47664854988342376,0.9621986301317644,0.7292214148799541,0.8061879627916536,0.4647120853367569,1
0.9882976019985834,1.1098260076757933,0.0501137852654957,1.1155335141984752,1.4880047457222252,0.9043577828833236,0.5866139615620185,1
0.3384401593863242,0.30525924821627703,0.9967678173051921,-0.4825483802953615,0.6230815093762028,0.11792498368349263,0.28209862493010446,0
0.7477150836967589,0.5211055101191787,0.5676002721380295,0.7088265351025261,0.8715188297395629,0.33280054991842645,0.7963654175494405,1
0.9209700980256347,1.225573721220633,0.18461600495547537,0.027907770350798076,0.4234290200317967,0.8507090203223628,0.44033840458221496,0
0.7701691978193553,0.5645303820420476,0.6708781365815822,0.617724180922737,0.9443256486025549,0.35716801286959066,0.780501392594943,1
1.1213432361313083,0.4696465467396339,0.9897419782904393,0.22675020203584922,0.3022241282896142,0.7255618191615847,0.7317068326235721,0
0.9629973394623712,0.5739744172118726,0.8025833692017016,0.18040794800472346,0.4625846378427826,0.8042429334777117,0.697501888219437,0
1.332127173259315,0.14223172731635292,1.612056795049626,0.3162839924401847,0.7892098137075395,-0.257634895200773,1.2279648140737778,0
0.5899396391953843,0.1325518203476233,0.2744611941980698,1.063269042163127,0.7426607265283145,-0.0987781581088365,0.8080632085930042,1
1.0535553557028763,0.623738460294782,0.8953181895738533,0.09712430899762733,0.4610758366247171,0.8013136989977697,0.6379524936160054,0
0.9101855577405412,0.6584391498972331,0.7599894282168032,0.12760562663505767,0.47447594617483135,0.8614011448579776,0.7398630260577046,0
1.0180037899638388,0.9603671482457319,0.8829762101986679,0.16895482662263134,0.5834337943505804,0.5175790630950996,0.6273156465027527,0
0.8103435275897259,0.3444440402385507,0.7822653977480316,0.4234230228783953,1.0196517426188174,0.5798260941925069,0.7133861744461111,1
0.9425711801437382,0.7873637989510884,0.7169573445076847,0.14558139454878993,0.5600499190967057,0.45391611841901475,0.4782404225972462,0
0.8663367059386939,0.8707780756456492,0.9226030076438436,0.578475970794297,1.0086621179688917,0.5825703065010304,0.7698447969960348,1
0.84165696214875,0.7055405419270401,0.4286027728155184,1.104649800842426,0.7870211902755249,0.7944011338444037,1.2678888717400882,1
0.7557359344050883,0.6187711680106838,0.728453626432251,0.5793790406651275,0.9139020448752406,0.42407027507802486,0.717503168639165,1
0.6080301896538434,1.0270430981061849,0.4762267592399011,0.317036560133519,0.9825478475212581,0.0806438259655351,0.9168885504758421,0
0.6420560697483604,0.540942078534615,0.6976409052377609,0.793649142640628,0.7328465314736156,0.3308276274163192,0.5551910426486185,1
0.814478690471428,1.0531428419582243,0.904750290107663,0.1068311491792216,0.5694724094194438,0.3198713036380761,0.6599408754197169,0
0.48076997459376897,0.283860950724355,0.34289900074027846,0.4964885767059646,0.9074835055798467,0.7484253561728875,0.575208069904579,1
0.43509420936063775,0.44383921731765225,0.1373847066778059,1.0340011614315343,0.860178606414897,0.005378264836487845,0.7676679161968366,1
1.037811626968847,0.5234045624728874,0.7542560059975767,0.19641967210899916,0.500336471513567,0.74836655055654,0.6522960681813703,0
1.9135404181004425,1.6426027020678253,-0.07354705054948574,-1.5264698295673758,0.1523299398798238,1.472856972264803,1.278175107640878,0
1.2260702091343219,0.6647315028413106,0.34443060390815006,-0.6225498034681186,-0.07789674525182733,0.9970152030035452,0.07254699972491996,0
0.8332838243078167,1.0645288474244166,0.797666846990815,-0.0517179573909497,0.659023706724289,0.3523391054050262,0.6146442750313206,0
1.0760334036509702,0.5382027889967034,0.8144568308248069,0.14897258794026919,0.5400055009865744,0.7045276866245402,0.609318652207833,0
0.908439718114611,0.9407889111770149,0.896405974493114,0.067116211342717,0.5887924020878986,0.4138091478926036,0.5073733279145122,0
0.2924743183291617,1.4353113548317777,0.8116948514046866,0.015815511334099308,1.046167041678716,0.022068385640321764,0.5551765061599769,1
1.0070786017100712,0.6014403776191265,0.7975363256126764,0.12226355252547169,0.4203517538145674,0.8256404340373402,0.6144131837515681,0
0.7148403950891917,0.6644794009648889,0.6549382019524655,0.6508204089107285,1.0309990444132067,0.32384423342867785,0.760567436709871,1
0.9184869438387384,0.476113332371962,0.9327187723244887,0.14022887214885793,0.6767920071546862,0.9478679749316135,0.8320813165370456,0
0.9030498707162791,0.9189779610408259,0.8676032941151035,0.05365453394559187,0.5652463774838645,0.400512312229544,0.5560701594161631,0
1.1017437076436984,1.7300437074620545,1.7818100149132559,0.8043579201924265,0.9590721817488665,1.1786966786223414,0.06505606619146787,1
1.0532034555141927,0.5533372570575731,0.9641523643115968,0.25925828219056457,0.6577619266611655,0.033044870738020204,0.3746614685438249,0
1.0367707867929283,1.3607148630458838,0.4017279441631339,0.332642964575773,0.5508432473977781,0.4363669105970267,0.2293071100255693,0
0.8997948694522226,0.9865177584208965,0.9356922895170905,0.05735069579071022,0.6264442909905487,0.4064531109325405,0.553703200756077,0
1.0022507566662666,0.6100461985501539,0.7834863199162954,0.13232583211584698,0.4433164364543689,0.8235786311398273,0.6478597826951084,0
1.149061700477289,0.5788299662487429,0.719043396771526,0.5166883745017626,0.4454100704844056,1.0010154066366854,0.8543919642300108,0
0.9522819810657568,0.565727374017889,0.828909440094047,0.18874885740675906,0.44379493129697156,0.7783282975855026,0.6503658749228296,0
1.5015545005623867,0.775188325037548,0.9883567180928505,0.7365917359513313,0.6487836769744068,0.003592163089057021,-0.026050118767365738,0
1.0409163916170363,0.8022996872752691,0.7045383275339927,0.08917674610191534,0.767766568866469,0.4192059724177791,0.379820175552986,0
1.0248619486037298,0.5705336673250678,0.8030820446228593,0.22192177724445286,0.4628491790428248,0.7448169246794291,0.6254863657583403,0
0.9885129291760556,0.5686488290952246,0.8315064099028772,0.16860361542267055,0.49961115571481907,0.7632263263366376,0.6621606708242859,0
0.364365253238448,-0.1664995242640065,0.14139057026122215,1.3458876687348913,1.457572281832094,0.7569701837895866,-0.18049040188780285,1
0.5835214089590682,0.5104330788935214,0.505002989178175,0.5997548681260102,1.1461075432694405,0.1435741470395491,0.6557381941113061,1
0.9614924675304702,0.5113681258495223,0.8920529026960217,0.20060290618074655,0.4344087223421507,0.7099701168715155,0.7448906189882414,0
1.69926407443611,0.9294225101923678,1.4159841790084493,0.4389996398285783,1.2353935484687057,-0.49657714456130453,1.2123360878665002,1
0.8932954865347967,0.761741275972891,0.8382862278647678,-0.11135702410423493,0.6804539998554748,0.3257226225149128,0.6453130200163824,0
0.95131093175298,0.9865718069042569,0.8459630999796564,0.10005443625838158,0.6371745695308667,0.3816011660926075,0.5217431544458613,0
0.9294833996298705,1.0500661450350166,1.0169625834662692,-0.14706123637227914,0.6622960499227887,0.2601238360253729,0.37329570625328723,0
0.8842075389823577,0.5845815898699164,0.6956598759322264,0.6727686714308804,1.0749197534945414,0.27042534231493875,0.7363364779522238,1
0.035235732101346104,0.6395964554532859,0.9206980982330832,0.1301243174934258,0.9990301241181558,0.48242204140519424,0.02357927725531539,1
0.6011831534426578,0.5013138149840737,0.2704799205381171,1.3053216911823586,0.8459671928283103,0.7623285717782569,0.2912877015280045,1
1.2325876170024275,0.7518145992532206,0.5845362044147653,0.37935883798365533,0.47643565581140207,0.8979837516678673,0.7199917916444778,0
0.9747164023641743,0.7126066876509741,0.8303507895141529,0.20583605520743195,0.399364344461091,0.928716697957081,0.730218380787304,0
0.8827258295154804,0.8668364553371918,0.8597024959882688,0.05042961465800119,0.5286720664590208,0.3325053182067934,0.6510324929961164,0
0.9254363399175505,0.9473770411873458,0.8908909958887372,0.08321791074580714,0.5927307811828421,0.4252742500619139,0.5305873801692023,0
0.9829193240388167,0.560999269780943,0.808905927946772,0.18652225875310718,0.48985115457852557,0.799591485746969,0.670164648782254,0
0.9989343540873803,0.8660869877991278,1.1534330208778507,0.33903260883760644,0.6381600738675766,0.664743047317875,0.44742345320484866,0
0.0783442640527764,0.5459721169716669,0.8172969974829648,0.0025121499950714887,1.0073679434211997,0.6013408568536692,0.05523254095505518,1
0.9362408294861821,0.6044116684169025,0.7721556995292767,0.2275608465618616,0.4437361599471953,0.8470246073631429,0.6429892234027808,0
0.9746017997150327,0.6479991347680232,0.48764421862886054,0.6986314156609489,0.7823667899848927,0.5678785792988363,0.9939380412312286,1
0.8871729627396457,0.5600685776985632,0.7367127528094848,0.5498190440424137,0.729194432468082,0.13743321629511127,0.44938245156321205,1
0.9944432278543011,0.6929447526606826,0.9351810377508925,0.09775147136496715,0.5712142567384588,0.8307551227393369,0.5817091634826536,0
0.0009426846108920878,0.7873609709228642,0.6025521536425913,-0.24592938749529025,0.7134145103773641,0.119531730282671,0.24308681197241758,1
0.6378852630789644,0.1555989670381332,0.8489295425001677,0.6377894027316534,1.3591146640718745,0.2699245072875352,0.3332960070681848,1
0.925958013833438,0.987054710896392,0.9855299068810133,0.11632039800582213,0.6472726159538886,0.32354962927620956,0.6137273538378153,0
0.7076905265833938,0.2753332948101994,0.940135574205949,0.7676029947699639,1.2288193185591345,0.35245352291396437,0.7248823835422605,1
0.9463211786130826,1.012212116049994,0.7729377416077097,0.2184081910572262,0.42266964621820613,0.24990830571052775,0.7369696688445851,0
0.9069199733071966,0.9113580397489663,0.900044974648464,0.08806312814055878,0.5738454438213161,0.4546917838392799,0.5574113430007256,0
0.046637989214845646,0.4564924561628998,0.7900590884371131,-0.013639711536262644,0.8600565728347739,0.749471867000161,0.14143787298923732,1
1.0057149481168037,0.6654359969016717,0.7673592029766894,0.15632778885530701,0.5237121260617766,0.7199976628938489,0.7247451213772971,0
0.03881188452576212,-0.1281518187953229,0.6646314646653306,1.0326574339519117,0.9811708404780992,0.9475457001530116,0.3375700544878485,1
0.24883794281799698,0.8789900833045206,0.09185816772632327,0.9397282660942281,1.288802061229221,0.6211333497751619,1.4003366454907575,1
0.8653675200181401,0.5531421790584597,0.8208092289706753,0.1550686952491693,0.5729647862273564,0.8108496806229184,0.6537747454531683,0
0.9860415711057906,0.6014747471248711,0.9031711249912495,0.13397605383092906,0.37765212424837385,0.805636504548599,0.713304629855606,0
0.9593828503869879,0.9389069104790386,0.7330250411556888,-0.09582118678768839,0.861279344325593,0.48702694057096585,0.6548115390793937,0
1.1151947126528778,0.9914155356846328,0.7864309390322273,-0.18022212909579494,0.7201625156854132,0.5045931005169597,0.5720340323831571,0
0.9822402448220695,0.5740718007143595,0.8257125710114697,0.17330405385487732,0.4828990987770091,0.7990422739174802,0.6733650500863236,0
1.0113063354359824,0.5839989952306902,0.8245416526575436,0.07551624631934067,0.5622444701537623,0.7158831808308129,0.7271413116840137,0
1.0180834056038788,0.537018350193016,0.8437771721847906,0.09083616978402342,0.5007100456216269,0.6809689817816844,0.804339221754319,0
0.7108699579713823,0.33848810233747206,0.2800531936515783,0.6177997451111812,1.1700727973758225,0.40515828267682963,1.1941461247621519,1
1.0166302691382887,0.5522015810778179,0.8259548419253518,0.21218288770043667,0.49368550579359893,0.767246120810011,0.706176367042027,0
0.9787813528538113,0.6441829485606843,0.7612353850495047,0.2391273804085533,0.49370365231570257,0.7159573849437042,0.7434268379089677,0
0.5000349424817447,0.5788285900822697,0.8683694854837553,1.0464454308526474,0.6409983674436547,0.24428362871142098,0.3592816674006683,1
0.006700457188590964,0.6159723550466296,0.8973215839504814,0.1131746597643826,0.9970228562045358,0.48771527293074096,0.06521673536492059,1
-0.27579336707304697,1.0465226221335961,0.8944746648656098,-0.43196444915117305,1.0725142029427772,0.9592289520446333,-0.5008113646518141,1
1.3401231624123355,0.872866896965864,0.4874147392023984,0.10238138306998718,0.3091558834188331,0.0232476437190669,0.8750906508611087,0
0.994449511280517,0.5857170557975937,0.8241965672844696,0.15601101603975,0.4844779470666521,0.7847168768619591,0.6537612737745631,0
-0.014284604712082802,0.6186640740618936,0.893342035303317,0.08479230647786912,1.0061064875922818,0.5133785539379737,-0.017236797553154368,1
0.819209330748646,1.119131503324268,0.5799260801166509,0.09795815419194628,0.33754631820640396,0.21099878527884056,0.6953834472885935,0
0.8882250283967701,0.48515621887104526,0.8597814551450071,0.07903283335121307,0.5284911082847504,0.8817028138514978,0.7379037994017669,0
1.1352266442831414,0.9391410191936049,0.6814008946188734,0.05597466630842696,0.4865181776768478,0.229994448273433,0.6861857847194687,0
0.9560001667289455,0.8704817564135745,0.968610201015116,0.009193743488282502,0.5861180973382578,0.5020975123612821,0.5365830343482472,0
0.47008939520655624,0.5745023718557333,0.9818227182432098,0.0901955146444331,0.3623084760731268,0.5417880875626229,0.8955749017644079,1
1.5070082845645567,-0.008618692392929783,-0.3796396489036806,1.7295959559543546,0.5310362194977998,0.3142286374079824,-0.21538498771072512,1
0.04342050932063535,0.039681919709463,-0.20972679930163407,1.3487458115317537,1.8158909090909399,0.27306726989416547,1.7558541765131834,1
0.9530300119383237,0.42841049721206237,0.9402991570900783,0.24530206557080944,0.39887606414788185,0.8536677075018049,0.7473432038854422,0
0.5285523887163743,0.9838606631508581,0.8752729539471741,0.08094249290997202,0.4650733850367128,-0.23690487041836872,1.2034014508613473,1
0.882865550796684,0.643676542314622,0.770753989916738,0.6425856575065493,1.0756098771055673,0.3391640238239299,0.6129957337294942,1
0.8619483565188596,0.6872710064836088,0.4921438645098733,0.3926286712286583,0.8151730265264188,0.48396951414490086,0.7036514391100251,0
0.9771752610374128,0.5899997255352446,0.8136214048467294,0.19115418650806892,0.49279619129781693,0.77332216100709,0.6793287624333954,0
0.7986906476867087,0.9376092751605968,0.7450897544621841,-0.07769455656350632,0.49564174055632776,0.2522918709554062,0.5717198889422662,0
0.49630193195898725,0.9294655862215309,0.5923972988068525,0.2614903213751777,0.25130132830146656,0.3447338786507945,0.7713555690662038,0
0.827251647929069,0.48689704321585114,0.6721517624292749,0.7761296617043731,0.9268446161167911,0.4949571378624255,0.9019092835139919,1
0.7755593406003611,0.6092208449165282,0.6797764769592056,0.5858031260760833,0.9739243295531501,0.369011176983056,0.732779744951175,1
0.9436587660799635,0.6516692393830249,0.8417268988325747,0.2125075207051575,0.5123854574253965,0.7105439933622558,0.7436740899757622,0
0.973984867426512,0.5747057373078017,0.8301664840219215,0.18415357158259052,0.48343043280472403,0.8258162191891881,0.6588521420626147,0
0.8465463121606123,0.5107695180149829,0.5819899987847167,0.6417799924378069,1.014484499977811,0.27032898843038045,0.7317857187458234,1
0.013407606359116114,0.6200162198369575,0.9014274872300445,0.10649492442812852,0.9809731241162469,0.49748200706532836,0.019452157917786733,1
0.9120701051824418,1.112147755282341,1.0287484329879981,0.0921463823411457,0.42969312711497154,0.5037517812427635,0.41678238087837616,0
1.0005886977100893,0.5485388199748775,0.8383851286265586,0.2042789315657739,0.45740345724604553,0.7894440537488586,0.6620540304267336,0
-0.4844348803512679,0.0018368390011460622,1.6260257550705304,0.45722637991570014,1.3615480568027645,0.793581736214058,1.513409273084837,1
0.03446990551298897,0.6090426217874115,0.8636410581264666,0.04591231880907617,0.9066288396034533,0.4792133274839956,-0.044134185358159814,1
0.7550983968053653,0.7751322713050525,0.8255202542448468,0.15054936656927834,0.8543825738373247,0.26546963868496737,0.6937661251846824,0
1.057321702649507,0.5588515128673843,0.7812981325755746,0.22526364522585882,0.5508394114655105,0.7871049523293268,0.7027172522556002,0
1.1209366041068611,0.8058099488336247,1.023828475578329,0.21822055337170845,0.637770632431887,0.5367472394811457,0.6704993738738521,0
0.9748311468989059,0.5724081401488307,0.8150018951580167,0.17691740820986404,0.4829147166005679,0.7922067844505686,0.6759494267009514,0
0.8943480608087828,0.5351641890377777,0.8116291244923673,0.25991057679076,0.5318429765126924,0.8141797330880772,0.6730656896072371,0
0.6687014019552788,0.6984368453030417,0.7509714071122523,0.7310836024780937,0.8836290739344973,0.33571426368741447,0.6706641687374085,1
0.8716107807443678,0.5384538894651675,0.6124840410884098,0.5448317238158986,0.9914998884718016,0.4932597079463519,0.624412843007925,1
1.1524736125290442,0.48259609951398524,0.8447442144124997,-0.07462741559570471,0.3068214184805871,0.5635732997437826,0.3657948127295674,0
0.8943676187149596,0.9578388386189521,0.8760567835238954,0.10440475425430673,0.6169332098326602,0.4276206025837734,0.5160126805744374,0
0.9671585689269391,0.5789705131087675,0.8069811360553053,0.1722114064675323,0.49220698348582587,0.8011158159152466,0.6766595095063818,0
1.1799609005388318,1.2696248358764126,0.7285556839780138,0.5390975214398912,0.16971459418554008,0.02506701321166055,0.9875946430672005,0
0.915229723822532,0.8535691900912583,0.5054205764792111,0.5480726167310856,0.3941871842052056,0.5505347605884982,0.9474317797691196,0
0.8839623462914119,0.6456507549871633,0.9392358404763381,0.23944771678331103,0.5420023261618186,0.764474293216784,0.7252496916956469,0
0.5180197364542382,0.9225523171640442,0.9044294306007861,0.8932126461669094,1.0639083175655444,0.6439402462938595,1.1087020774689396,1
0.6473439927752764,0.46056898923134504,0.7822090427705304,1.0244018102276546,1.0229536022462948,0.10247458222151784,0.7893696166588846,1
0.7252190612097001,0.9812692657031917,1.0291329540732024,0.1377584532364548,0.7318361671471532,0.8681548856904946,0.8782397744181257,1
0.9366267896502671,1.2319280853200825,1.2328973707201198,0.31695404028194657,1.0552477401797329,-0.5721346974168122,-0.0037285096088597314,0
1.0274739028631552,0.5720677366077697,0.7917210111237445,0.2424383433630607,0.5306322670014719,0.6870596269388186,0.7625628285334658,0
0.787906368505661,0.4441654774434869,0.6794872486402951,0.7379448478065692,0.8933783681314941,0.26315324049614947,0.7563195910870417,1
0.6432750865008382,0.8581440590513509,0.8023664476073084,0.5799483090657434,1.081847633090795,0.5767849140130448,0.9075989222692231,1
0.975024702413411,1.1119739859154572,0.7105253685432538,0.25217868516427233,0.6961935484450679,0.2631331390440361,0.5494468266717469,0
0.80717637199818,0.7861445377153485,0.41116270800375865,0.6108080024993524,0.2170146745453228,0.15136858399261882,0.5817584717456183,0
0.8810415341293141,0.3787594428930957,0.9002296921541658,0.2668062055437337,0.6972205534383199,0.7745699879712935,0.7431713353151668,0
0.9095063925597023,0.6449708047545467,0.8773605673253584,0.13928181153714647,0.5390114104323971,0.8584475297911397,0.7327642033279796,0
0.43128330194518105,0.48764860254613224,0.4520515281809765,0.2339357626347079,1.267157569790474,0.19414053123930894,0.8568383962778445,1
1.0896738768550973,0.8550846185796557,0.5592289679295637,0.3965246590479387,0.7881790374719082,0.8036256102698293,0.9227563131001588,0
1.2663362458307028,1.308431515187183,0.7933728804768565,0.01656741816193233,1.2103586769776928,0.07289774540628313,0.3146732565767344,0
0.9312855338779432,0.560465042160091,0.7871769722480811,0.17228622300629007,0.47627299554591795,0.8183135403611393,0.6589493177347376,0
0.4300146722303501,0.8479439512873924,0.7458211731583101,1.3177481930630242,1.4616571723903549,0.35103303793740304,0.14124866861731078,1
0.9700235662871209,0.6028224983861079,0.8431054073105543,0.17293963561241893,0.4811912431677301,0.7796249716510653,0.6813155931602948,0
1.0038447432754465,1.0317704396240897,1.0266214419842512,0.0290011090627812,0.5430375995291692,0.29468864452544297,0.5266930182736849,0
1.0485663890948986,0.7173720862739862,0.8356083862236332,0.19531278871652866,0.549850820496566,0.7505572048736858,0.6790075735469709,0
0.9749985129236355,0.573551670209143,0.8135418578973087,0.1790441939846507,0.48408954216326305,0.7929576537500367,0.6760040543206577,0
1.0813172068292831,0.6767267582189989,0.872052516318652,0.12909609356636526,0.5026682169163542,0.8296151115245786,0.7461713644338325,0
0.9734738069652791,0.572818305492731,0.8147261792234388,0.17813784123695758,0.484223074504701,0.7903128504378747,0.6748871690965313,0
0.7862147903293022,1.5009242170539756,0.8159603483925574,0.9177828855986432,0.4061274201083428,1.5421035941281391,1.8575612054018311,1
0.02650930805312846,0.6168974882850922,0.8814511512258182,0.07944344747338747,0.998692493953582,0.4943232642713928,0.044100459693616575,1
1.1310330528983095,-0.05521238438480769,0.6606183833063755,0.6763806910362042,0.010345778023200025,0.7666913260971002,0.6156324592192407,1
0.669927558377265,0.4194228149996256,0.36241654403349344,0.5548714165813498,1.133914262700691,0.2207160690921884,0.8151106521522559,1
1.1283130220967714,-0.2473118917972721,1.5774949680635044,-0.40320776215657095,0.015385071025570185,0.3582810082996579,0.5519889885954713,1
1.017847775641409,0.4121824645462814,0.734357252284194,0.3279133260712908,0.4552833135115456,0.8890657610354329,0.6223408792316648,0
1.1937585761403686,0.3907334383736268,1.3998529639626915,0.15791588567499515,1.4060912496954878,0.18791868542573525,0.05537048842309822,1
0.5622332913617892,0.18080558233032545,1.0594731718849582,0.3028100899198383,0.5917647015086965,0.7227708997290765,0.4248570604181674,1
0.9074713697121546,0.8804891298267931,1.0745019670619225,0.07823432251062187,0.6212601693763745,0.47309503469097036,0.32127071645141,0
0.9319021945202203,0.5091529159652552,0.727275509238349,0.28938997372884834,0.4058415219206324,0.7579033653884105,0.546243730041613,0
0.9567723165713092,1.3342775349036955,0.6150988627969692,-0.08179665782935844,0.41609825339088646,0.31894200708004206,-0.16816031680953958,0
1.207377697595667,1.2414813478560738,0.948574585603612,-0.15393141207379524,0.5024718114956985,0.21313831453398693,0.6615343146198873,0
-0.06901197913654657,0.6988310372145068,0.8320702916033202,0.019412274747722502,0.9240060888716921,0.5058369430335623,0.0366615123927069,1
0.7092853526675706,0.6561533275010487,0.8809877870330924,-0.03526370101795938,0.5751042120648828,0.5259306348251099,0.6924293996656354,0
1.0342220872956267,0.6289521556847886,0.8165128367225517,0.21211894528588882,0.4752684563106514,0.7751556123395174,0.6778758792971733,0
0.8214734521549041,0.8982443087466655,0.7708510985146775,0.003617667312849876,0.6433429236194964,0.309700660019508,0.47223808295800834,0
1.1566272476218906,0.22667027305010845,0.841267618664238,0.9199772297694246,1.3584015559001181,0.5020401026913773,0.4124862378889627,1
0.8511709932970483,0.5874422122288434,0.36931061325779047,0.05775647040634319,1.4525702116463297,0.14627434184817706,1.1018521236621994,0
0.7888025987732923,0.9324988510689856,0.8414432297071199,0.38664223707659057,0.7530054917217094,0.27308861040807597,0.39086856372547235,0
0.834638617877014,0.5000874463205598,0.5640231400605799,0.5897162397025851,0.8553378127045843,0.24258868303554104,0.8636577132652836,1
0.5211253890613586,0.8897131312458921,0.6564142860110399,0.44432327742383676,0.7551213134503315,0.12097588920930702,0.9121886739377093,1
-0.3501207783282976,1.3695621861455063,1.130103906712597,1.40088696460302,1.18605956605585,1.80123100851951,1.3012995601583568,1
1.064111939154276,0.5820384837525749,0.7965068605003409,0.9051842424513354,1.2469498652237647,0.3945875608466596,0.6681843419197296,1
0.8017709963629132,1.1109490391515995,1.0034127088136393,0.019368725936408843,0.43510381121423003,0.3774747171355004,0.42747339342900187,0
0.04274983025834199,0.6391422057493042,0.8797355579139532,0.09331918032475373,0.9578923498134084,0.5365414339265526,-0.018354480024459004,1
0.608799126839098,0.7484905268030679,0.7248053140647023,0.4810683060944923,0.8957989156963535,0.1966624961551026,1.0162800358356336,1
0.8097398312662525,1.0772247843929186,0.7655341242420594,0.0011608958369958983,0.657817142531177,0.3670989644671467,0.663297701446522,0
0.9810986960609479,1.0269203870772963,0.8523822647478005,0.00944577796102651,0.5484290076319741,0.48309491855105374,0.5432255815469521,0
0.657158299456087,0.5774807343530599,0.4354664108640209,0.23709123367300255,1.0974571003198612,0.7577594430265304,0.3370353882936877,0
0.05254495860461001,0.6657612368694332,0.90175098801438,0.08994448377843661,1.004306614905606,0.5135497228847408,-0.004562917420441005,1
0.9573573993309592,0.579103690004127,0.7597813266566359,0.7379280684838694,0.8844702014617872,0.40436965953584464,0.6602660997500598,1
0.7403647723528157,0.825284847593584,0.37152772526533545,0.3238241853359661,0.6635721015278038,0.2416777736578274,1.1356373333836103,1
0.9786078957954008,0.46004604802647275,0.7583779741780459,0.16456613791960042,0.5506314009640649,0.7971955383119659,0.6571791811243081,0
1.2859716560390035,0.18058162265660888,0.529018136303311,0.9723548065076368,0.6976104098941265,0.8872778842279764,0.2411502541459979,1
0.0585357900524149,0.6457204552476856,0.8643907829274268,-0.04614801816486233,1.0969158769245198,0.2397368106824333,0.18836488844548452,1
0.953112002459319,0.6361583295169272,0.776330888959398,0.16536036730917023,0.5365050891880232,0.8472092096492178,0.6599291499959035,0
0.9369159145998184,0.9471678699051835,0.9053930441815704,0.09959082174760187,0.575817394222744,0.43956980888190894,0.5314906937251515,0
1.3401046373636007,0.8541467458254476,1.3519916239189418,0.3007026322998087,0.3374326458044937,0.9050664608644459,0.7179667390531779,1
1.0006259542910962,0.5970183484266909,0.9077285700648521,0.1680074451618743,0.5250982928392729,0.8415142659976647,0.6508487214901759,0
0.959755537709383,0.4802254686891519,0.6470676630177038,-0.05705794628046065,0.4116540967165914,0.8124200758127031,0.624765853434348,0
0.7192484954353163,0.3784717691952465,0.5935971006259807,0.41684310295293137,0.8963970315150163,0.5376748124507172,0.8038336647168893,1
0.7195727246131995,0.8244305495756664,0.7367200205086406,-0.014819894222013838,0.6408271238428506,0.5291735934143054,0.34039911213754354,0
0.9683765020440048,0.5761831612728373,0.8361068007787078,0.15687478747687006,0.4836783884446385,0.7733976027784364,0.6842840248359763,0
0.21614010296834107,0.8108069079227669,0.13168221205013486,-0.6927633568331378,0.6351642519276762,0.18799892433932866,-0.04462516955181128,0
0.8631752198557454,1.0375216144352277,0.9497386288301229,-0.022520584455895762,0.6847461465974498,0.3825060052319117,0.5701336242912305,0
0.07177432456878785,0.6867937541961964,1.5102908592884283,0.7269622378128203,-0.17030411362634368,1.0375817075131344,1.8111209092292553,1
0.9101370290920185,0.5046926544233602,0.8595087680937186,0.1489283119964525,0.5663357100842978,0.7740958375011068,0.6425284843792248,0
0.7771545410462452,0.6266642312198819,0.6937745864840178,0.5950672223895527,0.9244706705668068,0.31982378505782716,0.7704779349767156,1
0.001391696269521292,0.35724492891723636,-0.03488692071528643,-0.7590009005661053,1.613106014488984,0.49011620245634274,0.43494483092082864,0
0.5412859066046352,1.15178254681321,1.080147635830407,-0.2549676542753393,0.1928684570391372,0.3813008026607452,0.877851045150853,0
1.028622409688968,0.5024431922311079,0.8625805716576199,0.758286870438749,1.2255849205059524,0.2939742562900416,0.7002369354256934,1
0.7589651547987435,1.0495658466062419,1.0892619887411061,0.33453092291074266,0.33989395764745517,0.3594458273795973,0.7757873194481814,0
0.9752676997957795,0.576183514022776,0.8118626051797663,0.16329960406714286,0.4721533710829552,0.8051351369482462,0.6868201671547424,0
1.213663822025515,1.3446955395783116,1.1969457880441625,0.3133810182621623,0.22024048112968625,0.8926085252320135,0.04490146200861622,0
1.4803592876349465,0.41491745141683023,0.5442747669882573,0.10395924181697544,1.1017787768522993,-0.04391452504011012,0.7954029158672178,0
0.3881143973989516,1.6707286109868211,0.4057273213996088,-0.39394405801573235,0.5364830184337732,0.2683089686083003,0.11926517264304215,0
0.7264532078916003,0.5403978326779002,1.4637520272477997,-0.31868343143853717,1.2115469234673237,-0.3614831732675924,1.576749888409708,1
0.8802903581042943,0.5753799061244921,0.8466531921001552,0.1344757641219178,0.3859421157030387,0.6721446374933863,0.5486553557284417,0
1.5527041272810418,1.4573756816362455,0.8583461661357026,0.6674689458016995,0.8032087214028589,0.573033095729857,1.0451804470556378,0
0.821866264214974,0.9316224153401692,1.073427984122735,0.1302308312950538,0.4516752606699891,-0.010504377161404399,0.8987973284945028,0
0.7098418308818507,0.5935808618320373,0.5753258926397855,0.5919191912467137,1.0234904556707127,0.3524146152942236,0.8681198138576885,1
0.6454834527696296,0.671732464546052,0.8316684455381274,0.5454508427776092,1.1921813119264386,0.41748988438288237,0.7729089816034701,1
0.9857130799626368,0.5756262010017464,0.8526712797443918,0.19265322599457402,0.5145369440513334,0.7755097505489451,0.7210348268393532,0
-0.3947358077204832,0.9735040015776887,1.2088130269996002,-0.6556331954496438,0.43197435087276187,0.13115310134601432,0.22884827948024267,0
0.6735735238217035,1.3530605644307432,1.065382497016709,0.06532053775347893,0.6856147764094274,0.8073858725884442,0.6955096313999192,0
0.7923416647556872,0.44971772740512805,0.8066816146165423,0.7494834943291917,1.0717969747326488,0.3146108107755053,0.6238470475045926,1
1.3685934370204638,0.503296300746126,1.5941669675022347,0.7739609853425791,1.287945320995336,1.1009583325109342,0.5603087553506307,0
0.06867030813814001,0.20157425129369116,0.4519139016879892,0.04010872350127481,0.2039324752256163,0.17073553915771217,0.3452052169113654,1
0.6278772047271127,0.47693244439416943,0.34579447090511733,-0.056419378174068724,1.6105895047545997,0.7484662331622509,1.0615149305605394,1
0.9703335098517638,0.9310983395982841,0.751894455755427,0.0846320941237356,0.5050505988129658,0.5042403010923527,0.3773862366190002,0
0.7856376841700622,0.637668529509409,0.6559773621105847,0.2796091881083767,0.21741357561942543,0.8605885282544505,0.5820655751488962,0
0.7468610087803592,0.6134954465082967,0.6659322545920036,0.6185354021559807,0.9783981107457175,0.3409763623239235,0.7536364431658142,1
0.9737932674300868,0.5739023345721301,0.7182838066527462,0.16214743852401797,0.5480384621582784,0.8503195617937156,0.687451726176721,0
0.7453753350746437,0.7874093443391079,0.9987339506625046,0.3017643804109227,0.6792418752957441,0.5625163041371388,0.4891882366312419,0
0.36478613792916403,1.277690690375126,0.7415834257332318,-0.052859410382443406,0.7789020095725898,0.058712364469708345,0.08633084403766184,0
-0.12001592052945462,0.6369977164403745,1.0437505063728587,-0.03659091809692808,0.8668987162649696,0.6096212874732971,-0.022378126905684727,1
0.9970367649615192,0.9667275089374104,0.7129953704688464,-0.030762559840324208,0.4511622300167186,0.22189110231641918,0.4775574486596725,0
1.3758679321311231,0.5481675540129275,1.5275063387338532,-0.4179295820613992,1.2870108621506386,0.3902109743508429,0.6580708732878239,0
0.6933793579357524,1.2799045376630613,0.7077727671813729,-0.10744948882303756,0.7360165194042886,0.14379716984339008,0.6611380016485389,0
0.9770867627006519,0.7064247956961973,0.42251759595977983,0.34634184138415886,0.806233854543561,0.3750391065281858,1.044117554231153,0
0.9643654559298762,0.9540011867005596,1.000561796427935,-0.0749300279879678,0.7386720945725436,0.7431316171189255,0.7340799192264065,0
1.0350326287914153,0.6340965635158956,0.7920707820336719,0.1644755110992567,0.5253396584722135,0.7591412393430941,0.6014432334181872,0
0.9120082450310116,0.9015875026387276,0.8694082389463954,0.10795023440143342,0.6073808406197208,0.42358366772025413,0.4880990858945818,0
0.35087952831029123,0.44483857540756033,1.0592471929256044,0.43210180245111185,0.25986160539773234,1.0040736748698258,0.7520382311903713,0
1.0051813721899547,0.5603744819942508,0.8275061645199515,0.1974834194995901,0.4815849017029608,0.7540891872729231,0.6938598264311951,0
1.4644599505735476,1.198212388776063,-0.04277687097137717,-0.7681550050196115,1.0142199219175756,0.6548527103943633,0.6278113878780984,0
0.6718241620659746,0.45497304603756095,0.4455167583320502,0.19678454979291843,1.3074599179789865,0.44109494768302326,1.1599248990477613,1
0.8539469089209069,0.6458963732540809,0.6404416878699947,0.7429283042215693,0.9491997239837822,0.22957497425594636,0.6388011400745085,1
0.9124401629727097,0.7236495521581134,1.014448978427592,0.8247182702033624,0.33821365977336926,1.2063741487802808,1.1866105218659158,1
1.0112748057031018,0.6486402201210055,0.7863844221831386,0.29061144752388696,0.583142235106745,0.8554913893593231,0.7788935120971183,0
0.8025492758594129,0.977307268313672,0.9448514318999975,0.01954071429470683,0.6845485163051914,0.48945178202724526,0.4427932668059201,0
0.8209516593670297,0.33246981299854844,1.5174567616410148,1.0232982466916953,0.3385089342652481,1.1732933600335778,0.30429196735631425,1
1.0372425708331958,0.5321431724567178,0.9255811186439467,1.0290451166478345,1.544127247575398,0.35526903518276925,0.7588250078528567,1
1.1016716756716172,1.050325740909517,0.707228747458201,-0.05784188203625648,0.5622945810104621,0.3904659162366567,0.3923868067149217,0
0.971040468362885,0.5779920401227853,0.8158969164270693,0.18159235671227192,0.4786727604277963,0.7941628584102804,0.6723568566493304,0
0.765454505788309,1.6757897363520238,0.8079658590814884,-0.5513174398563606,0.5158448868121945,1.344838141674054,2.14071116133196,1
1.0259062422958702,0.6661141024613655,0.35351030080880264,1.0229575736769418,1.1886622680336925,0.8973724771693039,0.6671789261096415,1
0.9293863385742831,0.5800845638626934,0.7471487673045637,0.08411761032878173,0.45690910241498783,0.8299449340337983,0.805982994145211,0
1.1004905456540313,0.8705742682931741,0.026641063864080494,0.5428505139214566,1.1711875875644286,0.16867412478235025,0.03949109269621054,1
0.7671584781453629,0.9734050744263473,0.9612580052506259,0.8942471435589032,0.9212843607920722,0.3829150382100239,0.5622897353564045,1
0.912117310865564,0.6500330495130721,0.4919820947143839,0.7637677597407473,1.318411964604507,0.24800960846167144,1.1153920109134021,1
0.5613113353713619,1.100759644057494,0.0562382161103584,0.0622078411469279,1.098039350859861,0.04137187397643066,0.4304481441449551,1
1.0034301618486319,0.8257388265361383,0.9509321709661238,-0.09075013544955043,0.5492398859166379,0.32472349957396046,0.45982564415564786,0
0.4540612659848546,1.4773518090116688,0.3659999182536573,0.4759956580174283,1.8031838705513907,0.7412858459382018,0.5655129839866307,1
0.87312860547705,0.5181033254397114,0.9988803260667397,0.6839051993902464,-0.10577019344648886,0.18500524373007662,0.9342479092156741,0
0.0031072801962767817,0.6292736650758325,1.0472170166010775,0.2018653504893121,1.0157952296695032,0.6459983012838926,0.001431588027134209,1
1.128012904440183,1.3701166479722713,-0.7660883245472498,0.1853707314684379,0.7415397349885068,0.3814839358579444,0.1630765413766081,1
0.7866899589875187,0.8058421408543246,1.0191808631390245,0.12640385104001065,0.6138628220368463,0.41752482875235786,0.503445857116312,0
1.442877272898579,0.4835606820388119,0.5652184155785998,-0.31895526217655157,0.921093964602105,0.8489787517843191,0.7560174534576176,0
0.9756803630100158,0.5841263187326597,0.825118207404857,0.17972392138582385,0.473457458680673,0.7835046174439134,0.6930368446556795,0
1.066345590239027,0.24546584689623463,0.9458664994772422,0.4634261681448251,1.155263123465624,0.6391897574743317,0.7356208380503774,1
0.7777503553852331,0.7657023857927285,0.6909856905318497,0.7885067925478646,1.1532855639033373,0.48730193758623336,0.7685363723363882,1
1.0070493352031633,0.5622933106149717,0.8112296047195191,0.2142200390504723,0.4620445790589469,0.8262416902759414,0.6688097006280835,0
1.0274116533022273,0.9242690484876377,0.2822600021812712,-0.2849035932604591,1.7853730793826763,0.11206974955819154,0.8041928842747823,1
0.921545289186189,0.9396022451023943,0.9045289882720228,0.07619297235739861,0.6050251649860032,0.4297605246202282,0.5360423487144573,0
1.0554557681332062,0.5905889302933628,0.8383687850712949,0.17003821389229107,0.43565251924308307,0.7807371820568584,0.702293810090382,0
0.5769708940434368,0.218369435629997,0.6214781425561091,0.4929121126667366,1.0096225414936146,0.4076114232303409,1.1726496710187133,1
1.1995190493052712,0.9138353694471046,0.09965624960542185,1.1290737795596577,0.8659555150745352,0.5098079180254443,0.6839954845307905,1
0.9705848274879507,0.5634862890651946,0.8119407211182165,0.1777328091528331,0.4869432684007166,0.7911509425763545,0.6861551685957319,0
0.9835604639798483,0.9701845234016057,0.8385488475866257,0.0074188484501933605,0.5732083762659922,0.4960946478297696,0.5600085671539258,0
0.7142113267232852,0.8433758410721031,0.7252860907471649,-0.05016934365721079,0.25304003744197673,0.21889549041081227,0.4383266825459727,0
0.9432739369557515,0.602978510033349,0.819924212126304,0.13821904098060023,0.48804894143649524,0.8188440527903003,0.6489421498667507,0
0.673854746525503,0.7976370549549218,0.8793371306966247,-0.055483569585690645,0.3366957071230705,0.17413974079313504,0.5916533501537935,0
0.9761186757686837,0.5774916249116335,0.810405051551776,0.18024724367843092,0.4828268622164119,0.7955285779037359,0.6790108343226334,0
0.7886722037628618,0.8495380018520489,0.5202565474939972,0.7806361937246953,0.8956270410515224,0.3504837039691832,0.9824540514999058,1
1.0355956836041365,0.454464319512364,0.7157926431266165,0.17224499697286336,0.354522513315782,0.757033274034557,0.7906996796946542,0
0.9162141194127497,0.9450261142997299,0.9449370915522245,0.12805290910047987,0.5555204381700609,0.36262251021671144,0.461813810471071,0
0.5182912453206162,0.4170268659660702,-0.11838855704822326,0.4951881611582334,0.09519316188550736,0.9339880635459833,-0.0648701093325603,1
1.0223746128309548,0.9879741712617823,0.6740646192080266,0.01484557923946625,0.9395632923824466,0.13601627406709293,0.9122025745303431,0
1.1618665763594866,0.8117677632709817,0.3113503644318257,0.37806548363994563,1.1481916783054393,-0.3500694784481715,0.9577199208419687,1
1.087940018495016,0.6909386038715322,1.017451431585592,0.13439662083089005,0.2988745949574669,0.8166083249016555,0.574693322511666,0
-0.20458256098335434,0.7719968307294165,1.2780752057389562,0.31382654420816847,0.977658095417923,0.816537315973026,0.12190916075605776,1
0.9762891540693445,0.5725448026093728,0.8071911948655136,0.1591201205950235,0.4877396616359728,0.8086984861567258,0.6586063071788362,0
0.41723815020106925,0.9500254597482536,1.0661347143998936,0.5563562736307445,0.4754764803182426,0.28270257668643395,1.3166298152447018,1
1.2449265098794216,1.198056783521356,1.3459966058064206,0.32740036387509613,0.9374966834878959,-0.47669301002407827,1.0427490996110294,1
1.0751067378804398,0.558960468543119,0.7503489388102796,0.2671384123251107,0.3560179969253857,0.8898619309285308,0.4989723682921171,0
0.9663161779165785,0.5254814337080952,0.8099307047626644,0.21723321168060472,0.5006234923189885,0.7677159137576045,0.6357946028048808,0
0.3883908106243573,0.9019124245770377,1.1375236513951186,0.7833342097513023,0.790969252467985,-0.13948150620676802,1.107802035794212,1
0.7307398833496829,0.605230432144431,0.6158665266729695,0.5460251931176339,0.9718231956834064,0.28161723618199863,0.7845256638132176,1
1.288747149047142,1.1662446226988592,0.8418065566661548,-0.20639701271143573,0.665852935604094,0.5375082056721996,0.5884786585245982,0
0.5956799828886107,0.41227789785507507,0.834752533136734,0.5314475636979066,1.1135941990165774,0.39218761790542334,0.6155996521210853,1
0.8888437443665045,0.6798950351953672,0.8953457383119046,-0.07421200776089967,0.8108996761050721,0.2547840286625215,0.2890032103902729,0
0.8594250424424017,0.9119105017440297,0.8352427843694546,-0.09884534479264617,0.7173063224975074,0.1318122690753582,0.06196928941066471,0
0.7573255105349361,1.226718416411606,0.9854219445906995,0.29429926454283356,0.40200926568334483,0.6992134939825675,0.3647452600908998,0
1.0711929192112488,1.1922784929333425,0.6892868597202026,0.9720877486211577,1.5266783592305027,0.763355035364131,0.17031876695744896,1
0.20058910034160926,1.1444340347200421,1.4370899475107408,-0.06807639538504817,1.3056704025055292,1.1657050909801543,1.5478427146302307,1
0.8794530786998113,0.5146948468175306,0.7898026872601664,0.34880704236400245,1.1679947160646116,0.23313148375084244,0.9710319429918952,1
0.9464680568326251,0.7989141554905318,0.7962886810298534,-0.09837846168586326,0.6490833200938035,0.34086190581608133,0.5341960641208034,0
0.7544060505955494,0.4795334384606439,0.2667223743929323,0.6141630477941039,0.6996175643382145,0.2635028145501597,0.5316148028542187,1
0.48134664197013216,-0.008400397430875173,0.541153797226318,1.1110481793025646,1.6103834803938937,0.43274882858017,0.6149417645428861,1
0.9988942999567535,0.8861216124782838,0.5884203300319966,0.22047552918697805,0.7203031968794162,0.34653373237971874,1.188644278748975,1
0.6221992335467377,0.9486486288731041,0.611238512191898,-0.14494016557057726,0.613943644581166,0.44805440158960996,0.23528836738041614,0
1.048705343168458,0.7297541076852676,0.7715831766389424,0.09266626113108965,0.4272081657558966,0.31058583557374886,0.34563913227453547,0
1.276330742504102,0.15710395532057164,0.8821049896694831,0.9432918835737498,1.2509916150243132,-0.3815005244864257,0.399111388222566,1
0.0559061780083284,-0.1667118471779146,0.2539146894285821,0.7377301654800897,0.6498389068374986,0.7119421753913369,0.6163426747218743,1
1.0584436999405582,1.0768004192756007,0.8090900548972632,0.5380406774074671,1.016412621668794,0.8386888763004198,0.4700514596094288,0
0.07323075830432271,0.24575525944193452,0.6061409678154972,0.5685490177987129,0.7216158447027788,0.7230979445633803,0.413173547435798,1
0.5854785720681095,0.47712693578613374,1.0947282870818638,-0.07069429907869323,0.5475544810790487,0.5968794948587602,-0.07660469212660459,0
0.6295233509803668,0.7426663630826387,0.7007073995758705,0.47900224174727307,0.9814463727955424,0.5159548278396497,0.8989411484951367,1
1.4317147774999037,0.9737582700684762,0.5397758498455272,0.2072987260128635,0.7385642211406087,0.2513573817379571,0.7892324019467902,0
0.7559449479546735,0.5121644830102323,0.8386707968464069,0.6036308118870811,0.8587554874438165,0.3816742407762947,0.5864352923471428,1
0.5710997581289949,0.9605822030513655,0.8516491575636249,0.4637603301714208,0.550370332930155,0.030335465781622606,0.9567355346505408,1
0.8497598338398532,0.7158529217023861,0.7246322185530022,0.18047446561278987,0.38018016078513156,0.7323381941276358,0.7693626400916805,0
0.7888075407408879,0.5835178547275677,0.6525577647262693,0.632264013699746,0.9884361062440039,0.361633678822378,0.7558361972159803,1
0.9433071378074328,0.9196950320931789,0.8750210784359127,0.03659761600097294,0.5381923516747179,0.3838504853209038,0.5461730759104603,0
-0.10174156001753185,0.9309678318701894,0.9774608002256073,0.35773648060019264,0.008548885478606494,0.8961186113059864,0.37202583702252195,0
-0.10015588670944336,0.7833498635970801,0.7057110829475498,-0.12864563081828084,0.7720492254038349,0.7430386863676575,0.24428497292988163,1
-0.10305795893472029,0.6950603081116281,0.6372961836709139,0.4490846141522814,0.050601295603451724,0.8243206920103223,0.19829376672910076,0
0.7109702432861551,1.340548616771055,0.4858148321966029,0.02352933996298389,1.0528892262853176,0.16446316869728572,0.42833989665228733,0
1.5385334306580365,1.5359226212379928,1.6073405843152984,0.35992755086593403,-0.23424250072334307,-0.008986929625941498,0.503755163900919,0
0.048999544055676615,0.7833940808056629,0.6808632920218527,0.3122161718509949,0.12960597370538463,0.994003931508387,0.34308815281318716,0
0.8320307160813204,1.0974535860774446,1.025343886510829,0.18489806191315955,0.5506080395173086,0.38273352317855286,0.7433405218706899,0
0.9596973427343666,0.5698882551660672,0.8287007921085398,0.16488305285503496,0.47171050234291273,0.7803148636931941,0.683656115536141,0
0.6803855197811112,-0.19116084775219466,0.2926843569989232,0.07058727683291993,1.1072337114332482,0.6334096002419732,-0.2058036197271499,1
-0.27539458426443014,0.5777203622048341,0.667114937204153,0.9316019974948495,0.47548257001369376,0.5558625478740828,0.051417451569125305,1
0.9497702238111346,0.588948294692927,0.7660626664774676,0.19018083788607384,0.5180928636867008,0.7508133847616328,0.6939521694630258,0
0.40282969280677544,0.2695836226944081,0.10749123142113627,0.4920887518819106,0.10464427486109894,0.9845225134691997,0.062665852577106,1
