0,1,2,3,4,5,6,target
-0.040582090100816266,0.873110776891623,0.7680500141570219,0.29616599789787784,0.0939430537089044,0.9617092272942422,0.2853287206840146,0
0.6755674192545587,0.39811700291546037,0.9105051572634615,0.8751085328078578,1.269676551470376,0.663504446137409,0.8807395536374258,1
1.0186575927704264,0.6039143298163293,0.785192494479055,0.14021019345110383,0.498080764133181,0.8295725021805471,0.7030512451869902,0
0.1447045356481222,0.6967286362548837,0.6635712935936394,0.5173444379052607,0.13104610032542843,0.8877557050834647,0.5099152128515636,0
0.6064111883681645,-0.3152594700642122,-0.9472241690191991,0.04037417214964378,0.9105178275101491,1.5372905666938688,0.3502841241058709,1
0.37655380772824076,0.29303459549147653,0.22990151666065414,0.23585225625834155,0.19976184409960723,0.8266561373525947,0.1126913335881332,1
0.9980611117203652,0.6069446604541785,0.7423541941667,0.12828262379776473,0.40535304745761236,0.9273364700782305,0.7266508732684438,0
0.7888107211129246,0.19905132037144307,-0.0006893025882161036,0.7390732970378366,0.06059490596913701,0.9531959231426262,0.13200766957983295,1
0.9475488957232358,0.5800736314925946,0.8530477960077095,0.16414164439851406,0.4803756528926688,0.8336283026462488,0.6053503973489152,0
0.09919835036757435,0.20391934063174816,0.18436730457837266,0.2827185587149258,0.3060985074382493,0.7760455712837472,0.16816919289022553,1
1.4402848449797911,0.9839896571381309,0.5783534085827295,-0.2865701671149943,0.24529649227985606,0.8353424075547484,0.5023559511149568,0
-0.3773579091628051,0.45749418799593045,0.5796881361228795,0.7741420397834545,0.7600987236111703,0.7642568669381884,0.4489484520271901,1
0.7697349123670602,0.7853054287549588,1.2103555743700465,1.2236456476573356,0.6780645799660241,-0.25582497527903103,1.0506434911817628,1
-0.0891113836844751,0.42227813166890515,0.42936088129579875,0.3946167055709864,0.7170252194142785,0.5743593887513982,0.34004070095272443,1
0.8928477020655867,1.1861106573614495,0.7455686378317694,0.21357558582905367,0.8227319129440334,0.5863439456708746,0.5064703337691709,0
0.16363777534698587,0.32452535271009253,0.38854901419799776,0.6349504371183903,0.7682373241148978,0.7386787249749942,0.2725512057179542,1
-0.006934317601821503,0.8669259865453689,0.7536012516393161,0.44294024916337216,0.22613850024845977,1.0162190464868686,0.2485596939768543,0
0.007991321744731297,0.8055592759321816,0.6983672378065832,0.3388397988678645,0.1564273438701439,0.9558315795852919,0.337588340852999,0
0.9739762220688877,-0.23051978388672123,0.6811040144645392,0.42792097799172657,-0.6044866684380216,1.144913368501863,1.108861148994162,0
0.5375651146448118,-0.39535251993446197,0.4866782500836436,0.1357024805388411,-0.07394142285944022,0.4123462854589057,0.5656885688868954,1
0.19878290132302995,0.11147317844941075,0.3550430668893677,0.8043828324590256,0.8066475392162166,0.5078797281619677,0.698394082514131,1
0.8843500850017599,1.083290801496167,-0.14553215262247718,1.0737972696551124,-0.2699847377700634,0.9752870391169832,-0.2771478575469655,1
0.26104254025239126,0.19087806579885858,0.18295646231118112,0.7542520936354553,0.4531727915094869,0.6346925059653059,0.31561471755767345,1
0.11067318708286215,0.22157638352993853,0.5989292123522048,0.527980322162109,0.7219453291720239,0.7141193040137147,0.4055095869226512,1
0.9967247664724408,1.053116913396023,0.9390012307252931,0.18781572274932523,0.6781705686474173,0.3366043851771018,0.671387090847462,0
-0.43837670500164605,-0.43014074660109936,-0.06207696066311419,1.07174119396858,0.8810727992753213,0.32411671293268457,-0.036210960675495896,1
0.13427159438964464,0.14598419078271535,0.5021472969713789,0.5476757561443887,0.827942704572367,0.7373605854772914,0.5902218033540683,1
0.4864559372301088,0.12792315880427027,-0.3618188342899542,0.16477058562954727,0.39719519399181397,0.8352947842663575,-0.442609388178108,1
0.48314454706016874,1.12510714470997,0.11042603565372261,0.6859622115012813,-0.008355635393721195,1.1216183094269736,0.8497701879836173,1
0.8621103293404356,0.3497093498658106,0.37690694678415393,0.9277964145239836,1.3632230884291818,0.47025592307545216,0.6490923796020353,1
0.14476316407693368,0.19293422665416696,0.6146979708174223,0.5749722161328417,0.7677376366137475,0.7557270752229763,0.43230242295791793,1
0.05308674907243088,0.012064696710803124,-0.1602099470396824,0.7340333640136762,0.5254412858672036,0.7985445956542242,0.6064776952837939,1
0.13164491343010848,0.9487245616476395,0.7069858408279772,0.4573854959780216,0.108729706936399,1.0201600858080166,0.296722487270488,0
0.1797872372080635,0.21580670163792895,0.5103038865479406,0.695121428260812,-0.6123640862471796,1.2792557546989514,0.4114538217661067,1
0.33421886275441165,0.286529846944113,0.020730757804088857,0.4732325698516427,0.12814200324066707,0.9413720549986816,0.062302317451088135,1
0.47586039502868926,0.31379372390758775,-0.07087534856739833,0.5835790641767571,0.2633449099458214,0.8075026727756816,0.17532739689069948,1
0.3913209707395659,0.36298928206164005,0.07186513009866807,0.4619443857942908,0.07573456085463875,0.9379868883803861,0.1848652202195008,1
0.018567106334190297,0.7960965797265244,0.7056901825964899,0.3476987765039241,0.1416886727442082,0.9675028605998209,0.3261849095402449,0
0.2268470056418558,0.42026027537290683,-0.12023191150050583,0.5607493418984495,0.2096753780025253,0.9449835861961317,0.10236604849083025,1
0.05322454644873109,1.0333991608805704,-0.589440677097609,0.7709634162126056,-0.05376866261347388,0.8957840839064966,-0.7826222469045355,1
-0.06008749428755522,0.3835623088288974,0.7010554008079128,0.8552366979118087,0.45761774913406883,0.970433647707035,0.6810452555858124,1
0.47124010029207486,0.14535575480162113,0.10345238553228397,0.4420274695120002,0.7915417543056744,0.6941274886217201,0.0950369130343397,1
-0.02993726551645861,0.7804884876692512,0.6695410502758427,0.3599650683333698,0.14703458254248528,0.9299691416613329,0.3181986844457907,0
0.3662779877669852,0.2445017062651138,0.043891368885840956,0.45177796313339513,0.10897392175667603,0.9223383811040182,0.10479912579850317,1
0.14018326998135305,0.09529057587098363,0.6164647143067175,0.6826827021208746,0.6981163841215863,0.7914811653882571,0.5841794841104231,1
-0.06984127492498865,0.7629080637833434,0.6614043289834697,0.39427350221002005,0.14588185140370624,0.9359180351502041,0.29629443896339736,0
0.31002582174850934,0.2990238013270684,0.0382712406037291,0.4998285031346687,0.10134311359140687,0.8633186752412637,0.06838300255798171,1
0.04088974608301149,0.7945057445274443,0.7177055246747236,0.32571085643238873,0.18282853488321849,0.9189186844537799,0.3812708851625593,0
0.32214464500220286,0.24938180559333933,0.0743631521868158,0.44115968729763305,0.10351642799202027,0.9123902842797997,0.04243144285748057,1
0.2098972565702768,-0.16194821417838295,0.4008749665618277,0.6618184573241946,0.09487758247766978,0.899541473436136,-0.3755824940394934,1
-0.2643941236776311,0.8663612330195531,0.552578323625478,0.27935969783754266,0.21479810264163635,1.0550818381778462,0.5471470440672721,0
0.7711582986651309,0.18549752692152935,0.6114211310836878,0.23487521601910133,0.8562434641495398,0.33450354539127614,0.6668483907024227,0
0.5484312823363766,0.1026645979050489,0.9249789599420026,-0.013571766214295122,0.8049023329189922,0.24374231799473112,0.720826651400787,1
0.1412400374961872,0.30487563123084754,0.5106833969741446,0.7210255172676883,0.8931474023056101,0.7714298442318984,0.5997180442432155,1
0.32622464929098366,0.2478054042354751,0.0550170779870154,0.4563022245070047,0.11847767736709484,0.8970682909886039,0.11113342734228035,1
0.01568654587997864,0.35551674554754165,0.44047195152150065,0.37655107128103416,0.5539700909576326,0.539528887262941,0.39220951883033356,1
-0.06549208288102629,0.3893741422209708,0.5353630537228531,0.3293328683507569,0.7573297643454908,0.4828471419163026,0.30754554867145106,1
0.27052002105511025,0.15221874130827434,-0.02549107872827859,0.5203850426563346,0.12353943585327316,0.8460817736742293,-0.0008807556021445534,1
0.2581256654562183,-0.02932243678296148,0.9974669776210618,0.5065740902139418,-0.3494015865033052,0.057548062843521874,-0.6496418688301155,1
-0.35113935069801216,0.8669808958319035,0.8607912447451164,0.053856002124373914,-0.044558596740364,1.3232912118348261,0.5457239063834052,1
0.328439944829106,1.18722185517667,0.39430861918709414,0.36811874890187013,-0.25254872803049355,1.0971606512561738,0.2551732922781945,0
0.0665962069169328,0.05194394863801127,-0.0381020225327528,0.09960288162859315,0.057376869092555474,1.2562281700831353,0.342817646661633,1
-0.24781045314209343,0.4131313275068942,0.33193506540750906,0.16940591535484428,0.17251235779675012,0.2773641163252961,0.016146529087088357,1
-0.1300818970771206,0.3060771108388054,-0.2543964912342854,0.6873970906670803,-0.38951745678504834,0.7892220445328305,0.3247943925037837,1
0.09166845100638789,0.2491418286275528,0.548208204447399,0.6081191398060167,0.6865620487087692,0.7361759973963923,0.3724973648082102,1
0.340973466446463,0.5685853013467845,0.8055729146427143,0.85221833695144,1.0498232771719616,0.4172790728398328,0.3965551493839252,1
0.3331877690669142,0.2537397380817719,0.04739145316822724,0.4477347630376181,0.12496105113895797,0.9252573437612978,0.08708798801121548,1
0.7142547050907446,0.16776171575016666,0.21385000917161037,0.5796068461690322,0.5426015996101201,0.3279292882003147,0.855027543790211,0
-0.24146362223673434,0.2879195514694871,0.799339315260983,-0.08027632914044391,-0.5051959647866585,0.553964155673117,0.41856975285457637,1
0.43164731300669995,0.13059718657217556,0.2477005910917654,0.2624880930224662,-0.06026972215512738,1.211593677787906,-0.23873449930885304,1
-0.06701019757723035,0.6508631439803865,0.8059622725117539,0.4969321632527089,0.15080066303291983,1.0634086857172511,0.36579409346137054,0
0.0334969410638843,0.24256914677775177,0.5362105714404015,0.5269762031773301,0.6996017994687794,0.64185419425942,0.4643879742874761,1
0.3893900633631444,0.2323451256570094,0.10503547988422869,0.4250120506979104,0.06420426677315727,0.9560691629333002,0.12575048098398414,1
0.2819436019788359,0.37924646867963757,0.4224220142381374,0.7714807501383065,0.8411283929547522,0.9404928675874134,0.6668239755231787,1
-0.27539778117769437,0.2763254284457214,0.28255034203865637,0.22388858228583985,0.5456958877413501,0.6527451620707075,0.919902036793218,1
-0.00616610031598171,0.7563120294918622,0.7684990871684902,0.27176878836110274,0.09614855496918895,0.8862521838317677,0.3478474340622143,0
0.08406106607290759,0.20249878125102827,0.5754629638141476,0.5720227588433922,0.6988356185788585,0.6774556909565917,0.3885948248854612,1
0.30955854043089653,0.3399141506171772,-0.054177426079995136,0.4730503481039599,0.11636178404549756,0.9995425003717725,0.10325072256098383,1
0.24123786910965708,0.3983352913440911,0.527953574589741,0.399606581101235,0.749653482568734,0.5232060947298229,0.43511904541513646,1
0.1362508059275036,0.18770179088738712,0.6611342044903794,0.6008994293811669,0.7009839444491947,0.5973860449750925,0.5018172649393503,1
0.08309271511808462,0.5085191276121699,0.32747976508674953,0.7496797302968974,0.657442954085108,0.763316187924086,0.42181332077487116,1
-0.006376527345609614,0.8104812810568917,0.6942064590890868,0.35166274864370406,0.15932601462228527,0.9535145417590803,0.35616081090933177,0
0.11359910577907903,0.18986532450845933,0.6267022419934504,0.5180738251401812,0.6947693227458612,0.7141461517201616,0.3692701864410046,1
-0.33821411585908107,0.03554304498313898,0.6978232930570594,0.20796845350462329,0.6561543541502366,0.4324048150456101,0.5546022884394293,1
0.5865055101779926,-0.17577400386460412,-0.05553888632539239,0.23054882047121342,-0.21330265932111742,0.4391194904877914,0.39138340510774594,1
0.09366848878032742,0.23257284916844131,0.6020561910869437,0.5612679942435939,0.7159424252830123,0.701407334488182,0.41961038284566105,1
1.2521156827615836,0.6956243879799403,0.5434824210829711,1.3683423973532274,-0.1380284401220509,0.7490011830859101,0.3407185447394372,1
0.03736912966491912,0.011600804193014735,-0.4006763046423799,0.15393280552684818,0.5295524391793758,0.9107696583026665,0.3518950110999467,1
-0.2632581328566667,0.5534364938114241,0.6683923681132989,0.2671008946271897,0.576835675876687,0.8131230542963299,0.16958688759845778,1
0.30904689453744105,0.301008087586074,0.015323947929548457,0.4350762897922878,0.07169620165304434,0.9202776302569917,0.011720338173308933,1
0.10633100415366267,0.7672147924510213,0.7554561330402678,0.17655818215040714,0.20734495902589875,0.8619383390016343,0.2261648235030943,0
0.019977771007885378,0.4539910806380749,0.7052521552891999,0.6116050818380345,0.540811781686386,0.6945422534627667,0.7003855679367668,1
0.05108766707116681,0.5053160159048758,0.5717411987409845,0.20783944314328742,0.15439330607961207,1.037681511705447,0.3963421972896581,0
0.38354126725453364,0.5389933950202286,0.2214944656609619,0.7441045291807125,0.4122887507112972,1.0120291206749399,0.15671371387148914,1
0.0864227001512905,0.20384053960955134,0.5691373058704479,0.5600903829117803,0.7522756142682123,0.6409143681821986,0.3526273495613861,1
0.2750903320523578,0.2933736533337223,0.539853820457904,0.7787812484478518,0.7982988644593159,0.8510643299810985,0.5769856709874792,1
0.3265258790622504,0.32863499542135943,-0.025226354324162523,0.5295663523090373,0.14414255399677345,0.908108394224922,0.13159034979053688,1
0.008057932149682999,0.8179706704348771,0.6872104781558237,0.35386708185522353,0.163172712044719,0.9730675834108441,0.3552321533380425,0
-0.019848296744795373,0.7228641123080046,0.6919283375103381,0.3034796018270532,0.10926497762733633,0.9642966794572274,0.3077810262548357,0
0.06776348422353096,0.2042808653877315,0.6178507804975696,0.5516595721968904,0.7109033393559617,0.7164528008150806,0.41722019061628424,1
-0.1330828585355304,0.09807990024315605,0.8431680781640818,0.6959211611655681,0.6320118913474531,0.9489154484445325,0.33421214119924136,1
0.26092982776580265,0.4488518643286808,0.02103280541915044,0.633343858981262,-0.04499837933676215,0.8729099394738309,0.006123180600559414,1
0.22115858976922192,0.6966929286570612,1.2173523784996112,1.085466056433074,1.3201014346909645,0.9822973708357565,0.5176708547276591,1
0.2762692224207193,0.14831670059066,0.11893732431596087,0.5388631187994385,0.16403443649533866,1.041391007054328,0.2926938419475695,1
0.1021473746125816,-0.3292567993069073,1.1524374811435592,-0.40694057098604386,0.7375649654123361,1.172906757370366,0.34062882428263674,1
-0.09096974852687606,0.46098988957794085,0.3994208429724174,0.4101645185284452,0.5337135606295431,0.5277671755626742,0.48139162240850875,1
0.04996515007951031,0.6775289276412324,0.7676609137665975,0.31810680708642525,0.3116987808794386,1.116887274582514,0.19729537608734507,0
0.10649156213634858,0.1831338430001248,0.5793328903772831,0.5963831410669079,0.7116376097025984,0.703050769095644,0.4088586622798936,1
0.46046534294017144,0.32616972534099653,0.2759611301566711,0.7652814356043434,-0.2646023433063128,1.2654522511629422,0.05786113560870794,1
0.11042931888628518,0.1879172583116666,0.5705609267148225,0.5244721052026344,0.71596929865342,0.6888979222396967,0.4289784633625372,1
-0.30634850035233346,0.23186985410515853,0.9871644799226316,0.29788375757997804,1.0546305605871802,0.8857117704031505,0.45887074477623047,1
0.05922781687036707,0.19176073342640038,0.6225092164761421,0.664688702820961,0.8421259858346628,0.3955794312144903,0.24076094823380176,1
0.21908706985199175,0.05948539202505271,0.7125885389658959,0.4385534601656845,0.8017957695198447,0.8255131285980509,0.5927787250361499,1
-0.1794859458148722,0.7168996914664172,0.6712512265453152,0.4132618018086001,0.35150369981975305,1.114705368403131,0.15383885902816152,0
0.1946570801176017,0.24378767821040814,0.6563489247257285,0.3789039174658533,1.211895297705762,0.45169360152745286,0.25142753333813306,1
0.22132171051934552,0.4555526919288506,0.5174022199945425,0.8523345056952248,0.872230541733732,0.5143683862574251,0.205837639427412,1
0.6599967464898852,0.5193890652375883,0.5776704102220799,0.0796769584933868,-0.2308792108933002,0.409449136746435,-0.4875510380201007,1
0.014780322323740278,0.7406610307863158,0.6107505512917327,0.24007532583368332,0.09502245322474237,0.8847422889917576,0.36211484296678303,0
0.0543792209963259,1.0643674073261211,0.5479377831051877,0.17875073496842842,0.3695411320796936,1.0723562065423695,0.22567230172087996,0
0.09529833230444737,0.18098289902122233,-0.04123415764511397,0.493314167222092,0.36171953687587943,0.6606500305320006,-0.012940577423719998,1
0.012389115719284832,0.19744253453422012,0.6088544197917327,0.5730520614049343,0.8404507887770378,0.6612541551462805,0.4864800317133505,1
0.12489679509555839,0.23236271192585006,0.5943592738924871,0.550515322783145,0.7003558396828095,0.7099080212879625,0.43526397005572126,1
0.07624936881855487,0.23780903434230688,0.5843330252237902,0.5614697429771646,0.7146938617182196,0.7260059134480048,0.4101371251364744,1
0.04962752321246702,0.2758542510907192,0.5315992655603985,0.49119726984375883,0.7733094806016454,0.7093374503478667,0.3032722098288612,1
0.07677449142016289,0.2485765306967923,0.5045079625982768,0.6903195377284749,0.6592609456199194,0.8190833775756128,0.5603220246605611,1
0.725116494098218,-0.27687498879619143,-0.601008433889532,0.0461878930998636,0.22794217511964354,0.2755711996158896,0.7009120279113354,1
0.3186243041376523,0.33342934424014614,-0.027551490334076084,0.5195810853591333,0.1411856137128894,0.9991588621676115,0.14311880887577325,1
0.25601241742407277,0.3238997609432385,0.1566988254963001,0.5388825767720834,0.06503459427013528,0.9179870626250388,0.08034956537151333,1
0.34826850034053847,0.26985215859586636,0.04309414402257063,0.4834944694559997,0.12311473388256795,0.924733217861557,0.09747717345296732,1
0.28542944183217533,0.3059364703003069,0.5034577052135218,0.35438391982841894,0.7249426344747928,0.5797956162129345,0.1263452768397323,1
-0.16088544811597094,0.4453856987549355,-0.7528537681470021,0.9588530569758613,0.5907478753621189,0.9826170017152123,-0.2630745692509723,1
0.41049475416985376,-0.07634334808741855,0.9501580750831685,0.3876020011595832,0.7381841184853101,0.3719749740213984,0.16230339699991397,1
0.28190361273119524,0.13956124360876698,0.17111562138137906,0.4707723261184929,0.20281698509954732,0.932224074660323,-0.03146047521136136,1
0.19047568260583886,0.06290070635968711,0.48679577068121027,0.6368919789907689,0.7355721197224715,0.5305326543916207,0.4175451296981186,1
0.15209603513819564,-0.1271487468275075,0.6190894337420945,0.2344827406754112,0.3289280082119712,0.9156546547912581,0.42374450958607757,1
0.22423301353839156,-0.267231348468701,0.7811637354885377,0.8538934110246441,0.7415547441481282,0.19162042225478026,0.27001788053135733,1
0.1767799848462147,0.18913387545064556,0.5482310786836833,0.5588604133038323,0.773545426965979,0.753370250781431,0.4502179953361639,1
0.34109088256762465,-0.38534946010224036,0.6479916210343613,0.5257697956756636,1.0170888516474925,1.0453142329080967,1.2454413365494805,0
0.006111414684768834,0.8040213982097085,0.6950172387929712,0.33570743752845894,0.15349815417254503,0.9572428500183564,0.34085854271428295,0
-0.12431213730401333,0.5584423039810682,0.7636027611763235,0.297596153588841,0.6010998778877379,0.6458559039460374,0.510448529946777,1
0.3614279438492116,0.1835100485283735,0.04322783331491792,0.4059790642596886,0.10816952285133014,0.8782622876452849,0.02771051019862463,1
0.1611627589451879,0.08113589438849841,0.33242211177189157,0.4446324600139949,0.892608364902262,0.7153711253709232,0.4073217124300044,1
-0.0676530838204335,0.10448778826006,0.4484198791473576,0.5138121421537005,0.8905956424457272,0.6643745101429206,0.5730260106753553,1
0.08129686489281718,0.17204827195264566,-0.23556136544031891,0.27350546391143954,0.38152926731870146,1.2256582764778803,-0.2025248496358566,1
0.9987700325846569,0.2981174488589478,-0.18711430897371994,0.581280287792454,0.3898864285086794,0.37554171425066996,0.48707497163798386,1
0.7458502392867657,-0.3013869856007089,-0.092616835490265,-0.1204197753724266,0.38993863965436415,0.7194522462834632,0.9635773205582151,0
0.0783142564714319,0.23017448077684433,0.5444575126813098,0.5698495545609993,0.6639361491486715,0.7084317591045627,0.3668087806439417,1
0.18320635373563693,-0.3227987790017822,-0.44179811496944743,-0.006716019921161331,0.035957003859588554,0.8393754529478561,0.38155043418591117,1
0.7186175323435664,0.11824642441281702,-0.12541734506989968,0.15874599290617114,-0.20616233354561764,1.0021092763703072,0.14448252560386166,1
0.2761006102375299,0.008462383716388105,0.45858491190581024,0.36553307846559163,0.8207565915947618,0.5450410363844991,0.7063239061491546,1
0.09615706603044841,0.23016014826674813,0.6043090220388337,0.5620921900627588,0.7185019448559106,0.7008496608858577,0.42153183140908573,1
0.10089438465672845,0.964399198417764,0.4019142439266324,0.4711539262676829,-0.24737995328409296,0.376471708260423,0.6112018978348496,0
0.223116678606852,0.17205940173022846,0.6698522944093181,0.5104195771009027,0.7772786620972679,0.6007399312443714,0.33396713463646754,1
0.15666188481872637,0.28509187900430016,0.5872273693441925,0.6210008056405096,0.7727825722244214,0.6546356918681225,0.4350283750369861,1
-0.12299851207899024,0.30058506550878106,0.3801678165113015,0.42928926183319815,0.434247414820445,0.5187070973249607,0.634914963189551,1
0.08758425450922587,0.2377300303705511,0.6081693417595174,0.5645122715590504,0.715827326883436,0.7037929120201418,0.4208190665387784,1
-0.5526535953800698,0.46996729424481765,0.4813085758581184,0.7993313539200472,0.2785160279215906,0.5679800386004432,0.42236566053577324,1
-0.03867493507049671,0.15786853965684727,0.7115772226449499,0.6943720312543087,0.6864978760929838,0.5675660228580943,0.3252877050319128,1
0.15253036077298704,0.2331983978164065,0.6233941352620254,0.4946813746104966,0.6495143995394907,0.7009006656817457,0.37336831191245035,1
0.4080260594540992,-0.19824035807804918,0.8397213265962205,1.0267294087254077,-0.4311218966178898,0.8922798426827814,-0.2347163995216346,1
0.4265958775943002,0.44992554170330057,0.22276785676568328,0.5571187240882124,0.4444381606030345,0.4209219477481896,0.581760516226815,1
0.6148098183873065,0.2739076319803681,0.06786670852854802,0.43192707280171583,0.08229800704388346,0.6492629661711055,0.14838829653016022,1
0.15812563018571574,0.33621447648199443,0.38529006163574886,0.44533027351074406,0.9262071571604775,0.6928759868362805,0.4961018649184794,1
0.18173276627827697,0.20952800327367424,0.6337751577534134,0.5211425718259264,0.8018278825905533,0.6973090772551187,0.43228013051921477,1
0.33604945144163806,0.3408845598172435,0.1458243587809041,0.36300241432413904,0.2745866518681591,0.89575097961952,0.13812097506594181,1
-0.16291277627932388,0.43172712896857224,0.7757242989754602,0.8301725665064177,0.7899332002249976,0.9347835943139213,0.6704013431842981,1
-0.06766534227944723,-0.5088341053091623,1.118903951396934,1.1136315383971724,0.7076607037126407,1.4182871699021478,0.2916134620056805,1
0.7730570977093307,-0.1715601097392429,0.10741056203664606,0.4639412833984645,0.06942779479278247,0.5653010814807711,0.19818709779613208,1
-0.3601068109801585,0.5555497290163349,0.45374262260159415,0.47819909051994836,0.7280188182793933,0.6821145262238866,-0.019246354564750434,1
-0.03180226708333461,0.41891371362903557,0.21126439004882597,0.6338570703364736,-0.0010453459115534192,0.9009395174907368,0.032440163879803884,1
-0.0030727038209015563,0.7686052604981154,0.6568882905858366,0.19824595192661518,0.26414397202469986,0.9541177051696992,0.30915904976621683,0
0.47357937694842944,0.9787190399326811,0.4726746867602559,-0.033106255794852824,1.4050132651783804,0.8115228672026309,1.2797502658756983,1
0.11625445421097108,0.0018382796176554805,-0.4812423411499608,1.0899356282948207,0.8275994174132776,0.1736378635009822,-0.007778542994023391,1
0.1391123023471302,0.2039740023057428,0.5450962904777767,0.5841965614905045,0.6321733715550065,0.6823683760611124,0.46441950676348387,1
0.0610855676751602,0.36256885940524763,0.7640018034862412,0.6109732545695494,0.5690267261546942,0.8234319938528549,0.43088253179409,1
-0.006037543308712711,0.8008026144603753,0.7127792455355492,0.35184913853949523,0.1578230059676016,0.9622544998418162,0.3169041062676499,0
0.0374231459846012,0.36138409176894193,0.7894616450225527,0.68422024187469,0.7290703383701909,1.0847262028729876,0.12661944250267282,1
0.14011033212429075,0.2687991279207066,0.5367035932627884,0.5688810164765022,0.6430977334566953,0.7038226742845437,0.43946425195134575,1
0.023820606883308275,0.8077731209390302,0.7089887154093576,0.32111722886539373,0.13795427646340927,1.0154986030558348,0.333882873883714,0
0.15118582043608636,0.37373846375688635,0.46327889089673463,0.7054410170110104,0.8243202279476847,0.7789198619073846,0.23402487660786322,1
0.08347158026565588,0.24973485995233907,0.5757034583485534,0.5475788676129958,0.7278282596192869,0.6793583283703929,0.42405848855520284,1
0.36946547715759526,0.13923294185364352,0.0043017306719623505,0.21540046624343878,-0.1748786100965004,0.8635175565288635,-0.06415796387816816,1
-0.12380494659424615,0.35734558698664026,0.07917488851185095,0.0948889419359773,0.9613920032006464,0.6385896129783816,-0.29237694784778934,1
0.29818526372732646,0.26126966207131996,-0.02607458252567038,0.421222853138958,0.17518458370541745,0.8690982721293744,0.0979210442475083,1
0.9202623008063144,0.3793273091616803,0.3199409063139919,0.0746044335265833,0.05156403664603226,1.5118983329433,0.5424549563837744,1
-0.04113150739471544,0.7917270476650354,0.8609298314674043,0.16980675648042526,0.3087404890423222,0.1541218511179242,0.36720849897228774,1
-0.04706658871413999,0.39677209338447866,0.5812196569453182,0.7063289841013778,0.7455169774239748,0.7772340687085257,0.543473982142657,1
0.6679628500751805,0.3005741976793051,-0.30543760714498175,0.46973719061328945,-0.160065362129319,0.9727530768012452,0.2581204705762614,1
0.15912852054474558,0.14013346113468136,0.5387352754298907,0.592330853420231,0.730437402805798,0.6342964977472177,0.40222447759474717,1
0.030869031263825786,0.7808068134567103,0.832179782576558,0.427604624308326,0.06434267905503517,0.8436712777044246,0.32003935993819543,0
0.02200217787823744,-0.00907225205355966,0.2515791548194837,0.7721286390222042,0.7544290270296754,0.7523734039907122,0.20668373321405664,1
0.23849108489684512,0.22668320821056834,0.0203417420226857,0.5459442099265043,0.2229802975073702,1.0290869801439408,0.052020561170398036,1
0.298822874845596,0.2198038045209602,0.1031142379402924,0.5060810637857814,0.1120800825964825,0.961765534771531,0.06884618354326642,1
-0.037611154789523385,0.8825715586200373,0.48163291964646027,0.44760766299175847,0.12961658275073323,1.0086953896816415,0.5398382618354546,0
0.20740010900365058,-0.18570574125409817,0.21983130173025672,-0.13651478926186988,0.14593991545559723,0.41581167409371944,0.3403745224169681,1
1.0006355903289037,-0.10738759347167603,0.7256079559969557,0.4931310644258415,-0.505362571079949,1.4122236496527543,-0.5899997861827202,1
0.5564921811373673,0.04587568895933699,0.4707733525439114,0.2350536437028835,0.6945208203787085,0.8840572374379583,1.0417081251536642,0
0.4344166869432474,0.1270765188995434,0.0830408149593283,0.39942097079269745,0.1731178316649329,1.1039116047666377,0.014304391597966454,1
0.4168363941277142,-0.17726721421982466,-0.43585107329927497,0.9257830568749223,0.691372642167707,0.6895440049150503,0.2472455240483547,1
0.2731734394738923,0.2656788783280974,0.1014138364933622,0.4904816656823746,0.13962960384749465,0.9812022473476862,0.05278613119999748,1
0.048829648304271764,-0.06095128776158548,0.8659726644493064,0.6735820706685118,0.8731445909209358,0.8236245915838991,0.6277208313829749,1
0.3004788554438853,0.4763428231201685,0.9371261946304792,0.15692105591605432,0.5610222679852099,0.5844053320209815,0.3274094929331033,1
0.1602191194557781,0.20694029745155743,0.4557124103916683,0.7176634637953281,0.7214781260113757,0.5301486463855665,0.3286651102235554,1
0.09309964631663363,0.1473985149196433,0.5860999554193839,0.5886935780457254,0.7439456607190791,0.6739991738613371,0.4574905481557742,1
0.04195575099024428,0.28344308786650885,0.5729428377034251,0.625262920755604,0.7523446304955258,0.7487640442013126,0.4933576821692465,1
0.22668170583363853,1.198532741878846,0.9043829172689211,0.2490004605903457,0.38607697240886973,0.4318707554009501,0.6976157856466687,0
0.8238502092037621,0.41610882183508613,-0.06277418646635514,0.46203096150058964,0.07050072679635175,0.4800458321598325,0.4427037312939289,1
-0.16097347795003553,0.07710008245619193,0.7778885373568979,0.4795050938114677,0.5423792236656305,0.7781599949296643,0.2500220787462027,1
0.3059113657565326,-0.2950997770602528,1.1425982102348424,0.20447201296573575,0.7708140104296328,0.3364475941359835,0.22433632990998198,1
0.33998947697418275,0.15935618331971518,0.12752826476592521,0.37777826640925105,0.03595676222422628,0.960636935646075,-0.012227328473808974,1
0.12774113700678424,0.4071989054902352,1.0776691593910896,0.3224818209063632,0.14999809955124654,0.40386832981649234,0.7453774226442439,1
0.05095955904232718,0.3793113163276493,0.5144207600420273,0.9259726258822043,0.6247632933034654,0.6856684901310616,0.7749359179672504,1
0.41103065945883155,0.23960426914755928,0.017302631476088945,0.6307854305773615,0.2921332360605442,0.8221078458411494,0.052624343113468926,1
0.4703175899013412,-0.04016963427472714,0.2180895711398933,0.31007794174299064,0.5814931157702383,0.6560072141509756,1.0396906164272814,0
0.12326787003139501,0.39669851106373655,0.4927230027664316,0.5444830018066095,0.7543658658832509,0.8208945931846683,0.5752919523568377,1
0.17489065718678443,0.18065459327698716,-0.18620417048100496,0.22348398340552864,0.07312151844983089,0.8900636020370466,0.13590453326570467,1
0.30755315880017314,0.3285208553876541,0.010760320823206493,0.5257460460540124,0.19968550731155804,0.8945800750260137,0.14186616290940152,1
0.428673290488047,0.07343358154775462,0.2564982455920394,0.329792551355539,0.5906146822033586,0.5052783371989644,-0.2624398347387111,1
0.18254104468396953,0.049571281268421113,0.924986784433713,0.2946945272930164,0.3864542294481576,0.9750226861706585,0.5489591337473613,1
0.2068092640662567,0.8345614491695735,0.5863470414141925,0.5487220492449864,0.011507763917595837,0.912716346494747,0.519111850384975,0
0.33396869668330365,0.21279022203986972,0.003369143246306744,0.45962663929266995,0.171267061239052,0.8466081715027655,0.10689137491062664,1
-0.13727206112847276,0.9401741460499955,0.890578010862805,0.21672689778243312,0.05630132368405097,1.1019316829062966,0.420813998495984,0
0.3649677568034313,0.6152234690821161,-0.2546607320389865,0.5548303349103589,0.38698576875811036,1.32651541800057,0.3597879286685688,1
-0.13316117285809387,0.24432383953865955,0.3465945942239984,0.3500046541787202,0.8464743781047547,0.49102490765751783,0.5872759632636064,1
0.09779298246762688,0.23120579948015155,0.6274688335430841,0.5546091645193071,0.7520132607049201,0.6561409033886381,0.42945606730757324,1
0.01468078425963791,0.4342525170595246,0.47133254439548156,0.343825668058977,0.9544939963447563,0.460216928546312,0.47032478446733034,1
-0.07499113055472229,0.7280261827913401,0.23981790100763115,0.040431189688609315,-0.2183963113836117,0.8015227867481218,0.3941610717986851,1
0.31559799109400644,0.2978198569328324,0.053825657446453755,0.4175551667165282,0.1279456481573436,0.9026149335607978,0.0850660722102044,1
0.27646212734568093,0.2172604945401081,0.5042858863115507,0.6564041997321033,0.623939610636118,0.5482048197446105,0.4250317475165273,1
0.308359203554163,0.4059213713236493,0.4926602021269187,0.42199513247111126,0.9328176854238717,0.6413328767302362,0.23641128080146673,1
-0.33382888345162043,-0.4214325734386687,0.789615760094483,0.0028887198502274836,-0.9016934540830633,-0.13695403412941043,0.4716237474954477,1
0.2539171128894575,0.37720949048211216,0.0022795879283928136,0.39016881207555837,0.05317210563770651,0.9642393575977001,0.15152524957344154,1
0.02726116171171825,0.8546422220962576,0.6799763455894217,0.3791081494632019,0.2043040367365948,0.9016467922945827,0.38932912636937467,0
0.07486123591097639,1.0098854177599945,0.39273155242290225,0.6137136446386122,0.43185735657202523,1.0695308868185232,0.2814415427426178,0
0.015168640335922391,0.6728180815598503,0.8060275320861522,0.3490394736872184,0.20421792240517356,0.8250153086385685,0.33814617527016827,0
0.26587790700582,1.2468128187770382,0.851041454819133,-0.07698409900842851,-0.1561252208293495,0.6212117916662885,-0.06890278100729402,0
0.17591878962496665,0.1532724623017766,0.5056479520232537,0.7222170841138105,0.5784114412081629,0.8230106391984824,0.2732265061574398,1
-0.01548784234797546,0.8309931976252452,0.7395857353801432,0.19677454494434124,0.2968511927613169,0.8432028516880204,0.24230401764557868,0
0.0029164076898551237,0.8656826809949727,0.7405141421836714,0.3211506008371936,0.13038925649475194,0.9576595547009895,0.3070044938322027,0
-0.011410714610364817,0.4231321954520909,0.2929245885150212,0.29565813386020157,0.5975816955902994,0.5490735863745693,0.07598514841640946,1
0.024441176042897868,0.8019427168013918,0.6800173690822312,0.372440883539382,0.1694903740995456,0.9686427526396101,0.3098540887153576,0
0.07387778113248014,0.17132467878178195,0.6340307166083612,0.6292124813210839,0.679539861245846,0.6420974304563054,0.4115372449259286,1
0.37209279301624626,0.5213990781947869,0.3889774629335231,0.3303926971330685,0.6642350786803909,0.6676669745910492,0.408173184651079,1
0.07480730501777366,0.08039112737357601,-0.18307943772200264,0.7723814985264228,0.12054247165733617,1.0563350570353562,-0.04680314277704012,1
-0.3793904375626187,-0.2293247444227398,0.3558026949504216,0.7124394741313879,0.29138693254324355,0.2568953487367779,0.3559819240556693,1
0.2855737586628515,-0.04570752597779559,0.01804987655389756,0.26161675282491154,0.5403982359613344,0.6746962011115132,0.4777671640291382,1
0.10611223159968022,-0.010747877420128948,0.4907144401645229,0.6291667956090647,0.8181927903608136,0.50157897798174,0.29317286193680925,1
0.19164750362926017,0.3244459028138815,0.7323364919985829,0.5009742538880289,0.6214825791024057,0.6818098860453485,0.5496254866618258,1
0.14608436066429756,0.3986553025483698,0.761415997619393,0.7068300545957571,0.6001159465311419,0.8107454657988791,0.3224255601242876,1
0.3348965397945169,-0.1972999430843364,0.7075275965584179,0.39793235274587746,0.6909118741201552,0.4584612391711086,0.1517485491527169,1
0.060439332568955124,0.14734571780167535,0.6032337843970788,0.5422490756992548,0.6442783925373061,0.6154846456551543,0.42702848478791905,1
0.022586267036796767,0.8217193942109116,0.676755264373297,0.3521531830210397,0.1535937216886146,0.9702181576329425,0.3546155002855659,0
0.38135377462285647,0.09250235520325031,0.8842567538596744,0.6695424690778309,0.9934384707260948,0.6760335859088963,0.09070832083966579,1
0.5048503763619148,0.5952765886727192,1.038548786508973,0.8116090792558212,0.7237295818263545,0.5399218729148114,0.7166189753838639,1
0.22736161153232845,-0.04621088142205687,0.2744795103501488,0.7466711255585379,0.739871058271386,0.7700369421862908,0.27938389704508226,1
0.07532843955237081,0.2847970953201268,0.46998047716552976,0.48145675503558705,0.609194520344115,0.7881770824592028,0.4538222811382481,1
0.022949009754207383,0.7733764473061973,0.6464937394181667,0.2648528476040546,0.11259635217592524,0.9553444235927748,0.4147064549505949,0
0.4303335410025908,0.3454144087892882,0.1460018724468686,0.3296571311606933,0.2953190333296941,0.7802522765101013,-0.015189757535310919,1
0.25540968560588206,-0.08158622547021799,0.974762703572762,0.4921006404993754,0.8230122654462262,1.0705160401794993,0.7377773387757004,1
0.4289992826920539,0.17253644270691654,0.0654950028580607,0.6453320263520164,-0.009275915725741601,1.2439376989001372,0.16333329125318136,1
0.0038012459995171695,0.8615361779813333,0.6821245186950011,0.34065325972385824,0.19297117214931847,1.0229345966530692,0.3320365652924775,0
0.05090746569362378,0.15558457846524,0.5940784959584174,0.5912804265164507,0.6530983126670895,0.7693509070745801,0.3574273990807485,1
0.27105424188166094,0.16219350437733754,0.0883775503274561,0.39881521649059365,0.09041894078619075,0.9393081462197286,0.028701090932998385,1
0.5735269511567698,-0.12202273986200379,-0.4334149647494082,0.3176172585728394,-0.5977367203526993,1.509076885604804,1.0452254892892117,1
-0.0004647811728205166,0.9137938889272382,0.7916531917377625,0.46308753406091274,0.21396495871776702,1.0054433767505393,0.31318537547436315,0
-0.3280909544902911,0.04924693216795692,0.04840878532381965,0.8663471733385053,0.22022215013450558,1.044271028937404,0.1336003280502307,1
-0.07472229822953151,0.9265754099412777,0.575989473764478,0.4325412402012355,0.20751626380638755,1.0538853572007432,0.4810171660519957,0
0.40762570400571657,0.4458060319883783,0.8538142455581436,0.9513564535120436,0.7931428612600266,0.9357025932347879,0.4135353642088645,1
0.08182080990195717,0.8197758952352722,0.757113975282104,0.417000849537858,0.15196437622946207,1.023952830679043,0.3987440920032426,0
0.13940126119884505,0.1473104815732118,0.2078096787097232,0.12692057830654468,0.3836621386509165,0.904157221601143,-0.2281386573608265,1
0.35445758790640236,0.12840464560800077,-0.2608281841559961,0.6156352002026996,-0.05200543257870496,0.8891231911403973,0.021864248922634298,1
-0.4159595343614751,0.5192048723091982,0.3269624182704181,0.5581492830982622,0.021325062462899086,0.7895575076731544,0.08941437712983433,0
0.2779544199200027,0.7868523927699883,0.8533623022305348,0.1409223356657011,-0.03833714187486639,0.9850126286460703,0.42896044902814723,0
-0.02231167626469288,0.7757101130481324,0.7039523448517583,0.3758800084006099,0.1662600360609404,0.9856922520674648,0.30940334866886454,0
0.27536834364808455,0.9328541656329841,-0.18223661088622004,0.39957604239248873,0.9047650365524227,0.38304408446202887,0.41279674439071523,1
0.11112222335372662,0.2334007320838665,0.5731521268291907,0.5361600150280561,0.696537469249048,0.7259379583293899,0.4141742180534887,1
0.5254467468963036,0.22926687857975672,0.0899768311030075,0.3717748328333389,0.033080129909319717,0.6828425760432297,0.21809248389883992,1
0.3325192320374746,0.25308076478784547,0.07049318265697446,0.44377522063690494,0.12538318016025313,0.898620722888442,0.10231916443908232,1
0.5094252861387448,0.6383570374886443,0.4178654108128647,0.6063155125569921,0.886549099436252,0.6539901574068914,0.7674515016576497,1
0.5711983864465915,-0.48325256057701305,-0.2451649524747067,-0.3155709682353428,0.11928130707061213,0.8185011707547118,-0.5132665746861621,1
0.07190383597461827,0.20627093091148668,0.6785713860013982,0.5583209653073647,0.6984692027660181,0.7387082055042932,0.44187832962493334,1
0.052107321225084866,0.9325802704392827,0.6011527179019708,0.2964036917353535,0.27446361457938956,0.8255675101354729,0.2038912010797602,0
0.0490562040362041,0.22922184703999293,0.513926626497742,0.5889445683722634,0.7853352197208587,0.63850418964746,0.2957425020253278,1
0.24139395529102936,-0.3735345965649164,-0.5452088249517955,0.8013769609945758,0.027036985532032418,1.5850382941823058,0.4527012155045404,1
0.7520648925128619,0.5508984283952445,0.14659451506043314,0.8041525358932817,0.36619866738723084,0.8559874342494099,-0.09518399128076169,1
0.49964633484363463,-0.008991993599611794,0.1342031741829567,0.0984551667301847,0.7203446965939229,0.5941841130299895,1.0496371989074993,0
-0.04622188745193031,0.9688861945224058,0.952642030350286,0.5283061785641154,-0.08949044097721301,0.8753096550879529,0.29006491367090015,0
0.39691633260022485,0.2289469418111127,0.10360895843228896,0.5915022403964092,0.009448912042787694,1.0539772776192986,-0.03236611353483185,1
0.3409905930207356,0.2702749657973919,0.04525070570395218,0.45242153543065994,0.13209818894696235,0.9170149876371735,0.08575909821073165,1
0.3252984972827372,0.43889888812361433,0.21517375885299125,0.5701638816066029,0.24961011582630088,0.8190730354611773,0.19955825461877244,1
0.3097649054505406,0.1631547497775831,0.0926587628650404,0.49957045822873125,0.12458266841765997,0.9772167083382396,0.04181146574639038,1
-0.2402284824561357,0.3188639081928687,-0.44703230391586535,0.8463989870684189,0.035979874267597856,0.6891826926456308,0.9211003351337571,1
-0.1253856763802343,0.34642661064656677,-0.04478156301384249,0.833466123531516,-0.32567873823711785,1.3467026363687808,-0.05437256436881971,1
-0.14709907989758472,-0.10034590709468483,0.26737539841554553,0.1931917289146588,0.3971576471184436,1.0747967985393587,0.7252128861352459,1
0.4164326267807049,0.3210795368147594,0.03757322091340169,0.3922673866258109,0.061693180405982706,0.9791253643901248,0.03879404935167678,1
-0.13116106322176557,0.1284253366515709,0.36658232568793575,0.5923004803401907,1.055164592304324,0.0894980319374511,0.4157203892293269,1
0.7781895553468707,0.09284315931310347,0.08323000658577859,0.419339663919546,0.5447361937702886,0.6320017400027396,0.9241328077720694,0
0.4325750739908096,0.33073727840585476,-0.07070690192470541,0.5446861276870406,0.09148073436848844,1.0026298781814886,0.07811509308118934,1
-0.03792081622444256,0.8303599340161664,0.6540608277080221,0.3874776294392577,0.1479186469014768,1.021253195908884,0.3042994377809302,0
-0.12152197454529845,0.7138632522651602,0.6862155249433792,0.49189143905507016,1.1193457401725675,0.9352444222418617,0.20426794592086153,1
0.012691912635625219,0.238778704623225,0.5652258771981558,0.7140881465056841,0.5835601615348764,0.8497153043804697,0.40928334563556573,1
0.18274209582539097,0.38645380788243094,0.6998494885915983,0.4413266025685313,0.8459129734656667,0.7358694016259386,0.27041076088830035,1
-0.1432806605603871,0.060726233349665426,-0.014649693692347698,0.08388764519540803,0.8262438463949654,0.5525181929033091,-0.2757649062075094,1
0.6104289295027131,0.4195642928522637,0.48212169170488073,0.6957374702050263,-0.03180812132645783,-0.0366862818094108,-0.025170108867491325,1
0.058383391257385724,0.0559995612685005,0.5714369856021931,0.7749096269282084,0.923720664242557,0.6172621996087574,0.40113524577366316,1
0.0501810821228988,0.6747459517186234,0.25575044175847095,1.3398201727815686,1.4962633823022744,1.0924625475149274,-0.14669881772657778,1
0.5052910635872493,-0.049076780933530184,-0.28285393037009804,0.9264621547636045,-0.31974679822364466,0.927855057537427,-0.35991660695980227,1
0.07044609542670273,0.20868076269058042,0.5955656896179028,0.569050645031729,0.7339778216062851,0.7265331991813186,0.4424136333540718,1
0.011742272051947333,0.27177267173076086,0.6521543371724995,0.6687442069495972,0.6371771319908187,0.7779470444722276,0.495801031357331,1
0.2325947687406866,0.05898855128964184,-0.18816770002301755,0.7617143961301278,-0.043914339569123356,0.6844720393257007,-0.2156879883645606,1
0.04503247255018927,0.34300610841514495,0.6896771180534889,0.2219041918597423,0.49998232058633413,0.7616368142138343,0.21010687879052947,1
0.097101592764712,0.23248878961277963,0.600272784276154,0.5677971320489396,0.7126098982294207,0.6977349606188306,0.4259173734333166,1
-0.004891393516942011,0.16556921392202623,0.24821133080421318,0.660899794983675,0.10994530117339013,0.9886887693886768,-0.36318967878908576,1
0.025060592265330903,0.2865821073925077,0.7470611251107883,0.6968945926349106,0.5746446072780736,0.7278034209984576,0.3572994327434651,1
0.15950618107695946,0.2496448834157933,0.5782381019354452,0.5601706301609408,0.6811086329977436,0.8772997776498896,0.24101201742130263,1
0.22975121430819181,0.11804889734264198,0.6577674475159284,0.4808287414731526,0.8612652556645016,0.624793574538487,0.5388157289067813,1
0.13910793565893206,0.983245321288917,0.7987142720800233,0.40356355905451,0.3294228040670075,0.906625538791532,0.27511451343533977,0
0.10417450230204016,0.6874659089032529,-0.05080435602776889,0.6023548255873978,0.9739377366004556,0.6216488122038277,0.047730946750525916,1
0.28273476978700585,0.24007408648672346,0.6805199868252729,0.422647740432577,0.8604700912662863,0.9137603915322927,0.6583710052524969,1
0.5602482402969626,0.26731860362203586,0.23404912976016007,0.5219934879683941,0.2731246408728991,0.31583109521185565,0.48945047018562976,1
-0.07636288369386751,0.486720443110306,0.5238005628683864,0.05622742500318756,-0.28320492345621917,1.3335249837693066,0.3821725682214821,1
-0.05415923341866721,0.35175298912400677,0.7810441625496639,0.3333852787525472,0.8865018503594029,0.5474537722589443,0.19782604165132278,1
0.04380511880294122,0.3446585324567661,0.4892257050084444,0.39810441748616177,0.799347955142404,0.8239765439155041,0.29678107474602355,1
0.2111658341563508,0.11533757296681935,-0.1860176960025051,0.0008681947344348906,0.9409685072731754,1.1138798487644763,0.3315287744738485,1
0.24914310628906006,0.46408312044825784,0.8659870981814699,0.7860740655522883,0.6150177228066691,0.6214468323631385,0.5083130511564905,1
0.23361198906367406,0.26443847425140093,0.15715775554365147,0.5591840090597329,0.20960176901795155,0.964635120428075,0.12323567970586949,1
0.11482102136075467,0.13458872305951952,0.49085509583707876,0.4591833794119075,0.6541963299840482,0.7700025978666927,0.48685096284758783,1
0.04609605009930149,0.8450400889164503,0.6601583000916655,0.3582642122026973,0.15476039299555536,0.9195422248806082,0.36307810115457506,0
-0.00895746777971168,-0.14118235420876185,-0.24106481909742977,0.790971986562318,-0.5228807236402998,1.3567237949307385,0.15884096453130106,1
-0.020812588986020952,0.42215724639920116,0.36272917805226995,0.790067268485854,-0.22708646849269254,0.5700832352652792,-0.3526016737163505,1
0.03150589045459111,0.5439053856009928,0.8060889812136461,0.16020340679903622,0.43331371246035033,0.8029108183466886,0.5156917324345672,0
0.13434895765202026,0.29320107635337694,0.6200549451495978,0.6182458887003607,0.711445490632943,0.6993116695139684,0.4833579155026791,1
0.18562148674884033,0.45599026833269196,0.11531704009708466,0.6364206756439094,0.25459366633016295,0.9514417796190924,0.1502239444537979,1
0.17366798581410214,0.6510760293667317,0.3281543555578885,0.5591207768278192,-0.09992029865182628,1.058291720081363,0.22964465860174174,1
0.6883044261785568,0.04763818081328265,0.2685670793504877,0.2222217909989858,0.7563008476446825,0.7198100166467887,0.8847342499587401,0
0.32563574468811163,0.21395928889153573,0.123953157393794,0.5436929202118435,0.18029423008894035,0.8900614287878684,0.06789767202554553,1
0.10630024618101488,0.24117714828388634,0.6217587393514694,0.5413789625829498,0.698985219117862,0.7221792053838372,0.4023915232819305,1
0.36314953710780407,0.25223180873109535,-0.014355999934612354,0.5052567048188321,0.08664140631293485,0.8902003751339476,0.022874367200676766,1
-0.07198620878654648,0.8680200787635878,0.778938672801661,0.32703308618724847,0.08924151804678264,0.9791778977673713,0.4147280453692143,0
-0.017670869311449115,0.8317914023749597,0.6872237274742029,0.4290366961301066,0.059130562817535426,1.0400943653633727,0.3010210052345676,0
0.13506505060080526,0.8334099341024956,0.710895899096867,0.3920526852020375,0.18103162373409673,1.1092161024815514,0.22061323179325704,0
0.3747888126887099,0.3376762551617275,0.013439015668193447,0.4895088113134912,0.26213596451103427,0.9494186387174183,-0.08785930537893763,1
0.2838786225234056,0.23815323044980097,-0.03087974801412055,0.2419917633331179,0.04582727956535848,0.9985297782746709,0.29820209517238344,1
0.009180357511372514,0.2509330406290985,0.6524907838033147,0.4570506250532562,0.7760002164941013,0.6311876484554538,0.5055476469747444,1
0.7504870658677448,0.7090643852734806,-0.04218779312128629,0.8657256547447143,0.4927019488439223,1.2098396111126544,-0.2263131318281783,1
0.18914084015909588,0.3134033006235063,0.704680190994182,0.5625662706275399,0.6291275734775763,0.7597109181133616,0.31788710937689396,1
0.3531952244136377,0.24515063926309646,0.02261987396320155,0.4292251763819567,0.1562487143323648,0.9471673191846963,0.06303580322008104,1
0.07133394795178223,0.21719140542554097,0.582818310924326,0.5264664622629862,0.7533758401646119,0.733918284649759,0.3839015341286775,1
-0.2582651826114894,-0.0005305963959076621,0.6459896205568048,0.06345412539633866,1.2584804345517089,0.8712518825719267,0.12289066932030301,1
0.36615499826007514,0.06876515846777392,0.8308411698672491,0.6463667032701375,0.8065571940704753,0.9926451644701157,0.6696805412076008,1
0.2849054690050828,-0.41725311302762036,0.38976375949507464,1.1854780160480236,1.0371489843908248,1.0270410609350171,-0.11210668681093494,1
0.5782474894457901,0.47218851865577594,0.02282192651359474,0.22140425687762144,0.2877821228588916,0.9669538728162046,0.03338808206714092,1
-0.1501120303893776,0.9125776342675419,0.732709841351592,0.49170602006650765,0.02065537622368721,1.0974054604478007,0.2335012755479708,0
0.6195136585315726,-0.020986030163113734,0.4199914049182048,0.5175608626152975,0.7399800461447215,1.0638132818427135,0.8867433057724865,1
0.1494654166844704,0.300891436929186,0.7448446669225438,0.5129286354381379,0.7126107770739284,0.5107944278813685,0.35706426845035155,1
-0.0502612722354113,0.7399467664194425,0.6924676994568398,0.26675828692917414,0.06365978594751798,0.9401884365755471,0.24678168812991563,0
0.43749934861013634,0.48812924226574506,0.7121024761708757,0.4962604500559015,0.181221042026402,0.7056170740857858,0.1560931303594932,0
0.37007394695188056,-0.38659508975274126,0.3623300208221883,0.7335258544107853,0.1209265773684145,0.07488902455827195,0.9349502385282161,1
0.450650776721054,0.15831819320664442,0.11029117054883712,0.35308742010740085,0.15846753026605354,0.8638664812009403,0.15240708364298772,1
0.014364316378834105,0.28145541159169285,0.5132049273942612,0.2933862734119178,0.980685947503845,0.7843829238359787,0.5890000551564257,1
0.3958869820566744,0.260235251626295,0.005660094696761972,0.4422488871321795,0.14211197455371571,0.8929636891122108,0.012769466978383784,1
0.13995608437519166,0.19485273937857275,0.41002718967571505,0.474729866595508,0.48993882467203037,0.47316194370234355,0.4082608377092803,1
0.33272543536548715,0.23092293044094653,0.03362229905902317,0.44844513684202564,0.15885607352325531,0.944137142143646,0.06600555122829563,1
0.3300709299011516,0.27796786067503226,-0.021468412538787354,0.4361303397256706,0.17505510765794832,0.9966671174397201,0.1413250812534398,1
1.177429991008605,0.3790656261790527,0.7314757413855525,1.1941404015656123,1.0249705707720511,0.3366538716710177,-0.05544096997771175,1
-0.12802794900987,0.612826797013378,0.3753526316467192,0.925904647206385,0.7131212929052866,1.0210883118970995,0.2665034361924805,1
0.05208378490121839,0.1983528723136995,0.5815423447929886,0.5396911995895297,0.6977688429168913,0.7061776861366027,0.4654350495031581,1
0.01654447786922201,0.7859928184790224,0.8290835391465798,0.4440057954613209,0.3180864435902422,0.90116195746993,0.4870978162280808,0
-0.002484388901276762,0.780377534072017,0.713310837371984,0.36364579360854876,0.1523213093995242,0.973670216828389,0.3455823610157562,0
-0.16294578697401835,0.34398902789829683,0.4671291705748025,0.23761383359822952,0.4537075350083836,0.5045233070886368,0.5735400313656701,1
-0.5194037360172905,0.08041506265058562,0.7918369990126757,0.03455790749400722,0.34485554959208226,0.897945560221731,0.5930019852279289,1
0.4192773601699834,0.2568531614498716,0.11186152491713336,0.5539465013003385,0.02871957938690299,0.823014325065613,0.013131545712207704,1
0.10582967275555556,0.23686240392689176,0.607894900454679,0.5666900167786326,0.7197648970053612,0.7072428663320578,0.42364963411217427,1
-0.20434363820353552,0.19871684373611098,0.5919690243198297,0.2133874185891147,0.9737612628180599,0.9812804442076533,0.2621139367811766,1
0.23950979474242598,0.25786805128888146,0.590799260564439,0.25045099851243496,0.577565607108104,0.5418826164445352,0.6013655682123099,1
0.4709692467042994,0.074747818612042,0.40677228042264735,0.9308007204119746,0.46550041116374485,0.28730246673040305,0.5731053969018808,1
-0.02230767841794068,0.11068488024503112,0.6083072434604495,0.6848494807834922,1.013053189477854,0.9241360954745731,0.4553598357110699,1
-0.0011444695260377086,0.190231337266379,0.19319897180512074,0.17335905795187284,0.6829827157535281,0.8644850187149019,0.1667347059937705,1
0.34215146525584245,0.266964726270094,0.041822678814373355,0.45952291452929656,0.127274028912656,0.9227922386527037,0.07759052239275918,1
-0.061619272901974026,0.1389105300653053,0.6824137629738919,0.5876394793932855,0.5327906226775369,0.6559059600031993,0.5642452516382606,1
0.11285317955561784,0.1629592041557164,0.7515253582390616,0.578046302595221,0.7260617341683013,0.7446117818399178,0.3033975387257562,1
0.36424081750634446,0.30926598757668977,-0.1563294696508965,0.464468556741907,0.2416863017660268,0.8360162862989124,0.035580085079219746,1
0.0683026694170587,0.31496745126045417,0.6143658998668168,0.4618569753983445,0.7081983518941255,0.7329168203215513,0.47027132836380275,1
0.02624121053424426,0.03378315575339702,0.61393181126569,0.7186739667013093,1.0090727845274043,1.1098111884474797,0.06124027164762108,1
0.022681903680373733,0.23087580480259293,0.5878327896358528,0.5817158166977258,0.6815349208725735,0.6770649958653989,0.32450611779844085,1
0.0904301277990678,0.4824901743321991,0.27444858229980573,0.8208952936551894,0.3683999915487725,0.4820327898705281,0.4486385113478712,1
0.03356035170071042,0.19994503153964335,0.5681509336991188,0.634498034118085,0.7521574531844711,0.7971292200708271,0.5366461867660184,1
0.12377521020172862,0.132179525016824,0.3193429516722959,0.801374232380938,0.3787735749674789,0.5410051861162002,0.6988366367484136,1
0.3082295037284374,0.17903511793463878,0.040710982155821376,0.39990376825155266,0.06755616012065083,0.8982343953795899,-0.02955828899625247,1
0.1345958427853332,0.6220973251691759,1.1204438992151682,0.5828621295826671,0.4566799431443928,0.2586722958195072,0.31246155139359666,1
0.7637788796483477,0.7124628539718587,-0.41739691877114166,0.8210748590239836,0.30784064417008294,0.6810452679073702,0.18297997670507798,1
-0.1027117173990548,0.7857358927320017,0.6131318884261273,0.39579110764672487,0.07607200722581929,1.0892880636370919,0.36047729830704944,0
0.07815724257398193,-0.05368734920269164,-0.08538862018663737,0.22769757915880987,0.1966885203532354,0.8101934450644099,0.30272510800710034,1
0.15543302611562593,0.13662544782329436,0.5230494019182258,0.6435974477092871,0.6376005872814019,0.692139331467134,0.44419921068305424,1
0.45338151583820036,0.14209798422425002,0.17603730103041015,0.44634051914963274,0.06062773608788277,0.8331305679563958,-0.036489343868769994,1
0.4399635598171743,0.3292698376920987,-0.11381788237124743,0.584780447541764,0.15581152499708018,1.0322778363652847,0.17277843534248793,1
0.15929148533359466,0.8780544945060623,0.6163826792166356,0.5956412183974759,-0.037254119671964014,1.2399088689027282,0.4244822755998531,0
0.13051999857588817,0.2053522970728997,0.6389580324950445,0.5857940933680945,0.7455513701522907,0.662137721833976,0.3918639542652371,1
0.5678124029341947,-0.006785637664817157,-0.3174685124656942,0.6238680516187659,-0.15089021765500088,1.0405589827686406,0.08860945798350017,1
0.3310533466933932,0.6549566197019654,0.44412972243879667,0.08775853360298713,-0.21226808758548343,1.0233530093277063,0.5875235302871394,1
0.12078138438496563,0.8976490962139283,0.7404969448409063,0.25672099036000845,0.3008340915754679,0.9300191135387792,0.2852358977240519,0
0.1879145435393303,0.6118267597379674,0.20891037952150493,0.18739992898437507,0.38950708326717565,0.9377477930766883,0.5539046485805554,1
0.16209828334220738,0.3551065774496557,-0.0047177295883190085,0.3041162932748864,0.20142903866203962,0.6776403021245085,-0.10556662825377272,1
0.09671639286008446,-0.09451885785667785,0.6441889709186619,0.7083677559329868,0.9245109423171499,0.3673148826191303,0.5952497889712179,1
-0.044355374047695774,0.7324523120932341,0.7734812794978496,0.3621551474196355,0.04718951778068192,0.8438844795927334,0.2472106716116322,0
-0.04372865056540191,0.7114441481966874,0.7115140501953126,0.40275654523352566,0.2696938699443816,0.8787592727675148,0.35998401804005054,0
0.25094641807263784,-0.03475675528396738,0.9209087902615518,0.5103724162098952,0.6280638144729884,0.6833827305010709,0.43695796991507685,1
0.336367024171692,0.20464507172893195,0.3796501262947998,0.8530734310566143,0.6049746959155174,0.47411463011483823,0.4957765667508935,1
0.026263752056802564,-0.06106740156414425,0.4534690048448172,0.43368446754555695,0.9241976850566371,0.5279185212141793,0.5805192158119781,1
-0.01179442130116784,0.16888215848702648,0.5223596045882207,0.6749007055243319,0.7065406569049922,0.6037879921713757,0.344073532745501,1
0.3910445136509543,0.07586890933165391,0.23359533414834055,0.4247636983689671,0.2555444567939992,0.7475433563860716,0.2021395493162465,1
0.22822644622051458,0.413231181691454,0.2551179294199825,0.41033229346159056,-0.3012747348748296,1.1830437051868699,0.4471834700244804,1
0.42181755279551325,0.37242896218191635,-0.16996935412242395,0.44992471917245375,-0.16805474567806034,0.9464821757573818,0.00223123753230825,1
-0.017299614153832014,0.7675028504647675,0.6334944030968085,0.32428936805790526,0.24684405184347097,1.0225800940169507,0.3102692407788322,0
0.30074730757854745,0.25005478193946207,0.082715432645517,0.4364552760243843,0.16490133202649948,0.9391362094161152,0.04901207256185939,1
0.2001197660541692,0.35757314671714074,0.52088686864702,0.4736349884297324,0.8684505443881777,0.6642775653935504,0.40766756591526426,1
0.10237590290867121,0.3092214177450478,0.5217970529707054,0.6482462577371619,0.7175096694022505,0.6850786641454026,0.4966847458347794,1
0.02144075334533413,0.22722912473799356,-0.4060808923092056,0.35981636604686285,0.5604731709550346,1.0890765791981964,0.30372918234957547,1
0.07096402332249398,0.29279159343508365,0.6684561956346488,0.6428358918492999,0.99225611717018,0.2646963603971422,0.2601041882844491,1
-0.22015104311487843,0.19382715920805432,0.03054957990892647,0.6135535582912917,0.6454990526521154,1.0720225776652503,-0.05772732564174857,1
-0.09321364613851997,0.7134716223567854,0.5579441576316561,0.27392942211387405,0.12018658143235275,0.8881160746443466,0.28509166281209886,0
0.48678757053769967,0.03012086172431125,0.6695421792059317,0.8385707021027005,0.4286673982058262,1.65695584557841,0.4576233646427366,1
0.42999275211775967,0.23334505234639985,-0.0664124045574984,0.49887933361898656,0.0077478444599208,0.8598617345384579,0.029618710019913425,1
0.27512623833586375,0.2927208835593173,-0.14702800684827894,0.28819861828784343,0.15358732946538736,1.1008242638671597,0.03571028235453727,1
0.400257916606203,0.06729705423982094,0.7292269445612615,0.6441018472806729,0.48217699271666115,0.7763241972996929,0.09005410348582832,1
0.22766353726001876,0.26578948678223013,0.43527764661887874,0.7448378071854569,0.8701416916952195,0.8441988022684048,0.47858945428932426,1
0.5025420409462071,0.7161087514092679,0.9823578192463134,0.590227883801463,0.32312190311466626,0.9277780935994179,0.19327579668270672,0
0.2795562037620481,0.49462940847527165,0.38224306132841024,0.7301490461652871,0.9335980201190777,0.8154276211115274,0.39157549826690086,1
0.12137873568585497,0.27660771179371996,0.6542081576811672,0.674434377657025,0.6673125940249328,0.6523877036733741,0.3467128362676446,1
0.008931516907961411,0.8092030742533189,0.6958891739421523,0.33807435184123197,0.15668145608268866,0.9558072835351031,0.33802310442762257,0
-0.004677900408054214,0.7000354273322692,0.8528887762547743,0.4522750207515873,0.27692892383673795,1.1382424220258183,0.2594980550117684,0
0.03667936497755062,0.1533053911155236,0.6783608096882972,0.5610656260167233,0.7273335816184553,0.6907014743117043,0.43082537648194336,1
0.641035364752813,0.6825138880958658,0.6157086026543972,0.9306713864610539,0.9547098204505337,0.43723909610329154,0.04814956562548672,1
-0.1425481821335255,0.5632484080980744,0.6368387447896933,0.28999243467853386,-0.05989395264267436,0.8256688377611049,0.32161087028324103,0
-0.013711132101714218,0.9026743616722003,0.6489839127283534,0.30504249582274917,0.06089269452308434,0.851515803093193,0.27450905471598636,0
0.014957279383708721,0.13610047255506064,-0.2299788685504694,0.6950304914038252,0.49230752104587444,0.5283050533607798,0.3425093672462567,1
-0.23403843558229753,0.4023091890364932,0.9302920626502418,0.856191939515621,0.5251574741680898,0.53032880365477,0.19455874176521162,1
0.05529981346170307,0.8212440023496863,0.6817091652685063,0.38121275897189955,0.19364046305088106,0.9560162906166484,0.28645614735937974,0
0.2187969443096268,0.18511957677915092,0.8991269531203527,0.8665786899141927,0.5351061187243922,0.8316198701737597,0.5036280854904719,1
0.4862835350008317,0.37593122235892057,-0.12980289990100063,0.6009720695073264,0.1389176039262649,0.9485402858458235,-0.046819921547132104,1
0.13862758158788122,-0.02257841428470614,0.7304007755879394,0.546289029313736,0.6171276309983469,0.45865113018060855,0.6373767654914375,1
0.30884509511287955,0.45657161430683885,0.7119577132148287,0.15444185135003818,0.1190922922783518,1.2291211467171075,0.2390934657151727,0
-0.07668950007449318,0.3050533756817304,0.7109824760259028,0.5969015170338337,0.3713781596684408,0.5019907856553462,0.3795518071377641,1
0.1394265517729966,0.3893474680193574,0.6491032944301933,0.5103945300321765,0.8200308690622852,0.6974811236150195,0.5643504755008073,1
0.03867038926409787,0.2724059725053785,0.6170587287833986,0.5400537910851234,0.9118195897354129,0.8807553411949517,0.4614334473060119,1
-0.02231908465556343,0.8124707126925012,0.6994712760163485,0.3221083184982504,0.12126367521314431,0.9872626146778046,0.35993236934927003,0
0.030274751903937414,0.45115381508964136,-0.2411197383915043,0.5575305236683034,0.3998603610406237,1.1691559021447255,0.26181325040077963,1
-0.03672359967337203,0.7943215632715508,0.5546342614661072,0.3048982351395443,0.04308237409774615,1.0480109559291073,0.12314321060928701,0
0.12525242594117098,0.13383750124290555,0.610041718344264,0.6498961573515563,0.6643602921210117,0.6046631824897404,0.5168270838837227,1
0.1970803318180167,0.10559180658268144,0.20772240835349162,0.41329366073512125,0.0197546597393098,0.9217215658724522,-0.02917361724281861,1
0.0683127405346178,0.2512548671642464,0.5940841303452323,0.5398995700093262,0.7332070727743033,0.7002106366587978,0.4002358884003066,1
0.13787214699965983,0.21120223181995604,0.6166096240445578,0.5211808788467539,0.6025574499352571,0.6689745848217532,0.31430056605586093,1
0.2144409118262374,0.41270019830589655,0.18464444775031513,0.6561175141864035,0.19288256068643272,0.9063565768161654,0.23477599380490474,1
0.34127970866987567,-0.017670296626183968,0.7178037747150984,0.7384105992091121,0.40548996695714207,0.6417935450136905,0.3401092188531007,1
0.39208469629156323,0.24098911518072408,0.018327670008310443,0.46429520708592226,0.14032559003199035,0.9258015597129138,0.08106486656599032,1
0.7355950020480977,0.4537686352337127,0.32477148984287474,0.6007891923198101,0.06403610172498722,1.272767932797422,0.46752444038049623,1
0.012752321323700237,0.9717966404553463,0.7207666571125166,0.1904264297737092,0.29502849536752124,0.9782513635133011,0.4918540972469603,0
0.3193601238041034,0.34338131980474945,0.024775800649409534,0.6135548304372761,0.19287123375598358,0.9594301342087851,0.18440192403935043,1
0.12338918254332343,0.26303932032189287,0.550317570428571,0.6022404699751625,0.6689791256724872,0.7016508070637402,0.3586598131191583,1
0.03780663047300015,0.16878672277399548,0.7573694053647145,0.4571631363085432,0.8186912572518047,0.8448193726327583,0.5337497870490912,1
0.3524813234311631,0.09799709640154197,0.39352727370509843,0.4867513423926962,0.42822589674575917,0.9576018722463233,0.3412497545258807,1
0.09225067419867157,0.22769016415379056,0.5992835060756655,0.5623359145813908,0.7131609906490964,0.7070082789550123,0.41795373109081396,1
0.7116559409023722,-0.023100525979941555,-0.10234451759401383,0.3915436896116362,-0.2593096149031672,1.0554766464979226,-0.2504659009076777,1
0.3526998795722666,0.2842773002323973,-0.05835103566073194,0.45849491176848683,0.1918891161308035,1.0979807783724365,-0.05093070330882701,1
0.294296713890697,0.4041972710960988,-0.09947218857542331,0.4184078317303746,0.6812035815023116,0.714102375856378,-0.1037963583952759,1
0.12160596048355045,0.39947037940606245,0.6394749154552668,0.5299529431632939,1.0824943150487254,0.6477480489234372,0.783840228410028,1
0.10615957726574217,0.23505344245859625,0.6149329019589468,0.5176259555229299,0.685672712984211,0.6775071106457988,0.423286498073259,1
-0.022642911241259306,0.500007407474889,0.7844494131560039,0.503187821056262,-0.17462031380666582,1.2216027280516093,0.0687304679442885,0
0.023374189103776352,0.34925178195196893,0.45873017797813687,0.4852876076438958,0.866402660395247,0.4659862270046682,0.6915725400922906,1
-0.09967937979039718,0.7261193618651071,0.7238849519629718,0.2403191799394939,0.21253195125214627,1.0679221720554068,0.4474665485379694,0
0.333370694027033,0.16137009312306078,0.0727546748376163,0.2979595760077227,-0.3460514306303567,0.5217604163083301,0.6302231022002261,1
0.3522390972312571,0.2637747370748676,0.06624844045157403,0.4747638225250136,0.1248579095239707,0.9076607423184283,0.07950780687081008,1
0.34719562230691425,0.2669403686114064,0.04316084682512142,0.4617318339689899,0.1329124855940064,0.9208294582165838,0.08656513433732888,1
0.20710336270980628,0.34120720893975515,0.7587903124602142,0.5883283238176388,0.7074866427546214,0.5319813913374717,0.5602737086526164,1
0.25124903539254095,-0.6173149943828353,0.9904714435754284,1.3857459085973862,1.1229808012476792,1.2233795305472361,-0.06060115390389026,1
0.9057172611474454,-0.25650349586289134,0.699561007230578,-0.13680818136697093,-0.4027059039052171,1.2422709701498802,0.241424071563926,1
0.49512645893630264,0.36643695930519105,-0.21936520326346987,0.4495706356372543,0.5892106643768571,0.7632012447957869,0.4551227592039782,1
0.02197574298549638,0.8154059732677414,0.7422463253922916,0.39020128393970005,0.2035031495249749,0.908017394046616,0.3273812050542565,0
0.01727716154754272,0.5584152565825599,-0.2855851235494233,0.6974700845213131,0.17948769004989518,0.5841391286863733,-0.19921647153713473,1
0.09047157873385504,-0.013665205088970872,0.5796973268758946,0.4457280945077516,0.8543144787486501,0.9714883376059107,0.4646333863257539,1
0.7880715379311254,0.5633859133032539,0.8736523571814712,-0.16602624589116088,0.038972668285779166,1.5417313239503798,-0.22243042072974173,1
-0.1652348577661318,0.684295995126699,0.7092414499108135,0.47420813625356273,0.2449441586698532,0.980661042046212,0.2196728717293749,0
0.5691644880099342,0.4170870610853218,0.6884080297170672,0.9165214347164368,0.5823223315881443,0.527076735904535,0.2749933395687272,1
-0.17935256623084472,0.44774536520748004,0.5931651087498809,0.8608376575546832,0.8015373054438614,0.8498649868979288,0.14764452837310305,1
0.28921973609030116,-0.06234412973368386,0.19617229398855252,0.3550138860885508,0.6255786228700418,0.5776138963579449,0.07797844937979997,1
0.1969128861217478,0.1256819056891987,0.7079702923120025,0.5508985530116499,0.8604147568366232,0.7963045157301745,0.45326002183412106,1
-0.1634123345506207,0.6100283065576777,0.5532605004379818,0.35621921027835557,0.06330373916868795,0.7809976592857535,0.3979136796936605,0
0.5262976539614469,0.40376448881412863,0.25013638598058524,0.7548732678851211,0.4816671688637261,0.481535136129584,-0.2279998992881288,1
0.08839887755774975,0.7236859447295825,0.7708972235334266,0.5189629527107683,0.0958840363356268,0.8891888575359228,0.1396685357835205,0
0.008365590387074268,0.2887929362381516,0.5024364410133813,0.474629839598466,0.6762714727929693,0.7368420651904608,0.3902631095526868,1
0.27312677359017423,0.3300363953910127,0.423490219093775,0.6589149721181541,0.8260516040188675,0.834566196685637,0.4810820657174758,1
-0.20874018561169427,0.24453419396647733,0.39987236193164255,0.5805213331640056,0.7964915529011594,0.9923274661491641,0.1838779164801748,1
0.10875809381289199,0.2000553015584503,0.6686865725670887,0.6523600235416315,0.6612691369334679,0.6220477969006283,0.34608142759559063,1
0.05156293006650092,0.3942440623893249,0.7230403510162686,0.44828818964463923,0.6933553218890919,0.6807559747011728,0.4344834902291954,1
0.17182194364140738,0.29081004379564734,0.5226329275275943,0.6152938713534559,0.6797311438308161,0.7668676409300178,0.4011209938111028,1
-0.5811894148604463,0.12932156267979503,0.5290749415271498,-0.030563320757979073,1.2631100620597842,0.31574067573936837,0.091075477637858,1
0.62289630532447,0.31713767513081176,-0.016757115033123347,0.25058427687218876,0.005590657551676412,0.8179173836692637,0.26035572321619227,1
-0.007014821524351901,0.7462369261567804,0.7198482635976616,0.3853479439665838,0.10025054009707686,0.9547746607465507,0.30958308049210037,0
0.2226788443137549,0.5185431622129416,-0.341173581089931,0.9022211552316384,0.2467279449523337,0.5504606645913023,-0.4991370422469461,1
-0.10604432814829942,0.2534994832306225,0.830997585786724,0.595035174997293,0.988307284344877,0.8257725607205822,0.2548748865524265,1
-0.091812577054778,0.2482786241287496,0.42630201925939004,0.6940719235424341,0.5709003017324015,0.8001750888851682,0.47489153854716615,1
0.06722141937412623,0.1538815277714075,0.6281428464530998,0.5293049181057188,0.6876411794353795,0.7118895195464403,0.3467375006702421,1
-0.012168406029599173,0.8534494961602775,0.6805005685341412,0.3216179187812799,0.1272657312096405,0.9054143167880233,0.3952101782049987,0
0.3347038639356279,0.5626228438939447,-0.09877944388269685,0.6588531538724702,0.31998674049908105,1.0948798959166102,0.06792082668290306,1
0.631063816701162,0.17457631770359877,-0.1823564111123802,0.28375058994010377,-0.13544549777935289,0.6337790398504657,0.05823634994595052,1
0.056505461865849205,0.40118070733161426,-0.01684327002414677,0.19088046846588247,-0.023538204192610906,0.8466609111261085,-0.1963629395895552,1
-0.01653973537749463,0.7952092909521913,0.678734825661921,0.3305842654077262,0.1609878683122024,0.9838343998221001,0.3311991546939115,0
0.38896630594492976,0.33540079265734585,0.11196303525556908,0.48238626116250105,0.2093179465521135,0.9311903204953684,0.08974814411961216,1
-0.07911587020917143,0.0322642049549943,-0.7994226972501245,1.171822990209886,-0.1702123586756275,1.5189983720432898,0.45284129398262885,1
-0.07523493821468943,0.8693954738946144,0.6285185052959826,0.371794680106576,0.3180790162274787,1.1838195853235676,0.511104284013178,0
0.029888619159982574,0.4786866382069157,0.49360003639925093,0.29645667912238566,0.6683667044475025,0.9461033414072499,0.08795129405684826,1
0.2836970475538124,0.2150811542324008,0.6840665943717382,0.41212815554994153,0.6927778603342107,0.6121251574445633,0.5837428711286586,1
-0.26215182763706496,0.3073338457126387,0.2834534596994824,0.5517759460893102,1.067173108141672,0.3727898545762753,0.6417598240498239,1
0.31504487404528053,0.2526379972796259,0.725231702926086,0.8139740835669634,0.8915284559994837,0.9635711098909465,0.40295347546510746,1
0.01814886385981307,-0.5887428062061307,0.6916357161078216,-0.40872596696679175,-0.09925889715533662,0.14397231138764366,0.10093180044598471,1
0.09364946149355162,0.22510976308537062,0.5940408547862911,0.5636469420761993,0.7199763447044116,0.70142013597094,0.40862734112039645,1
-0.2014365679549669,0.23735870488395294,0.6785628852189886,0.8413522327446222,0.9717901761052623,0.7855813295003605,0.6969731185605912,1
-0.5642207775663901,0.784551957981688,0.2038925760584515,0.44404444163350976,0.25888807024259125,1.1630189171485275,0.007937260044922956,1
0.1660380887327029,-0.3047245664592093,1.1577445690654424,-0.006423750961702113,0.7256124924606479,1.3174160741389764,0.974293709688667,1
-0.25204165034333614,0.8011464320079923,0.5343626784766711,0.2295451802479812,0.3620800292641207,0.8670103414644421,0.256811356925142,0
0.5633449118224972,0.1160894234793503,0.17511019435283212,0.39148681608719715,0.3076437219521724,0.7418609827842932,0.21690373792292922,1
0.6544913510741318,0.7127349522841337,0.39444183261309285,0.6404915924793751,0.5172413604819716,0.848062334615379,-0.41397687899604557,1
0.2572999856876866,0.1362784288293506,0.3168088782270835,0.37965823188174536,0.6209209359433858,1.0219002312752705,0.1155334649625272,1
0.02182261887491982,0.1293990973187943,0.998318311326946,0.4244126238349978,0.4740896312823897,0.8402963644627437,0.6444296086805409,1
0.24588807819078806,0.39708493973966413,0.28148301638794043,0.6211762295664376,-0.06010473292810614,1.0954494205113763,0.30244209883611695,1
0.5639777947352833,0.9445296292509496,0.8180440517716476,0.5520047883251802,0.7166028807140551,0.7098113567242732,0.736146436676394,1
0.008314827787719622,0.6790923180259284,0.19221892127301388,0.5748136547300944,0.8725175289013359,1.0199309940688206,0.4889793223178565,1
-0.059164973206011995,0.020739975207622247,0.46063445022559135,0.4435994667215901,0.6907241701116172,0.7836536107954668,0.24639737016824234,1
0.2566665982474579,0.2927979571157735,0.5887416585840615,0.6247598839074326,0.6243276757141024,0.6722435212690863,0.3070740820377231,1
0.0986593246610443,0.20631613549789327,0.6195426444590538,0.5487090304609449,0.7483785690529291,0.6868277585188522,0.4548331512473267,1
0.22056333010801715,0.06830281487549333,1.2674160191336667,0.9128750883435013,0.29749569157730393,0.9664848099995638,0.7968956877382292,1
0.3175116427835707,0.8797970197736144,0.4537033615642028,0.4992496208326077,0.18631448759285807,1.1855690167660011,0.32831823936942667,0
0.596951525764554,0.7088643472810048,0.496133825098688,0.6425659626183523,0.07624613258180823,0.726368705736784,-0.23924567829538568,1
-0.04329476149409578,0.1964334352764185,0.5435463627695167,0.4643420300566541,0.7913116244233986,0.8301176724519403,0.31626073945400446,1
0.25251405489506573,0.45009792835778206,0.18644285343228661,0.9537793557519244,1.0784594049629996,0.3207108282141714,0.6639891301415775,1
0.3173658533662168,0.018601233771129044,0.3313992706331014,0.3128651188641298,0.7050424056842289,0.8384623516823748,0.23346264100330866,1
0.41338803686220615,0.17717378716402543,0.028635033458051178,0.5611581289442907,0.15100049172288543,1.006332234925222,-0.023052672427017848,1
-0.08186821749851228,0.506200577972262,0.3570556566252594,0.3326505249009548,0.6202592757664669,0.8676958729540772,0.576134643311139,1
-0.020423518247098593,0.19003176645466777,0.4093669670512832,0.16930514813311998,0.629328065358095,1.1259522645226385,0.0501710597298264,1
0.12277295300350431,0.7460054865395974,0.5213542932815821,0.13690556890355632,0.2877516212801218,1.096692003191379,0.12884017198350983,0
0.18429787712828413,0.31244291803915614,0.6960882874839123,1.0088828134950996,1.1632407750266638,0.7635453901363168,-0.00837674557072332,1
1.2973984937466274,0.5822992979269104,-0.8027388128519786,0.5442348753411261,0.2295071174874055,1.194855754721957,0.1750656354525827,1
0.006985244184613778,0.8061243761804027,0.6391428180398483,0.360594148269397,0.10059100830664089,0.9799941657044687,0.2655277065926751,0
0.5468518877257805,0.35318754971300703,0.06888419261952425,0.5238486283930385,0.09361602891899498,0.7076145143645669,0.41960011685844517,1
0.07095884536506296,0.7651690280052706,0.8059138318895788,0.32617994412176415,0.16475192653533155,0.8956368209836278,0.4111246244215233,0
0.3798279075957877,0.032720525958372965,0.9517814585702493,0.7685374998985277,1.0956884326534981,0.3574754281715789,0.17353421528790033,1
-0.12185995570566246,0.60875927056257,0.6040441396402508,0.18567585345220436,0.26425602372562085,0.7810403922292753,0.24147763275823006,0
0.9017130239150233,-0.2269160255889886,0.29772715790954535,0.23964788485358746,0.3013412228463456,0.4565293782718233,0.9587870245913596,1
0.17144141980723454,0.06360565420913147,0.41089472361507073,0.5173970439284019,0.5618000384398368,0.7233070229878773,0.6144780708166142,1
-0.11240570736218705,0.3104684936109575,0.6710227108979675,0.06877171795474746,0.6886963907369801,0.5965819856880177,0.6075867634883667,1
0.12730838304077538,0.20968388803642946,0.6308179917271834,0.585757612196465,0.726706794106935,0.6593627276637486,0.40651074054312114,1
0.952881182208149,0.4381937534729128,-1.0372138431301172,-0.03040817412435437,0.6142915145684402,1.081746475745013,-0.1029593687547142,1
0.21172165510099922,0.3836139593760417,0.40458343830018717,0.5549096404684015,0.7778764688110066,0.8343133598139674,0.2871401624170667,1
0.11222114543280363,0.9084236645644705,0.7532290790031417,0.26894389901287663,0.27318653052024094,0.8302795223338719,0.24894541332439443,0
0.826493687651342,0.10117111787380104,0.4044366840024768,0.0761165887488276,0.6741659988707478,0.71980880645275,0.3347889372206877,1
0.2504240259169992,0.31979342361806185,0.2858565851931615,0.6934376361616637,0.49205151045343704,0.9342957701561199,0.1998536311008255,1
0.34710758358472554,0.23848006251451156,0.8135121438118269,0.22934288998426777,0.8178033123670413,0.4105985237090378,0.3632601074507018,1
0.04649532447878121,0.17274698515199668,0.6323668138091991,0.7211759090959851,0.8641013979938803,0.8171795415536116,0.33100588371949585,1
0.13296106664144283,0.32154451857240623,0.683421138552025,0.6011303362008765,0.6880517888548818,0.5836414193051462,0.369106534727532,1
0.2765954774498921,0.5071723580831905,0.7486476524415308,0.2239837670480096,0.8562629954219292,0.8923730861425232,0.14451675982700468,1
0.045823602660595625,0.10563808474228173,0.6244607947858236,0.5310998720654977,0.6319443533225625,0.7299149960704567,0.32834407716496133,1
0.7019589272267647,0.078109205242026,0.3240270091979669,0.2772596340301625,0.8718496211976188,0.75899858052645,1.066388597025779,0
-0.12776700715288697,0.7048628890422612,0.8111601663243944,0.2599166656631345,0.15919950452143694,1.0310569463805694,0.19395110850810623,0
0.42830884160043775,0.471553750299634,0.09552495283395712,0.6879238495746667,0.033406719540914634,0.8297374266185231,0.20150578643081463,1
0.3523797890743109,0.23847201785219527,0.060445487410144674,0.44936980319344233,0.09313411258610997,0.9030856415313383,0.06183851655834816,1
-0.3200790068652264,0.5404460851238954,0.3039674174259238,0.6224525448195972,1.0229665705896187,0.39574221556616657,0.06242645602984498,1
0.32422502533922115,0.27566157436316274,0.03069756828144631,0.4518750374882227,0.10814208383436645,0.9197427112774309,0.06737064258501012,1
-0.12765237182807868,0.2540391347990046,0.6911270701155771,0.7799689962264142,0.7439904322929479,0.5897129465894778,0.19069841398632725,1
0.04155312983363895,0.8480675173767892,0.6541056543346193,0.3585745006670659,0.1772168191719556,0.9797683482474087,0.34190457735466656,0
0.10357311779450834,0.6956590815642825,0.27868171837348293,0.1689987122484099,0.33119399642983655,1.2402164940534819,0.5482063091452576,1
0.7378099989304012,-0.4955417418338953,0.5198298201970712,-0.06798445680244602,1.728502643448767,0.9737528806498119,0.714589118499691,1
0.09429463649834784,0.232769857040867,0.6014076127000273,0.5606072212062837,0.7156996757219594,0.7017388614831018,0.41916176000193683,1
-0.15698110144946154,-0.14665055338331479,-0.23120803782387928,0.20941604815338066,0.49144380530448,1.1630049528814737,-0.3838857571967198,1
0.25010099255520074,0.4343771075944678,0.012750373657853808,0.44821255993599807,0.26902216284969616,0.7056625050394714,0.1543315412021859,1
0.13348266881341955,0.6792744976851728,0.8126323970947636,0.24955870689300663,0.16829016360516394,0.9775070237731469,0.4240266287434448,0
-0.10305046824973688,0.2815760726203893,0.7932380851824977,0.5654006540685883,0.8998910576185392,0.8264613007580518,0.49135935937720554,1
0.37101714781085043,-0.06601550585289179,1.134029590190253,0.04213648068267062,0.4794494092874956,1.1097850140700913,0.39319362388114526,1
0.2140689394893234,0.6175427080342529,0.7546043123574384,0.42356828393213064,0.16859882974471924,1.0931402513196686,0.38459947897119406,0
-0.09215308420736912,-0.45989749527799506,-0.3114669164913307,0.833206029669197,-0.20090572903652926,0.7498667286778553,0.8704979360812926,1
-0.1663980557680178,-0.27370436579137214,0.04443813608153034,0.520301213370941,0.3639763248229735,1.3807590637377825,0.832195726978058,1
-0.06670037225859642,0.762533317349949,0.6364877864868654,0.30295064811128464,0.09175263914771416,0.9869336006671472,0.34428529444520983,0
-0.02646757370690099,0.7938990878955883,0.6812907334697564,0.3581447813918871,0.12060956646719781,0.968536405832134,0.3127260251228985,0
-0.10520103725697365,0.689158131997868,0.8602497770132604,0.5147126702180602,0.3760232692401966,0.7500481249208367,0.5231809624427074,0
0.05537689938129513,0.7233726525833184,0.637148827840078,0.4372652583425037,0.17695816363982117,0.9098233605212449,0.3724502291110765,0
-0.07393698335371214,0.6596630622279323,0.7311147268159716,0.211927737496725,0.25827728356520774,0.9826896956154232,0.25606792395148537,0
0.7515644868172957,-0.09898316014381765,0.4935477005694695,0.3314597949459972,0.4763079281018957,0.6502707309834941,1.0186510475724933,0
0.10581841885800573,0.8203636010222339,0.5997281688207569,0.46972242467143754,0.12467359435321426,0.8748167697629404,0.40355515952933685,0
0.6003005033177413,0.05059166346157626,0.3050393881070296,0.7088154458383954,-0.04802643836508444,1.177432324348777,-0.19510348636430502,1
0.5652267564015351,0.5533282865706766,0.5119587528315103,0.43051896375497684,0.5460381647064723,0.9100675843270307,0.7055982914002472,1
-0.1548431636844415,1.0070307991315897,0.5402633576582785,0.5254463980578298,0.2589237720946377,0.9159277403811252,0.41791720313394415,0
-0.2525673569169812,0.1760782750517883,-0.3782029028012022,0.4478857351736025,0.733238684898024,1.474359840883457,0.6816972721806895,1
0.5829082852891388,0.5803745664895557,-0.10575075739187009,0.279051600032468,0.1503411915382209,0.8228001449007296,0.19683200261465472,1
0.10201052390393385,0.1894455339144101,0.8287330404469226,0.7633775557364343,0.5310983918440999,0.7031672487743091,0.45271464982482834,1
0.060020793454115706,0.2603470774959797,0.20925703701666118,0.09919012548566847,-0.10987388523455613,1.0055423351450248,-0.31451036394123477,1
0.09192523916868432,0.024195777570946292,0.765934605353418,0.5054686082564344,0.5366324810580144,0.4766449353946406,0.771735488633781,1
0.20539455892548286,0.011637406121801058,0.5138395074712652,0.7803154486791251,0.3579033466917602,0.41470726742183167,0.634653156886469,1
0.2879808625415129,0.9992245085411054,0.7968854708491185,0.5290758154075139,0.1956779110573078,1.1453102597156062,0.38236814518905254,0
1.4851629928561405,-0.5346844655450841,0.8830917075161299,-0.7728933933747348,0.12912234476782075,2.08341272519017,-1.0176341416940455,1
0.3272441484208838,0.7838883822824204,-0.10479998294183426,0.03225204557383493,-0.10109152869250274,1.3570842687334554,0.05850914595854466,1
0.8412991143458406,-0.18269058574939534,0.009314769706770303,0.5343590893840142,0.19865185351114445,1.377092749022139,-0.3102851901628293,1
0.8042280886063065,0.3797427902301629,-0.13939530995062455,-0.027473101466024552,1.1280076392754017,0.8069880166087889,0.5392844594177912,1
0.3939990062543435,0.1948095574687822,0.002384521074518607,0.4065116141770341,0.10947802585678482,0.9254829687277474,-0.027452657631716837,1
0.18434269657564312,0.13575863099553598,0.6055932003235686,0.6618886006104542,0.7075925643718074,0.6757239328405136,0.45812784444645965,1
-0.0854016474130137,0.8246541843602233,0.7826641405720456,0.3518778941493677,0.29587749283120013,1.075061375748946,0.42758468129277655,0
0.13674946143821032,0.15021065598145955,0.5191180570636211,0.45121558718600374,0.7695409755540427,0.7573397477647067,0.3825799197011338,1
-0.19050075147932768,0.7671097501316809,0.8684557348725406,0.5063209050264845,0.02553289662885963,0.8999963062649603,0.4484016789741883,0
-0.32466747746365204,-0.1393552604615521,1.121543789094574,0.9514490928912582,0.45068036495688424,0.5682287867917162,0.7224795299534539,1
0.10107840758505793,0.21676030892213968,0.5852989211009559,0.5469539807613811,0.7126794794337278,0.7108280098296174,0.43066080935561124,1
0.008464966101229876,0.6669410417614249,0.6062624532145113,0.46722464102400096,0.08549089691932153,1.077855472665408,0.1778752111318121,0
-0.014806529731773793,0.9177673222283622,0.6831542016198503,0.45171092480766284,0.04737860653601854,0.7986649307904705,0.29081058712717966,0
0.05969841449644351,0.24650728440303557,0.5526931253535236,0.5321083640300204,0.6800737209720903,0.6858020610475042,0.42226181852025146,1
0.4397944017164951,-0.43645423007639217,0.6806848257729008,-0.09108650215656533,0.9596207910153743,1.2228521887292223,0.3235614304294968,0
0.4708783799206808,0.42632151261318496,0.30359317418581633,0.7133125931947052,0.07961570131985599,1.0932692936101711,0.21780358472863345,1
0.919970840497502,0.0360071697212801,0.14384950525257673,0.3746526048923781,1.0314556054472768,0.6717094303312433,1.2048923048545803,0
0.10517861013753022,0.12388572266591186,0.7177161829587172,0.6679674345588661,0.6552218159537,0.637127000844347,0.5280390118576127,1
0.15427633184879386,0.7289902945820672,0.7016909605804793,0.23369693342419362,0.015593607230773021,1.0868886265276987,0.21068442431848794,0
0.14034909240768328,0.1970404158170576,0.5376526507048792,0.48342414276724816,0.6507618739487153,0.7612017557663683,0.47375019710373356,1
0.5575272125309575,0.04268911425720964,-0.19176934131848586,0.4354462965747965,-0.06907220961131458,0.9436288752337305,0.017461937978608594,1
0.6704037210346343,0.20397056530672986,0.23270139168181844,0.11787737264405684,0.39329529127578594,1.0739645617243745,0.1567687761590102,1
0.15671971499408002,0.23720620430729056,0.2719615404226915,0.3696595056652782,0.17040314074172885,0.7431372625910053,0.3000745292354748,1
0.04015112729001266,0.7724296666638398,0.7043482652200241,0.36512469476213283,0.13093324931985242,0.9274476889928288,0.3160425237302643,0
0.32060101953092046,0.22380359358448088,0.04504185254130204,0.5242578634779634,0.15879932009659087,0.9467613812406859,0.13011366652316952,1
0.7032282570504191,-0.28457823394754,-0.5997751175689238,0.9126564361107278,0.668506540947502,0.592250593308471,0.6073750832290246,1
0.14223572440471227,0.32490443003545305,0.48385313164174165,0.686404377857593,0.8238793727972045,0.8271486510076087,0.4539492451155563,1
0.4136708213674323,0.03130051634947692,0.5992350148241496,0.5202467895136569,-0.04541327164489259,0.9879733222425091,-0.11956712409178247,1
0.03643711536794021,0.7431193632230592,0.7418604988871862,0.34363780723684667,0.09415059005645826,0.911327860273435,0.2675205686584688,0
-0.1480550556799807,0.4167964110804502,0.4093855405493862,0.2736884994234743,0.8986810244936357,0.5234079447067976,0.14269100239721166,1
0.04341715160150704,0.82071595839597,0.7002069276539385,0.37876904434667086,0.19111060477496686,0.9882937612662498,0.3344447394118792,0
0.36898896124060776,0.23192752893871835,0.10089806530830844,0.8985047356730046,0.32520141925246326,1.153485860790364,-0.38193045877274373,1
0.14653159481444794,-0.022755121747216833,0.5636811006127006,0.9888207337972762,0.6857221938913395,1.2922702894629996,0.25236211016555055,1
0.08711191039664194,0.22845529931152192,0.5957502924169629,0.5591551617350273,0.6973138454845386,0.6831510837820307,0.4022456254544676,1
0.28002217296671783,0.436790699444381,0.504167923707421,0.38871325436365156,0.7252324163642508,0.5407408153885515,0.4582102547520228,1
-0.16331479426761833,0.6251923773553383,0.263760953102292,0.21823259802019823,0.35544038669667755,1.1602505842255468,0.8007359176778841,0
0.36156895963381885,0.2596768938373596,0.021114185615328008,0.4559498504955863,0.15816011800562768,0.9649161330830862,0.06102541315913537,1
0.3420740643500502,0.24884991784304675,0.07540878527293873,0.4024890812566562,0.08910443626285117,1.0365330230388354,0.13818244843706734,1
0.3708501165164986,0.1571961824067894,-0.011105074647971037,0.4475855157184468,0.11606755001491313,0.9757720509014094,0.17088752575998611,1
0.5519005835027764,0.39760812681989943,0.10933069901915901,0.6517801016601725,-0.07895328176613323,1.1356690774921363,-0.0032021820117884847,1
0.057903938444832825,0.7786820999573185,0.6541597053441723,0.3296020153013762,0.09798129055420227,0.845942471859109,0.42006739033298623,0
0.010478157553961573,0.9080934234263105,0.794467755873678,0.3105218692098342,0.060025604125329465,1.032412458144669,0.3948274792966057,0
-0.04361423367555259,0.7125081905848822,0.651828241695588,0.46268044282802934,0.2238449549105686,1.0477946756462468,0.3384222231488521,0
0.16587179044664846,0.28924534627625303,0.6777380298672536,0.48951423156751034,0.8059165859702591,0.6425257132377781,0.16964269397211765,1
0.05538707127817999,0.1333957494976138,0.4648075965709794,0.5247498298548022,0.8147698383358347,0.5444091477819052,0.3575557098428551,1
0.07587601251654352,0.2593994626140531,0.47449804496452097,0.49898270994508037,0.6224365241943022,0.6179307302450845,0.3938910545388949,1
0.18663176073868457,0.9762451275109898,0.6133312632993946,0.4856960780288251,-0.13669959766655732,0.8900232852104305,0.15653029613715025,0
0.1364456108514171,0.72011191815176,-0.05155019434326233,0.7558609162766996,0.5460317470451383,0.8650946840684604,-0.26016564709095663,1
-0.25994450669499625,-0.041554763880920775,0.7510304022628332,0.7852202511940998,0.4563786239497623,0.9377466975210629,0.22778941508261458,1
0.03871357367284867,0.14680087024540267,0.7305632986281712,0.5525325947084321,0.5547445550153868,0.8760178537062223,0.1862815004085503,1
0.2802840360279867,0.2708705774084067,0.6948072502179751,0.7252559552443717,0.4437743802249871,0.8790090309788168,0.5873960892433424,1
0.18051309718042338,0.90608062785196,0.8364775046963863,0.18235708037839915,0.2831926708150647,1.1079619181461218,0.2539217397080161,0
0.22966477313748984,0.2565323926785585,0.6448539493933396,0.5212716770385473,0.7858777103414443,0.6498024305484184,0.46792728358032387,1
0.7399694840248111,0.031885769977600904,0.2274703476493552,0.15415191491564204,0.7190193712728271,0.8130546940220666,0.8775682719662318,0
-0.0035791712116648635,0.7950504017571607,0.7118612044627989,0.3445678041018987,0.16948079960031992,0.9420159215354883,0.31765405370899147,0
-0.0016924361964473084,0.4720031164976153,0.8689712963721113,0.8367185006609813,0.8907489029430954,0.4162002962767743,0.44179270173457474,1
0.6917608529216721,0.34839141799616574,0.4181720910974496,0.8045776548951749,0.25821915548445695,1.0669464274335612,0.10845087934224365,1
0.06822514926266245,0.48534585038389505,0.5645011438177981,0.6052528207691847,0.7734883844635443,0.6342785626730532,0.29892897213576175,1
-0.0008277408342502457,0.20032210271877482,0.3913910538474052,0.8486159568815883,-0.1725303679640912,0.6103882052114752,-0.10174074221000323,1
0.3254820255449603,0.4564565651773337,0.44127032243659076,0.4732602597913442,1.039807312258034,0.6511456648634091,0.3338257007452669,1
0.2137865262545982,-0.15116236233363983,0.07120491153281286,0.4417079854924211,0.1986976019928698,0.5127832139439801,0.21700603174112068,1
0.020329899931919318,0.7665034236713626,0.6555419525157863,0.26804110971054146,0.2209587080103248,0.9353884499598938,0.30082361136321567,0
0.388187324260526,-0.32514941341381387,-0.08910486702641471,0.811873396636293,0.28671662550692967,1.0621332819104001,-0.11513819345714843,1
0.060783415913064354,0.29404985428022334,0.6226215076723411,0.519983124055869,0.7214744295527369,0.701179189778471,0.45670035478340704,1
0.18440367335607744,0.607083750994102,0.06733676165858081,0.19536277163340177,0.6070080017624703,1.444304947510452,-0.44989287391843436,1
0.3799016058090211,0.2852569938319142,-0.01740475516814014,0.5201266591135241,0.19008331655042832,0.956454389401516,0.016545410770208824,1
0.0020746378606338895,0.9900349574131202,0.5463116952720111,0.19759948234522204,0.3458064042925245,1.0469966633753325,0.17981212883288636,0
0.6912071618577611,-0.35411968064679156,0.5273941836478331,0.3240750309019499,-0.43065434549120585,0.5504631320002771,-0.2947127084699221,1
0.05078214241266972,0.27012159965679755,0.44540067571621716,0.6919271686438342,0.7055686224916824,0.8236563675024728,0.5287642352220454,1
0.5207874709845316,0.5513078946086281,0.03913019866324221,0.63424284038854,0.1650974505533636,0.833039836741661,0.06230423040938781,1
0.41956226387637385,-0.1576052546665389,0.4497221393620511,0.002108983373738549,-0.09710585452542267,0.5152598876233144,-0.20155756528300267,1
0.07088724325162486,0.23665349994444548,0.6112189000444093,0.6159740065174254,0.7353623214288788,0.7789551074731745,0.5012859330920438,1
0.3534302974191655,0.360191952859209,-0.019904152046412812,0.4459383737632464,0.13801290408875982,0.8151220540567639,-0.002689618462701715,1
-0.08171632819970451,0.16421536157556527,1.0366869470966726,0.18197139426902542,0.902417114925636,0.845335967125923,0.5651335305570906,1
-0.004384678677892884,0.17985465766951728,0.44666838267360687,0.5003411153198731,0.6259806108878344,0.8853292982035116,0.39856445395956563,1
-0.05155588090438945,0.24431630049640377,0.7542517474229359,0.615444392361275,0.597081764453111,0.8021731427467033,0.38526817853517825,1
0.1378875382989461,0.14162346691918087,0.5164335038869078,0.6630034597307951,0.3185155036247326,1.0565185032761066,0.6657743517596806,1
0.38903007428021774,-0.06551210105945038,-0.18065749780057294,0.3211342631805838,0.36416581618225174,0.48256859010063935,0.2676806935933479,1
0.2561952264433053,-0.23793551737823615,0.31263830437071843,0.5282619933685517,0.7590021332945407,1.1032674572663574,0.7849392991321966,1
0.0656204961441945,0.8066620025284772,0.646020215958748,0.2176193480825001,0.08078929124806651,0.9672632876827627,0.42073228251346173,0
0.8593852270393253,0.3809744443557728,0.181867027647335,-0.2391685274274199,0.0487327795791601,0.7391666481239796,-0.7630603529990487,1
0.2795313866771077,0.04765306346709999,0.7166584720920365,0.4658770982126609,0.5744731749301548,0.7662160911491263,0.4442546294658497,1
0.20791030084756262,0.28199002750183827,0.8319996008892205,0.6673383039099396,0.7482950567346494,0.5634737289686576,0.8528256853858296,1
0.060754748457010066,0.21542992782694176,0.5465259745881574,0.1793592992959983,-0.13013424263517143,1.0145861290102292,0.13812549081839967,1
0.19308360494689136,0.26803012704111895,0.7652427668946675,0.6202465540155846,0.6769262254046778,0.6294099250576882,0.5713166356263957,1
0.11721172308821481,0.31086365159745155,0.5240073743019238,0.6070295346983781,0.6447528738301441,0.7398577034733591,0.5130121582691965,1
0.31914732776187155,0.12594142267473687,-0.045470529345982696,0.5648943274029576,0.2540711058941827,1.0527624462546439,0.11115922284637902,1
-0.8412965580101845,0.7904433022761386,1.0448493253339297,0.3038233447586248,0.1428598055151642,1.8981020749974107,0.29891787220431965,1
-0.4698760465657613,0.3094635800971912,0.09598406340154464,0.7343016417022371,0.8264196622692644,1.5243093650772312,0.27961536048075414,1
-0.5816262771817657,-0.14947730296040362,0.24275599103221818,0.6896917793248665,0.4137309276507174,0.6508607823695574,0.7125741625513312,1
-0.1904074817882359,0.7737110114790606,0.6030539572810961,0.4212146883930139,0.17775113338748824,0.874416575442694,0.4961042187609199,0
0.6593483174639634,-0.2923203883199337,0.31171553026733567,0.5461827698431828,-0.3235229893887524,1.1902829344211168,-0.12574434036054363,1
0.011616745159715213,0.8184100503815164,0.677572220960842,0.34536308587782405,0.13902625613873396,0.9456839123257096,0.35581907115136885,0
0.16355015018056634,0.982025538222383,0.4374019784223477,0.5141285552944962,0.18555005527605975,0.9698134458793568,0.4636121197420306,0
0.33243680760609545,0.1772698593763101,0.14673620361823123,0.38387870806508484,0.05908299232144962,0.7896776335130135,-0.032690891958667034,1
0.2205169524189476,0.3554794627081141,0.38819877714705653,0.5568775998199772,0.827493007458966,0.8984030066253883,0.45644181663691125,1
0.08726627230064461,0.08286705568604419,0.7288434120055585,0.5117013198726532,0.7679049283535826,0.6059901205611613,0.4974595138601686,1
0.21288151557735227,0.19869622188212777,0.8939430295466445,0.30993913882560487,0.9104119664061076,0.8608047635720152,0.13202048472741984,1
0.11116530259331776,0.29842385660464293,0.4450764921286877,0.12120368545621307,1.0906953626172389,0.6468059532246668,0.8256105790967314,1
-0.34021633743040924,0.6977850551536997,-0.6869467240308184,0.9383729790383932,-0.5240959623326603,1.1398777766675465,0.8099320470034729,1
-0.15702490783848877,0.8670023619407611,0.5389953021565947,0.23005831647663955,0.0728373595859981,0.9221534988067411,0.2849800196387634,0
0.011818973054908338,0.8096326353797832,0.6996767098179923,0.33340433960581195,0.15955300350587653,0.9533379228694214,0.3424415330352648,0
0.15031752100459062,0.10826326903580712,0.35614904841067846,0.6579295026305487,0.715693879429765,0.6030353407194435,0.47471198343526194,1
0.37649909764285455,0.19129295057230822,0.016834518282789215,0.4702687205089222,0.04085139423415342,0.8048997527849838,-0.009183535733911036,1
0.07577442190885719,0.08734702466634228,0.7737337996354053,0.34591654163603824,0.7472132237156688,0.5075411651617348,0.23582732939031772,1
0.2727065073512832,0.18946827533145677,-0.06024036372162517,0.45459865125327203,0.22400399074351246,0.8616032439117514,0.1370826261765198,1
0.002418623692639379,0.8030003899718618,0.6965637931306788,0.3378234690855699,0.15416749602603416,0.9576275391840631,0.33515880742757587,0
0.7442687952806077,0.5362153853667028,-0.4301718849145056,0.03645347979869945,-0.4650200089828883,0.7450063978131178,-0.2580160042234234,1
0.14646927119209058,0.3166992719516016,0.5424520362897028,0.6521367100922761,0.6383959914107779,0.6106415740506882,0.37661705229558406,1
0.3026222421381176,-0.14878048508933833,-0.4457936760005127,0.734091044043301,0.1453553954892574,0.3899098024503598,-0.1250109624352357,1
0.7379424744978429,0.5422981136649294,-0.015007759914612916,0.6631012326811022,0.39049717052924526,0.903255019936583,0.18154426265704138,1
0.048969522099178486,0.6999209636162589,0.8132280272714122,0.26160314930993245,0.1223731508506983,1.0727033077044863,0.23255552060337814,0
0.43123602860511906,0.2783009040487239,0.10976303595581587,0.3205700732565666,0.010468415895315775,0.8606974920272239,0.04881338214255105,1
0.5905677944547284,-0.06706000793107718,0.3273443544254518,0.14424056279220288,0.794619881695988,0.6112417780643158,0.9243692106696989,0
0.036308235880014236,0.47593852057975417,0.5607910385586901,0.40410729014385616,0.5553503567649379,0.8832440424845671,0.5503264650958923,1
0.6025423242934853,0.7183187823849393,-0.48125128881446233,0.4072041022053696,0.2772011992135634,1.4989805817458182,0.2982985045608776,1
0.6222935146722018,0.5521919819213701,0.447234853516902,-0.009357017658659927,-0.2257304129304899,0.5493346373026128,-0.29348928975558647,1
0.055935919716319976,0.40914218660913076,0.39525298459184577,0.4766575596863558,1.0260554746448207,0.5151178234241887,0.4783486614751479,1
0.21973080253365707,0.362333246945085,0.5561814268919208,0.5832342145621019,0.8658051600888098,0.6171959443165285,0.5088425967711797,1
0.25404618895433895,0.160094028531863,0.03564378620928837,0.5958027854587755,0.21713832289841714,1.048404925062631,0.19989958730780857,1
0.5043032662558979,-0.37403136599594844,0.047243655511064575,0.23341009245544808,0.9595985984867137,1.1772972862134063,0.2341999747503527,1
0.2777390882876112,0.3629935536093231,0.037935286738599486,0.5012143877254652,0.09595200668338974,0.99059024839363,0.1749755359034873,1
-0.13142181141961354,0.4260967926556583,0.919831686301045,0.25949176303939353,-0.08352882097127107,1.0530782747448335,0.4634208549174334,0
0.10649082233064239,0.8028201347387699,0.6601604602022175,0.21780466046275984,0.13872162456226417,1.0607958809855167,0.49221418876190204,0
-0.0775990897003648,0.7875909605856121,0.9870669184371058,0.636692143340616,0.8363768261845039,0.49094069563152304,0.6477342001525149,1
-0.1225265107724785,0.32204490763071925,0.39983215555056445,0.6908386815877695,0.8438710292019677,0.6254605099773274,0.6042881241536305,1
0.48345852142116297,0.2682872854083023,0.38999327521113974,0.8891832227268975,0.40991280217558346,1.2582346498323211,-0.3405585539827857,1
0.18698848559268755,0.7557103291170851,0.759351490726961,0.6446825720077756,0.02515484372605356,0.8029044248569168,0.5603110991905393,0
0.5077869464951354,0.44728543144122934,0.19393755390359305,0.5366664523897607,0.15710551954147114,0.7762079054060621,0.11681862736689783,1
0.07345595268183536,0.5185456754416458,-0.23521799911736518,0.21088239937699205,-0.5059478665995079,1.004208327290241,1.0746430896568084,1
0.44718174494787677,0.18540440044633993,0.4213880839208285,0.7096992491319898,1.0519915759330427,1.0584153469846818,0.7441317637432403,1
-0.01512101407836582,0.7977481940565867,0.709879411949653,0.34430430799821227,0.18725759723180205,0.9549597880852562,0.3225443614369462,0
0.27104346963962855,0.5134250145853063,0.03231754249191254,0.754082518189019,0.4263531784266131,1.1087578757868757,0.09051872859074316,1
-0.1356656038975105,0.11796109235778988,0.6051821381779319,0.8941426123537335,0.5513376255969296,0.5544663024398555,0.5787589089659113,1
-0.023482965106546155,0.6084500938650192,0.6381410689621331,1.1247701401493833,1.1321411021171843,1.013366077537904,0.7634868025841137,1
-0.32887542968292416,0.5870876472923818,0.6401608022103313,-0.04065162872260358,0.08794300450022254,0.9615641108618455,0.33527223429009906,0
0.2821117844476849,0.08626695610471824,0.4855887993971754,0.35583934747234214,0.7460581036480701,0.5444613992730898,0.35003840809107045,1
0.10818925213958622,0.18501515466892107,0.5342780841200838,0.518762836686355,0.6216580191782257,0.5997330896770551,0.3800349960979442,1
0.300126903171901,0.30726062276727284,0.8691595973986901,0.7671385609633194,0.858765627061139,0.7036433050165047,0.608103846716372,1
-0.5737322964415817,0.030304608964737217,-0.31684460807355874,1.0686850771414345,0.48187606292515156,0.05194139268485454,-0.05031145664564046,1
-0.8114056334718381,0.771245545925623,-0.18442112968274327,1.0385340228624873,0.1374348891554894,-0.11090354796265078,0.4419677167725857,1
0.6945594891744622,0.012053955015570439,1.127515610238166,0.6699123080326529,0.9522945784013603,0.5484535949263792,0.3783448553967905,1
0.09404205355542321,0.07913584416764374,0.5672558080490875,0.567786079362575,0.8600395056072554,0.8363753291727335,0.27005268906633517,1
0.5128715017819541,0.29289503553616764,0.048941196022416554,0.35413918839735203,0.3650987314389461,0.7555835740988165,-0.02687074202678165,1
-0.19827657236599883,-0.16722263642957186,0.933578602597964,-0.09001658738938023,0.5545400551559705,0.06521307633132001,0.7047094529972321,1
0.09646637041282857,0.282917893765651,0.5295045979903652,0.49923116987203225,0.6938155086199405,0.7696941216382709,0.4229727067397952,1
0.08383277726214994,0.22723244191428366,0.590150839722811,0.5830940598348072,0.7340825534202746,0.6919535329712884,0.42712920540667,1
0.35547203848544817,0.2892043009275238,0.017325784299896774,0.42859157617882504,0.14835920907108646,0.8997205969322117,0.049519402656009015,1
0.36147471280987803,0.2526892963176842,0.08174364963109128,0.4184155304363559,0.13350678315041006,0.9385478248508878,0.09324343295675344,1
0.4419360622417971,0.3229628764883322,-0.0021188373466610733,0.5510970304027316,0.11738422456054091,1.0413657668797986,-0.031895550900782985,1
-0.04896469538240153,0.47388244998931406,0.36297625189153127,0.30254602215591214,0.6634649570578313,0.5353800067747163,0.605161620181977,1
0.01794674905998165,0.8264292873252223,0.7287752587104631,0.3667651884974755,0.12039269564151792,0.9855193436087011,0.3546965353343009,0
0.33391275878081705,0.05684453287081645,0.03600664804250054,0.46625142179992274,0.15861871404922004,0.8646856724151898,0.006564130962366327,1
0.008084594508689216,0.24072254347501137,0.4708974042841213,0.6849941319976983,0.61717008176542,0.8545136306249673,0.5670633101804032,1
0.33349284024555664,-0.16690986075047115,1.083158587475679,0.22355166350328787,0.5472067180398634,0.7070955449131193,0.4018915431866803,1
0.6328008938741063,0.4586746691042525,0.2578130174102466,0.49797894671747533,0.5449503507431939,1.0940685487014314,0.7487343601526728,1
-0.2171742023532352,0.25368469510595665,0.8963630222455949,0.26192764433914345,0.3961388088587917,0.5834431310059167,0.628152270997429,1
0.6112224574284099,0.14830753336316382,-0.04081838609214834,0.4881185933435236,0.22878683491323867,0.6456946672602626,0.12220416389496683,1
0.15046569090802148,0.28037761047864224,0.5783940411855375,0.5654475432837529,0.6707266890620129,0.6828903426122941,0.47896049201578633,1
0.09072320898446025,0.2358997056739556,0.6047299892114478,0.5566620029787016,0.7145341792052472,0.700202731828375,0.4210542295252783,1
0.33927117959242015,0.2602334652661096,-0.059449993266828816,0.5657868116364911,0.0006867697360202207,0.9788369717124985,-0.01779652807872724,1
0.06503401742681764,0.7489116870075609,0.6482130641965255,0.3888260975682863,0.14995721566118522,0.9379050523166285,0.29838942985098793,0
0.12368050326269843,0.6329601896815229,0.8698555917887183,0.43470972246463546,0.2716669524751869,0.9967403067745894,0.4119551518332562,0
0.4010723701270086,-0.0012021581883955301,0.46914403652932635,0.4697663603511031,0.3337123422343834,0.6847667896227089,-0.3508619769172716,1
-0.07009373249173809,0.5264428802626371,0.0805418396866282,0.8719329936678561,1.1538340745269484,0.379867037408568,0.9097546426028623,1
-0.12191634377623004,0.2703453053224351,0.659647353479302,0.410003284423268,0.8555681779820814,0.4711759269563718,0.4900383081745113,1
0.3494786800275694,0.6097997774455746,0.9115992574388462,0.7502751744263512,0.40023871054968185,1.151528160218475,0.7030579618986141,0
0.11604282068690677,0.7006896011574757,0.5902778970382069,0.2794283547691648,0.23685730912944414,0.9821793240101262,0.39099212118356375,0
-0.03241400167358856,0.9149464191947734,0.6786614559109787,0.3924665597782552,0.04620074022138332,0.9575121893215114,0.3877623848598835,0
-0.03538026227916251,1.143977201993453,0.9696980211864301,0.5447126120953352,0.4191719615388404,0.8575669952472887,0.2625525791058751,0
0.40382325471399994,0.3365426372956188,-0.00834119921042576,0.46049271721389523,0.17594644389483102,0.8769328866496864,0.09415665622037254,1
0.003644766179566174,0.8061571372508686,0.7214728989816731,0.33231644506539854,0.129012560140562,0.9415520796222382,0.308565571030328,0
0.7911439254744452,0.3041079616975467,-0.4601104816072369,0.9638549355857683,-0.11219908679076437,0.7531156917943713,-0.4274930951495902,1
0.12301645923854589,0.25773906330229984,0.6151440995440096,0.550863452707067,0.686888984360446,0.7296469564166917,0.4438268164396009,1
0.19900325882435638,0.2156466290228916,0.497202827331644,0.6345478061064739,0.9062121007698458,0.8809481652890576,0.2665738203316468,1
0.1304563597042257,0.19402625681738797,0.6217841384004101,0.5572112315723413,0.6859147570152627,0.6546042218654523,0.4489740197049079,1
0.3907225970543504,0.487865957051693,0.5147473611796742,0.6783805081568837,0.25222611336192335,1.0917868980672676,0.7417899744452445,0
0.26495245791577826,0.22242542631711834,0.3288429505456085,0.3300871382656944,0.8471165548249464,0.8039031224209239,0.4544673471886248,1
0.09037297765244583,0.21680977430257153,0.610711586877817,0.5785065494632182,0.7374869791434234,0.7144947034198162,0.43730382841493626,1
0.48337482181363606,-0.2026398224230142,1.0196553243996855,0.09384048009051266,1.0478605888520878,1.029405666872231,0.7612285990785376,1
0.11556085847026348,0.2000454389210894,0.6390554596228716,0.5870798246666407,0.7095383252505325,0.7200664741244984,0.45086527723533354,1
-0.030486900077750803,0.8523499839384527,0.7607760869261905,0.4331053260244696,0.1643829630376073,1.0506378626376491,0.39620509744515914,0
0.14739946747690993,0.20200016127756965,0.6013307952596629,0.5036726335058799,0.7313362122821886,0.7727303468117952,0.35338825133406426,1
0.4714933915278531,0.18785212566177314,-0.08789678100920006,0.45205696543723006,0.31294951352302497,0.7795883329765905,0.042867175067117166,1
0.13229360732427406,0.9209246093305218,0.7830323673769966,0.3627056860691063,0.12168701477201849,0.8841968501498381,0.2281889191359698,0
0.8697243297663112,0.061847721609153,-0.11088170132585301,0.03386444716638415,0.5207010913748565,0.5417020438080865,-0.11683339404164847,1
-0.07320265282248634,0.7559849720138636,0.5029166238406875,0.1947931919460656,0.34535182523180386,1.0039012778935692,0.19578013746240777,0
0.325622854262573,0.03170675121765998,0.7942390568266022,0.5971984428718571,0.47611030012487554,0.44700891844669915,0.21010541410072525,1
0.238278345352517,0.0889814196969762,0.7467631952500071,0.5869974257085632,0.6868943060358852,0.7536473169398694,0.26930835715755175,1
0.006684244579685365,0.8334424759903031,0.7289235881208957,0.3430398168448796,0.10509985930420998,0.961684639848004,0.3181628250004232,0
-0.16408010386412408,0.6465492062754705,0.4406015390691068,0.4701952073177465,-0.029466695321690467,1.2088223952909212,0.4733557330917044,0
-0.09156597785789629,0.3666325235395955,0.3247278116021043,0.4897814980204744,0.3333706958026069,0.7357386440271748,0.7014823232195082,0
0.38116023462314585,0.26424901959232944,0.07613975944803966,0.449456440242741,0.15942624803974392,0.9526502112993054,0.07406846594882102,1
0.15393056758171886,0.2568043599514294,0.6544649134904322,0.6199651376577049,0.7026093767132562,0.7227861172015678,0.44164881346034235,1
0.11933510361963469,0.9184376203724884,0.3951306777329912,0.5066430536445474,0.3793352472653474,1.165735303281444,0.19795517172292168,0
0.6019266328419999,0.3755638793503373,-0.06031524351962014,0.43532421766693746,0.7594702287255385,1.0379838647596376,-0.20132595316474855,1
-0.08101537493308714,-0.11744124337378675,-0.17676094089762956,0.33420446396102466,0.11997561985352971,0.6409550540823672,-0.20869851851759902,1
0.33065145536079876,-0.33526835846528436,0.5831151343850267,0.7924184064600545,0.5378542176890546,0.5222674398643106,0.1023332912995662,1
-0.03838365672251026,0.6797632110208658,0.014104519582335225,-0.005338583039132594,0.28261392257177226,1.4122272911313463,0.20465308326240703,1
0.18579248293624473,0.17892778461995973,1.133187190641877,0.1659169450540522,0.6282231188413281,0.7300060170407959,0.7855931378040237,1
0.47803210541150465,0.3443662678380541,-0.055630676639120163,0.6032917873188728,0.2902037478681438,0.8389424071614341,-0.06714773827610454,1
0.24248876148885873,0.905540247563375,0.8206373173136754,0.8011647580880246,0.9765998473186884,0.7863662159060834,0.06926736404195366,0
0.28733302820113554,-0.1865844582011526,0.16884251753972207,0.6665435887225367,0.48152406542743303,0.6008983984825853,0.1819504502955297,1
-0.15908537982272442,0.304138565634367,0.26860443347310053,0.8993019163455482,0.44058640837657864,1.088214886924583,-0.33104342654216945,1
0.23095530711685558,0.2984726587702974,0.08814245123719275,0.45303106437555046,0.1919006863943413,0.9777946254964474,-0.022277959034087136,1
-0.040135380894321115,0.8398894121917806,0.736428241269354,0.39758697130990117,0.1592398115866531,0.8969380867006297,0.32072651506127314,0
0.14078144983377974,0.24037749799898073,0.567772890733218,0.5837914959023935,0.7385881243778222,0.6843057075694076,0.45304625917416363,1
0.00823387139808286,1.011686744973206,0.9125334983803575,0.21700545665973822,0.1682173637742894,0.8019572163558955,0.17021447820225605,0
-0.18381938950644539,0.6767645621115217,-0.013617365976172822,0.40838213795856215,-0.020851942195504986,1.0915948617720237,0.04418847527111035,1
0.036301089828050574,0.8251928063717237,0.817851637039997,0.28709415516631065,0.06794979066948346,0.8165894339152439,0.2919984927498851,0
0.4400649134079667,0.28166830816501415,-0.012127116178672355,0.36290765313184803,0.19189627042155166,0.931271200315266,-0.0031351490307069824,1
0.6172263564375775,-0.0035102962146757975,0.3070007832429628,0.15694151566689138,0.7043331349433589,0.7325570067126977,0.9027829450014047,0
-0.4514752028748549,0.9894994885707324,0.9350835638508923,0.8282102871559975,-0.6654782987819203,0.9040666035646481,0.7183920067271542,1
-0.01442494034575742,0.3456052929380078,-0.3323735849243491,-0.09498412704718207,0.022534975827338988,1.5083894033421346,0.4950645169666997,1
0.6031346457793381,0.27295108832939746,-0.25376321557410453,0.7427266454127148,-0.023806153329698237,1.018292628184,-0.20470483555923857,1
0.14457864645538412,0.46406651623875356,-0.20215759463380223,0.5180955136672496,0.11968245751902382,1.0333082810128766,0.0928033131540546,1
0.36594393154473287,-0.0234574455638642,0.7436238189620185,0.7773927419435924,0.6067809913662586,1.0293374988329234,0.44912771510689786,1
-0.012684774972105739,0.7676486486014149,0.7188948105864793,0.34444821918187596,0.14637924403521996,0.9224625203106768,0.301060598734988,0
0.07525454723722128,0.2632237557174038,0.5554422726058517,0.5635415732111578,0.7567273505499339,0.6492518673395704,0.4097970293900994,1
0.07202875098305804,0.22710760841021022,0.5797913010093901,0.5845040073623974,0.7108557812876628,0.706539079485145,0.4162526177056488,1
0.2620425160049868,0.8170765539961197,0.6707941559715161,0.12499952795264821,0.5216148314776721,0.7564830423010027,0.13905762388985934,0
-0.02082744794092741,0.8247302835761954,0.7345779682237821,0.3218058261696086,0.16786029452700557,0.9940458382160979,0.353412916266168,0
-0.5204339164531222,0.2612882450465431,0.5765444850625099,0.30186182088814223,0.8837490078453601,0.18313729321616445,0.15120658987287405,1
-0.029930457250335503,0.8862888885183934,0.7028891186605092,0.23232353295853553,0.13674708206074307,1.0448665601215708,0.3160267103364158,0
0.5074143292916465,0.4005067294665169,0.7362913362765082,0.16004113999127856,0.3820267286664467,0.9363210122124858,0.7205431423178248,1
0.1833512124844266,-0.08972276370896069,-0.028956595966101617,0.4903514935170711,0.7457409108975235,1.1616339655357388,0.519427543538218,0
0.25964449801925055,-0.3344813264791342,0.3731727267313567,0.42525245176209153,0.9680206978427794,0.39328505601899977,0.47324284479662454,1
0.1328439326897689,0.13833035260551024,0.43043422207345805,0.6300225236421668,0.5353203301987481,0.859584778216436,0.2541277825564172,1
-0.18303516128581593,0.5107152767063687,0.6882615409320525,0.7159556310746873,0.47434133782323584,0.5507927176777454,0.6484762000388762,1
-0.17864033094427456,0.001868572239072247,0.585705506447077,1.0488975607551978,0.5150344102177682,0.40212637358233555,-0.0469933312511292,1
0.06423271271635837,0.33957054586456487,0.8325443485208333,0.6668464519585691,0.8314418327051488,0.7215703761126795,0.15762927560495044,1
0.3680521829647193,0.30309922816608326,0.02675342069434519,0.4910069641461365,0.1708275308043623,0.936524211574237,0.12575487851152706,1
-0.5573593685430751,0.8810775822044271,0.43181356016841316,0.38910070805714275,-0.2476568131438931,0.8909428701889871,0.4234166982351756,0
0.19352140697324507,0.4314291198216632,-0.0008004493565839932,0.8803654150064493,0.079827321779393,0.8195502825699923,0.1408122373692927,1
0.061714235614216656,0.17320490083779194,0.5310418336918739,0.5635554967639856,0.7808172895173938,0.6921978736043753,0.4244713286217583,1
0.20651606936757635,0.2549783615008252,-0.07452280395826306,0.6082104282093537,0.038018637790378604,0.7887682352124367,-0.07077344133462629,1
0.08833972957835091,0.23763156650268147,0.5928665920463739,0.5742925666020229,0.7236969992966884,0.7123862684990049,0.41469708555502877,1
0.024498946909371443,0.7858571084112508,0.6963520996768148,0.3600871937866652,0.17100899655841326,0.9728718522252254,0.3213029782833067,0
-0.1859421582417234,-0.30241726679974024,0.32662653484309373,0.5768356649692647,1.3106975930060858,0.5985425203046,0.6707160476806999,1
0.08491085155400216,0.500734808198254,0.5709009460061701,0.4823466508055695,0.9616713845389023,1.114614848829011,0.4925859843754939,1
0.4162623598744634,-0.08185242463586156,-0.03875647073579107,-0.0691669326695884,-0.6301386134264216,0.48422600522578046,-0.606046366154937,1
0.028354455104306772,0.16181951377704906,0.6138023949506454,0.6077977512084288,0.6481002446423634,0.6279737834198269,0.32631124547857493,1
0.49468096199062805,0.3483760869289956,0.07478645175759123,0.6316670745913169,-0.2461396259164228,0.5284358801244173,0.4061532855106023,1
0.09561051845107804,0.2633691600624966,0.5848837841072821,0.5486706280833303,0.6913690196931117,0.7167478344186871,0.38934820273140697,1
0.3970359795085401,0.17537956613043099,0.5156409854912193,0.6266025774126754,0.425935207679486,0.7289928012047283,0.11959295186709362,1
0.2340438164850626,0.36430965649368185,0.5093946988675587,0.5174967488689003,0.5432216196669531,0.597688701391033,0.5457825642385252,1
0.1703775300530308,0.4912627283443321,0.7938370368376992,0.8163220177771384,0.6202960585570744,0.6715811985728893,0.2451207001857452,1
-0.23775394023515473,0.03772528266059347,0.48537427610869166,0.2914357806978606,0.38320909668964337,1.1023677429741459,0.1288268868835724,1
-0.3465379484935092,-0.3347200718348634,1.3133585930500487,1.2645646006947442,0.9956364119025365,0.21434702475012496,0.29149889320885203,1
0.10637772866833682,0.10374743543352305,0.5090179384595735,0.7683442076514218,0.728016667828898,0.7092965764313851,0.0850397757944436,1
0.7068744350328533,-0.005898219655118497,-0.16557770137590824,0.7143456549800717,0.2316526786659076,1.280759884433509,0.2251897024685628,1
0.3093151014729769,0.43519820289266,0.9985942810272793,0.8849381110974428,0.2887587250630736,1.0493706260729119,0.11107584087881872,1
0.10392341988342002,0.23976243447748163,0.5956573926520639,0.5726214441492412,0.7158646154605864,0.692375153219901,0.40998189102101085,1
-0.13133760746703665,0.16823323655827266,0.7033582855834347,0.33373599987011837,0.5372564926498978,1.014456011344852,0.3468765771951697,1
0.33211770760355946,0.2968287631238139,0.068278715538299,0.49087650318680176,0.11322475709425184,0.8879589767538981,0.03829270053433641,1
-0.01960341742002681,0.8330866438059344,0.6422652207935962,0.2763316414745872,0.2228734851707176,0.9561082198899217,0.2901820493140267,0
-0.016866361367432095,0.3509451637901465,0.45064187491368746,0.8478380563856736,0.36354305612671356,0.7720847884193031,0.08993596110157842,1
0.2189925785733109,-0.13139527534880507,-0.39545270814001865,0.39578775254494974,1.0888914451575988,-0.3162939516527532,0.4273065738323727,1
0.7704101405599935,0.5363876186251276,0.06601481387803548,0.3898538357538436,0.10081740131162621,1.2152493825004673,0.5027421546110913,1
0.04057278273081229,0.21323828839486067,0.4398888807128196,0.6228753142159761,0.9268531649198846,0.791515140225306,0.200870906725456,1
0.41036188427036707,0.19243277313207374,0.05811839800118373,0.5687607320281367,0.20254854192902155,0.9420857958313131,0.01281484034940189,1
0.3516546216403537,0.278459798183829,0.05627072825250908,0.45584216153883056,0.11503981664473918,0.9345443760858431,0.06844362562436215,1
0.6390053013270394,0.024479093488308422,0.27483604652888743,0.22289069385618573,0.7362012790960087,0.677083751276473,0.8921766232689735,0
0.286229855171638,0.17577443043911675,0.019434565042185385,0.510345782523226,0.03215604510209098,0.8455059759871081,0.12951314740420522,1
0.19172838483380134,0.4202681580412112,0.4994181875578969,0.42481460284813777,0.38687684151436696,0.6534183600381561,0.22302592874755708,1
0.10165762912572342,0.21079848664332101,0.5875669862347432,0.5439023002562449,0.6870080631897257,0.6904260784158521,0.41468038111559424,1
0.5103563807216899,0.4249016734468679,0.028341584656583093,0.4990885938975869,-0.033808910886112264,0.842329441543438,0.17079365587064949,1
1.1668931899872783,0.4316026289999173,-0.3340870337801967,1.2230571229933043,0.42423123132432805,1.1123555358378938,0.6110046636018723,1
0.2469752699293983,0.3782220749359482,0.21441888664381148,0.4922992467290933,-0.018348472000853294,0.9670405295082412,0.11794073800794433,1
0.10440706830775115,0.15953423605311634,0.6825680524006085,0.5176960367404753,0.5816070690398718,0.8095538350267133,0.43678197574614164,1
-0.2598474004872317,0.5628500212041558,0.5937191815976502,0.413729657459853,-0.10043305456221413,0.7015690049354115,0.24637434446225143,0
0.106206710351859,0.8927470672994768,0.6093903181692466,0.2515643500158706,0.2329695131331886,0.8434766437638058,0.24480198563199795,0
-0.1738184847060521,0.9869882690377476,0.48711164707965093,0.4414921665125712,0.2568463010194247,1.1081965282406108,0.34256220787262415,0
0.8571537952487583,0.18454664131552093,1.0462425719039945,0.3782120512247249,-0.09605139338705915,0.7900700283512996,-0.11756477562782597,1
0.3092033066311986,0.2513557995157438,0.028174968265776604,0.4656570665970537,0.09099313642600526,0.9253418488975428,0.11039555095701664,1
0.4497294130642522,0.6029321090074415,-0.20965073646599175,0.6198769521520143,0.6207893514235164,0.8891088185615444,0.289005781093971,1
-0.13719439179524306,0.6124786540538922,0.6073340788225207,0.18307449902785408,0.016161508864440483,0.8420785952002402,0.2854384097870642,0
0.09684142820533224,0.18048138107199654,0.6312307902484378,0.607519451388275,0.7470294260366579,0.7286459114403446,0.4516403561763541,1
-0.5649474526194215,-0.7090149372509273,1.4833049592186445,1.7559513121661317,0.011989936350519051,1.0410656187107163,-0.39310718243957604,1
-0.08719271151807764,0.3823437733828589,0.5143407364157105,0.4681000120758563,0.8014191729556366,0.8198007877405127,0.5980777591158145,1
0.11219818185325516,0.1335300418323994,0.627002730005118,0.6061127220717246,0.7588857811394765,0.6038772229868219,0.4575814450647187,1
-0.39095772875117635,-0.45228776821620065,0.27945212429190086,0.053610364336267424,0.5076461741748963,0.5179321480398468,0.5167398699137816,1
0.06401937460915624,0.23876273944178464,0.5838083425880437,0.5224145609161719,0.6969453925038699,0.6436427574002506,0.36185577918068085,1
-0.04913904996035601,0.39414279674416375,0.8069088645555905,0.3925418806420228,0.7723099505753657,0.5469656121911889,0.23962554355605012,1
0.12564596977564702,0.2663391163716986,0.6310016795716682,0.6028036344259282,0.7453901776820261,0.7423772144396922,0.45059008371069215,1
0.39766675194138107,0.2625118006879696,0.06348102041200449,0.5166378957913649,0.048949645933361596,0.9631496954801824,0.05085839912233508,1
0.3941953527898323,0.9786530825859443,-0.5843244860489168,0.4157482284785858,0.950262358489457,0.39442924645559263,0.575952902540199,1
0.1544786475182216,0.6245842759457154,0.09912086186513303,0.4019671983715998,0.526893765724373,0.5020400533669955,0.42225931988912496,1
-0.15213201214789998,-0.050570591803541065,0.5392963757424888,0.44127140305035945,0.9608574268375839,0.7750370721708609,0.5567795830214168,1
0.09537080127888778,0.22895091330367864,0.6039573617994453,0.5633494125793412,0.719719405969167,0.7034195060923211,0.41824766091353477,1
0.005442850205193561,0.8137469768893042,0.7056855684800436,0.328944823680415,0.14193311325973626,0.9709995268176083,0.33663775504566507,0
0.019638988235059676,0.4614895444628891,0.4164298301931162,0.38749758512577714,0.9724217462045285,0.3785138339383308,0.518704498822373,1
-0.1995567909259554,1.0469262454319055,0.4827846764557401,0.44905486705690567,-0.4270125352851767,0.7123296543144653,0.5495911328011509,0
0.08830358800386329,-0.1311121892481958,0.3889481415868351,0.45271235731937703,0.742833317935099,0.6038045800054461,0.32489645415331897,1
0.5682938110321955,0.08801937623368034,-0.08804612770966513,0.24477332981685493,0.27676150885565,0.8360361743575571,-0.06973345416828039,1
0.29593009203764153,0.3568960382500782,-0.03689852212486831,0.4117445330748738,0.1386549134986338,0.8304499399482875,0.05481316278412365,1
0.2985080574645167,0.33591117508374385,0.46259083140152746,0.6466875253198023,0.8846544672240528,0.9071121915295292,0.3408896456767866,1
0.19548552262284144,1.0760932012557785,0.7288703564700456,0.24471454127840075,-0.07533846514102047,1.0087611642580616,0.10531654204081378,0
-0.03941675725001989,0.1377523602687157,0.654186324344243,0.5925013426171406,0.579218901784237,0.7349549035400654,0.4072339680864299,1
0.03474156952163315,-0.1269882976601116,-0.2576869637353028,0.24157128778280715,0.4636176721167595,0.9310299195461332,0.5358624442190698,1
0.13102073537532666,0.20794403791579638,0.6128774958869301,0.5532877303123543,0.722486682312643,0.6945275266396974,0.44301672150422905,1
0.013451771950821922,0.18641455945916735,0.6792464897608993,0.5444239513027249,0.7677521816797411,0.9402255458343601,0.6044471843904671,1
0.1533773801546976,0.14499782075161732,0.45302607799122496,0.7010922741235216,1.0296070176602068,1.0078169181203351,0.6410745875852517,1
-0.10617298943346375,1.0987187073665612,0.7787605348614999,0.008066401805230772,0.0885191832116794,1.1464335964182197,0.31726456551517185,0
0.10873012774830894,1.0252883994830775,0.6108138945092207,0.16085116942501199,0.32717436422236224,1.0169804605793735,0.5022535438469277,0
0.08595325172391025,0.9175427261391836,0.8999232408384823,0.18873532865622797,0.4406525019189251,1.0535350474558238,0.6323792420615072,0
0.2625111615137046,0.06999524942046265,0.7009416911530787,0.5191458740824781,0.563244538456313,0.874311388529583,0.5165974208738691,1
0.43642711951694474,0.26035262271382587,-0.16585052898056388,0.5364912512432033,0.06144769170188953,0.8117571687516258,0.25093831058987115,1
-0.004169371900620392,0.8403751098851764,0.5812752040509317,0.37255006398969315,0.2767561429901583,1.108969890909196,0.31276543188422684,0
0.06371382609262856,0.7305415161181752,0.512059354923201,-0.11210937464090043,0.744720745898894,0.6890091805584396,0.07571094979515058,1
-0.10136476577984568,0.03344842179751695,0.4913716832176583,0.38400177210072106,0.5227175862761757,0.7175974952699715,0.6179377809949109,1
0.10233465959287102,0.2358736738324004,0.5725506809172323,0.532507702481632,0.7429304795089848,0.7191849956368558,0.40544645622541925,1
-0.1844215759898049,0.004422502014596319,0.4139815398614657,0.23428743930038148,0.5083525128702594,0.9873582635853093,0.7346458416671577,1
0.34056201951630793,0.2639783700461801,0.04347759408421176,0.4564349508803667,0.12701437211220087,0.9238230361734509,0.07665732934727358,1
0.04155778487456133,0.20984264861330854,0.592900906804001,0.6292332876010156,0.6409997565022307,0.6036895369807769,0.438230450464223,1
0.2696940848374198,0.534107632787026,0.716847568505611,0.0010676627367976477,-0.21387849858261127,0.8258782724697464,0.49785071961994865,0
0.6313891642407711,0.3345838460774582,0.6999051195095966,-0.20822701061750748,-0.22714919793293809,0.5335245496793246,0.19680942669000323,1
0.3654913335389997,0.24369915239342246,0.036059805253414054,0.47900493942866995,0.13153356710038336,0.9005652463168067,0.09482094193812321,1
0.10375205958857721,0.24236175776993216,0.5925656748155707,0.5715857419044287,0.7166707703004839,0.6964724889390704,0.4260303030346158,1
0.46770779402669427,0.1969147592633647,0.4701139727912622,0.5689913921696707,-0.28114473471236645,1.406566855793723,0.5341555232795653,1
-0.34947063868809713,0.9781527963777458,0.7787923549938067,-0.2447183174330173,-0.39046202159506826,1.014818911841473,0.11310721195870518,1
0.3382833727092689,0.28558820617354586,0.018948998289508,0.4668399604759089,0.15344867712189036,0.9431737736917835,0.05955687513792517,1
-0.0788442011707648,0.11560284304506002,0.6652197406217855,0.6931961531092705,0.6969969748233217,0.6454109107625299,0.46058391270407784,1
0.07253187777469193,0.2953659407432855,0.7033426664218752,0.46369635201216486,0.8249309378990661,0.5578441395842801,0.2924686956594822,1
0.009643975524186933,0.8142967254132277,0.6960175372523787,0.3395789700198481,0.16330431099512313,0.9637828984255449,0.339723222216707,0
0.15889922473078108,0.4120866207784636,0.04601282260650219,0.23942010144472725,0.23765130810107826,0.8310974149427226,1.2152067025140265,1
0.9147551147309012,0.3440361226824581,0.3492186572298318,0.23958023675427806,-0.38213929030851246,1.0314685911619794,0.6213380027996461,1
0.058225356091460956,0.6884798671423742,0.6998727216343688,0.22506608300673103,0.2902958077862679,0.8883149048857316,0.4356768022646225,0
0.4069108110239505,0.2860077357442661,0.0321553187559257,0.3874324054233018,0.006097800422186453,0.8814827478905943,-0.09197200170393699,1
-0.1201665796312183,0.9316539512247297,0.7933125823027706,0.41582996884177514,0.16921664810988285,1.0798190747495333,0.35182449941510974,0
0.10649140749778935,0.23199989501542376,0.5819946158727235,0.5737360386233783,0.6976465956512601,0.6828207509682037,0.4313225038198623,1
0.6295364210802927,0.021749740638975765,0.2738267367542769,0.21266031995106352,0.7211264971696338,0.6744067746591766,0.8916508048479411,0
0.8184509005142041,0.9151348729297909,-0.8539554526984219,0.8425556096490368,-0.48187601249362766,1.3145940609587898,-0.8428378813786891,1
-0.15053997696012064,1.0154746003127217,0.4788610448323013,0.263590966949549,0.13386355062018124,1.0978196961455842,0.5027395059333464,0
0.34890034030929606,0.3669994111025315,0.2726049718942125,0.5457725920655753,0.5632783629061111,0.5184771548281715,0.1246271627121108,1
0.12830216222991947,0.2232569909343455,0.6484613233974629,0.6196248431986574,0.7514424105481942,0.7267078975629938,0.48371066228852827,1
0.5172065844334383,-0.05220115539570419,-0.013491331666673621,0.3601528059582595,-0.1314188662798786,0.6844517353118867,-0.15812014207838337,1
0.42191520070296257,0.5071745674828958,-0.058383944866511314,0.5783095888996906,-0.1586071597052513,0.6033811064907095,0.27314741717803787,1
-0.009336178868915773,0.35413129534008336,0.7054788217772813,0.41462715235894887,0.8799358593065576,0.65065128694688,0.3006741437471736,1
0.0857486641702065,0.1818490533240152,0.7711783589376662,0.6809001372536858,0.5916423872633583,0.6822238836148143,0.2531446623420661,1
-0.10840816147698606,0.8994795168985732,0.05783172748850183,0.12026322365213432,0.4053389149012821,0.6776982268432573,-0.5410389520036956,1
0.0605812134124737,0.20962802375030035,0.3958573004350972,0.3365328701727312,0.5846182976849962,0.7672430717773872,0.4281827567001399,1
0.26854262057593176,0.04175934862865702,0.26969299448875905,0.35225269105979456,0.34669625619323874,0.6537771932429679,0.3188697764902273,1
0.37482350302511835,0.2880665350531382,-0.0373048602492672,0.5007410583995132,0.19397892363240313,0.8926712522024286,-0.014891856442999674,1
0.349961141078177,0.16826277672205636,-0.32233368866471557,0.6012082556397482,0.16375944818295232,1.0998006457048128,0.4602724158041053,1
-0.09812110387351342,0.2838412674892611,0.7694328625061793,0.37258945705923596,0.7194818494451155,0.864242828839713,0.39598806173720685,1
0.28921263637349837,0.17664191745055208,0.5644947754722266,0.7314599206325827,0.9199368680597162,0.7171136100020465,0.4244282501402218,1
0.04092185746531293,0.33004356595269324,0.46430544036370547,0.362218145799331,0.7573746472613162,0.6510441269395313,0.6041051294551532,1
-0.14693416443121096,1.1732057761741954,0.5795792170822229,0.23032051040202955,0.4430583577230222,0.8398650668422178,0.6999938690423098,0
0.036013724782537004,0.8867693373044796,0.7726792115520946,0.42634692656392964,0.1598369104353327,1.0227623102539003,0.3224085591013306,0
-0.2782393270079101,0.5956061003707274,0.6367071089270161,1.1740060249779798,0.09950397398667238,1.3829218620796664,-0.09220920571298782,1
0.053150734912565334,0.9159386481943863,0.630793691605426,0.27880105353170825,0.24134688423172454,1.0485966370097717,0.38586832220629746,0
0.3132337865291918,0.31853799514316355,0.025257410760672387,0.4159053800145275,0.08712103189306036,0.8912153398467959,0.052567446016706335,1
0.09302902698586021,0.13035976318651046,0.8077492139792369,0.679225669025619,0.9333811873887906,0.9689852705535424,0.37056893022526666,1
0.38561168074775315,-0.17000153503985616,0.7311588915953868,0.5773675033528746,-0.04913869815531402,0.7103914051155826,0.7734605936032697,1
-0.2880920232124041,-0.044409349351200056,0.19062464453859357,0.35534028377158133,0.6137283073080793,0.7675394624095884,0.02004348896033914,1
0.13231011234252413,-0.06501687972879605,0.20601592236814903,0.954925335646567,1.0122944529178504,0.41665048082792977,0.6025134987351032,1
-0.020657405918936778,0.032183273444839594,0.5090594128512681,0.2721415508704033,0.9084566989160258,0.7999074766203597,0.33997635202049525,1
0.18817200035035672,0.626655442919492,-0.9862094178000963,0.7379979693570544,-0.42194354592079,0.11146654273222933,-0.6313480610047267,1
-0.001153882440548648,0.12781870140275084,0.9374994852701034,0.6721402851481726,0.7176132066263203,1.0542999302077005,0.7868040732314379,1
-0.1749630967732998,0.25952476207622693,0.3197546805219391,0.08329484219998406,0.22215178352533443,0.372249145526301,0.16273830903816966,1
0.0156638882888714,0.26015772420762484,0.5430098956549088,0.5409426119591279,0.7519404979262655,0.7987824589458011,0.40535769404117306,1
0.3742964380585155,0.23722525939847977,0.026312890383811748,0.4290239138873077,0.10876770729780456,0.9041161290812143,0.04992902788455847,1
0.41465168203586594,0.11992061130362416,0.34494303964085155,0.06756206173394846,-0.04983034888295121,0.9122311427099573,0.08642707234401073,1
0.31376300614383335,0.2945651132424156,0.055272656051506025,0.4826776324790841,0.15921494406191064,0.9495820327631079,0.10690138477399762,1
-1.0211504182964508,-0.324911509419179,-0.1493569618655466,0.45255466710466447,1.6269440474272023,0.399339801325597,0.4520191564890218,1
0.11032694127910853,0.22495391630439465,0.5865227628430028,0.547801883380345,0.7045410501394124,0.7021031970644175,0.4264908966010232,1
0.004057666064584908,0.8011321202060973,0.7055459965627751,0.3393092096705526,0.15951011810657814,0.952363473590363,0.332697777784824,0
0.8748586548554955,0.6583366319041677,0.09681725429092142,0.05087612354737553,-0.11240442946626455,1.4441659495311026,-0.1476142839258388,1
-0.19553684979797867,0.723616314125935,0.5972701744400511,0.5977342578223634,-0.08111470044736474,0.8771212236923189,0.3329790757331871,0
0.32933723315783514,0.6748051075949253,-0.16687205684656242,0.11180190010644064,-0.24271472683371725,0.8915961018455866,0.07747015580657789,1
0.4610212698796876,0.2377261108358127,0.09650340647999414,0.4104276287798685,0.09585251714788567,0.9996708849986771,0.10391600733868975,1
-0.021682183275313786,0.8128673516399378,0.6524457190642375,0.31860550727512005,0.11997854601467536,0.969902580041491,0.3762730222505993,0
0.05184197389655258,0.6172266691686573,0.38566738718487387,-0.03949666030492338,0.09924841131325679,1.1665703667257823,-0.0012028810948314095,1
-0.028531200054770445,0.16470006890903124,0.4869954804498553,0.3587855942818179,0.48974720544785044,0.9204795444573777,0.6869796417507772,1
0.5863232497348974,0.09938595072711946,0.2833380884986098,0.17389234511299212,0.7341426142253232,0.777176928323743,0.8261265780031634,0
0.34791836114320834,0.9560394851091782,-0.4683395869666278,0.41758846400216737,0.39244445275795226,1.174833736063143,-0.5183903594581456,1
0.5295813918911586,0.6969864888593802,-1.1699597704693798,2.050544731504671,-1.0640533957022802,1.6011396657873347,0.5598593744141123,1
0.013615981901075491,0.9798095312296562,0.21035560928536676,0.5354167695591631,-0.05838259654255992,0.756469751595839,-0.35942269472657384,1
-0.03359955406278109,0.0479605549017596,0.5525239614126741,0.7730469835109118,0.8856939131327679,0.9177091846465191,0.6129163570426808,1
0.04987397677794464,0.30448694082866884,0.347419968020287,0.10077619134215227,0.4881563076917351,0.6303965665133797,0.34188514785641805,1
0.062435659660218405,0.8479688653058886,0.6895928348043737,0.34189889897314474,0.16739707749105226,0.9937502378185855,0.28138612543288494,0
0.7417525011396485,0.5408714972578745,-0.4020375470130604,-0.08226193819775873,-0.38550553519144215,1.4067137088469033,-0.5001646775379461,1
0.34761648428063285,0.264818719869786,0.042414563737504955,0.46118684306245694,0.12187926741516583,0.9229250722240372,0.07950911107372531,1
0.4407811306354786,0.053912928685206724,0.1219418719703074,0.7195811193628971,0.4733094043861138,1.0214781336994538,0.06720568853663522,1
0.8474659884891251,0.1548654849100222,0.9458244942414316,1.167396682220848,0.8558243227283004,1.4751003196257277,0.6481895278197679,1
-0.26008901881996505,-0.08023240828659772,1.0421394858154198,0.7630101663150972,0.0463908182563649,1.5718101502448465,-1.129416090381596,1
0.4472537244458432,-0.04492357627328575,-0.2983799157553716,0.3139661866061356,0.38245569643787497,1.2413342725422292,-0.21197772763394818,1
0.20257158568843828,0.5697718620594288,0.5566778634967946,0.3100018246318573,0.04385466369992422,0.8075984701222293,0.25044250915307625,0
0.012348510094009946,0.504190239635254,0.338136072262421,0.39525965512559863,1.0087135212073404,0.982517130645173,0.49706259300311306,1
0.16812267305348585,0.9078002117183003,0.6684619728434649,0.26946004230561627,0.16480988204562497,0.7740714627198715,0.3049413934009084,0
0.014301378692636396,0.30143465487362714,0.5959960069452621,0.5274341184730744,0.6883087311118842,0.5983296383943545,0.32587217990247885,1
0.26596861974837466,0.45404816266395776,0.8182086971604423,0.3302148213486106,0.9811117141186014,0.8993393247339176,0.21989557760700637,1
0.01654281157159479,0.1159897140835215,0.6590861676293697,0.6874754412086567,0.8332869038798966,0.8232527382515918,0.4577847708209273,1
0.22162968204132938,0.1749660850229825,0.6342299163239609,0.46337796303067225,0.8610286289190066,0.8159686114214102,0.43661019637356147,1
-0.03962088868704039,-0.08264541280291376,0.047516311765708634,0.3898008089924486,0.0006281880675677587,0.7944256798118371,0.4112677954215219,1
0.14661856696180725,0.1910640183840864,0.6647575155412034,0.5651904015343423,0.7740599966998885,0.7281221672860589,0.35802985721038155,1
-0.05987633620498939,-0.14088859890058164,0.16368979438580106,0.40809258425720346,-0.26328633363891585,0.9248609517913893,0.10331015740007156,1
0.32345701190379134,0.19939608185960767,0.09188943178192335,0.5302467350985341,0.08491192197550686,0.9169702988794779,0.15339457716198934,1
0.2079682014692731,0.31673069747369176,0.35868770227236224,0.4218672817483965,0.1469518375027898,0.814917670327201,0.3498549439134879,1
-0.49764960247067336,0.2183081580862621,0.8728885189978777,0.0765943306928934,0.6507836663899788,0.4468751389883359,0.6442972648863314,1
0.07171902898730376,0.3933142452914851,0.1592946079802196,0.7996842984075381,0.29815086528923895,1.4502747469908195,-0.17863468433994834,1
0.3260892291570585,0.2563745104889475,0.047736804819079236,0.48428334452497396,0.12186380267032386,0.9474584608114311,0.10466390859489991,1
0.1210151227327001,0.22479793580226745,0.6369910108988114,0.5947095999644918,0.7431663722496682,0.6750668402887087,0.460788118774469,1
0.11244240255871542,0.18032031089489337,0.6447564630250527,0.5443686420646588,0.6800870039276866,0.7540188217773609,0.427426940874448,1
0.17621873534709953,0.7706717372517379,0.9641035440326302,0.052201561826255516,0.09851622255652873,0.9967429429971164,0.09884312847785362,0
0.450131161449654,0.25779451066660886,0.054691228467503364,0.36871988217309015,0.08641437171224381,1.032185530785159,0.07252640299126453,1
0.1574399929429735,0.3008125379935794,0.6537901532189815,0.5879362816127434,0.6842501093771551,0.6858779120050966,0.4298280824739094,1
-0.05868790705488852,0.80971953271115,0.7156841444950316,0.3646667830119071,0.1582060538384846,1.0048190351738275,0.31912137801412493,0
0.24369532953916473,1.1544296700927459,0.040047145959489945,-0.03724789089951308,-0.03797498971365609,1.7472720180637706,-0.36179424261485604,1
-0.17125435454527665,0.386750337864675,0.7009911609176727,0.8315855680240825,0.8819891238358175,0.8791324956067195,0.5764208837178553,1
0.2934036037655049,0.23880935114387702,-0.006310186780205097,0.46928847830463505,0.07305137891947713,0.8678079797530684,0.023506227565512648,1
0.2632844083562612,0.2612117220656507,0.5760767566115043,0.46745826077949204,0.7122216789356406,0.5864835108462055,0.46001749474819603,1
-0.02202439463611792,0.7734955064658694,0.7821792969777979,0.44185545056628406,0.1632971994231829,1.061912161632176,0.29988788936644467,0
0.11126285688098436,-0.1399438769152851,0.18056469908661077,-0.02255804013543855,0.13976470512184744,1.4276423451792444,-0.19482954941536146,1
0.20370660835558807,0.18783922125948999,0.8141459035849855,0.5979853421954364,0.9351310201697228,0.4561856889214151,0.17361760093754466,1
0.04397255705189834,-0.10073098538726544,0.555494225399707,0.12772589862930056,0.581082641874532,0.23963951669621608,-0.3600673609470591,1
0.36641573643945197,0.5837940357894984,0.7115171922214264,1.0245062112504795,0.7577564523356991,0.39424485050104424,0.39093686592446847,1
0.02809784605698641,0.3009721357140841,0.5796715230367159,0.5030696722828017,0.713885920161819,0.6338369545338162,0.4310273410480928,1
0.4667842142331744,-0.11165015789954891,-0.2407103303266913,1.0300373029404724,-0.17531635565295212,1.4363324731378984,0.7296410777777583,1
0.032713320720830594,0.2579713057441154,0.5537252918175718,0.6111622311029898,0.6831395488348007,0.7592986467946076,0.3986437309119707,1
0.09903414757121295,0.24073644212346207,0.6059315083570834,0.574663893936357,0.7229427290965884,0.7001279541129322,0.4333869262359552,1
0.9788708274533954,0.9771146589511547,-0.09471378878098441,0.590584735152077,0.196917890102487,0.7409269389083394,-0.5646380295833033,1
0.3401205191484424,0.08605266401683398,0.9314707244680835,0.679972944461573,0.7516691420250604,0.7792198303891342,0.6393838645472201,1
0.0458403723970241,0.2042954415205866,0.5742527278357032,0.501234431521716,0.6756406082309413,0.7053743864110767,0.44579200659184315,1
0.01515140656819881,0.8179474928560617,0.7015003719885875,0.36974998364423595,0.11069031572892236,0.9029725901684331,0.3934633019442167,0
0.10684257692061837,0.933810727474755,0.7882350779322789,0.41602393226832973,0.14196767669342028,1.1012233501481543,0.1817305441073656,0
0.7669512233861477,0.5434761544092812,0.0650361713052011,1.127438208574048,-0.18040781440487813,0.5440097302705105,0.9321111917214543,1
0.05622310407768417,0.14656085397970398,0.540676081071959,0.5058522615421457,0.6899238902135534,0.7626346750278695,0.499014526915719,1
0.11105527387616371,0.8836010264637797,0.60011659898069,0.5196316391624433,0.2906825802678891,0.7976587443296541,0.19399942366974265,0
0.09480298886394924,0.2438982333276125,0.6234311412370624,0.5065726343546727,0.6591719377855721,0.6477281252467023,0.4883490996150691,1
0.3204716827357227,0.4680085967156077,0.7515589914097851,0.2919622187652753,0.5930034648324822,0.8810310252531273,0.5230776838823821,1
0.10718483648264318,0.6610445930352757,0.5484381247582275,0.341719632051952,0.22782816498311406,0.8373921565021384,0.14049048673676953,0
0.24131924622437523,0.447276004651413,-0.2397601051542269,0.5678637875054654,-0.09779725822654708,0.9914334615926594,-0.1571401860731328,1
0.10846525893792247,0.37152694663727137,0.5613496099166132,0.6163493091988437,0.6984612524795412,0.8558030888641771,0.32509141155443827,1
0.35314267241531766,0.4153699263399664,-0.21028796872023492,0.44165388421636365,0.8121797113103626,1.160652000103216,0.5668459492947343,1
0.021452310507663504,0.8293884296974084,0.7381011871672888,0.12714053005815842,0.22039949845285117,0.8619391719628245,0.3738913914220903,0
0.16784473064872701,0.3148179082703427,0.865690928873619,0.6749495717712878,1.0202482633406824,0.8031044726272007,0.7685313837542389,1
0.023251582966020617,-0.06824276248413758,0.7566571258912079,0.2845848857584264,1.0033675679603578,0.9488087196713831,0.0793615093040273,1
0.40285151170978845,0.3484586974886,0.13892135155420554,0.48773811151083146,-0.022398879039541353,0.8200625231159708,0.011773933479901438,1
0.1552478275943982,0.18473585300155507,0.5502549770449718,0.5134851779537589,0.7828798710853972,0.7448174700225524,0.3751920094953285,1
0.27124676956510924,-0.03161277890776171,0.7224033519913413,0.31060056204912107,0.4825534450010929,0.814321885584693,0.14534040818253807,1
0.1728947088501649,0.1663745230446167,0.7155279278650235,0.4969971387932087,0.6816468825128658,0.7019609724472844,0.536934808854987,1
0.586581870292151,0.08165701025349548,-0.2095209343213426,0.17427120189137385,0.031098435936829608,1.1364282699133212,0.05938511839804142,1
-0.08256941673460136,0.1979240586600548,0.6123827251544196,0.6163395439211852,1.0064914694891192,0.3984961111713868,0.21084440083919617,1
0.17218361853675454,0.16406032624788291,0.8082344513803478,0.4759936324640887,0.4854708496059882,0.8975982529066754,0.12801211236010207,1
-0.002981694479413502,0.166911363232927,0.6473358749569051,0.5352524633143374,0.8329154502735109,0.5789606459915441,0.4177200669668499,1
0.09940087570290143,0.22508978654524453,0.6198294505263273,0.565230725385733,0.7386524173401998,0.6946886391286575,0.40731021681360785,1
0.12538158159542392,0.202718379955991,0.6623164194193001,0.4979391341140256,0.7532614783464688,0.7498192634593992,0.36159425505609893,1
0.03258171401105599,0.8743267897047209,0.5727318880850142,0.44745712256850967,0.12527052108727604,0.8630440866415688,0.4118524024965299,0
0.23097125424594545,0.6708852074656513,-0.42070563404061023,0.39072999437481876,0.48238424529232243,0.9195876244615854,-0.050355370989581066,1
0.352413615308243,0.4286485240815315,0.227536563039355,0.39780813178428887,0.09023045656148139,0.695872831048889,-0.14702837966289434,1
0.2420010590262223,0.5081995352656637,0.7758850689898907,0.5618994561520705,0.5026365723055489,0.8885373227452398,0.7576893537137446,1
0.3301934194913578,0.1315542842023309,0.9988293086097582,-0.06810348642308894,1.1216374778436127,0.034276898514031595,0.889948848893958,1
-0.05337236126168978,0.7936759897429718,0.6537177221670035,0.2686468808181082,0.1814061546098896,0.9790026342802499,0.271218610523219,0
0.1637622388451031,0.5044660907906664,-0.18625688124127382,0.20530682112582138,0.18140036950269428,1.1114039885798883,0.25692192242032386,1
-0.07887527651417643,0.6443536018339711,0.6861033544367539,0.4691319344418443,0.16606998941785794,1.0952080752168034,0.2778624854286039,0
-0.17675638283562767,0.6461012589838209,-0.54452461061572,0.5710806245180338,0.4656835834406193,0.6358834877293884,1.4089497348317521,1
0.4041624747349925,0.5152372779529302,0.3916577630494857,0.5506892391350277,0.31307221593930523,1.0680953920487388,1.0085946077331704,1
1.2461844261746458,1.1730012254359337,-0.7113583261962937,0.9173178835784397,0.013876160303856314,0.9912452958607315,0.16872487834554933,1
0.449041823772434,0.04492361469413381,0.31295595960431233,0.5151514290064371,0.18984970961555406,1.2762704959637612,0.007565473273832599,1
0.0011918796943618387,0.2248007887823145,0.4127294334536752,0.4029739273237488,0.6588606413835065,0.8474572402812223,0.5721409882084719,1
0.29442513242420826,0.3322818361347474,0.7111242251294764,0.7432259504807432,0.6311873600463485,0.6184754654569328,0.35743241116846386,1
0.3165819068374366,0.25391697861071577,-0.0506551887061661,0.5293471894781315,0.06037678623020397,0.9598373713983199,0.01897009916974149,1
-0.10969253275159924,0.8443947985876289,0.803303095931681,0.344608853155315,0.04858783485291972,0.9479528446876917,0.4010877551744486,0
0.40893884409655945,-0.20935556108049957,-0.3922117307626054,0.9889193511924667,0.14140780382382623,0.27173859959780766,0.4949590361951529,1
-0.11122764530136703,0.41249926078970056,0.32442789043914383,0.6693016848614362,-0.2237290110327324,0.5852826877508517,-0.8141417975051696,1
-0.18524518742140939,-0.13643051984466714,0.9527961948483341,0.6900941878392401,0.9041063829750391,1.0151658985011196,0.14837018999240126,1
0.044992555634565445,0.5007020093204898,-0.3384009040735322,0.7702707059342756,0.4496259193467236,0.6629174747620589,-0.12793588596430094,1
0.14655893272889223,0.25679939516319755,0.5562859541701695,0.5357225821340086,0.737125061771682,0.7441417558754365,0.48010974604352014,1
0.34774658883688286,0.2557440186947453,0.041822618984067146,0.4645009128888867,0.12847755917123904,0.9263831583497782,0.0824639150506742,1
-0.09917132532232106,0.04435179855119606,0.45316831585558837,0.5352461464623337,0.7395780468901328,0.6568555609526618,0.2609411506043082,1
0.34373939948070825,0.2689495482291088,0.03988489990935435,0.46373864106023643,0.12226280504722449,0.9214260089694208,0.08254490757343498,1
-0.6779857334230661,0.6594795836287,-0.933810018459512,1.2433512982976442,0.17974986545613408,0.7195409254643785,0.4632922084090756,1
0.2676202826123034,0.4372912954923306,-0.11071148857166019,0.6927332017119702,0.12815074037151533,1.1500305926303216,0.3021580880503427,1
0.3736511217510822,0.10528102531361336,-0.20137014820168717,0.5265049888692791,-0.007973416096038327,1.039166510662218,0.23722064914522994,1
0.04320384185910381,0.6460627352460626,0.8144671432850975,0.23629272939809945,0.305314709481715,0.8498641152615147,0.2691963948117347,0
0.39215541289578115,0.18510656341784243,-0.005892153015789631,0.4167376550785557,0.01106112201768679,0.8921809093122572,0.2626858854200099,1
-0.04497416289738626,0.22883707695092848,-0.33896709417120785,0.11505415184658524,0.4455458658717183,0.9343257713253477,0.313253940730461,1
0.06406080999751737,0.23726380658022586,0.6344049563839503,0.5189187316922792,0.7726176589074552,0.6945080955717601,0.4476399244794563,1
0.03481058236357687,0.3781753924443303,0.3591338117050449,0.699809006564797,0.5848566784925713,0.3619791854731091,0.7563242300156783,1
-0.05552028500719619,0.0867790433644541,0.6921361893641911,0.6819008825048957,0.7168810045173992,0.8639809153161546,0.4692476835104821,1
-0.2516563222402024,1.1874405616223926,0.8752592820712426,0.26241120045598604,0.25235104164099803,1.0850404784690626,0.06608541444129107,0
-0.16512718047708907,0.38825887105609647,0.22334841668201777,0.4224623179011382,0.7616959210455149,0.8050643826808515,0.22256551938148544,1
0.48408272191039325,0.14564525183195087,-0.006822069014355586,0.8460931779502059,0.32055109406045934,0.6301961145810273,-0.05132186965254745,1
0.6764004303989078,-0.03967771987019737,0.14633892286390232,0.3218434512252416,0.8454422934655644,0.811699246449402,0.9108701975334242,0
0.29683373716805367,0.3223482370440135,-0.11994324614939472,0.4522833823496783,0.05743446144812886,0.8432698851952078,0.20024802827305996,1
0.20708539498720852,0.350057700967487,0.6191067004715635,0.6111748956782777,0.7312503737395302,0.6272054250855211,0.309954700881636,1
0.7384634392793885,0.3814141890480919,-0.13768595924310378,0.5281013220862311,0.6117202628478262,0.4825308905718572,0.06437833024845424,1
-0.003758594600951976,0.7568779954236433,0.7201221981954569,0.3978627562680135,0.22612747835984176,0.9185527562033476,0.23929977165811855,0
0.13732843532188968,0.35408349048595117,0.44617069176129753,0.5218176620756831,0.7696182232467016,0.671910609491834,0.40347389529206834,1
0.2078809733173269,0.7168397330120999,0.9179857317115111,0.7580714478920975,0.46471988121805763,1.1658863415236285,0.185625235526265,0
-0.20177664339278675,0.9197476068111531,0.9868415333029155,0.23474355719414366,0.3760941763875234,1.2151338754688548,0.19415971913931346,0
0.11826524944117292,0.8399854100614237,0.7028575022273594,0.40805074345063413,0.17863305097777837,1.036455386855861,0.3392632459339182,0
0.06185316417277514,0.13262728345726593,0.5032625537328602,0.6366853335073872,0.7508613114131952,0.6747232290479147,0.5999208003866207,1
0.08797609248944728,0.11118465498966221,0.40213640871014567,0.6391724042103883,0.5863648906044808,0.8504400755023168,0.5637956703304401,1
-0.04779886404550682,0.7180624976364107,0.7200301747429176,0.305573276817921,0.10875398720364017,0.9508627115203807,0.4077487400995998,0
0.18873498092693114,0.16454035595803654,0.6175991784235634,0.5713733840730278,0.7899703000926619,0.8058781922411418,0.39983763068742856,1
0.37980680721183724,0.2080320982497985,0.9943038730951574,0.9719515180101093,0.5243217851174434,1.0626917504714046,-0.031125225969873827,1
0.15140626727802828,0.13787156900593123,0.7403392462871432,0.6634796985609903,0.5703640806355683,0.7761589326791549,0.6332689106851828,1
0.03693896608750999,0.2870138488923358,0.5514168184302182,0.5538116268377392,0.770357233600227,0.6785735932397131,0.3858144974774193,1
0.8277532887261769,1.6074193856125736,-0.9276626075554544,0.8156893115905123,-0.7886620140477815,1.1624327140306219,-0.1254250245121584,1
0.03942953022479842,0.8042729067494119,0.6528722908401634,0.30956004387487734,0.15698603148671006,0.969401218415765,0.38525643160909784,0
0.09843936605112175,0.659061630750705,0.9666469647230282,0.16781355615465698,0.5743959818333486,0.818110595356446,0.5286300519406092,1
0.0009385712515768974,-0.23257927452944804,0.9959344232298655,0.52011337500247,0.19585155094440077,0.14529767098423185,0.49057364453496716,1
-0.05958168980349063,-0.04502386691563831,0.6720361810521965,0.4265131084687527,0.5548779058044161,0.6418361823996729,0.15592016212014387,1
0.5474289457067445,0.47344174346773316,0.12694918620437137,0.5729402907573733,-0.03520103416804832,1.2405533195742016,0.42365302298204893,1
0.1629774506129555,0.9366200863719422,0.5752033460229602,0.18590729403228778,0.1754648785465145,0.8294090730616004,0.46036694204851386,0
0.04710779286698232,0.19813723230936758,0.5994084345258952,0.5160233671136888,0.7208104248997638,0.6548646784969577,0.46077038768410394,1
0.2462992276894622,0.25873599456069163,0.6597973646164655,0.6206489830486801,0.7424388718295049,0.6431633809657047,0.497324318504304,1
0.13817600517041564,0.9562452820282075,0.7024762080100155,0.2396359656506978,0.2818928861522043,0.945058351897962,0.31628350616263246,0
0.22410241196438796,0.014462877402901475,0.8158791971207989,-0.31229267715083275,-0.07555795393747083,0.2949094141032068,0.8502609744027187,1
0.20912088469159978,0.1578151779148706,0.5446756905398629,0.48845829848883227,0.8078948446069663,0.7106458102179983,0.3650884588217479,1
0.7975590301908616,0.960007717212017,-0.012823392993476901,1.0709817143547231,1.2513218347921673,1.1337298155458568,1.183054678956389,1
0.05965672913190572,0.09045616239449106,0.8750597241596312,0.765853162953192,0.5712584025766502,0.35301342831501936,0.6533504302938455,1
0.6428699364136725,-0.4081306063305158,-0.6472210514765367,-0.3918607333525923,-0.5124014470043673,1.6353591094551254,-0.7504435440756262,1
0.5381250815560177,0.5185391159424035,-0.10898736172151383,0.9221890613934332,-0.2293834971979095,1.340586075453032,-0.24719010720357287,1
-0.31097105079098314,0.8723403250351975,0.5349777954791662,0.916170830463896,0.5938665749252003,0.9664829832403565,0.6741307824203475,0
0.4236205945322431,0.2253034492014266,0.04828566431072078,0.4901312973975926,0.07960726194560275,0.9863428788114138,0.0756613270909081,1
-0.03374557268569317,0.5410940105829588,0.3921258970236388,0.8879895335925474,0.708167961619303,0.9480819161551395,0.7256731595984718,1
0.11991002769157677,0.24627746983082138,0.5900646457801083,0.552852000139594,0.7762701161230856,0.7721341288907474,0.35729728334520566,1
0.13998878918358146,0.22625793579334974,0.5908301491824189,0.5753034832330377,0.7095198587417695,0.7442085961115414,0.3851571709540183,1
0.03868338527538957,0.5871512352769317,0.35096249436987215,0.3534810169680451,0.35506404035890243,1.2725009977819695,0.5919726689720273,0
0.12467058685562737,0.637819717945644,0.4022351412063767,0.5210052252279536,0.3626486187750493,0.553877432410171,0.6547548092111628,1
0.07536224057147804,0.614621052967257,0.27739431213636406,0.573110135671806,0.5255651558026251,0.6279959889551572,0.7255016869890216,1
0.1050263777428089,0.3748196757691775,0.7444143425969656,0.510105620928973,0.8876728033836554,0.804922569278212,0.42896702810260834,1
0.1095383581922223,0.23544782222473545,0.6194937813633218,0.577812971150236,0.7210687263769427,0.7207548726900298,0.3960038838714414,1
-0.4214809621189035,0.9255011266612471,0.7941089299905878,0.45956001293003357,0.16034124397119184,0.9691342615684269,0.18761079030074929,0
1.136185671045543,0.01721534327768221,0.8737379273116146,-0.3003655275872773,0.9001630732830936,0.4507227635898426,0.34875322162929445,0
-0.07553194547076858,0.3807111773579852,0.4087890441464995,1.008550943331179,0.5961647964300649,1.0907867371225,0.8126814705023768,1
0.5613165465596417,0.03296522333197505,0.25922240054578677,0.11398787957622189,0.7786221690587282,0.7762120392711671,1.0095708140838295,0
0.44514876372003664,0.36004198689149003,-0.03519576995744168,0.4612708381216624,0.039536312770831736,0.8316193320512204,0.013897170658241961,1
0.08551366077242316,0.33598762787257663,0.6515973176792643,0.5976174625794057,0.603389335131839,0.6444350306506407,0.6104767286001025,1
-0.046242023385629466,0.41117531170447086,0.7010197456106279,0.6144599407540919,0.6424240699573072,0.5888939061848372,0.1275243482584847,1
0.06500177963896842,0.8023333648964411,0.6786943236747022,0.3290425293699482,0.14217508172041377,0.9851452874931139,0.3381603812822713,0
0.14133553279754413,0.567036145814375,0.2279425997022883,0.35214567566008287,0.7810913080589983,0.3278682842951314,0.43199712686663905,1
0.5792660392137989,0.01853175259915804,0.8223854439932051,0.3750840294803194,0.44309798145564716,0.24046698900291225,0.4278575924095935,1
0.10757950620901079,-0.04510081988195214,0.8331495145186327,1.0131930677425618,0.3911356626787655,0.44717978131737723,0.4693327274630985,1
0.08199010334776484,0.8669728039638972,0.6154847099521432,0.33972470348196343,0.21346745976056195,0.7658234496185825,0.5184079815823823,0
1.2031397505626014,0.5435423418538539,0.9143053137818755,-0.2620444817791897,-0.18588207123452394,0.9002142304066233,0.18790281139381776,1
-0.5398047775671563,-0.4025248367579146,1.086072970598294,-0.029237480300518648,0.1720541872172826,1.3429796623120576,0.3334135028946218,1
0.15271073407405125,0.5721553613080228,0.1794544904535749,0.7267312645041096,0.4683714455096991,0.7188334649277572,-0.15168856243504983,1
0.5559714496218717,-0.0076477920238693375,0.37308175543271055,0.5422357967437169,0.4370383737287999,0.8212486120465174,-0.28290188483399015,1
-0.19925808937699585,0.6805794161498067,0.7306196056806282,-0.20408948581611575,0.7504910715808812,0.3957550220693108,-0.06250977900476876,1
0.2941042413320658,-0.2980256275209914,0.8872415054473166,0.32398507900764356,1.1524608358277213,0.5494803042364818,0.3041903542112786,1
0.8293787962837103,0.10716096885436058,-0.34976007252246666,0.5326985809498793,-0.4432086774032886,0.4726867424581492,0.1492980365602309,1
-0.07132870346655765,-0.15941798489772074,0.3232798592106944,0.7689238603212039,0.9293080529179426,0.3164704021557383,-0.1328160605483033,1
0.818540292396952,0.53177891682606,-0.13776160140086624,0.3362911006949549,0.5360765927035558,0.8833590503226493,0.05376555133302909,1
-0.13381193867036584,0.007704502395250612,0.5237581441240899,0.441509291356378,1.0553374257050983,0.9861052963395314,0.26792238988059347,1
0.6779513412075021,-0.07000318901395358,0.28726460868909076,0.2690978697673055,0.8975063841245592,0.5494333502994814,0.22785125294362277,1
0.21116242730771823,0.13961179542792163,0.6646367465616299,0.6783772484999937,0.5388118522157495,0.9908632781476039,0.6744686772833943,1
-0.002642286368770081,0.8308986975374587,0.659551791698824,0.35133154790673093,0.1017588607718038,1.0242741866935898,0.26090294638574923,0
-0.7187855579497814,0.4208182658147646,0.5530070992621512,0.08881231422366909,1.3362450465295812,0.1648885667779011,-0.1668552111021634,1
0.3885133879033948,-0.04352922575557594,0.7623982662001854,0.6528521234351451,1.0438811581486458,0.628984985494369,0.6779321018537594,1
0.3475376907355335,0.2656592980393388,0.04515212098536415,0.455338669289123,0.12448776547590217,0.9241649101693434,0.08266718999061314,1
-0.380372072990563,0.22970457971477132,1.0139570605509463,1.0998529210040062,1.2079805312648428,0.6632765475726207,0.5901581338163633,1
0.0925130054991899,0.1702424872509538,0.5064209593895468,0.6615542210134082,0.5714582197730657,0.7082784999578476,0.535569088674188,1
0.42252430500140137,-0.1655150153599792,0.23408034786155707,0.6282034528675623,0.2165508577983879,0.7583631188961872,0.04687229903394214,1
0.19667560091648573,0.5117844226289786,0.5258576411348524,0.5595414162321868,-0.09636767056689116,1.05639671027567,0.4927043191894912,0
0.16880442237189588,0.27889217938914684,0.3968127960279816,-0.0032239406055396547,0.4787851307425523,0.6027666601992421,0.4696224406595719,1
-0.4228584191207033,-0.45227279052166913,-0.6498947942911459,0.9545710138968323,-0.6924179614313191,1.5384073067893673,0.5164040309831794,1
-0.0004501432628635964,0.7900343019285289,0.7048759969595432,0.3577858069458391,0.1655697981716783,0.9711985587600747,0.3518973408862728,0
0.2451349716957624,0.34390110760664805,-0.04709754081297246,0.4697304563739751,0.22001219179848333,0.9740766853277832,-0.027361255078873853,1
-0.07689487855296456,0.8375917027146208,0.6209964912291598,0.25840107782591737,0.1747222246215479,1.0355002323690026,0.3199784428883986,0
0.06657522725628576,0.8559420032680745,0.11282320335938517,1.0506294187761747,0.3061781768211305,0.40404815736064636,0.5922107403622209,1
-0.0135921142200153,0.31654876961096035,0.5300604943843967,0.5822133624264423,0.6006748877796175,0.5975795215032118,0.25649446904927153,1
0.20192092755667318,0.12216861077930166,0.3420409241806981,0.754525426465705,0.4672709032373457,0.8287741114262326,-0.2819573446153607,1
0.15163972304523737,0.07331884808799705,0.6056619892141848,0.6232188457934701,0.8144441083442485,0.7870244521539796,0.36618042301658654,1
0.2424087185596965,0.2176616911295719,-0.058699426138653574,0.5842620561495687,0.22352536950766871,0.9511883654072681,-0.06771651676644863,1
0.02110553077064141,0.029708306670871737,0.9155796038233918,0.1895127896946851,1.0996103525497734,0.5666947161363283,0.2580069655131826,1
0.08203091902536393,0.24686154718320893,0.5912327540289191,0.5486222233101252,0.7290036999468323,0.6946713527112415,0.4318696167931005,1
0.2767081046232631,-0.025478507406259898,0.38508824594967705,0.5599603995862181,0.8654669234455603,0.9099413410607398,0.40014620227751263,1
0.1382826970071454,0.2230254738335831,0.553620228912766,0.42231297919730004,0.7101013040643864,0.813475975141664,0.4885037283914579,1
0.2068239006591923,0.08500715743179396,0.038670596713289936,0.44905542270094856,-0.008591109354615711,1.060945488301014,-0.018869319811566893,1
0.0397064033321329,0.2457233297389203,0.5531266243415622,0.5877005386841354,0.7134576637236368,0.7410793095256051,0.3975282483290952,1
-0.012725701176644719,0.5030558139988635,0.24924151209345646,0.762265800071952,1.1553023197012886,0.659138007352491,0.07365770500411528,1
0.04922760949373859,0.6916410085458262,0.7789502319487853,0.30882039339901757,0.12548534810090303,0.9089882163118126,0.293879967708473,0
-0.009699729260125595,0.8458163081507888,0.7276758291583599,0.36272805121677143,0.13398911490220533,0.9493473042148871,0.3566482618228752,0
0.27463810081034207,0.9473334864079821,0.48583356983005177,0.56041880634272,-0.014071691376746298,0.907543753682215,0.11618960165350692,0
0.0831559397300008,0.2592576426698883,0.6366567206746686,0.5996101365391406,0.7128052102346663,0.6665170520158703,0.3795131901890502,1
0.3596313482815688,-0.1647113385861944,0.16502848140483323,0.6265068864474109,0.2426070664775798,0.824419505520991,0.11426845681346287,1
-0.22221843622500023,0.9841837313432582,0.520855733291463,0.3062484810203615,0.44506620709257644,0.6708841481434583,0.07735988329790233,0
0.17246257992920128,0.7513195829288337,1.102796942519136,0.31246100020665085,0.11676792218157395,0.7095009201921413,0.11290587891933918,0
-0.03729617643075553,0.7037808734035987,0.6139342927121116,0.4627118332657766,0.22856634179530297,0.8876172242216456,0.24417424234493673,0
0.13734152857563822,-0.003259285583499638,0.0351184705505785,0.15773530496299099,0.3603193203457371,0.5813046984239687,-0.18069851355894812,1
0.27807333807370704,-0.16695402053513325,-0.32902184008575114,0.8919838502087369,0.5184894131329225,0.49183208737316586,0.05962935295962758,1
0.1624453663856607,0.17268517918483947,0.5623851651806293,0.45430435614504083,0.7104098485718603,0.6507115005751225,0.493804187410132,1
0.12609542280837932,0.04015037541663735,0.6838940985464631,0.484004354078613,0.5784784284639182,0.5636916337248715,0.16405547863828374,1
0.28611583963211623,0.4687742827468591,0.5749809544194773,0.6503749045881587,0.510901177228545,0.8528598390396587,0.6768085349052502,1
0.08131990591722199,0.24080381867295064,0.6053287168761572,0.5407098876958005,0.7372115606516121,0.713396725864007,0.42237598219042594,1
0.09495687691299931,0.6952372207109316,0.6860343757074456,0.3176470660591182,0.25107395341255934,0.9371861788043041,0.34933318540625674,0
0.05291991821704218,0.7961197638188251,0.601286261851036,0.3692281956496158,0.08482813671999367,0.8657369275480308,0.26409548914824443,0
0.2578088975798016,0.4273912813042787,-0.07823762286961036,0.534826029504397,0.24569733723264456,1.0808720918078056,0.15397028033675159,1
-0.3561432624220705,0.846945079243978,0.4946498099563289,0.46659708850548703,0.5823978018661914,1.13688668491374,0.052313952318539005,1
0.1923215712411655,0.7481406889568462,0.13675959467066612,0.6365699719548686,0.8132390847171477,0.48381996209391975,-0.20679163450772287,1
-0.32769194107743604,0.6928227193195943,0.6816776100131495,0.5234460610288587,0.10783122236312617,0.9622959102482675,0.12868309028549402,0
0.24115970831273872,0.3714405417716272,-0.007464316092822554,0.5895231241527905,-0.037910711179511,1.0304170247735123,0.029847578791533193,1
0.99608258415639,-0.03712927757785622,-0.9312493252870762,-0.4933657246142381,0.001752424963656879,2.0239462974529445,0.8632926875690791,1
0.048192790885827674,0.25085720676166245,0.6898180141911077,0.6373646974342057,0.7985041258963429,0.6449320972664595,0.49280961371899906,1
0.07210193223273605,0.6537673393200979,0.6870521676910756,0.2998644094987239,-0.024218356197615365,1.1014728155995526,0.3703949805449667,0
0.37900355943243075,0.3724976332240968,0.2891134841335318,0.6634154909507516,0.4172430674420056,1.130606124271674,0.11335239306588332,1
0.38637374915014283,0.015751166293327956,0.7738929847502357,0.2696528968534913,0.44065470305142196,0.27060977777814105,0.5241552723148775,1
-0.15348456881068298,0.27840011975959444,0.22850167255231035,0.3691872879935234,0.6803770601586073,0.9116522286987432,0.10643785973012332,1
0.359862594774085,0.7483368393684391,0.8357449851849279,0.1434357742119339,0.22817675319942798,1.2216947549991324,0.12848940707121828,0
0.38456981518157374,0.2718838333424996,0.09269707083434532,0.4370933329857322,0.058190195508150674,0.8396067829619845,0.039294827674465314,1
0.26653478428976113,0.16872165132617,0.12416468886041386,0.6151216889497461,-0.034937784802277716,1.0576707969016268,0.18052518994445735,1
0.5630291407749193,-0.009126257762483186,1.0809772274584029,0.3313823718944577,1.200498315983431,0.9755890688679147,0.48122489354417297,1
0.3767750038680801,0.2740082804137291,-0.15931538187085179,0.2515779732569573,0.025009857746154357,1.1031847562041566,0.048212090870336566,1
0.023348284892447627,0.8739527158146635,0.7163170012229977,0.3515120227740065,0.09087531383488585,0.9523163516234714,0.2701816631702784,0
0.36803946875417093,0.3185461603402304,0.09334910674609999,0.513510916208889,0.1873837154780364,0.9274520945255819,0.05065698104745825,1
0.10183378721767106,0.2483583216807546,0.5845965590251719,0.5533782277193545,0.7387355316516315,0.6886992395382279,0.43629116866912326,1
0.03837924155259393,0.6971984217277899,0.6403271746900974,0.29274837599359915,0.1786263948253374,0.915085854471743,0.3105047149945537,0
0.28957193409222015,0.21666667345323826,0.12411969302010151,0.4100981391986829,0.06649919150811523,0.8789520845969431,0.021464720137864678,1
0.10845396867305217,0.2415186944587184,0.6271003284093979,0.46280929201243787,0.5489071646248895,0.5742891303484269,0.2605105162146558,1
0.12471670061994226,0.15644143656739695,0.5508378718250243,0.45291533601006456,0.6439762186328231,0.8073383516916879,0.32536315931830456,1
0.2998750657208272,0.8836300793488799,-0.1103772097955765,0.40575613446201986,0.45818226943453766,0.969324406720842,0.5803724173332758,1
0.24641814392361655,0.17883695128976795,0.6436907425702724,0.465644416333809,0.8647050871278459,0.6087937396018634,0.2702945958476798,1
0.21153241706215165,0.2685115363145947,0.7531608881062403,0.9540115194436407,0.4431239846100799,0.44246977548897826,0.5879486769081508,1
0.2873891759045818,0.8747073780744559,-0.32737856235986806,0.9538335902311139,0.2473326716811025,1.1780495779348257,0.5472662241770383,1
0.3782878331302069,0.4327390938025243,-0.06812813617822461,0.5947452248715962,-0.02368451841259475,0.7288373693709154,0.05897767739570528,1
-0.0378760538076246,0.6613415012734255,0.8741944063780364,0.23855450469634998,0.19104260236549903,0.9865522681295495,0.4136774184386614,0
0.2976036738124014,0.2705962119696952,0.33181266194386494,0.724339244573083,0.9003977997814365,0.8787039587287817,0.5007832845202576,1
0.041126605009747866,0.1820138556770183,0.5401080848924026,0.5589021317770739,0.7930442479022108,0.6215853593170955,0.48382680654583066,1
0.12982406957304962,0.6600470306959301,0.5905079417079537,0.45891872433631375,0.20173698025868286,1.1541602540327205,0.573955662459353,0
0.059415499365827656,0.7103350270573314,0.7697703744080308,0.2994822853648592,0.06299289844787946,1.0051813281885735,0.3359330781770348,0
-0.011110393223344811,0.5794881086685063,0.7295999585324524,0.6875659992201624,0.14106172069241124,1.0843333959173358,0.6137933688972308,0
0.7591781757989249,0.2567665281065124,0.07584592534358037,0.4372205978475462,1.120169119370048,0.6095940698904312,0.36667865474796724,1
0.09541402073512195,0.6569949616836549,0.45931537247863186,0.20738779591563306,0.9505236388462126,0.14690104766925338,0.172163781447662,1
0.4166353658824965,0.4012477954330239,-0.20135318922999693,0.46591183594419827,0.0863935410436587,1.2396518300676134,0.03459898315750626,1
0.15666940560993678,0.21431999775063174,0.6259432866573458,0.6128918259264582,0.7760361038854118,0.7557840792166699,0.4926210408866324,1
0.25288740162086804,0.503889170395972,-0.11388318521244706,0.23234543849081038,0.12099146038260968,0.9038604077739458,-0.12332082041649403,1
0.35337277345289436,0.265456197945961,0.053031455320998705,0.4785087361209172,0.15233964064255448,0.9130618694127365,0.07674846451995228,1
0.282927492192676,0.4106283302693231,-0.058246592870109526,0.32513239785803705,0.32861321296098683,0.7765855325583775,0.19646607041202885,1
-0.07607768902685857,0.9326297241816506,0.776139411963424,0.6130106029033091,-0.12294076606376247,1.1361866677839798,0.2680744573633481,0
0.31389569742002504,0.23559235077663204,0.04969172811530949,0.4714925774138124,0.10187527636490365,0.8906151153380222,0.10313391201855641,1
-0.20349340353315626,-0.13453513297111308,0.24669549759738088,0.012548957021846885,0.5136297526232505,0.7717424049642454,0.6205690710679487,1
-0.12376249606698675,-0.005289272128496725,-0.41446769059076094,0.4663596487403964,0.4524499115162533,1.279108611314849,-0.2593799374384369,1
0.43164556159453527,-0.08146976800237443,-0.22402258005348197,0.4737067513480004,0.3376774949695365,1.1956825813595577,0.189742159625641,1
0.07729015683320134,0.19865840232261034,0.5971527234959688,0.5364148812830106,0.6880529546222581,0.7002085921686874,0.4365291445494164,1
0.023990563678227023,0.31731093505958774,0.5888585671695424,0.5395336524304227,0.7676410945675395,0.7740826762437661,0.4769886982160908,1
0.2034342665429824,0.6118499470289284,0.8317888020164498,0.1356303422385792,0.3857195045156294,1.1816249846290279,0.48580729327822414,0
0.1287673475239924,0.19133314516221336,0.6379434809346037,0.5410216090131027,0.7786130415171435,0.7359175375020233,0.3575674460948167,1
0.03475761836286684,0.5854603626669151,0.24551115558718722,0.6063326213403318,0.3013508580291002,0.9889798916159059,-0.07766216706597337,1
0.09207752427268487,0.23056189532903856,0.6028395391720374,0.5612612621896075,0.7142210703479123,0.7018431641059218,0.42034853416350837,1
0.0737532268922401,0.22977441092656212,0.6407941489778661,0.5811346422616854,0.687686870643616,0.695250984853293,0.47967426622375575,1
0.20142020418251635,0.16747655758351887,0.013290336370394052,0.6068489876171109,0.03204382893613504,0.8934924229890125,-0.059296578152799095,1
-0.034760490225387325,0.3843133772436467,0.7963203351940474,0.25683814532497745,0.8673514594783455,0.8375976979785495,0.6919201743103702,1
0.23136902026756412,0.9276613989759103,0.6250658550569848,0.19891169796590716,0.3513748107874042,0.8803549616715719,0.07843992736075661,0
0.21993460693904024,0.42532037016546725,0.6969491407777088,0.40296646659385504,0.6990816546305504,0.4794037794345512,0.665145498441583,1
-0.10056733243288055,0.10277162883441684,0.6088618568013813,0.8899455346734431,0.4213700699185011,0.811689204290315,0.6181241015822889,1
0.4441066405316216,0.10029457807062014,-0.13263591901343572,0.3459016856356748,0.3582655135274481,0.8992227950132071,0.010980127380569318,1
0.1885202646536968,0.2819380913668666,0.5902196310895056,0.7779337098400867,0.5060846633684515,0.48096463980742615,0.5593776522987166,1
0.5873285733008029,1.296310366313766,0.658949663043877,1.3022025384263256,-0.6716619061287682,0.5748091170275383,-0.3129371832234386,1
-0.3974052177327484,0.955946702375741,-0.25056361935409566,0.4537861573092594,0.9429135041597825,0.9369631732073348,0.6158341151585549,1
-0.09788625490894565,0.3769444308455989,0.35740500987384716,0.8096271232163343,0.40787981638882165,0.47199152891844504,0.8056418044974218,1
-0.015006520384307886,0.8949997976512175,0.6700092068754403,0.19133262559724434,0.3565319641013162,1.044626956362757,0.4451415775298989,0
0.09919106547594321,0.9253001439322192,0.6922402977124787,0.19710051365517794,0.2602036207924976,0.7344245860284301,0.5084843028792094,0
0.38692068383802697,0.10242318857684699,0.32826814732258836,0.5279016258346061,0.8973058512688284,0.42249576374861814,0.5622699463365215,1
-0.5183630169492024,0.5979923293513327,0.5467157638671145,0.05447319420298019,-0.26956363513038845,0.9576266697870796,0.36233417219585046,0
0.0429991169387752,0.7266830979450768,0.803427961574545,0.19353790937269166,-0.02371084124419437,0.7418883135614381,0.324919720549095,0
0.715422966432812,0.3072260549788922,-0.48276198209010934,0.5723221450794216,-0.2800689474808468,0.415638678677826,0.2398808217967233,1
0.11850157018742866,-0.08511253278992853,-0.307074166063981,-0.02421315667891122,0.6673695547782743,0.7156605918685303,0.6098119477971353,1
0.3231853011154061,0.252967712313196,0.03224758762601411,0.4731479333061372,0.09769378846872442,0.9192735683520439,0.06381274489044253,1
0.017076145222176212,0.832005770526758,0.7582977111063793,0.33766198375333073,0.14398633262872787,1.0361147406453093,0.4094851711993885,0
0.2609060809246021,0.4487565088748163,0.5669070688385512,0.750201211857032,0.7286815414121063,0.8379870338355203,0.4912748780146825,1
-0.0074677024867776665,-0.009956070178620352,0.7818099536003869,0.3897530918161939,1.052930534953174,0.8207178082813202,0.6560569559931138,1
0.00870189844805917,0.8026808342478634,0.6948300922282848,0.34786544263249,0.1616419863825491,0.9500213738641651,0.32713887688471055,0
-0.04960476020622175,0.8162977526433502,0.7712132310276351,0.29194478298359594,0.06822655339315509,0.921669060071557,0.265756492226915,0
0.14677742713739117,0.45518180568462374,0.5404551793638989,0.6330562140020448,0.6791386021348881,0.8750227204039658,0.7567038851910094,1
0.2184025921891592,0.34401118093410227,0.6090062580370392,0.6232934875651182,0.7079050522327953,0.7801921127903798,0.4945662766412395,1
-0.24371306357894235,1.1019753839359543,0.9088012660350034,0.4512324680082109,-0.060221699518493266,0.9234401945471287,0.4138028859293092,0
-0.04947169967438761,0.6055645126164686,0.3415964024113966,0.6443327540136196,0.5465147672641676,0.6215911906490909,0.08014496716524522,1
-0.09889157130666665,0.8201451601152498,-0.5822361790216669,0.5598362019061283,-0.37741343776284453,0.5926768753171022,-0.3232535420109911,1
0.5860571793026466,0.4181689945783198,-0.08534068528186217,0.6178971483553387,-0.10692275328244777,1.5243441303720746,-0.8542392472559976,1
0.005778986021126475,0.18771424768691028,0.8177758483310558,0.8163553475061383,0.5538042156095623,0.9972659452092217,0.13604562038764928,1
-0.37167354940411684,0.66619794864091,0.47181410353775255,0.3149396398133087,0.7880193677563727,0.4550078545651558,0.31543711634607885,1
0.17060953919176963,0.41532545840437385,0.9646520169264001,0.3562954419044154,1.0405872584668965,0.7715711627749442,0.04510309766166215,1
-0.2489618449826041,0.6642466450959627,0.0813119169522103,0.20893859998061326,0.5410091616059547,0.1103223069245729,0.7808274896020044,1
0.04562594747171641,0.19850283281330539,0.543149020546753,0.54229414594433,0.7370280707015989,0.6444510505978416,0.39046284102676265,1
0.18943580375355032,0.24559630152820583,0.5185392632620814,0.5646298268436183,0.6668633831070888,0.7118250896967597,0.333483114328439,1
0.11680480837551407,0.2848709450649784,0.6719274776697118,0.5439759094071264,0.6998695988607068,0.6807701018777077,0.5056769900096367,1
0.5026044476440314,0.120014663545782,0.4443826640922516,0.30850474933454064,0.87178245819277,0.6144230623702231,0.7905919834099405,0
0.25863198067247184,0.1071677565956077,0.44470543352257186,0.5397442211315521,0.8663716887302336,0.5719520059429152,0.25391683227128775,1
0.9123735120547806,0.6914653429240563,0.16152197621064235,0.3655893570448508,0.13878709743062084,1.1416100846804864,0.37228100532380914,1
0.03518990860034919,0.03401352953414044,1.2893484361898686,-0.11984359859636351,0.16485250798690243,0.5735924970403778,-0.09770942727666332,1
0.005830575239230742,0.8092433171221469,0.7102488877692114,0.31902208055565245,0.1416329453796667,0.9695891861909791,0.35822832567538543,0
0.07632955233071484,0.2164969445906696,0.5864358903989562,0.5747495530571439,0.7341883360950461,0.7194697391417264,0.4594644172046099,1
-0.16809921647654857,0.2702686922085594,0.1585216087913009,0.9345885302732828,1.1202017830939555,1.0169371478888052,1.2410842035472798,1
-0.06312950821141572,0.8504153423473337,0.7879820622670015,0.2437843987980686,0.05600160405754889,0.9565594345747417,0.3180855314362592,0
0.27213015832331505,0.43104988371580283,0.6827157596739873,0.7279158894458574,0.7415818153000805,0.587898996449737,0.6110329299251025,1
0.2614951838984696,0.3930732219273223,-0.05359723201875835,0.49313646285497387,0.22393981956563735,0.7877197764814537,-0.05491359171696006,1
0.6419190032935072,0.015385010696267624,0.28514812543025225,0.2266604547206508,0.7207100281805324,0.667551618772961,0.9204551640398866,0
0.4676378347467214,0.039596762966946863,0.5341023323097875,0.9411196686605015,0.4286262881053253,1.3479280587228142,0.07622175017730762,1
0.12296233948130185,0.26398444584873626,0.6572424196090247,0.4998057700807088,0.662649347877436,0.6367281695280546,0.4243668026127861,1
0.0892061536669837,-0.05387643860769742,0.1949293368449814,0.449640284511865,0.4605183076237119,0.855162658470411,-0.15712668392156667,1
0.10013393291335591,0.24911202384042075,0.6120845959660774,0.5645479008544848,0.6994571908768871,0.7063833440113596,0.4031501251582479,1
0.356307979535767,0.10854617066965855,0.6468651925164488,0.45990615905891885,0.46730776918711125,0.45457353578681686,0.7258433766098077,1
0.2808594062258723,0.051493449869702196,-0.7743589228614384,-0.8690865150356106,0.5654543585716343,1.7560491473025637,1.1464644107839002,1
0.088704016575789,0.29024924874633906,0.5089278802634177,0.5298172984764905,0.6517978230813442,0.616344001778427,0.38103582096732247,1
-0.007039398850498965,0.1469125507884242,0.7678250298014507,0.6174711878106428,0.6067380416128473,0.5407633518623493,0.22223610014865589,1
0.13339117168030779,0.9218715923013336,0.8747194595741571,0.5540731754297281,-0.04082885169205236,0.7949240079665844,0.3608136856796116,0
0.5347453303753306,0.3344591196473802,-0.054822370217814,-0.03330030892045671,0.922894683658347,0.5135208765824542,1.1033129703370916,0
0.20365648771324807,0.5644904678811744,0.744842707920842,0.5127526269286564,1.1284585714690716,1.0643044823223629,0.022763567988724587,1
0.2047005941337421,0.31745335496126964,-0.41757379432150715,-0.22021068965204882,-0.8570000282535356,0.41103232069209295,0.9562165491363164,1
0.12794092472203056,0.6770726066604784,0.6129891893642633,0.35606523856707534,0.26052039164626306,1.0208987260802544,0.30846179722881406,0
0.6967499156119792,0.04348673458398701,0.2120377968921081,0.09869258045096253,0.7301010499257161,0.6792737501229988,1.012307923074744,0
0.4959255215066386,-0.16635209896028424,0.4395990895393118,0.4205344865170578,-0.20899978975572664,0.6142170245508191,0.06169246354127442,1
-0.09767424598110208,-0.011613964462568571,0.9134820150021901,0.007356825578779536,0.1612503574006781,0.7388527185696068,0.2881601591396038,1
0.17818737537901783,0.11842801286995452,0.6182535596946289,0.49068906608744123,0.6639282669009844,0.6428036110286293,0.4788083847023858,1
0.13775674699352222,0.005580284296537452,0.44235469093459256,0.3566851343232058,0.5866358381527214,0.7669142251096768,0.5235919975199659,1
-0.02945045561419675,0.2643932314042026,0.6339340731263419,0.7021348974235635,0.5923573809097521,0.8025841643408843,0.4430862099466048,1
0.2745763551264449,0.23776086442914968,0.04031781289457166,0.40687061634930133,0.11540027987279872,0.9758707070374336,0.011335971340963383,1
0.19849184069219195,0.18984664546220598,0.47626752941789563,0.5208405321635886,0.6928766301338508,0.7220529717859132,0.3227543693039236,1
0.014716906913282937,0.3279948380846346,0.3817731020069794,0.43023037199692404,0.8186500667533229,0.5517192715433138,0.382437856396311,1
0.6786438415269966,-0.26409880127074403,0.25281990243661445,0.056623904993155894,0.24964566777463107,1.2997824676060517,-0.23287541107038479,1
0.06998449937794377,1.143494005766947,0.7110978554549087,0.5279127612270235,-0.041202897337046185,0.5568495717268763,-0.06355262544933715,0
0.07208523620286478,1.1337785403012783,-0.8944023839719928,0.5862099750372306,-0.7868836983543553,1.8520383363882758,-0.6989913001623888,1
0.36446688531538884,0.27608227462381774,-0.028088339732222495,0.4966210531186109,0.06887567469650058,0.8653414889221618,0.10358798082814177,1
0.18569076049692657,0.17798205054889965,0.5103403752909861,0.5417815846658703,0.6932209409143218,0.7176087293030693,0.4744735706145655,1
0.30197866041627974,0.6802613977020895,0.8928131120001812,0.4942994633063219,0.002906552823563502,1.0520479155546485,0.666083939309998,0
-0.0610559205827383,0.8393037282425239,0.7345159322106809,0.457657927726301,0.02670390294120742,0.9367393501599942,0.2480331066158572,0
0.278666346209243,0.27695090325692406,-0.03299164048809507,0.4320770107355635,0.19912482745422122,0.8867197329234656,0.03015087186025108,1
0.2988643218766166,0.7212912736854157,0.050010199997487494,0.8761455331703489,0.38275257627880427,1.2527975533636917,-0.24869034139489454,1
0.2153268864538524,-0.14868393532910423,0.8640913324889354,0.9088091437118175,0.4897514515214394,0.7238793008560496,0.32638597311684664,1
-0.01751444844205172,0.8264030859428078,0.6685737035229806,0.34937461400259506,0.17698597379015304,0.9818462868549019,0.33162203351853853,0
-0.008396682268059646,0.03638672400845003,0.45511241572976446,0.7339145339990376,0.8910927649522324,0.8489570853701783,0.5849484360081733,1
0.32880389583146663,0.23154813124521503,0.10485156758662817,0.42905449050722105,0.08333108418955408,0.9228002690472698,0.08655267318081993,1
-0.0017186374476502835,0.776528442167832,0.7348204751700557,0.33163611591526954,0.17653819684073657,0.9903480343437886,0.35040336656796345,0
-0.14899615711751135,0.5617107209155183,0.06866057489726662,0.7206764023695285,0.5571258400652408,1.1548603220426845,0.2686526769390476,1
-0.057017252413821995,0.7542980691552372,0.6355818040890912,0.43917865523260496,0.16463442998486044,1.0617565019349773,0.36136568542337943,0
0.11943530923326663,0.24999544194640272,0.6200998648961304,0.5759418843278769,0.7324251967192934,0.7162356538178236,0.43240977716191686,1
0.5308855916867082,0.07704513626498599,-0.03700486110311746,0.24579947060145704,0.2762585930711084,0.8190436865214273,0.06430573374894691,1
0.46964645408126515,0.5561581589017544,-0.31600369151613056,-0.05133294629213314,-0.2439150342071265,1.4576920078632254,0.6112914346655692,1
-0.15460649597201875,0.6220353556957211,0.8723785325020934,0.43654930946343884,-0.003482871772852586,1.1469643251490629,0.3660105224077035,0
-0.005847579673564154,0.24198780166829062,0.43500635364735213,0.6283900513554898,1.0455965022476614,0.4725761399184149,0.161111668390372,1
0.04429623573841712,0.1868928682394261,-0.11780781844300656,0.573710675831291,-0.13871823851755516,0.78425400697712,0.22645023906725456,1
0.597388702494694,0.14112604991525152,0.03851463406474351,0.4357763343438487,0.0691201434325729,1.1957820802899564,0.012201036489520214,1
-0.12001652929293208,0.04289958625591886,0.700336860184661,0.9172750719820344,0.802044949660866,0.8416588450345224,0.767245505491736,1
0.4234944289116831,0.7439306876891052,0.3691019015922542,0.8641264770861486,-0.1349019656731021,0.6729125778674774,0.22352756326315934,1
-0.1013522634396988,0.49522669615005394,1.1890876060349238,0.7510930418182802,0.1273735038964905,0.6412888363894995,0.2767356124592074,1
-0.332969286212795,0.7223437677569104,0.5466350870213792,0.6973311661586614,1.1901745269833661,0.9007200772986304,0.11506806474339198,1
0.10993799811679396,0.4788174724495708,0.44969383092339593,0.645877225577734,0.35457306715182324,0.5424668904053154,0.2556947762234132,1
-0.22456741802867364,-0.4690690038018389,0.6432573787959519,0.30074098679618066,-0.14465053873257455,1.0192358991749142,0.05327395652909219,1
-0.0813056362026196,0.22039638967802816,0.4125213176055176,0.29685657502497137,0.9021673871510276,0.7807509499646149,0.6761138597575416,1
-0.13088083029047515,0.3183479603244662,0.4969750684250406,0.6579035145598292,0.5215134749225656,0.9107898150893541,0.2960936641086724,1
1.0330325681703814,-0.38320700919487166,0.583845547179879,0.32124759201457065,1.0630353045344707,0.8359850360266318,0.6686499066319267,0
-0.07214137455353872,0.10862829323652774,0.47449600090070354,0.7958578500621325,0.613867975753463,0.46189176522839404,0.630792244306916,1
0.4887062348527976,0.22172849049426033,-0.1414722833887593,0.4238131479334853,0.2580547795702245,0.7887206482898682,0.1967965165639542,1
0.6103001154822485,0.3543551560267804,-0.0044734555050634645,0.43016032601037557,0.4461791865890585,1.0645909584395714,-0.1160404253120273,1
-0.16856225597723162,0.8746611084797276,0.8480580286634364,0.16976618103827998,0.2891980563666974,1.0898233328232292,0.46991046020883687,0
0.5475944088678337,0.08037484606031184,0.25283953840017803,0.5467293000832569,-0.07732573458277475,0.9873399655039973,-0.06483445561575357,1
-0.22361412868562713,-0.09332678950494855,0.5253618400305499,0.50790715271189,0.5661406707740056,0.6328504382487161,0.29715429648681374,1
-0.0015262598702575625,0.5691971029668752,0.1388789569152339,0.4052850212219943,-0.10249771526060411,1.2110119163210493,-0.11669581143353844,1
-0.23790356360647283,0.6735191919936586,0.564106906804955,0.3415898203146795,-0.11093287824852888,0.8070367348508323,0.5119296875705477,0
-0.12514944930035876,0.8162856240022647,0.004224243777974403,0.4953711743474343,-0.40862367896909557,0.6870156439053645,-0.2556101573491212,1
-0.03428948915808261,0.9179298183696806,0.7443720014558486,0.3903652644997316,0.10645438849036326,0.9436775688068247,0.24030929909193,0
-0.21993131186260634,1.279146378582099,0.8973966207321655,0.3556833057843993,0.6312196388990916,0.4793130660571975,0.06490516690406267,0
0.28532535909331896,0.20288137859434482,0.1514265916365053,0.5747269749434538,0.2030182517246163,0.9844971572113806,0.11509115669936495,1
-0.33999463598949076,0.8474784031403337,0.4073954086375449,-0.0581144164618943,0.3966081802887147,1.0804840584029813,0.43694844081743206,0
0.3289764415938185,0.23902792509484982,0.06425806784695229,0.4413109598511421,0.0838129217865862,0.929239255340602,0.056113897391354056,1
0.2157690240719583,0.05366120659098342,-0.5414458910002756,0.5027602247170573,-0.21547850706553112,0.6624763243364299,-0.4716053622853673,1
0.21442753481926954,0.419442613899896,0.6727452327999174,0.6189671944638737,0.7529175191724041,0.7245959095156315,0.2969222448223529,1
0.17515093681425406,0.533747865473551,0.9528709198550971,0.3421058153347746,0.40833784984386895,0.5417783547916319,0.17861064260807577,1
0.3614894792766906,0.2535382995456443,0.004072825559343379,0.49906612648067217,0.1549612480788115,0.8999225598510395,0.03632587737466596,1
-0.4516138595109749,1.289018672861992,0.17680299083684303,0.3575498081862292,-0.07936799002059605,0.673653983132243,0.17152376140462156,0
0.11623514728177893,0.9179430242642039,0.553506187277969,0.4759965548691838,0.07548192738168712,0.9204180735784188,0.5096583766228688,0
0.05855252673764595,0.20905833680743155,0.5846977678840407,0.509628470213145,0.6683435055094639,0.7333444534476294,0.4613164193683773,1
0.08961306604180205,0.22714972175907439,0.5854662356134334,0.5540268128970378,0.7107724677880044,0.6954762609867912,0.407238228663194,1
0.10298812391397974,-0.09681552533145138,0.7727911719773741,0.9237229853926281,-0.19240264576154442,0.1670154925133851,-0.1555425944276,1
0.014778024898986216,0.8515654598226621,0.3670858336520698,0.26944589874174646,-0.34428764472759704,0.9047535496699017,0.4438425228299638,0
-0.274983505117178,0.5853027021112066,0.8548488447667653,0.11855504930140981,-0.024908118901580262,0.9919294131896212,0.5651278013727464,0
0.07901485590875523,0.9733668486341023,0.89003232404876,0.8110234276602103,0.695579182995278,0.7406668724846531,0.207368780431587,0
0.4483421540290956,0.2259195872645227,0.10985009384429559,0.44006873558390935,0.050263774311579454,0.7823937692076007,0.03544303571775356,1
0.34149983517746324,0.26700179795679074,0.04454689883843125,0.4618839299433681,0.12469128193925441,0.9261942119582901,0.0750463712749262,1
0.32748625329485803,0.14375596942418212,0.12817035636445862,0.5436413372778689,0.009991870073008488,1.0203057426540016,0.11711443217574916,1
0.10600980844273894,0.5155802620754533,0.745026065097897,0.35222341194601114,0.5726560338190354,0.6927330748836337,0.19625327537769033,1
0.09410424417526721,0.7736192550391703,0.5792168738580457,0.48696480086157484,0.3152861705032788,1.03346352264527,0.2353459819614696,0
0.045148967714301845,0.871197688355428,0.6906117653621445,0.25813626177058563,0.15437830072537376,0.904153169739508,0.41177339338095087,0
0.4502223843450839,0.07293594039726237,-0.11116141713775621,0.17509616975004372,0.35873428405716584,0.7826980762196855,0.3628629743338822,1
-0.09800620770265889,1.0289401696033602,0.235528615949432,-0.11563123632642125,0.8654112840453735,1.1609675489193862,0.9353292835530326,1
-0.05344590448671271,0.8684128060087107,1.0935427443257362,0.10000008241825992,0.2699452192599622,0.6999511857797742,0.737835390302874,0
0.3483685689248255,0.1877024292065463,0.08368919645834282,0.5775592457253896,0.06652066917560412,1.0455403724447685,0.04640015740789326,1
0.07964337124539402,0.253906233404983,0.6180983096240689,0.5543115875502076,0.7205935066052582,0.7141642949851162,0.39804472766136395,1
0.32441276224955434,0.2965373109182014,0.027395118596825294,0.4378143556888281,0.09733510674496255,0.8939081262681423,0.09450594559414228,1
-0.33279180607796804,0.0449809041626901,0.6700307482067082,0.7803508893719056,1.0096273871574237,0.700176200773997,0.23664628715001168,1
0.019538883087299674,0.20132550750557734,-0.2756747931375995,0.21104784864891715,0.37800236239713425,1.2046562812884705,-0.03905509742348803,1
0.0024194638106380135,0.9620372346446597,0.5990098712905119,0.19759973663683586,0.10034767183882654,1.136351145900733,0.1633655817500674,0
0.09643914612509387,0.3859951514206502,0.47507248049187334,0.462609541185506,0.6178233899009715,0.5513527215923918,0.2905763735588245,1
0.25679891291292484,0.048452834179528004,1.1263548018082288,0.47733736119795883,0.8844849533528025,0.5528738586348508,0.7803640390595336,1
0.1479151324862066,0.12629607642401816,0.4439153055967803,0.5711936441669977,0.9056225803373559,0.6868928179251284,0.5095861865399829,1
0.13757942468405848,0.1462800917820852,0.5590532022177997,0.5576349586845644,0.7463344134843671,0.6809697958969081,0.45619802617491934,1
0.022251722335055898,0.7155715925872157,0.7606557403529859,0.4077841614018867,0.24537968346857608,1.0563442743654565,0.22580319819115116,0
0.17828706072739492,1.065732950199423,0.5571754673411029,0.2684900184850966,-0.05937754090455105,1.016313449958379,0.4019421909028001,0
-0.1709179190909072,0.855324813153283,0.44736226462044554,0.12484352242100322,-0.057333300769961376,0.8116360033790816,0.5822332931914078,0
0.2457298028965567,0.5361093778171624,0.27859521733184317,0.8886312669186169,0.5810995946364224,0.7038465188105675,0.30363674448252276,1
-0.028687748567840593,0.15351422315989277,0.6276810215359967,0.9007454801783186,0.6028286585056982,0.7224051195101435,0.3852602815831809,1
0.03976464742642241,-0.09356141527363027,0.43361058930052954,0.39733036105204467,0.5525242019242582,0.6102275021611965,0.5537223971597065,1
0.3590803925509238,0.29421010384862994,0.050235074358920176,0.559269944191173,0.12661972581480144,0.9824288844774978,0.09234338954365956,1
0.10072427607341583,0.23592691567013127,0.5977089138150431,0.559055768818584,0.7170810569269198,0.6972268718841265,0.4133348185766981,1
0.17781375475681527,0.2740818979989358,0.590026788695017,0.5401926900400184,0.7087754573453475,0.6377439134234647,0.4844468293436517,1
0.3452476526004383,0.27340207008898987,0.03871567546967058,0.46489089895572544,0.12031165954012561,0.9169290045277464,0.0712491740612678,1
-0.005503148830377488,0.15889782711415124,0.4983487203033843,0.2244733452084393,0.35789677877904585,1.0490044592216037,0.4094521710339045,1
-0.01915119103599548,0.9349203016952466,1.0360664296827464,0.47278607656058497,0.343727367363996,1.2617002651338296,0.13874692958202312,0
0.06687842794949891,0.6833014922529074,0.7689916581153686,0.24101292612750935,0.06183488092135546,0.9423824158976757,0.2962199079626677,0
0.4270193491797894,0.27026338244580606,1.0966111991566823,0.8646688209604443,0.5547734470883957,0.12321064066270626,0.36291670653725316,1
0.4790442378320344,0.553160353594355,0.7735464138311603,0.7161862846504314,0.3651108181564282,0.6858176195076556,0.7012732088800899,1
-0.141915085166116,0.6715615093457863,0.7632640608148101,0.14945788086075296,-0.014935654439729579,1.055675916877569,0.6092412180216723,0
0.24377287725434843,0.16306497290428973,0.7606091722239054,0.711748393251885,0.6116063557748159,0.553995275097848,0.5105382207164045,1
-0.15145430889146225,0.21711959834994102,0.36958089426144647,0.5418962249821702,1.0600956002262907,0.20006851619953236,-0.1406867829737629,1
0.11428264212159392,0.1592929526465252,0.6403000416569088,0.6121131739752518,0.6608436722572318,0.6455802866233918,0.4155914829681791,1
-0.12510945882124255,0.2518875268627659,0.35460180166687993,0.7531202797018668,0.8789992652437213,0.9475015039670325,0.3674428569145511,1
0.5467198378675697,0.6736923511773522,0.3536011562602889,0.7029881011990757,-0.34597421237846115,0.8221199332700087,-0.15964876399965536,1
0.3700328997793385,0.059363175328898565,-0.14120930417010813,0.5681055177801142,0.21790854334625948,0.7551145631167715,0.027864850775282106,1
-0.008174104227383263,0.7766518843654565,0.7197978232357146,0.34432758345461123,0.16117970309979351,0.9488693564218816,0.3312353668302692,0
0.2853998550875603,0.5457154571102685,0.42999870949161445,0.988456884045361,0.5966802807429094,0.4641595506727219,0.083468214240004,1
0.1226027568060481,0.13476568492490543,0.6394051227810373,0.5690402426460411,0.7694245231025524,0.6508980759521937,0.4412933615454256,1
0.5179343432667873,0.3590966766293436,1.0449613529163062,1.0412114646505115,0.5709146076244437,1.0271669111145887,0.29221973618008323,1
-0.16691655395675298,-0.2916667700472151,0.008912174665545475,0.3544997516493331,-0.4555374660677254,0.820675876470884,0.19895625636820763,1
-0.08170187807937693,0.2399834410726312,0.6378173354748639,0.44780959420507005,0.6468361917443042,0.7050378721257718,0.6276423924768456,1
-0.1269355201320534,0.7068582372270943,0.5402514876684398,0.4043032213191471,0.49139899052188796,1.1849764023071028,0.48440324363407095,0
0.29959428722066556,0.4517365781274032,0.0730131079059274,0.2825743456881718,0.18355999081705784,0.7007209423304916,0.38755677895754476,1
0.14459929421701442,0.8314748562600021,0.6534914307888323,0.28420764362580075,0.026993147815592894,1.0738010415346235,0.23688172401991384,0
0.08869310204408277,0.26507078925129823,0.577163553185336,0.5741868414136166,0.6817784537086685,0.6616534280563876,0.42508285240445043,1
0.018479658417007508,0.2808337852435142,0.6158767847829456,0.5077014698786305,0.6406666264555849,0.6473112864639998,0.3927779057517203,1
0.30583241876125566,0.514284856283916,0.5613256649798308,0.848083322182812,0.7725409714736883,0.38396165253878817,0.3957234965859739,1
-0.1411523967567147,0.6857587427441664,0.7658294750528726,0.1757954047805474,0.2656063080787924,0.9243570101211197,0.5153242075433011,0
0.7338176983806284,0.19760239737318752,0.5956147840410301,0.22129168550721362,-0.015776199398028767,0.901216696349446,0.011728528091867196,1
0.30326368288261774,0.34024104139111583,0.6326978569804187,0.6465737870049868,0.6711591555839057,0.5684979282405141,0.6509221287049985,1
0.6058164958402409,0.008894819676418808,0.8684997162561161,0.5408931589779161,0.5103156713030694,0.8362938363877406,0.6879000590728612,1
-0.1847697395484444,0.6403192961668698,0.49882214465137525,0.02236367144289464,0.7998974811829181,0.9106134499385563,0.8090300121901901,1
0.34256210055082337,0.29379338562425134,0.04216561666434729,0.45581646956884264,0.1624994034699042,0.8960498049908135,0.07776645958559625,1
-0.08539678980738702,0.22575641802092197,0.8022292159976028,0.6043587068158698,0.5242118150843806,0.5942850706664449,0.37581567584068104,1
0.12247531479947779,0.16939103665638597,0.8054174407963446,0.6300661707243194,0.7408400088843146,0.6411251865114274,0.5614657500444262,1
0.0992340176377121,0.23597250632982567,0.6026401273429587,0.566094169904079,0.7191028093820626,0.6975772049550071,0.42126282812153504,1
0.02667897214615185,0.07384210989443024,0.4490415956027285,0.5672238698739945,0.6055671011384964,0.846895854757929,0.6217105568239817,1
0.010453795249990712,0.7604500198699335,0.7320240285813563,0.3076143538392793,0.09720073512646438,0.9619840882103332,0.3470919992550058,0
0.07866126258407484,0.1295534361217437,0.6520931154677782,0.6761935121149858,0.8077179315299474,0.6768205976929967,0.4540405162656604,1
0.3359247486196517,0.2631968842357855,0.05319988687801714,0.44868183767263586,0.12369481723691772,0.9230426430643798,0.08630953568481799,1
0.11429266181595772,0.20703248912224556,0.6122686437125406,0.54464380862812,0.7241299983844551,0.6837255252152146,0.3950784434818635,1
0.10493806673113534,-0.12999761497467466,-0.2914627894068908,0.936242860618941,0.3870251129650799,0.6387008367879464,-0.36741666561135006,1
0.16185825750075267,0.19503941790394533,0.43366339707955415,0.4894438135250207,0.8050031982495177,0.5568957272416019,0.3274212833913361,1
-0.020300843681217068,0.7136903969062788,0.6472157751564289,0.34259712057323516,0.17502117472857923,1.1091125371708956,0.2261372034818592,0
0.08485138413514384,0.32201745985536434,0.5570237289937522,0.43685924851706265,0.8280420796781929,0.8341242971290301,0.4488131842690196,1
0.014180439448128246,0.8204119327244065,0.709916999667801,0.35296595495818894,0.14987471028315447,0.9646695581696779,0.3209502927149358,0
0.31224872167128637,0.44573706124938584,-0.17264411211563968,0.5357449243722486,0.08229306205942824,1.0502205130989353,0.22874312858165055,1
0.3161825331881479,0.35550983883039966,-0.0017608283587257842,0.6334650405101517,0.2516377154651232,1.0483863411640348,-0.09650842037149657,1
-0.21145802331263597,0.20968440014908377,0.8004003784711473,0.6287624727867164,0.6956298423642077,0.8194309932455932,0.10805262579075814,1
0.38825051432749635,0.348554149931281,-0.09443277968283875,0.6735625409729791,0.30823132155380273,0.9993705531767767,0.353487788137762,1
0.3139635772806773,0.2862455547602204,0.05305568040429454,0.146598630696607,0.4595020754280676,1.0003267114453807,0.10324171196325137,1
0.21595485728701735,0.4511852436206981,0.6055087009715016,0.6643509628143754,0.580812112136063,0.7505381430241791,0.6005348134293583,1
0.2546487061902354,-0.07546019188721259,0.7374382432714807,0.8138131307683474,0.7484098991630017,0.6982233534408302,0.8026744989699259,1
0.14447654181448769,0.5182858656954961,-0.2070917820545824,0.38194480070326187,0.07862310356091978,1.083971379928531,0.09573290682794991,1
-0.030068277480060843,-0.09879583985973284,0.9107881244712914,0.8585506772812048,0.8289552657789464,0.5865097842060887,0.22691651295093748,1
0.3879773653874493,0.31288685731872923,0.07143655616049185,0.5068015636321528,0.19335211937425206,0.9065679517172914,0.010078586611829435,1
0.3402582421965692,0.2450649499361304,0.4224107326552837,0.6638614625485297,0.9455995599346053,0.7161086212438592,0.3501945814508203,1
0.25443595959703025,-0.029779757963359577,0.2655476827878194,0.6453100837399885,-0.15825269457842106,0.8050408834653707,-0.08308114733122857,1
0.5744791206456261,-0.4056387620804629,0.4754796016065424,0.37177601566077945,1.1363602580884784,0.44424442797804276,0.4586294361037596,1
0.27632704387684576,0.18701107654459792,0.12134329465128682,0.4415209988467626,0.139039980207919,0.8782727981729578,0.0514126719841029,1
0.04965952533286447,0.26765048752519477,0.5273565650347015,0.6354093173855572,0.674628490110253,0.7507448614738366,0.37218344655352664,1
0.11386763836316649,0.2628873943948198,0.6667660800761676,0.6159806552991046,0.7339289889482581,0.7027001900460432,0.47882580116688106,1
0.01566216734700704,0.37514004381299787,0.42441919045538046,0.815517844606069,0.49051057674527904,0.8449063927542099,0.1831938083502407,1
0.8015463189694685,-0.5299635751213322,-0.043698310898401566,0.35951300876954617,0.45574145864873566,1.1614259331799397,0.3025436518687211,1
0.1407581229956171,0.49687758919277913,-0.19889651024024707,0.39962861889973544,0.20680331762755694,0.9426372307573032,-0.06394605986061802,1
0.22272029313099012,0.08009214964283895,0.08978749667446176,0.6345491619051944,-1.129722453960258e-05,0.9521483764022467,0.1008017511437147,1
-0.2716648627470483,-0.20703914435285015,1.070008473881526,0.9655416405051185,0.7159426938285478,0.269324984913107,0.46020109656213626,1
0.060047170677406725,-0.13450841748200376,0.033701228733388953,0.29180634156470564,0.05900702750443425,0.4826322334528496,-0.32835013615472525,1
-0.008612387282068373,0.5902910596810506,0.6704659066533494,0.6856497234256231,0.11949329473712605,0.9462278359426837,0.17554153090596847,0
0.15810186807627002,0.07126412924316977,-0.22568629766702586,0.5413176084553767,0.08070703312620806,0.857002309240882,0.3428386712742951,1
0.10106149878554026,0.22207110597709254,0.617532610684144,0.5683891884096516,0.707430509350945,0.7129942233365805,0.432301918134937,1
-0.4369542546521591,0.46778140032149657,0.3258616447738601,0.6646608456223488,0.07303364802619751,0.4179979117765277,0.05253097750588229,1
0.07692504444656013,0.2276915575791608,0.6197111143637285,0.5530830349537759,0.733785741478121,0.6841562462333083,0.40836798339022257,1
0.6991933259185159,0.1775785084193287,-0.34337273088042813,-0.08470683630379172,0.6405339218525599,1.5184794428027264,0.09793463309596535,1
0.6094455386988455,0.8353213899776357,0.3979142581602428,1.23403841159697,-0.6348726534512171,1.4065450694890222,0.17147348932444761,1
-0.25974496975897354,0.7150363901846799,0.8839719430180266,0.4146282894845322,0.5391306365589725,0.8770429984515163,0.49455094077756656,1
0.07665725660757561,0.39704312400938757,0.738330953587721,0.605760981456412,0.8986848259850974,0.20290537257585456,0.348328061251131,1
0.09541910333755142,0.23285237534415518,0.6037686091002479,0.5608521787986549,0.7140313479474882,0.7025518443406102,0.4197972902275729,1
0.459212979319593,0.23281749903930749,0.5179986159066923,0.8944117628425081,0.5392774193619173,0.6827994673579048,0.6367089925644056,1
0.6010908051503132,0.7145553095551042,0.05873852667049666,0.5016459050559691,0.04953790509277431,0.7791705376656245,0.0435075522880729,1
0.25272309252535136,0.04258752194733273,0.5019296774836666,0.6245377615407257,0.5832114420826546,0.6986255030723353,0.23246155125327603,1
0.1418003525043715,-0.00767338436209411,0.46109687323702553,0.3862963358772693,0.39632280196111497,0.4506208719662751,0.26714632784072734,1
-0.10883845003610004,0.4458510744475952,0.16793423745084096,0.722098442136026,1.004804928580779,0.7720056490051689,0.7531644805152163,1
0.03535624318681273,0.17331893849231475,0.5299364111998648,0.4107691212707615,0.7189744087066288,0.5601969911634913,0.2541296609256423,1
0.0003637246776524994,0.7860868220789918,0.23519171480847365,0.09731027781558999,-0.39962900827384706,0.6825376934119214,-0.4757457190204629,1
0.19260148821954004,0.1627333560987807,0.6954968241398557,0.5741544614491966,0.6960174917177001,0.8259450306589706,0.4676219439924073,1
0.3521788555690819,0.2528080590303656,0.028473319652117406,0.4324492820450786,0.10448036225317625,0.9507439715429538,0.10025885363316721,1
-0.051862296612856795,0.4046161795790868,0.6433327196363927,0.4667585628262877,0.9074737318824695,0.8914977298734226,0.4708132957101473,1
0.3535623913378049,0.2223994400409658,0.008007336678281345,0.49818321427259815,0.0863593602553846,0.8967455688813037,0.10707308421813537,1
0.27750002973020993,0.28880392278201494,-0.030612964178228633,0.43591756057953907,0.15480157800570724,0.9784978079415569,0.15630114519011024,1
0.1321742017886454,0.1856522071483677,0.5466512876980613,0.5536713530668607,0.7474775569574075,0.7494153506798549,0.4518443956413485,1
0.8649424213843135,0.6647709676355034,-0.31329712667301524,-0.09953271780744555,0.20900457407436293,1.23378379862314,0.038472055804199774,1
0.499650598787988,-0.13969610696964258,1.0992416823746383,0.8340650902647548,0.3955524167325328,1.1591748416156256,0.289106744275766,1
0.1046609757300286,0.14275598590067234,0.8711698815427886,0.4932414897285828,0.48315804419255776,0.3600556902458517,0.18570864388839686,1
0.11636829203661483,0.062489351765545625,0.6768383536554262,0.7784466353042362,0.3837525886062141,0.44618310553972146,0.42093248047511367,1
0.007923789734308356,0.841530165336119,0.7219051799200721,0.314351337868783,0.11898619805153669,0.9608756709394378,0.3803825008575904,0
0.31854713166884224,0.4193891298328944,0.03774936301311673,0.28273581731905484,0.12250151662983987,1.0780687915410958,0.17503453642023112,1
-0.07754514341435423,0.08712904150839207,0.3625195929842574,0.8570965028360993,0.7162493466404214,0.8168237363290095,0.7120990138727401,1
0.32043879980869455,0.23799372240678907,-0.025124672760829955,0.5519448552417302,0.14623557641897414,0.9742214041250772,0.1585909452852059,1
0.3105056057412121,-0.011583938221253282,0.8626552478253317,0.4438617113727987,0.3487231020585537,0.44452438172852904,0.7800756755967839,1
-0.2615899463068304,-0.23527821726359155,0.7050285586936804,1.0139585425946334,1.015128191910715,0.6488698692263122,-0.010582842312842178,1
0.2890195337083465,0.19072987568241984,-0.05548253720609596,0.5271876523769732,0.035916011488176205,0.9022822629408048,0.2716138041987909,1
0.03827811087226759,0.801768501859162,0.6066255819413051,0.3583315146010861,0.09399704944039441,0.9901785383670996,0.448881869248275,0
-0.16788525124656326,0.532915405266532,1.073551271040371,0.28866513317801085,-0.06947093474000376,0.654367819897895,0.0075180277695124365,0
0.18371992942273646,0.24192515108449178,0.4929625121269264,0.4233560674869041,0.7123576730284522,0.7343297300049101,0.27220245608319504,1
0.05387034495170565,0.7922627167553145,0.7692029831529248,0.29218439870686963,0.20172164744091411,1.0176556952256504,0.2758600038516284,0
0.30260298265645535,0.29598238526207776,0.8008370570389017,0.3477539405551743,0.830106178829085,0.6481026322758987,0.5650432748775976,1
-0.057766840164543115,0.8255443999632388,0.6882718605183749,0.32394098250386755,0.1983472209287567,0.9888632719888811,0.3720906463901577,0
0.2237500776244099,0.3316166503122699,0.6959412170087466,0.4866385173391045,0.5850267463760043,0.7289414124471328,0.25247509432789617,1
-0.09670685366068149,0.23598871359659546,0.41223898283931654,0.9533337359377599,1.0910540294660847,1.0891910381363363,0.5842301028565903,1
0.030908734946540502,1.0533306966409095,0.7289603970507413,0.4494437330271357,0.2248213497796992,0.9204177714632289,0.08611087557508634,0
0.2609904232613095,0.2842496207299352,0.6101722774173505,0.4884559401372,0.6874697025606455,0.8581112520733487,0.5011879718056712,1
0.10931285130151386,-0.007479305168480499,0.23793802192298502,0.25903094615054645,0.031753230644509994,0.9092834797846783,-0.03336610936302943,1
-0.03486267039462968,0.7570055838007466,0.7792019806464089,0.15544103509975118,0.14766003320735072,0.9111933867817901,0.4231741091017249,0
-0.3474956430705024,0.3524265589101732,0.8169501127574652,0.5296099295758459,0.5663744519658225,0.6866801281506045,0.2399810107627104,1
-0.17531557200523956,0.30357773912765174,0.5643350536258337,0.40896894410002177,0.3995650208962797,0.35386721539365507,-0.047147494765590325,1
0.3620718532180898,-0.04197563692068379,-0.2026574992102927,0.7309679130872805,0.1383783398657871,1.289818970789998,-0.27648159295364333,1
0.3768996745451598,0.29482485292042393,0.042121053935605016,0.4861302314781355,0.17806888429931428,0.8852589426920584,0.10824332510100525,1
0.1582563651644866,1.0249542870287935,0.7173701604856573,-0.14818488338328684,1.054215731040216,1.431921571954304,-0.7835205844125643,1
-0.0035070700615506527,0.7983255087379372,0.7033054490707592,0.34268072109023257,0.16725742766792484,0.9492630063835881,0.3239086895708432,0
0.476770739194862,0.4266538385967017,-0.012458979273375546,0.6413952461879219,-0.02684386490529017,0.8468702184215224,0.05741899383146745,1
0.4026527435539586,0.1861485000949581,0.13776638892953255,0.659504406494356,0.2716486161647619,1.0871558614050618,0.03659487164866665,1
-0.17560612204167358,0.43429080409237386,-0.48879414783700503,0.23494727181093758,-0.2891200088406297,0.8621062702096697,0.04954030233381333,1
-0.00861563984668555,0.249751924895214,0.570628638873072,0.6112162302006267,0.8832358222540595,0.7964567029726777,0.30233431444487824,1
0.4551519401159049,0.29990959690884267,-0.011858945584365038,0.44036106305462913,0.26433375343985166,0.8804465548054419,0.10075703884892587,1
0.20383230698788876,0.388754453787746,0.5339358402322361,0.3950624184710275,0.6207018480699982,0.7784773963549515,0.4772875093748672,1
0.244982155497605,0.9899390286445298,0.8463098830631972,0.324088601477755,0.06582535717991775,1.12986862370626,0.4081303164522357,0
-0.018073249773547684,-0.0969667623876701,-0.26115912885865383,0.6437068449211624,0.18996496609062008,0.6166176843114802,-0.0870770293713028,1
0.32917833405540137,0.6775803010541266,-0.004406410825723399,0.8880808345607991,0.47310004529593847,1.2752733142860342,0.31411964472432197,1
-0.01647227915676311,0.2000087864656362,0.4881350741215083,0.42783458791887985,0.7605389389261693,0.6055472907331794,0.532383501647715,1
0.5438585062559038,0.49009882711847796,0.42330338470493756,1.0824195466885271,0.4560051804217212,0.4733936888170608,0.0396898560900556,1
-0.20936407799426904,0.48716767741779377,0.35812850854638806,0.8261995595137199,0.3594356632272559,0.8733742565073125,-0.26593188353453395,1
0.14273658546200313,-0.0034668518350804423,0.6307520485854714,0.6259733140170364,0.5998327514131854,0.9670938600560766,0.34528680617632845,1
0.448307806032316,0.10529052391757537,0.11028703127350739,0.5159292938835489,-0.03829693181480981,0.8477079527177155,-0.03912146937042961,1
0.05489277525958857,0.8190856769131584,0.7444559649087505,0.3445967644485887,0.18043768020699744,0.912060108605904,0.3726691713512349,0
0.05377472039505744,0.6999977456598181,0.6413245265423403,0.36014963089707586,0.1629335231210726,0.9450223240941152,0.2687572825951953,0
0.4996860321732285,-0.09919460237972821,0.40721721272272016,0.5542372543081217,0.25520159141062493,0.8197057456944745,-0.07718453654336915,1
0.44732430445363636,0.44468135762307376,0.23828650692528291,0.7048647139166694,0.3522569237066021,0.7776030691905503,-0.0374297476046864,1
0.17041865976234166,0.15434371225655236,0.616006538873129,0.9989386657972269,0.2285790835197471,0.3936746029717765,0.13325379466995718,1
0.994528920644347,-0.5605406277740657,-0.2968177938386973,1.1605807886774944,-0.12237402498122715,0.6213243327071012,-0.1048279905534722,1
0.6329267412572664,-0.19672395112532448,0.8203520286463272,0.24104743842796786,0.35405826853451394,1.3283699195658951,-0.17435731371103524,1
0.05864433357567087,0.266733917067672,0.5661121570706579,0.5659634612067574,0.6989831770182878,0.7103334929434747,0.38018784141274486,1
-0.35463964014051075,0.529472217990233,1.0356159078383382,0.2711368389723434,0.6581175203615403,1.390282541810754,0.7604286124036606,1
0.31065284865917,0.02380135436859801,0.7680330567058757,0.759656640824501,0.6590934663704346,0.5301625821818365,0.1956556111787618,1
0.44830118358323606,0.4875746379096342,0.7492664804454838,0.9841544984209256,0.45215792797800036,0.812921816702299,0.5652719276980965,1
-0.8196056606019024,-0.4842500745832836,0.39427310645709013,-0.0074989913803590325,1.330399055151874,0.6787215567754236,0.8106063666701632,1
-0.19333014708518217,0.4455181729936414,0.9653638034719912,0.4034398772613588,0.2575540381739355,0.9162535148121351,0.1121746689319417,0
-0.08517428312467445,0.3991704893817406,0.5229612664895695,0.37349855163108503,0.8451471757532171,0.5431201703155204,0.6100831708138172,1
0.3214732470066621,0.27755147637752897,0.04828837934568354,0.46289619953459527,0.1444512517984822,0.9547012081082257,0.099358389698359,1
0.7797525801456372,-0.18473664340236545,0.17991451129561212,1.017460279071094,0.0654338902957141,0.6364295460233275,0.4061272168532374,1
-0.09773153746295402,0.31350205890413535,0.39678537195449115,0.5328342603342429,0.8435178764708234,0.6352956402379425,0.1939035926395037,1
-0.005423067897646039,0.7951120911156859,0.7076826130265306,0.3376529075055159,0.16103077001352617,0.9538595301858999,0.3485459627769195,0
0.2886970897583205,0.6972809504702545,0.3226324822778006,1.2135023321971872,0.07432449264345789,0.8082386564720574,0.9349055736936834,1
-0.10061719015800497,0.8033112993306771,-0.20298609513625276,0.9590183805061976,-0.389550259769073,1.1188243725215539,-0.09591587095444887,1
-0.04938460376980916,0.5217063760143607,0.7231414405170836,0.30435036867442666,0.6743383033266339,0.5361200127308956,0.26732256114107267,1
0.2997408805374205,0.2552851296012826,0.009744656138374233,0.4657947921261515,0.09155247414116646,0.9493419273176834,0.0372534450473798,1
0.1824357582446608,0.3265068479790296,0.5837516323199171,0.5344752098273428,0.7226531579146412,0.7173085984968383,0.39511978360131866,1
-0.09940864939226804,1.0856530764802834,0.9968233110704243,0.4823704800371786,1.2138077236516944,0.7450555173441673,0.11282611213462573,1
0.16905663432795173,0.3339126809829326,0.4694960175947195,0.5551665339765265,0.8250652438579833,0.6888527007737489,0.5540267146613198,1
0.09723316507082197,0.0848636623447648,0.8220431591116392,0.7222850364657314,0.9719380586236327,0.5620267891112289,0.6481605371234452,1
-0.16055536623285244,-0.0386778539693271,0.7976207930594302,0.8082101557064382,0.8260400111374684,0.5810294079380728,0.3924105416659097,1
-0.3195613182655562,0.27337616152240635,0.5571589450594696,0.8283238020743755,0.3708110903502525,0.479151997813958,0.283528104122049,1
-0.07487569806053496,0.2568626897718927,0.4698794240008948,0.7390193404305899,0.5900133067423968,0.7219514071671632,0.5745039042679221,1
0.5215866445651081,0.2385831890899244,0.30550414621349037,1.0068524674010164,0.9564455646227947,0.7308148824575657,0.4183362666212726,1
0.5088626452195568,0.24375780538905378,-0.14212464645535,0.6889921296169323,0.30087782015988707,1.132524471697746,0.06166157150661594,1
0.040614050261477026,0.21861216191120228,0.6182754582882446,0.5278943905924885,0.8664204891646028,0.6630809372536787,0.4521395935648886,1
-0.0552392665125187,0.14475177413813203,0.5495435257284502,0.6368195732428883,0.7891885959402664,0.7340633758981111,0.5131859958505703,1
0.3787980889084125,0.0950755076175715,0.48351688277829463,0.4718727565557736,0.40404226376752134,0.9406734945795585,0.4413325961213334,1
-0.1871819594587354,0.6567466006006023,0.2816142719514432,0.15579591048267982,0.29988027229347,0.9932225719797582,-0.03874898510814051,1
0.35164050148088266,0.2713254259155562,0.013170067708535162,0.46483698000491025,0.10482617626388388,0.9560461978883598,0.08862107830396226,1
0.14113669364587278,0.11470653022973024,0.5748773908773062,0.5952256791444247,0.6377911224562482,0.5796072307159862,0.5332161847124904,1
0.3482541149728432,0.6153942558287055,0.7542965014744057,0.5124253161996112,-0.25761459518373353,0.9986830541915092,0.559439442344573,0
0.1493643763484537,0.68247067032472,0.7156037011866071,0.3835184941704722,0.048205332829819314,0.9759159822744162,0.40255042160457444,0
0.7241539884485811,0.1227937114005581,0.3939474243892149,0.3581111051584108,0.8451934043470901,0.5711752612101523,0.8170924970183724,0
0.538083185150855,0.003197107498249696,-0.1264118898358088,0.5629662545903573,0.11495861324100948,0.4168928951150631,0.44435602264120855,1
0.004749085775638193,0.3139586153051471,0.6971661256166763,0.414075656412923,0.8835839272456749,0.5960009669108434,0.486526237418263,1
0.12423203395959226,0.6325853018559244,0.6649885250271829,-0.09838689916006005,0.7578814943075008,0.6919855984093506,-0.1477676030699049,1
0.7457631384863269,1.1435089275936061,-0.40550049639345487,0.8119659800291408,0.7780112255938061,0.520999297053194,0.9613187540769984,1
0.3755274269263215,0.5182667120384417,0.40154940918317367,0.23501165175775526,-0.02465745207870762,0.5513578622834266,0.3662372060021441,1
0.4409643368037762,0.19470636971118283,-0.07866527086642765,0.1604631245459694,0.3983350034035628,1.2061531123638747,0.32884436276015333,1
0.981137744121936,-0.199153141821592,0.37656079294198413,0.026754840087107157,-0.07208121077888036,0.5879102414356823,-0.6150389357860914,1
0.3000404375298387,1.2536795495068302,0.3565490560815175,0.15154094724307723,-0.06473385551398081,0.7160546809024664,0.5884176019405709,0
-0.5057787005177828,-0.5296312683272858,-0.3634108768732966,0.4101394267766252,0.0009596134282150448,1.250315305406205,1.208676552718635,1
0.09866798752391978,0.4531733430904559,-0.49268871523336233,0.894648794670636,-0.06182829107855223,0.7168773499765747,0.3440100688126516,1
-0.18709037891327673,0.6826287747675844,0.9377567947220283,0.3380513774337777,0.30356777919357875,0.8120017004416891,0.14191807716703114,0
0.45843037431345635,0.4096400185533978,-0.1073892575009047,0.39648885088174995,0.6945189798872693,0.6811840069012992,0.25545417626798433,1
-0.11426109763277133,0.8045982932064651,0.715873877463446,0.2654396771905275,0.34541794461326947,0.938334358005811,0.5237595775605097,0
-0.5510453194252886,0.21608424650316757,1.0064097065154751,0.2990208457745293,0.3181222834715696,0.8786146304660198,0.1088866259734439,1
-0.260467497070021,0.4310544431363784,1.0741960299818185,0.36380985929023535,0.006449979197078848,1.1813145190065881,0.49998547973291846,0
0.4635161921486884,0.20954144260911783,-0.26234634848709254,0.10200880659749745,-0.16013533044384987,0.974826048528945,0.03620434234637056,1
0.03635183335635869,0.7588881481472447,0.724451976079974,0.4018207916255094,0.1656631462817198,0.8949383829742744,0.37965596449113126,0
0.18929770357350223,0.14957366684003828,0.06934922662521853,0.3945499518643296,0.17475485459778745,0.8350923709066439,0.04690029695590975,1
0.3858570526755361,0.1116392660860413,0.11742951923395537,0.6167385749093195,0.15285544516165314,1.0315966072356344,0.0640407582783274,1
0.34094513672623816,0.04076207564380266,0.8756957821606365,0.42617187453157795,0.49182948550911054,0.8648149192450847,0.37566070692624115,1
0.2777809420500189,0.16548913571120208,-0.010705128371827986,0.4531658242620547,0.06938081726663109,1.0226834782682017,0.08496159167711492,1
0.29215523546733946,0.3817022519059526,0.168337692316798,0.49563519363262504,0.07845699922145355,0.7666698189844924,0.11049931839806118,1
0.08374329335030022,0.8696003950763646,0.7952218692159048,0.38735554553193324,0.1386801557210875,1.0113711291978735,0.1605772932027293,0
0.19699463470463344,0.24630533686792758,0.4984224221463889,0.5031295335869685,0.7800728238512962,0.6224372277400955,0.3177290082616922,1
0.23110950269658492,0.3157462953803113,0.08121441958367695,0.3858940738029797,0.13160232422368845,0.9757948703889632,-0.0020463969424734524,1
-0.08009977863906712,0.9147318352415477,0.6080324477323464,0.4080203080404981,0.1467905910075838,0.8685076228028163,0.4388752854284933,0
0.5820302837698463,0.4902584762300064,0.34727119584129357,0.8909958411844049,0.05734209045523142,0.5716037711283137,0.3872886413966877,1
0.11368414266182772,0.320511306730506,0.6564811398477068,0.5171925281623599,0.7718145719763552,0.7795546839478624,0.3570127640841281,1
0.07788107734328382,0.2074382158682487,0.5913190349106168,0.545582191284939,0.7242007729292937,0.7274188108299601,0.4320958540039802,1
-0.15521756427177333,-0.1226664912050856,0.6198063923377374,0.7390202703368093,0.9253139271096557,0.26103255623671257,0.8560618251057753,1
-0.4934709248373036,0.011938283785064507,-0.3124755339099213,0.3509938894322122,-0.4235901574851534,0.876705426695515,0.8158209767854401,1
0.23246348227559666,0.03681747920135464,0.7925846948021132,0.2708849431610741,0.8384845349748896,0.5168261840006454,0.1978092587017799,1
-0.03153235124392909,0.7534034022113206,0.6867861844218568,0.3756933151848799,0.2534969280642257,0.872294508194641,0.2981468533978633,0
0.5726612636931581,0.08368308957106937,0.10698542190194604,0.3201463125627576,-0.10775805195988353,0.855580503985786,-0.04915247220924476,1
0.3138726484045641,0.4786742143036872,0.5340955612501348,0.8075667324594773,0.46891969389916077,0.3868696926631849,0.3440369331677278,1
0.05024383826382153,0.374289091736657,0.5396257250935974,0.5729781926127883,0.9079611339670411,0.6990831316904229,0.5110716306387963,1
-0.15130929909837948,0.051894178116884404,0.6775985869295835,0.6419665048550699,0.6831546083675698,0.6581268865629909,0.34157281780551824,1
0.13142894851197376,1.0754865349032277,0.713307787748557,0.24280337051257306,0.2230332320337176,0.8110993652408506,0.14465503576765154,0
0.15710869768170554,0.16866193577646915,0.6591435861803575,0.6115343210752948,0.6501383216013226,0.78616779027633,0.35622745404343625,1
-0.22573194194955287,-0.042909946686758016,0.2841956858872226,0.5137050307865219,0.8198905921515606,0.7662902050361302,0.3411565431874215,1
0.09201826116859807,0.3181762202302462,0.5688061031648358,0.5071726788110156,0.9008367902393154,0.797988256100688,0.3365570416388396,1
-0.025125254011892043,0.2173918521235549,0.46026382747764605,0.7157266530097652,0.6007689922657872,0.841980618134209,0.5284495041598738,1
-0.2652214706690874,0.262086677469088,-0.48391556879300834,0.9135146907965251,0.6002708687070654,1.4434239953542298,-0.48035112798069346,1
0.39119454912466495,0.524495080548883,0.7001887946172773,0.612719859177261,0.8721043841641977,0.8810227740557617,0.1950863115513351,1
0.252794589170141,1.2954617756627063,0.3805687936369859,0.043718477322810756,0.5292011669047313,1.3321529674007555,-0.07493694691769459,0
-0.22893894776819668,0.3769495934122411,0.5348647159533176,0.3516837787577412,0.6208483325136587,0.9112468201871948,0.36524618348583027,1
0.1288307281566187,0.15081088514072294,0.7548886112618907,0.5430840087408964,0.9259205292723097,0.8636570120068452,0.6411524061930944,1
0.382908140210088,0.31189937429387793,0.8184005624259315,0.705729971235304,0.8809302014430778,0.762647820227551,0.9684960541426113,1
-0.5176165252436679,0.3720379936941983,0.544012296240807,1.1946879517100402,0.1500576976972714,0.8716131478709056,0.8898739319808298,1
0.09144263266843339,0.03737288846143533,0.48049611271096526,0.6417542756931733,0.5805315576244148,0.6815893494147377,0.2040146368983142,1
0.8033913862097536,0.33826137353131913,0.48878809865751366,0.8187354381141054,0.5095169092931527,0.6044003710653326,-0.242170664998749,1
1.0664731498138087,-0.30359893016981965,-0.4136272122598607,1.1050622378007309,0.6473175893743676,0.09771252604498326,0.49920395788610233,1
0.15387520288127496,1.016679623913801,1.522384701350001,-0.5701916595384287,0.9635218654532269,-0.27654500557002115,0.1508897132632891,1
0.4488518527486609,0.15950586722716353,-0.04826986243823751,0.46816454821952597,0.08213950827356027,0.8192056839919484,0.1721358582517225,1
0.3018785552496866,0.31645125915234623,-0.06391172010096864,0.509900986067903,0.12576283049687498,0.8685278042282132,0.020026115821966714,1
-0.12194526513958848,0.0315973311005667,0.6449856602635163,0.5114550281452385,0.658160935290153,0.48280463074033586,0.5933579960416634,1
0.17309528057701806,0.049645535318202955,0.7733402488814851,0.6948688751062202,0.7939632026410293,0.665942879951081,0.5749223253172147,1
0.25069266185542793,0.22091795010732918,0.28184612231461115,0.43467629402697056,-0.05952915787350055,0.7110456195374124,-0.06999858163678707,1
0.0884651452013128,0.2554721940961999,0.5945308764643117,0.5466189059259746,0.6934425868530569,0.7181082952106228,0.39992149346966377,1
0.0012271957490543745,0.15215317602565814,0.5506154425717481,0.6344253714000329,0.6101903958056527,0.8597331615587894,0.3299139431424145,1
0.3614827721803261,0.02191744879035651,0.6145974258390099,0.629129354825607,0.5016152994416259,0.8591774430339425,0.40831760923242105,1
0.1966088217772164,0.44204631377073744,0.8263350097763961,0.768977748139713,0.7620154676944918,0.9870994970905591,0.6105053629869667,1
0.4537409308068555,0.08573413878901362,0.06473518871627638,0.5599474131176189,0.20360380808847967,0.7444258829424981,0.2166655671569628,1
0.2067771409900351,0.258915821461893,0.0528665191881673,0.4704349078933832,0.05090420656580566,0.802101658092548,0.04560330166409541,1
0.12521732347212539,0.18126701109152726,0.5163273310285277,0.5801862581332451,0.6717277772800979,0.737144099972219,0.38437444533953247,1
-0.006228644477638767,-0.05808298322951455,-0.001247215884557118,0.7146855130552978,0.9471385204406301,1.1850745185837597,0.5705015519179044,1
0.1956944217145003,0.401635982122686,0.5197589286607178,0.4707280412100656,0.6254732484148576,0.8325675961245911,0.505580983962581,1
-0.03003492115807275,0.842431763180885,0.6401604061989454,0.37835685778243733,0.2881741272957772,1.0382339480651148,0.430190429177415,0
0.05295407756664712,0.03673360896079253,0.485100441709922,0.7157437077529111,0.8247370766676997,0.9501024827467517,0.13107374717188508,1
0.1068527474315634,0.18559832193231657,0.6212796229029228,0.5111406746519915,0.6656553906317215,0.7104434794105909,0.48798969539433035,1
0.012162879572331031,-0.152020311361668,0.9411518082261501,0.364169095739574,0.539330641389075,0.561376801414361,0.48123299745635306,1
0.34616253533962016,0.26753640910903304,0.04455498140873305,0.457986000226486,0.12444833747657855,0.9202953689830538,0.08114039412000339,1
-0.1322686635796973,0.5566514575264454,0.5244078436166371,0.7419593682117398,-0.0756975773290259,0.7702547698111705,-0.3064458348475676,1
0.2654682236856185,0.5038268491164064,0.3115128234573215,0.5236689346845753,0.1693890195917947,1.0688607730655817,-0.045044252111909544,1
-0.39562625356101877,0.8071030646833891,0.47054259993929176,0.3199400513310066,0.2603364828631777,1.2017030089017136,0.3566043715373805,0
-0.16248535809835568,0.6372213725548876,0.9410561252981948,0.15174714557515837,0.38934236450738924,0.8876186592213509,0.49924932220189366,0
0.3200292863735974,0.10663842901708517,0.75508602612262,0.4796796897275888,0.658495322251515,0.7873770399319578,0.164510165834869,1
0.13674527546182558,0.11154577648689917,0.18740281407759912,0.5592574372918755,0.32647982753280647,1.0046829755536295,-0.0689899719568258,1
0.35753897220756453,0.4964932854457779,0.4720369807690301,0.23045180102563806,0.46049303129788144,0.9806377301785016,0.31739615551585637,1
0.27360183173881264,0.6156578876173604,0.33311836559968766,0.45509126057111415,0.25701027092231,1.0877177573198709,0.19944622173461168,0
0.11021722181632584,0.3041298728567398,0.5753316554592459,0.639840136306335,0.6898806697022756,0.6760581187058635,0.45934896332207487,1
0.33428108515065785,0.6798261755647927,0.2788682480116198,0.560347956669481,0.0805317514205536,1.0449828149684146,0.33338648142167054,1
0.11935496598049455,-0.03394481992235904,0.9310080681433519,0.6486395887548677,0.5338949548409114,0.13936532299498605,0.48107782626818446,1
0.19254038024037615,0.3144650497393353,0.8181720360805566,0.742526063489123,0.7599705478396688,0.9174024025936107,0.5706401473685971,1
1.0005904270723525,-0.2069510115399616,0.7056439680836315,0.476490454378016,1.1230662162518663,1.237578827040291,-0.6008686949866436,1
0.16696218449697797,0.301241053934396,0.6021348486939156,0.4740514952921583,0.6861537566637712,0.6203615260752975,0.4228141065726843,1
-0.6996110614164586,-0.6355558509051487,0.3449091458839121,1.4757315553308672,0.40705817848539916,1.4203552879816794,1.2219302396129783,1
0.312632652042774,0.33761647645427356,0.0019189802901846756,0.5114994839005165,0.17732065006519887,0.8940180587352137,0.09871818804883022,1
0.1757076565600891,0.2713645244898256,0.5087233652622297,0.646991820647368,0.635897650768752,0.6273798770634649,0.46536694579765,1
0.6480369691317522,0.033229479876024294,0.25935767298010515,0.21629283850849368,0.728015328692668,0.6662528808260337,0.9079046765629984,0
0.623035838233998,0.7261563426567798,0.5108252528893867,0.4520648289610239,-0.07904735447924238,0.9196694265121133,-0.38813873021724216,1
-0.4409340780299389,0.2694015952194052,0.01301887678992153,0.9399506985267981,1.113942171425406,0.9650515734298049,0.5378683932665839,1
0.30087425672655915,0.2682092091197036,0.5574264438841797,-0.08629533061075101,0.28130811983831583,0.727862494137228,-0.4451040813430295,1
-0.015147351943431246,1.1401256300808615,0.3713525954032588,-0.022594013113634015,-0.00026056027311088803,0.7084977798070113,0.5520912934633355,0
-0.14287317035098313,0.1728827015565663,0.21953842462316853,0.5331854579251207,0.4041345440151759,1.3061462909386938,0.5282911051008045,1
-0.017821344061253578,0.7775087571395994,0.6935549523229472,0.323565375891825,0.17156392110918886,0.929095722232605,0.3319182147032682,0
-0.12816920273698018,0.016038670682689687,-0.561955158783357,0.9067591658755092,0.11011566549371153,0.6029408495190078,-0.5124259816451283,1
0.048577348676486144,0.8730647425259317,0.6767241673679545,0.39864749005268557,0.1942362035680648,0.9740651251203735,0.2676797565095622,0
0.3417873163247763,0.26414914301170417,0.04573642767582412,0.45827037257218045,0.12691369059867136,0.9214260057026437,0.07791306026830745,1
0.3548039357684722,0.267358824225227,0.05028205559701893,0.4518274268000484,0.13381832164779286,0.9250966588168885,0.07381337154134933,1
0.11543195670114778,0.701479465735643,0.6888629732080511,0.314850424244066,0.011770927811433962,0.8560085023197337,0.5145014554351831,0
-0.006414415883104596,0.2593451243708196,0.6122828791253287,0.577701873801224,0.8190550365427018,0.5735901547255621,0.48331717724078843,1
-0.09612604332191299,0.9000895322287186,0.6930872738709062,0.26380239865568267,0.10633160088942165,1.0353327248739725,0.37446037605407034,0
-0.1196787564929844,0.6911967860008097,0.6703706674815137,0.38451786512948655,0.3037681101306188,0.8125283250773816,0.5002823720632181,0
0.4324228147020298,0.37017655469577976,-0.11177081043429168,0.7516095304809487,-0.0819884477432341,1.3019865173550267,-0.17387985652036586,1
0.2185345080494912,0.5494524539704384,0.23223836366279577,0.8621207898058717,1.0307225576088974,1.0308092704032492,0.3141628625538693,1
-0.3823129205861159,-0.2895510689247919,0.6867082509401308,0.10173578480621887,0.741226740103569,0.4530853063917538,0.21822391357982274,1
-0.007382227758689195,0.7791385681255683,0.6627134994769156,0.37470464526560116,0.11656094305273138,0.9454484430111607,0.3509429224119187,0
0.09053349776617155,0.45747903794724065,0.027475050797843847,0.5160790598020496,0.5791664608977751,1.047894747361899,0.34666900813432666,1
0.08582680209115162,0.2176986330076611,0.6099067985181932,0.5592572774987259,0.6999522206244054,0.6979030660249886,0.4321225399436764,1
1.0124659855457288,-0.20633697905749615,0.842952171812226,0.6832300547858056,-0.6992512955773994,0.621894951356461,0.3338812081708093,1
0.29097287493419594,0.2690263955165088,-0.00982424923696655,0.4720744914460584,0.031421271825244415,0.9804004959176317,0.17802853212685094,1
0.4242745426617621,-0.4218824294904715,1.186145567514237,0.7501574387973649,0.8760750431341362,0.14823892541081196,0.9859946496587458,1
-0.06927111634695286,0.6267247619542217,0.5477269640700422,0.5137380220990111,0.0660151510979735,0.7761576724316278,0.3555314899733151,0
0.70359477548635,0.4957731252758666,0.41271612231552773,0.09259783285029771,0.024546514051176208,0.967053623399283,-0.0933045358672748,1
0.05033931591570551,0.6538846331097736,-0.20390086013045905,0.23148403792669373,0.08560326970592438,1.2408382880756494,0.37104439013721685,1
0.16929688939485166,0.24220773627374392,0.5943422620185105,0.6305686181122279,0.7090442224298713,0.7774892339754108,0.4984406395839128,1
0.367283051870052,0.05499544479171212,0.14993691003304488,0.29024185064626296,0.16671465733162688,1.1081469137934659,0.03906628651731006,1
0.6538288315464165,-0.10614375130835349,0.13229683477800566,0.273666631957715,0.7104608163248368,0.7012387688208037,0.8500066497308345,0
0.039148209130850084,0.9163008909358932,0.8019666311393444,0.3235734215356689,0.17035667604956736,1.0434229579092875,0.3405399618250637,0
0.029467349611614638,0.8514849283047667,0.6081904348973498,0.529970010363691,0.08341595644668473,1.126515574218789,0.5359023919629868,0
-0.004235974313232593,0.8174488326870106,0.7258097268678442,0.32392765910920185,0.1331861542054182,0.9812498433477931,0.32000847027297746,0
-0.16348351495378038,0.29632939078543247,0.26417893770618067,0.7507683068656945,1.0330098043476625,0.42282375118286697,0.7334903793713233,1
-0.04882796073230958,0.786919646965284,0.7137231498017254,0.40797710362743367,0.06216544161850851,0.9446745457718781,0.2563400260882702,0
0.004093166879627172,0.31751486054716843,0.6120165393645539,0.5801420967859525,0.6977116016973717,0.6170075149446689,0.5249229224985802,1
0.08506057662515465,0.003116556679323923,-0.22630405643941204,0.3528098002554019,0.07066205476923916,1.2525228827024446,-0.07925924759749131,1
-0.1300106793742079,0.7488301446447511,0.493957434273926,0.5022574231025283,0.11211263476163887,0.8170140000799969,0.33968606004283586,0
0.631859466546278,0.038608035670488594,-0.23002483756479486,0.5450309044208809,0.2034351255430385,0.7258032744449147,-0.02794894125979082,1
0.8962145274939111,0.7959863778503247,-0.18207894471274166,-0.7456275618440833,0.359112141684782,1.5528995741495981,1.0267509368516015,1
0.3381868546281501,0.0022367977958461793,0.15719844474338557,-0.011905020790985321,0.17223442733433403,1.1666532005757988,0.048128389099794056,1
0.01935751569909186,0.32675701540809143,0.5250956462325977,0.4514459179255558,0.7704014453958865,0.6433620123858386,0.4881551379839892,1
0.8060145860132556,0.10603522330721521,0.044276431237827235,0.32884125210600834,0.38418456124998407,0.5260542505083882,-0.2237728318000255,1
0.0803624406779116,0.2263158504468648,0.6052433600131943,0.547905013564205,0.7133938675002419,0.693257970513084,0.4010820456448728,1
-0.18595466086266071,1.1377443312021194,0.7584618731796536,0.10286461226180241,0.1850683319243092,0.8235608555188618,0.2563343240151191,0
0.49182637153771724,0.3941733151843694,-0.03282078564896507,0.20714321351934661,-0.16101020577294095,1.077896860287312,-0.20055991951166408,1
-0.020277630760325845,0.8353783130685065,0.6969726164446901,0.3519512016440897,0.1791185436296927,0.9419352443943098,0.3369008307869092,0
0.0881640591163329,-0.1768714773951368,0.5831295233262124,0.289001061502029,1.0074436661654258,1.6348189563905278,0.7912312257476526,1
0.07598743800642715,0.2086116451027631,0.5818638848097393,0.5369780113278687,0.6942812817566514,0.6824647722555268,0.44060983783774366,1
0.13148879956595597,1.253355843455746,1.1389985876342525,0.41217772142898246,0.15090456138419878,1.2772590833300603,0.06408001346695558,0
0.19786887287360788,-0.08818322467875528,0.6602339032577056,0.7038689975397148,0.7693772436441451,0.3841871181040354,0.29335826491888894,1
0.18453028195591337,0.5671746958792092,0.20370737127850175,0.7634362093276935,0.6825900912743629,0.7115683724226272,0.17537241859862324,1
0.07334531510878452,0.2634344948295986,0.6371325250451895,0.5399782294697842,0.7439563495821111,0.6872869885959013,0.43868854959044107,1
0.46982859949890143,0.43338519653721813,-0.09683875218450275,0.2529913570723269,-0.05637307490595958,1.068502385171202,-0.04816259682256127,1
1.1387634235157762,0.29115039905581647,-0.3904688749393078,2.0043150865932127,-0.04683356323821161,1.8769818834291585,0.8928882875495787,1
0.2421490189106036,0.2314492623381525,0.11012883561000021,0.5100793200927118,-0.05419284327594304,0.8623220887497679,-0.0367437453404902,1
0.5618007015290447,0.09189590249364851,0.679880862555164,1.0913261890064998,0.762089492533236,0.36028000810189637,-0.0319040542933004,1
0.18789531826213673,0.11390251482451354,0.4495021291432117,0.5658118096890336,0.8586693085127789,0.6976386366006773,0.29754564821168306,1
0.5728550722322174,0.2533488352456716,-0.007552066071091518,0.6612296411635825,0.032626637150892215,0.7096296275777753,-0.15010566273267564,1
0.40723305330877796,0.24476068849822336,0.12196176506983049,0.41828879309528344,0.20013026976323592,0.7935109073934845,0.016998499725461462,1
-0.15775477161393694,0.5094190848424811,0.49552877159956216,0.6245978124050724,0.3464458717116138,1.1118329351996654,-0.03223787715427623,0
-0.027728330607169352,0.1847862343386874,0.5089895870700206,0.5483248806480064,0.8227148312341048,0.5679541396220444,0.356217533802504,1
0.28411602070519565,-0.01623523013403555,0.3978380482000275,0.564091547142501,-0.0969605135353265,0.5508523413385293,0.39395230084819355,1
0.3658717323886349,0.9393047169587188,0.995499993967963,0.2688625307812972,0.25929419282226374,0.6201173124701225,0.5141112947311839,0
0.06806968937668337,0.0809807742472228,0.5580668765298759,0.40303618441877553,0.7877966669616491,0.6217570994553158,0.5130493198271051,1
0.11516151017581458,0.26347836662069324,0.5642982841243982,0.5746413590207731,0.7526662431672602,0.6671143720019806,0.4127462032391818,1
0.09744384503745264,0.31501746938493486,0.7031005806992368,0.37405465442141717,0.7730576449461523,0.5685097911499462,0.29224965956736,1
0.046158209950141894,0.8040376520110769,0.7129460725932423,0.36056061217757623,0.1963468511121576,0.9209811864856472,0.3273960113793126,0
0.12842741333466862,0.26456348591107637,0.6332716288057747,0.6010078640797549,0.7451642796645075,0.6753595387289095,0.42608506446846584,1
-0.06486074309280554,0.7713750912482857,0.5461652723710652,0.6086854296312066,0.10653807533053339,1.1139348128289224,0.15282148092871645,0
1.519344004371607,1.0793439903007909,-1.0033424299516165,1.3785816980707013,0.09453256330511989,1.407524633202291,0.28050236138818574,1
0.34437004735447035,0.9006956091455108,0.11669625351262229,0.5879360612662297,-0.256638015376218,1.547557368391013,0.3270991710739477,1
0.05949017417361945,0.16628777025257357,0.5754507138315668,0.534360306325145,0.6645934823412327,0.6272626935062767,0.5176918834688075,1
0.09415879896016727,0.23166351324047277,0.6007667868666531,0.5609749527847031,0.7165906962392203,0.7025643291003602,0.4199251655190422,1
0.38174614360731035,0.2099059530073027,0.018984091692399917,0.4999339634873209,0.15565943895844958,0.9592064671319219,0.05346812145638827,1
0.6996747353800009,-0.04211017241499439,0.48732690999297024,0.4310201865258688,0.7739957522323222,0.8727257599099102,0.8249400731640308,0
0.19918684548148596,0.11088613420852131,0.4635464528086487,0.39154203217942973,0.7588501866652579,0.8705558832063065,0.4780415302444418,1
0.169058521496983,0.40771181466756723,-0.14846601073784896,0.6869237055401142,-0.05446063123165862,1.1753324999549877,-0.07035499364599432,1
0.08161620120589928,0.8289137750550906,0.6313499922896924,0.3707055146451305,0.08159022455321764,1.0376599909858901,0.4284426254473084,0
0.047321425056978055,0.7944221945231887,0.7290494461651811,0.31233247493187793,0.060732871745667466,0.8688137855547265,0.21483562008858492,0
0.4342540859356511,0.8111072400421003,0.5943486807468908,0.09545545869845307,0.5263852923041019,1.1012016173984394,-0.34957372921369084,1
0.07213793983224616,0.5071078902962054,0.11105884725246734,-0.016256176637026387,0.276347604039055,0.07970222486949696,0.7863902710115667,1
-0.050463998520706876,0.6357652200452393,0.7730675277928248,0.34683966802009336,0.30782495351052463,0.9207847292783166,0.16929963029837525,0
0.0945822478274502,0.2638703454838267,0.6775863065706295,0.5878446319225885,0.7608629464897267,0.6199932552271125,0.4874108622420883,1
0.27937859542333165,-0.004185898685349354,0.2851252816796276,0.5849721853893219,0.345830337234424,0.9134418190257,0.04891079181075515,1
0.11111126873041577,0.28429090781527383,0.505022739873878,0.6707104970051637,0.5785500682213995,0.5602177247675271,0.5874481021760822,1
0.07912884590220975,0.20242646516265872,0.6081971793376738,0.5649078728619064,0.7012612452729219,0.7264428880562762,0.4416984923638863,1
0.147143365885599,-0.0359880389749177,0.41883746157873103,0.3650299590854327,0.5170495857260042,1.113701861202257,0.6195411375527855,1
0.48561296977928536,0.6857653260478418,-0.1703209453497574,0.3623547620800528,0.30994482404081425,0.5965422235751362,0.30216060910308795,1
-0.29339972457210284,-0.34970078133012283,0.049203888631294976,0.8119452517066155,0.13376245181305074,1.423034854427237,-0.2827549113530642,1
-0.20307143585220974,0.9195221274768013,0.47609922505840396,0.46527800127384966,0.28024417972514704,1.0585496710449067,0.5878562656429137,0
-0.15387125175973487,0.1741056137186016,0.07322073351859883,0.35661778132113436,0.5343614697279009,1.0105037234031227,-0.021211441350648397,1
0.39597246582870993,0.3943299176738029,0.4484975282181675,0.26051048843891095,-0.3555683800342177,0.986750214779592,0.2500327296407776,1
0.12171358168691504,0.2247882082943375,0.4726251304057898,0.4156468067129566,0.9345747307290382,0.752689715958635,0.5207593797239181,1
0.2481879070775005,0.2674100783720591,0.5159753272880229,0.34713756688029496,0.820028537364961,0.7669483750656128,0.4535679017152946,1
0.3786519619028932,0.26947011731549186,0.09556250287181131,0.4397060449283468,0.1239828343169789,0.9567040180026527,0.06805054853946028,1
0.5110897741323694,0.31470275423192573,0.09022728709913815,-0.00585794455858013,0.4855150243612271,0.5777948450534072,0.3130786994002097,1
0.5419690677492492,0.10063840245628974,0.1778727209871946,0.06394632234941683,0.2051372924506632,0.41871049486571077,0.6648261171800628,1
0.2821012258893765,0.049895218995172186,-0.2801205689420213,0.4566917346853493,0.2955241507407993,0.958574286792754,0.4507536380763454,1
0.5353479429158486,0.1698198382285865,0.09666639504044178,0.6168550040000748,0.173130418905119,0.8118268478733122,0.2175532488407265,1
0.3628917383799213,0.588927149119419,-0.19822373625276857,0.739625888922175,0.17321310239079654,0.5781329514227941,0.3872826745026019,1
-0.10453707155345895,0.8017809842258509,0.7806930266103101,0.5071388037647699,0.026137143243869537,0.9107268556813355,0.1794927477526919,0
0.08158889303305382,0.22578629137246856,0.5949008283787842,0.5731862681752296,0.7418694994596444,0.6840479825244745,0.49442983889019854,1
-0.38210359856600423,0.9325023642848864,0.5902278235536508,-0.32161882125224517,0.8657829009462666,1.4580024336096198,-0.4346629676440592,1
0.4307649813180499,0.17118275081247528,0.2732603529313294,0.5765301691789841,0.48640960879926365,0.37623459343806326,0.6995625315191762,1
0.4342827159716745,0.3225309890565127,0.08865492731916637,0.36091140668618854,0.13117675716336538,0.8914312480745337,-0.021272824206197194,1
0.04714348289172747,0.2302045468870258,0.5883686968093016,0.5265987572897559,0.7567796012360654,0.7261723395576011,0.35908852932402296,1
0.007933083359835141,0.37107863488583903,0.34835289892209753,0.57293978215541,0.5094544593971986,0.5286344083479392,0.5536920758995842,1
-0.04972245366737421,-0.13566813429385327,0.2507952288575168,0.010165162889959944,0.33171995571233126,1.3333415648947833,0.36211729720887287,1
0.2644480621283688,0.22497823709774334,0.4307212020901997,0.5388612901176805,0.6303766738852938,0.5440534119311723,0.5462262247655082,1
0.11896781748488913,0.1692467041089339,0.6638523818611951,0.500888663587293,0.7112231028088959,0.7649226767403886,0.4247919086959893,1
0.07591451643826286,0.2520004265613179,0.32082307620572725,0.0048903977199661885,-0.3961856181415295,1.075573971314069,0.19507927092725183,1
0.2904576069687218,0.571349312608731,0.2911498120794429,0.7751109642657343,-0.016996534145883452,0.9381634372368951,-0.04592560366427584,0
-0.2836483386521541,0.5902956778723313,0.35779971094024976,0.6257189455553125,0.48699969281860533,0.9220175072016227,0.7273113306446781,0
0.24555737449439385,-0.3942264430022555,0.6176690693404187,0.7677604531797975,-0.258862833887077,1.2056013675668082,0.40512734954692864,1
0.12597791075063855,0.6025446652634722,0.22958171917621933,-0.003033207416597905,-0.30818533197665166,0.40875877313018394,0.45867921650085475,1
0.04563180257685001,0.8272181978782588,0.7424024386881659,0.34872104365711065,0.19661755853060214,0.9479445749587947,0.2790144549101275,0
0.04262485440685864,0.02053237860941548,0.27709903969273764,0.8121273145598147,0.8971496890467588,0.7502079668861026,0.5604033023283269,1
0.35557368211879936,0.3420447041305441,0.040469865357127266,0.5210390507321289,0.16907831338567383,0.8395119425566103,0.0952238284450157,1
-0.008722173566195868,0.223734902409174,0.48241820042163963,0.430360406151848,0.6377823774277603,0.5621524927754724,0.4533129077810411,1
-0.2541746588341389,0.2171245740953932,0.3584759341499937,0.7056807700582768,0.43944838439161965,0.6371887601751534,0.6153595427444252,1
0.023816730850005022,0.7657199781564752,0.7037247959737886,0.401104923946909,0.1382629984009483,1.00905587594748,0.3923434875156846,0
0.0035399415229509144,0.8137026294433812,0.7067156613112403,0.32644756648475465,0.15673045478390155,0.9596523989638533,0.32600084971055127,0
0.20285788264213528,0.6230379620042386,0.16853077951846784,0.6183341738510807,0.25833557139049823,0.5534671734441998,0.3884092629809234,1
0.34103685445968673,0.2723586094984587,0.11585647713893535,0.4891411894990263,0.1264038243678376,1.0786978142663797,0.0019233966882369613,1
0.031385242722988725,0.7750841788902385,0.6683580038677407,0.3484050140250191,0.17264055965773675,0.9209433907764015,0.32561093366708044,0
0.09259817692991847,0.23242399308229494,0.6016403616303219,0.5622219820376988,0.7155250642105987,0.700079346386992,0.41931070664401693,1
0.08330926865771635,0.36540984427223844,0.7126672936936037,0.568222298431997,0.5842511104616638,0.7662654662928489,0.32754830600355017,1
0.46225553248839835,0.15313069782659341,0.15330421393256932,0.5808411254108631,0.00781354858126547,0.9129703319932718,0.01651259946681647,1
-0.49070453491490207,0.5754505922446341,1.0778907597863803,0.2760121394554739,0.30877947448867493,1.1261941578614196,0.6322100576646579,0
0.12717036624765252,0.21441165233573115,0.5396167633960417,0.4627801644316483,0.5934944796058227,0.6700926747298893,0.3149384782515515,1
-0.04410651749417435,0.091850403018192,0.5477045852508057,0.6156286892140108,0.9289765408210778,0.5728490421877757,0.5523792764820252,1
0.7207558982645944,0.20011983382771492,-0.1068090900604392,0.6764566522568902,0.43354859237405613,0.9023123636169748,0.2017920100607954,1
0.2528486680590314,0.11675183551217669,0.7086737062652186,0.6705581892838607,0.7531500744507105,0.7930482687121623,0.5334933801627437,1
0.34489287360403337,0.26188975267279646,0.04675998256137765,0.456170066593346,0.12405399594691353,0.9255585405271891,0.07982609790262386,1
-0.02182324191479751,0.092190033868218,0.0313921653325777,0.8343232149766635,0.346992532299485,1.0256768978404138,0.06668653136065147,1
-0.03837608083703927,0.8486984370968549,0.7346425362074966,0.3834351873817159,0.12131129920685674,0.9465913743931441,0.3016354360174458,0
0.041217014128269495,0.7859436316126274,0.680319576168826,0.3103761520907143,0.16362463157567356,1.0083900432426869,0.283492922433169,0
0.27844762956958896,-0.1456046561895772,0.563308900340695,0.43285004063242805,0.4845146960890311,0.814823298066567,0.2861610958698143,1
0.06893995170616024,0.24015547754468888,0.5887256818168819,0.5781725634218234,0.7362360928847981,0.7044688911023487,0.4080947100440109,1
0.30993325504834857,0.2917907919763718,0.010213898600768045,0.4347274658878975,0.1663936250798011,0.9661519815901148,0.08306154550726176,1
0.3007593852812443,0.4932358470102483,0.4689973004976188,0.9310178069254642,0.3732234705238658,0.377711397102853,0.7908833482470572,1
0.0858739683550667,0.15551857465118885,0.28787590331087254,0.938302997576308,0.5554305180397198,0.8042397621293013,0.7582826786477754,1
-0.06914509635304528,0.595615116706164,0.6128241341235858,0.7410854814492185,0.3932829694647959,0.7991971899258287,0.3044596519969471,1
-0.09748236849770668,0.9366098197124866,0.7948378761646866,0.4470318158272243,0.19202751274134688,1.0674958887668757,0.4734598882736112,0
-0.046753723641041085,0.7553925536010102,0.7468957899322808,0.4984919881259127,0.17596264395541228,0.8551009355214652,0.3481987543110485,0
0.2943887392430718,0.6003255836794814,0.3613360716781647,0.045619789193699134,-0.07974936681488612,1.3550504182804604,0.1802347468327676,1
0.10324221892691796,0.462636950195235,0.8783773930621235,0.7507013245293872,1.0920211642418023,-0.10704427153133689,-0.013785341000876139,1
0.5847562773979437,0.26033872536568037,-0.05931790005525761,0.7547120832058297,0.3414760106233735,0.446462136130147,0.47447461121043033,1
0.008383178294314465,0.748958123219886,0.7066022088075115,0.386126574809289,0.12513555072000573,0.9181286367705257,0.33523457375101706,0
-0.04834979004979456,0.9113450801765073,0.7548027198484948,0.32415095994498067,0.19906437645230457,1.0411535837854504,0.39457530134541463,0
0.13441025737085813,0.36526879362865705,0.4543618809087089,0.6981224051755883,0.800572644097614,0.5709524778853875,0.43523360056989097,1
-0.0018342111085468543,0.10078918948161844,0.21136568030972452,0.9892260497609984,0.41161750334927055,0.4802318710128165,0.46146134378243425,1
-0.08245359311030542,-0.6204583465711271,0.4350950746533651,0.8657427133234197,1.1005250513702873,0.8451975875707685,0.3861184930173297,1
0.047244742521315775,0.5925169662727665,0.33089334693700334,0.28468583944035475,0.3796550502159061,1.2273803269478194,0.33869905122605154,1
-0.13150554332595124,0.7660147843083845,0.6173884277341479,0.18842431373657664,0.2717539262295179,0.8910577583593188,0.37466401193222126,0
0.22747234380786885,0.15674866581986158,0.3315528089717692,0.8152897338006077,0.8752383499123605,1.009676588379108,0.7382533114656471,1
0.37087127129109265,0.5247356860796446,0.5216101829937596,0.5068739622445164,1.2179265401672037,0.41653616627819057,0.24466512609369334,1
0.1464800289840835,0.20747177848146037,-0.08002252715397339,0.4350683627371944,0.09379141204458294,1.0445123304651434,0.0023661715212495854,1
0.041597480346361404,0.4861556209953316,0.11872876490551904,1.05607594415563,0.5452154967583216,0.912225420493448,-0.45087006185657397,1
0.32298743517410994,0.40047086145735655,0.17481186662400452,0.4380455961459915,0.11620109773942616,0.8682303025064407,0.10427669758507478,1
0.1578038242838506,0.3001666296238184,0.7109407900218122,0.5169665357233983,0.6762541548824716,0.5965664536769697,0.4167640660597349,1
0.6808628631826633,0.9224088479988635,0.14065216196407304,0.5399874599192056,0.4290441398539036,0.7357848529436407,0.09376035150222681,1
0.3456554663603542,0.2671001754096575,0.04010741468941499,0.46586063209921064,0.12940701467039237,0.9289798292244809,0.0800750052131151,1
0.8300899025902964,0.7372109692591877,0.30670754665623995,0.2382752566772564,0.21405957669208486,1.09600722805984,0.39978793685064073,1
0.3387082396383223,0.26375864524318277,0.045503700261245804,0.4617308928574566,0.13001544637855808,0.916928949417743,0.0749859879950953,1
0.34662098146947556,1.045319744498217,0.17879077979203417,0.713575163803061,-0.358662307378824,1.9321703690603307,1.0188533671684437,1
0.11410364069912829,0.22730482841491562,0.5688506996296382,0.517819005146562,0.7446100849926081,0.6948945062572339,0.45976905115470823,1
0.3053736994840365,-0.1593482771655121,0.60366484059449,0.5949434639262597,0.1317257830715457,0.9470540174537008,0.33181750165939,1
-0.03789510955261719,0.7392525832722435,0.5822282697954643,0.31431431514888264,0.2194879971828751,0.9014822607687271,0.35829591539229594,0
0.6395686675585415,-0.4517406763619469,0.8309128429687863,-0.4176237658313513,-0.6932652266321738,0.9184320475651364,-0.099142355754684,1
0.540895434657695,-0.4681684523213817,-0.32069225627270037,1.144173461435063,-0.001846752886135783,1.3668903702554458,-0.16443787408932736,1
0.16758248932136358,0.7279989079028947,0.98917237452176,0.1586048084864287,0.3262519570477671,0.888617181350732,0.0602807553167789,0
-0.08013918951055662,0.6456527498217255,0.8556552287062611,0.21544091052964676,0.006824778918292418,1.0984179472862525,0.20521530683289302,0
0.07957642086425494,0.17736980708044345,0.749805976667304,0.5569297154651341,0.7397483369548276,0.7413810237194607,0.2500203620481751,1
0.14928980438305317,-0.02632869452862474,-0.352959772679399,0.9686442314554307,-0.22712516400730592,0.7692571709027336,-0.5111697442090214,1
0.11959458061443022,0.5457152049695444,0.37690306125833684,0.42703068219670287,0.5732159911965481,0.6162531939734928,-0.14725657731131947,1
0.32301392265540485,0.47039144601440963,0.6475892366416676,0.3684780518153763,0.6433264265255926,0.5303710894661989,0.526216335881629,1
-0.0426874104804795,0.3617926231408155,0.48779571056746196,0.41928232340658855,0.6220179350526389,0.7137933491139079,0.4475585753404187,1
-0.08129350548825312,-0.004726208251731784,0.5927282354944707,0.4648020317946425,0.7022830022952243,0.7842683032012291,0.5512942406202156,1
0.61550395497966,0.5195290001286363,0.053644492689403495,0.6165636544132357,0.08921429225284543,0.8478659481406869,0.08860385789093497,1
0.009770897395907821,0.19178189511677013,0.5033289870768552,0.4963624968220765,0.7576731688966916,0.6087518836227649,0.3725623531215674,1
0.1530173796423712,0.6636436022199712,0.7700620667583007,0.45753047319385204,0.3075452301839152,1.0118342349155625,0.2003627363985346,0
0.03387674163068338,-0.060499830519703146,0.1773938416306744,0.5403076015087708,1.414532498170316,0.4760968146106596,0.8836274921712256,1
-0.016748419434558348,0.2195867109297387,0.5606294521416542,0.8072680553874554,0.8466875681833037,0.5790334513517309,0.306513755135301,1
0.38808757472950856,0.18827697457681042,-0.03694965779887989,0.43264309262072137,0.026008330637444885,0.8193616758497294,0.1677477455084288,1
-0.09626414731757713,0.9237283429716616,0.697551624173914,0.2709507772448612,0.07090293245202556,0.8623582456214192,0.3963756742143135,0
-0.6264529620556589,0.9328309929610458,0.4478001460029479,1.1272698542237882,0.3092140399537855,2.1540679686357436,0.5425119344979095,1
0.116727387644211,0.8030400949345515,0.7525042421938609,0.4517277860462406,0.2638272657754399,0.9696849739087551,0.30066270083598234,0
-0.006221818233006132,0.36443683225784074,0.6921019877108932,0.5091478167882977,0.5886430265289239,0.6637648847388208,0.33622632692197857,1
0.14076124366049658,0.26381786898441273,0.5660346814762196,0.5405949831893735,0.6776396988491016,0.7641924752635294,0.357253937111997,1
-0.012349554219273792,0.32961862293680333,0.6427156939920391,0.47611685512949947,0.6704289156432547,0.6002526981282156,0.5755685206548005,1
0.00024657899870728084,0.33706245711157734,0.4990131363805782,0.494368306453456,0.7694220630167461,0.6553427639832763,0.5276476977565079,1
0.1393405896178857,0.2962297847967037,0.5695087958390751,0.5010932429399296,0.6806304243961752,0.7494980473323998,0.43018374256289793,1
-0.12360564908019087,-0.06858567954243688,0.23109328242579147,0.6858757429415842,1.1262829994529182,0.9724464797340493,0.26281673202450984,1
0.15683921449856691,0.30751101837026873,0.6021713639809569,0.5350556711210742,0.7538252447901245,0.7264533005861059,0.37989175598685704,1
0.0748519244357455,0.8018888947341576,0.7380983092580944,0.38611999296357513,0.12164123931882717,0.9735220932897061,0.2975566965461366,0
0.30735840883366156,0.4667520363534054,-0.20178852894905844,0.20495275445751754,-0.13820567617053764,0.8185816402644551,0.4006510258481066,1
0.3621013922120518,-0.2500810471116417,-0.2112433490202178,0.3998922810037541,0.4326008056180686,0.9482894834644744,-0.005699344517580265,1
0.20375392934654163,0.6455648995523842,0.6475792971064614,0.4780760658335622,0.048343744524848825,1.1629473451771577,0.13315459990720296,0
0.16667271640977976,0.27461557370676315,0.5408473806029115,0.31167000426985203,0.9058364243723313,0.277009877095578,0.6965683248801147,1
0.24593095914216778,0.5523634775804098,-0.12944202291940352,0.4035111372221624,0.3682351552338732,1.1761736286511395,0.006830715540751792,1
0.10347690505682045,0.2314937264449244,0.612538270423456,0.57426503765705,0.7028619006601138,0.7141682027178576,0.42065839578112507,1
0.8209313811420941,0.4914672366029922,0.6378084164092283,0.18515316231776063,-0.4174874438747117,1.386658767967756,0.042988744098247766,1
0.46242528975452857,0.3740246175270133,0.46926323981389906,0.41557238082970205,0.31626080570602344,1.1502249763882577,-0.0345436853506112,1
0.276201809311703,-0.1581347871166952,-0.718421775058758,-0.6099239078568084,-0.20064053283958605,1.017659130232111,-0.15338863178212286,1
-0.018548512315631423,0.7231891538877171,0.6729109977443027,0.2601714226907304,0.1263196495664308,1.0258122819376494,0.3538724119681458,0
-0.07294312440722109,0.13186639664359015,0.475624388704874,0.4813965107728886,0.7556310645604627,0.7869006509177219,0.2655471063218526,1
0.3154826906297822,0.27909039879423175,0.14292315651006168,0.3648471268667254,0.1275336186327918,0.8398556882388403,0.11780216965842491,1
-0.4815853181157691,0.12080792611152491,-0.015491932913854645,-0.06889818977039719,0.7510344446701056,0.5099651500892959,-0.04698164198716703,1
0.04362071384029692,0.30483492601578865,0.6485341042509593,0.4751457697303993,0.7912806530701157,0.6678488405980572,0.45202531806410207,1
-0.2651731228484858,0.3481584816743913,0.773364202452228,0.5501704395574528,-0.8522757444430883,1.5001350483819786,0.9790853238355149,1
0.050118198183493945,-0.046651595479642316,0.24955274747342956,0.32863951155509064,0.504156501569264,0.8430371508001953,-0.07245432200421834,1
0.004165673765273364,0.820544960294941,0.7122065502361,0.3300814946059982,0.13733179613356186,0.9403581860498709,0.3407883160988937,0
-0.655899131396481,-0.24735367906621786,-0.1506980615810778,-0.12266398486025165,1.544841301815272,0.7551973062487835,0.3422909808111939,1
-0.2176606363203279,0.39758187179289606,0.7543886325606936,0.28646574295384786,0.3920177339516248,0.6668705634635013,0.7018031761050915,1
0.2430678224609655,0.17992524645484997,0.7265371405467584,0.6447745769957561,0.871068279049992,0.6594564524437928,0.38329023852469024,1
0.5044833708090544,0.10713185083901448,0.4351300807089282,0.42735850735396197,0.5313855739141631,0.6243964695838136,1.0920318137616873,0
0.3468819993984981,0.27909200607712287,0.032456005387564255,0.39412139923082795,0.0750206025012912,0.9844657648686813,0.12935794248874788,1
0.8743360585193266,0.347190857025608,0.5227202705768611,0.41015513808349036,0.43405922775642536,1.0580719364380646,0.4975279845946809,0
0.5445962973359072,-0.20054021268031275,0.3194143077799954,0.5778109357245148,1.129790955240416,0.3217182693144851,0.6348790576251448,1
-0.34199175600612114,0.8188165096823715,0.20695371292803844,0.17365695771334327,0.6709337241386081,0.5751537597580081,0.08605008079498239,1
-0.015722396706028097,0.786706161455563,1.0142373776408733,-0.0283457156036806,0.2499401319125905,0.6731091817991283,0.6570560043665785,0
-0.08587627938326503,0.27543041727411705,0.19097712469179767,0.26278738692402837,-0.31779555580957497,0.37850292559107,-0.5001813235740453,1
0.6033194565143537,0.6456354218158252,0.5743497649011337,1.0352184053874889,0.8874381215366604,0.8225019259853428,0.8376264241951747,1
0.010089747575734623,0.21887529771678896,0.7489342120549092,0.59913589460671,0.6020942674048256,0.34883768020342126,0.7188055212205577,1
-0.02223836415776345,0.8075677003123152,0.6657439461222693,0.3288466500502609,0.17617322971466673,0.953142242959828,0.37908925312183217,0
-0.047483537798671156,0.8382233948574809,0.7662967016343498,0.3106190072736947,0.24234379029628156,0.9786686237677376,0.3417419167958309,0
0.3944757166127962,0.2765526443785518,0.21839816221606767,0.5278693297908235,0.2681386847697592,0.8494795565996454,0.2852548855966364,1
-0.9774404961373611,0.25287107498719197,0.8588278473457026,-0.038759200066215804,0.5861028066780863,0.46382272543819164,0.1749999804360541,1
-0.11028121795161833,0.5609616114605402,0.74240359532666,0.5464474441435082,0.7919857301283473,1.0127288376310095,0.5537945010302697,1
0.35186758469479645,0.1451440635149897,0.17084515676008682,0.5694559820468211,0.21136798690132613,0.8810361123401667,-0.0376084157061794,1
0.4538746388395235,-0.12880205882496365,1.1716241835996466,1.1216592492650657,1.2809045337470875,1.2510250641313456,0.4440503561244725,1
-0.267831173509089,-0.06734770169925935,-0.13295173825623044,-0.03800023487175075,-0.531807140476244,0.7578319446713986,-0.27621672156667615,1
-0.05438975268530497,0.7618112713976333,0.5757081066915087,0.07452980361597666,0.40646830353847485,1.10849718130844,0.45495029010995924,0
0.13060236106640877,0.21844989925902983,0.48794165667863953,0.5621228621036796,0.645419658591073,0.7666620036136804,0.29556999128645856,1
-0.5171552299662969,0.5592446087820558,-0.6778252919899524,0.9240786974568287,-1.085685240162852,1.2371356516742837,-0.34794976189186416,1
0.31292130642568977,0.28539121883156576,0.05031778915377944,0.4573216971026225,0.13138809063890786,0.9036136254675103,0.0735336470323883,1
0.34016384113681536,0.2686979555059819,-0.39392989950083485,0.38887162946011766,0.42078624316986274,1.1903457524070387,0.13223560141700455,1
-0.051998841321390765,0.10181584792830684,0.6883041845640399,0.7383716985486524,0.7868127711673758,0.8139653222722532,0.3863209926751508,1
-0.3609275792231179,0.4997829961912431,0.47957207205796526,0.4505193870763327,0.8677080770041675,0.4050217253474981,0.05931689801940354,1
-0.12640656691749158,0.2602978501186403,0.8352529566338502,0.327357269485454,0.5282804526071406,0.8841475909739507,0.3506494215883502,1
0.15227770803052987,0.24737051602634139,0.4563668105893496,0.46845566115026716,0.6016778343757001,0.5374758304915067,0.3768801449689925,1
0.4597794322762885,-0.09237953358317907,1.1175149653990053,0.15418762509193673,1.2801460224869712,0.6741030548619826,0.5234050197235878,1
-0.09420458892001382,0.5015800021328164,0.45212756193420744,0.4062079768705338,0.8328974190786195,0.4740860648922124,0.5258946439708468,1
0.13608405601462545,0.03607973510786813,0.22058257672081283,0.7745557491223771,0.8898936577687739,0.6617878708966488,0.8367636615596197,1
0.12575802134356207,0.23704041024233988,0.6897878685194139,0.4326044065862795,0.8350529807479607,0.9605729010046058,0.5851024583451706,1
0.6191971362832392,0.5429691705807946,-0.05772419092155977,0.3994793456016368,0.31736057301902876,0.7748974656555363,-0.2596566817730371,1
0.628968886905059,-0.013233991825760183,0.2563006577843125,0.2430573807649593,0.7489598703112006,0.6765663006031194,0.8580257036242378,0
-0.37221573818893366,-0.17625288361163188,0.73742349666983,0.8441681205023979,0.4463968622235524,1.1723826453985098,0.5996794318680225,1
0.48318176465614526,0.20705914678639253,0.10373489879005147,0.5498778024453178,0.11799477807518013,0.7518781084144704,0.16143370684930072,1
0.5316906180137101,0.4352695218527006,-0.15710242721468715,-0.1300944793583949,1.0587184005016512,0.888915871739693,0.4988430387023321,1
0.24866528702790353,0.14964433066070948,-0.13842977985270438,0.09616538341015557,0.413172344568627,0.9893477953400829,0.42144910517546635,1
0.4046217706369793,0.31313698199520157,0.02848954847644327,0.563842600872705,0.10638474643788723,0.8082176957866856,-0.02480283412428967,1
0.45471107784492426,0.3797190678724764,0.34876179830134807,0.6338814933740725,-0.4168186411340391,1.644676441779608,0.4443007037237383,1
0.5109461108892325,0.6092364264076087,-0.08363373163542748,0.9742097999131687,0.5807343748965916,1.2139108591534307,0.5488843428840371,1
-0.005590079590943348,0.25595823143162943,0.644567108890017,0.5092874217662142,0.7911202342321234,0.7546579883539595,0.3486616487404708,1
0.021345501620034533,0.7051444578268239,1.0353035602399978,0.49805910504361245,-0.09251715615151146,1.2751395812541593,0.15792252540090249,0
0.5615826521649112,0.2157271334068488,0.27266191974657666,0.8088519296798353,0.6158367846037124,0.9158528160075914,0.07797675102430156,1
0.23721109854338351,0.3152281864165149,0.451685974711728,0.44647505609902643,0.6918852737619147,0.6743099941960821,0.30774613086765645,1
0.32762088547035795,0.28733244140868014,0.05083809063400068,0.4774711751658213,0.10472578966841657,0.934471268393636,0.06345677860758,1
-0.00042377411012691196,1.2320742176355104,0.7569991411863054,-0.11959857357732062,-0.022955475976520978,1.3424296206668065,0.8782750698446448,0
0.1017408469706638,0.8360195399660776,0.57873471288352,0.49792547287846955,0.2409634125315181,1.1669070433409885,0.3002683171139014,0
0.1378264651335379,0.2968668941093473,-0.26240852328291364,0.03333362911161486,0.005561051912208209,1.0975100435614265,0.6723158626069462,1
0.2867918642303675,0.4038934672833049,0.21795773376728905,0.5137046929015165,0.8379733444765465,0.5832247802265371,-0.018702639661367093,1
0.0002446249281167646,0.9565572877013047,0.8171294142189693,0.4474376070708509,0.13608193642770297,0.9651063181154803,0.25912455446341076,0
0.45443461112000527,0.3166793263443964,-0.09864029393157561,0.5816879730693342,0.4225508692698787,0.8240037564353014,0.3833144253601926,1
-0.08050083534052183,1.0065133045961874,0.4621269670556031,0.12106243601194316,0.20541572865561655,0.8311328287291029,0.2074084615341736,0
0.15746730365240869,0.13292834047503843,0.649502916472832,0.4197630388642518,0.6812886238588819,0.6209460995859761,0.36248703022155904,1
-0.12257067463853294,1.1542350911753332,0.5836338817307223,0.28337456372238745,0.48201523852062317,1.1056806074978944,0.26038890377961,0
0.05169999428467444,-0.11678302232845345,0.6884229992052051,1.048559906184217,0.14960922084836425,0.5075351442477387,0.747581175501382,1
0.07569096164755404,0.2476193972999818,0.8409429739964518,0.7187654059541675,0.7726829469675687,0.9438577393811098,0.3897312884940027,1
0.14179313684086467,1.112171099815423,0.1395617173187369,0.16937422763075904,0.06557543171873298,0.9645449548798629,0.10252945841875824,0
-0.018463274053541395,0.1167779661548747,0.7049011844598194,0.5960294896193046,0.7337438229156452,0.6962740324692795,0.3978940712989533,1
0.5141717041173728,-0.14482169318318672,0.33641451423514235,0.23452624730201527,0.9831269631326042,1.0464902679922847,0.6029094134914393,1
0.3487622733578341,0.315282895753888,0.09285432251229223,0.46895776721516275,0.0809625955505617,0.8859076643455372,0.15768384219423626,1
0.5865043307982533,-0.02976217749443999,0.29003282326118085,0.3244975928684295,0.2828422386440562,1.1589815752482542,0.058106411981232294,1
0.004399387492789371,0.8750839722753617,0.7111125798060786,0.40595996887634056,0.22708657062203802,1.006053052291927,0.34002672005767126,0
0.49169302054125985,0.21580216861024729,0.0295717786365731,0.6261371558918706,0.028960527972327565,1.0806364464906093,0.04729438548321258,1
0.10233135846848539,0.9372832235742704,0.5507861191871073,-0.015095259246928394,0.47502878968637635,0.8588647293371751,0.3540133191876908,0
0.09100038721183908,0.22535261960507297,0.6118369060557464,0.5552727274812905,0.7265701925046864,0.7062058910458268,0.4243530277931653,1
0.7122538850979503,0.34472937852163754,0.15322974555180469,0.4248254507169779,-0.09129323125077893,0.8732980192089957,0.199862622489824,1
-0.07435822750277957,0.6603875213773145,0.6838475962954378,0.2900102007215932,0.17073341112838128,0.9747937053124274,0.4985439278413465,0
0.7005442557647494,0.5425801701176294,-0.4345992023533195,0.8945090966029302,0.035100547585744435,1.048188513580922,0.013898268083625973,1
0.3255447865054102,0.22123789982305797,0.032811935743868925,0.4598853896621106,0.14240983863493673,0.9207476634904872,0.12632791841495888,1
0.14133883565822766,0.2501766154199708,0.5582800480540027,0.4994479603615119,0.7007441300281896,0.7600500808353442,0.4438066898264362,1
-0.07729503427734574,0.14724451308796543,0.46634333312851317,0.4527029459490768,0.4408597150977581,0.5350442569939311,0.3450360696423078,1
0.20110443296189445,0.4011817187073864,0.06918820997727768,0.27984339229875277,0.14744776822253505,1.0469295769539086,-0.0432308589378423,1
-0.11005294616774833,0.11011780120460984,0.5913883782873848,0.4483893261161356,0.5087640083534214,0.49871548742575644,0.4694931332322019,1
0.35075941785178455,0.2850523309992132,0.02581475403173991,0.4713422522993254,0.12365369297576635,0.9406940832962293,0.09377520902127368,1
0.008683584311611118,0.9079692740307849,0.6441424822371421,0.4028726531332003,0.1260176136307387,0.9523848249962982,0.4239379234432876,0
0.6217626600942181,-0.2755138417274269,-0.40528072929383624,0.4348805189109828,-0.4609569962853889,0.7652926544194266,0.6026784023673495,1
0.08667301386020149,0.22975523817187493,0.6446366398395291,0.5973680494869213,0.686386622161325,0.6517091732974819,0.3641008482573022,1
0.17284473784156956,0.26461668230147983,0.424766260855475,0.505476325293239,0.9981187342177231,0.467770220065441,0.7296867174556978,1
0.6683014558882034,0.4551770026137728,-0.25331998095348196,0.25140100046721403,0.2767867747316034,0.31185295196230234,0.24829568028041907,1
0.8602663270523355,0.8019663493674282,0.9692085514964024,0.26242677550037385,-0.7145132333588415,1.03674262356394,-0.38154096696470613,1
-0.26521638451517665,0.4818888028835945,1.2198794311285037,0.9025413345557731,0.7100836924536554,1.223784781477482,0.5874862165052469,1
0.3515361914974739,0.26251244657162526,0.011171018346696412,0.3750778458803202,0.14603855428000534,1.0007019412313458,0.0008032655151194029,1
-0.1370148849997693,0.9473864159435231,0.8582682808439733,0.31489676416552087,-0.03879035966127692,0.9257970460928933,0.55502148132304,0
0.7394278548925564,0.7859664196163084,0.6326747252029002,0.20801512991227172,0.09636312599347988,0.20342190165274898,0.32110839562757426,1
0.8017922917616076,0.20061628350565594,-0.247827143261575,0.8672563926110055,-0.45414291935595996,1.3705180682560292,-0.7265587283820321,1
0.3060949534364861,0.04807116871878386,0.023653422746343248,0.6398664873078217,0.2047429177755506,0.8139674298664871,-0.10313682951321293,1
0.005953876225497812,0.5323702397914541,0.45415386792920975,0.5984432372691959,-0.029112155314127197,0.4921849544622169,0.37681493064736504,1
-0.014040908305360013,0.8121373528424881,0.6816463876644665,0.31084430154757076,0.1559062654407211,0.9253713111645486,0.3462986686612206,0
0.389062465622985,0.40932090927557274,0.5609243689173854,0.32589110528665816,0.7759448109840426,0.7936659539400968,0.4669161986119069,1
0.18346102980648063,0.11308335575397402,0.19488302034213076,0.3827460974832351,0.24716004602908398,0.9474671664425874,-0.04467087662969094,1
0.06445615777928301,0.014545215763054314,0.6043827538063041,0.4331872320689778,0.8936809601333267,0.5641754065651587,0.22382844699260138,1
0.040576650624889986,0.20287490507675413,0.5555964775670726,0.413192062010022,0.817710131684082,0.464357779654704,0.03954233694229187,1
-0.04229874302553405,0.4584082005280019,0.6774986723068674,0.7323121759959474,0.5617797937861944,0.9249240427256843,0.28530916162034836,1
0.11950496806698643,1.0424124260323764,0.7104461975869405,0.4779713098885851,0.37355337464655114,1.1143374527372227,0.10537028890109493,0
-0.22199749399751148,1.0236449913831716,1.0037789283708167,0.06995722997042753,0.2868609438053722,1.2721630119945428,0.645716896033887,0
0.04429322859227743,0.7766239256974867,0.7498744677568511,0.23348364382197306,0.232856372648037,0.9063523228814651,0.41945749492585016,0
0.11123049151269344,0.11115443876447423,0.523976972675565,0.41357103653165284,0.7623327163855956,0.6340458341804344,0.422854376823556,1
-0.004757633632171599,0.7628315355617274,0.5446913398749182,0.337572010095897,0.04913106956241843,0.9182657604512756,0.24709202629605237,0
-0.1118677316059306,0.5714349408421274,0.6523396232090597,0.5324798339481944,0.4063874885628207,0.9846540868439784,0.2797778036338783,0
0.09114516083419637,0.9223195362617604,0.6708803612308034,0.18314441171601026,0.05724520171882659,0.9508354118262086,0.5048179617948527,0
-0.1519823349940328,0.2326956759551242,0.37376956916442705,0.3757763525954184,0.7338094275276468,0.7210552466393864,0.18022747570365175,1
0.1942177020565424,0.055016412667174275,0.5039232235204298,0.5686442901743897,0.5822340380325162,0.6094703910550412,0.2698004924390675,1
0.19997219115821788,0.6363555657256639,0.7860809061434065,0.46667586344345613,0.26541267980420924,0.6652571892198664,0.1951163269619813,0
0.2021224410491514,0.3367179949432189,0.5343679987528379,0.9301599541657313,1.0604982407383736,1.0381378547597255,0.37078744517249884,1
-0.18178892879804165,-0.15004404086075385,0.7662239190656229,0.4360425976748612,0.6799205608838026,0.8418583292717371,-0.07293979745197982,1
0.2124419933172171,0.3960036617107737,0.0800966576495398,0.3378357931175663,0.13399839736126565,1.0534522736341851,0.19796187626980793,1
0.5051109750131032,0.25307746771861034,0.3157624836997213,0.6616928132646386,0.8349654186115926,0.5613939568614356,0.6298703787347819,1
0.07717287379775463,0.18583960778301312,0.7119906105929179,0.5506829761325938,0.6478919681846043,0.7128124736256547,0.31405416152650545,1
-0.07666123528478128,0.9515273968940506,0.7741343221485448,0.27857514234033687,-0.009412547956210882,0.8268036947542838,0.4138495955100276,0
-0.22498669135817617,0.9154868702567676,-0.3650037602972698,0.47237757474006137,-0.3440495406893725,0.6527710773298945,0.5054575245407699,1
0.008736671502595751,0.8036203919873749,0.6960388677568065,0.3446722826751606,0.1624228344420694,0.9567585065513218,0.335044957999815,0
0.1086647362774261,0.2091937001291558,0.5878849877875488,0.5231327099566103,0.6723212100807713,0.6689401709357061,0.43257625848431797,1
-0.09380780625675053,0.5005239575152841,0.2803865169285477,0.17625634111377453,0.3725921048733239,1.1031422761770298,0.7883569626415707,1
-0.07992585991080178,0.5508055160479778,0.27196168955420885,0.5125250362410998,1.0901067307103458,0.49086089978320935,0.3369296778030994,1
0.5918169350140916,0.7093928986417781,1.1823173636640956,0.785583429663977,0.04532673453493785,0.3500694102563988,0.3981451392622843,1
0.018340352979368674,0.3534824139062948,0.7099037831835628,0.6435099301445042,0.6823991702650357,0.6680335195974428,0.5926193986802224,1
0.27593664757129854,0.25040805537060196,0.10917814419801351,0.40133628395789434,0.07300269896499742,0.8713737521690638,0.11494114045937176,1
0.23070435509006076,0.33725392568301227,-0.1762285322940578,0.5166040490063755,0.2843410087502146,0.7369521204770548,0.16185446206102644,1
-0.03568282155944287,0.7308951799099738,0.7972211365744888,0.43993030863002613,0.27274202027061556,1.0751701284957673,0.3840394636676452,0
0.5445853154296791,0.4054457226405348,-0.08906467518959699,0.2889159531914993,0.19315713685661995,1.095813081265935,0.20331382782848062,1
0.4507387460327502,0.4192532334385848,-0.28425469397670944,0.2345687328829383,-0.2293508671495571,1.5412684469436408,0.31084404763179213,1
0.22058301348575202,0.29681708145316366,0.22011373486892172,0.3979581029959502,0.11248491199090138,1.1142930807833005,-0.24185393527090304,1
0.5120673998148355,0.26138240521583594,0.3470763428985628,0.26081361073542897,0.4345741882048218,1.0354214866289908,0.3970093817492879,1
0.3325088298482111,0.43251661169350347,0.51652175331315,0.9754934670429577,-0.1257953868736959,0.39255699123012155,0.3278685701300234,1
0.06770621744431482,0.4254464038021031,0.48280691569805245,0.6667878143722514,0.9032853262599284,0.8333064997975259,0.4003490746521458,1
0.13355919351518986,-0.7244492253181257,0.4304802209691525,0.8407744960030329,-0.25520482102534725,1.2867038850094694,0.8893168006591299,1
