0,1,2,target
9.248652516259453,9.486057779931771,8.924333440485793,True
0.8355067683068362,5.920272268857353,4.237474082349614,False
5.300880101180065,1.3030294124748054,1.919971575392927,False
4.44573573873013,2.210391731572191,4.550329588477164,False
0.24766967489568525,0.8577408627625116,7.100082002449101,False
4.212483616141941,5.12633924392356,7.342090787834955,True
3.5899635978619973,0.5755452964921848,7.831023561605042,False
5.891234827720049,6.579127100998954,6.2099145513806695,True
9.707352275789571,3.6279251847810845,7.59786612243531,True
3.6868381476820677,5.720467811917809,6.60532109250318,True
3.143911106361865,0.8573612432387134,4.740664227130393,False
7.179140037527992,5.906096979341702,4.4745155927333435,True
6.423784655599655,1.8202921598408917,1.7853995065083117,True
3.2341234887666004,8.158734926586414,1.9560785280390003,True
1.1430120529478138,0.986041979949358,0.3893316960342308,False
2.7556446150015237,5.728218948884378,8.206631808725245,True
3.308048479932988,3.696539320060992,2.8848432408389613,True
3.04787433851803,7.775824997926372,5.489934699110331,True
2.584185238892828,1.0712723150590253,7.838090667083399,False
7.071434542170243,8.2856532553594,2.38026397885845,True
5.454790230277932,9.18743176350847,5.9269573614260604,True
9.454664467501246,1.6725975609804233,9.750064688457487,True
0.5591980837919641,4.162233203156431,0.23362801690173574,False
8.095632659318523,6.872053594346042,9.73735647068935,True
8.049637357931282,9.488281164830427,5.38596123044485,True
9.882175657531494,7.490143633843559,3.461425529119997,True
9.743911533670708,3.7699915834216133,1.933138894810783,True
0.7587707239625474,4.659578021487166,1.966449078541198,False
9.335781295521986,9.50453685936658,2.159511081252543,True
1.035034548963606,5.289699856154854,1.6967994489229854,False
5.436483365147497,8.128427582877768,2.5306235328324966,True
4.2175160471298305,9.008700103445278,4.446925279641446,True
3.427762214585577,8.923288689140904,8.137559456012127,True
8.951816604808428,6.8774434037863355,4.12622206431442,True
6.930229437396931,8.298196188927971,6.3951214958537665,True
2.3842417855410525,2.9525317568412635,4.0961641295891305,False
7.716656614873331,5.570906297102496,5.499374944829646,True
8.265409341816413,1.0844627041598343,6.312385435343703,True
3.3250230524638926,5.593552122171377,8.353494661335297,True
2.4835222337637908,9.515180338965394,0.7857539756506449,True
5.620212829749487,5.41814916682527,2.3508059149180016,True
5.608482134164793,4.707269728149112,4.4959495207901305,True
7.1838019245951195,0.03941985504103074,3.7717684375976623,True
7.856009524807854,1.4186334423108793,8.673907697331577,True
2.035906001447225,6.811271535618647,1.731654305355036,True
4.493239950078585,4.22550238331346,0.8179972633696209,True
6.996066590939685,4.801749333540963,6.890096142291893,True
5.3913336783979515,5.558708397868788,5.261266941758548,True
2.977945377336898,8.987534939785927,0.8639060874653737,True
8.766161133513528,8.634640715275332,4.978064848284795,True
7.76948228611441,6.733666766944025,6.05073551922021,True
2.916266745421466,3.1964886492015996,3.493801713343241,False
3.021717538959466,9.597026924056964,3.4127697468136544,True
3.875502202122807,4.195594555652403,8.164939259581363,True
4.777587932044156,5.5375233205700125,2.554819773048018,True
2.7806990363467756,0.8908800321831878,2.172586760908338,False
2.638881503644658,8.522706266214602,5.024699000347463,True
1.103891478513358,4.627228378487627,1.2092933265517947,False
5.660268945222839,4.421340451210041,8.582843842882124,True
2.5927307294912327,8.508620121427697,2.476025802077737,True
9.826140147738071,6.3417955837759585,0.42679625800685184,True
8.071757560941574,2.756465837391038,3.622455937062239,True
1.4658355431274683,8.374343870585726,0.9037399426359216,True
7.382665612478667,3.9572509088248395,6.794424530950501,True
2.930658980166231,0.7827666867306438,9.151699371368323,False
6.547517300025448,1.6968254030507346,9.761917898078774,True
9.118177424793897,1.8260229368366476,0.19099907100837088,True
6.10997905455284,1.3915169933596128,7.318900473008336,True
4.688756309200727,7.09064165465835,5.697913825132787,True
7.707070637306877,8.216280195345895,6.029035282123258,True
5.913980610848263,3.2685911677276214,1.3409002386426083,True
0.9248908728385874,8.569438398947028,2.060895634216088,True
4.265644400720323,3.1675022659843166,6.19639547336709,True
5.333463891369899,8.590396489111235,4.3604137497703155,True
3.6190567561724762,6.512180583135931,7.448025685616415,True
9.254650454324425,3.118306432402689,8.864766110457193,True
9.814336371097944,9.823735850916863,1.2919523087592044,True
3.8011170910285563,7.7398958288404405,8.31025324181706,True
0.3951563307302741,3.9506487809320934,7.241559267815348,False
7.58279015502206,5.350917887820152,2.1055400606887376,True
4.068077610634115,0.5854503095652541,3.156821112032354,False
4.273686518708379,8.229399484417385,5.893346364128841,True
4.143656966577675,2.459331300491867,3.1527863469024475,False
6.7075053823175015,4.454585672801887,1.7312375008157121,True
8.21732501442295,5.75615245835781,9.675191642069658,True
5.36384931940919,6.230678977914069,4.276481107905453,True
6.082834987469049,9.188345256459852,9.812900736202767,True
6.609544215590214,4.302393196607298,0.6268065017761593,True
8.40198673331418,3.9142151651598134,3.824477438225513,True
0.5711353374330363,0.3412847534824459,3.90536392854537,False
9.747295449899013,7.405757805086259,7.088048084113307,True
6.684461450121965,2.7287316113124502,1.6865391391214024,True
6.023534386154594,0.6356147491337238,5.880765528350703,False
5.14479513944557,5.424983184854074,1.2133486515167924,True
0.6759950834135042,4.732325724250826,1.4557494207478383,False
6.4145473985850066,3.095359810990521,6.206442044506423,True
7.50210385919765,6.06436574522934,5.315832171257277,True
1.9732143619607578,3.4718910442957096,9.779480346454685,False
2.68569221375355,2.8432820312907614,4.932840608972407,False
5.459539364099451,7.907443832001685,2.9524314655497106,True
9.628278072103495,0.2222673759013527,7.9036252698891785,True
5.697289540434976,9.011644092355574,1.5306533920259136,True
6.8921997979788845,9.472128237758984,6.670558968679089,True
1.1238704395700871,9.209353797918613,9.696373436645091,True
1.1080402847588156,8.27268172670144,0.7932868472694676,True
0.8129261405751609,7.953746395841441,7.199160492186819,True
9.571871901782588,6.319289135582338,5.116980244541876,True
2.720685194777438,5.728554459051112,9.924581098196317,True
6.466655657206974,8.755449348684014,1.9744817853349894,True
7.349667374785006,7.317762648853997,0.7085461658968295,True
8.20199445871165,1.7607112851299522,2.1734200782120725,True
0.6121243340103677,6.626701794384528,1.422975455223201,True
9.756978819259013,0.0004080385028870648,8.09490273789777,True
7.591674927292516,5.692999642963098,5.7198065833206835,True
7.979782525136984,6.363623143576983,1.3937123973325294,True
7.968463824240255,3.5387836132892025,5.837667430974552,True
5.1243465064268765,9.04034957108728,4.143607095508015,True
8.534197471784523,0.8180602234970846,3.261687180856515,True
6.705743276931457,6.119480135625315,8.32319119322727,True
2.0791046550246275,8.041921842189662,7.956203230840771,True
1.42925263624341,1.3982943311492102,5.832874303248875,False
9.756227441948024,6.137313011179087,4.279533233656712,True
5.068662628284791,8.095504803308549,5.222868001237067,True
5.367591056760973,5.932844251439885,9.320951543167542,True
8.00397762702713,8.39148030163292,2.6620495063680405,True
6.0014835073771025,8.230860202336508,7.1815667903373885,True
9.518163415586763,9.152110796639999,1.2762840923027907,True
5.0820155762332195,3.5776154744769126,2.0513628183068686,True
5.008000014600695,9.83599791932522,7.6827258476858615,True
0.9913251333787898,2.4773006996273397,3.6966003947646806,False
8.851495044316634,4.594973341904138,1.595214497944747,True
5.501958488912262,2.4722623329847027,0.38338494030847325,True
5.9266769866045985,9.908616773503162,7.759162718825062,True
7.362041910307088,1.5263555996342526,5.617122826928642,True
6.369257646159225,7.591271775637406,4.4670814139316875,True
0.5330741526955729,9.27707485035018,2.655391346601983,True
7.384206146459694,4.642109103938889,7.791952913511753,True
3.377284951560049,0.9246189744597633,4.280155666959543,False
4.800171240396287,7.9256739545179,4.037549162800814,True
6.664509279857781,3.763097274410562,7.326608450468343,True
1.7422599766711577,8.800658781001335,9.443905284094882,True
0.23709781735423707,8.583974534791329,7.78064357702276,True
6.930043782787058,1.0590105392965,7.328586926185919,True
7.716728572118356,6.262776616912261,9.63656807955682,True
9.469508036352925,6.336036544169322,9.250222273148495,True
1.4378808743873173,2.9829306995584757,5.298469757627728,False
5.226767029110806,9.528411373296565,6.359404013425473,True
6.213098210810987,6.212703334707314,9.455768727655123,True
4.004178097480774,7.394254369873919,6.001559739468744,True
4.0243007782880245,3.3902102505384777,1.5367372197080142,True
0.10906844524121051,3.360054924101185,3.002076264368181,False
0.8122081964752115,4.854787176824077,3.5089374122053627,False
9.260048274288641,7.805181399970712,6.650834139948703,True
8.469887903250958,2.7466999126353384,1.1627872302433928,True
6.096951634499933,2.2747550087342603,9.850494069246446,True
4.249978281190404,8.86123343052926,2.457473546447501,True
0.9372945736458516,6.270003953847923,6.928980816952636,True
2.56027496943382,9.268012881348188,9.731390268644944,True
6.8726226070657574,9.813406880029069,9.831634386119884,True
1.4814369001808636,7.3035913200200255,7.459685561915572,True
7.318798334021669,3.3954561032470023,5.43318019966193,True
5.880673037930132,8.49954491442225,0.5146777441418737,True
3.7520798219924965,3.148721351563517,7.915577794277176,False
1.166220908240283,0.6168982481520568,1.154289929870802,False
1.1603043874968033,4.35188019902002,8.656985173055864,False
3.5513701415864016,1.0114816506230395,6.6997403922214005,False
3.3266768079034215,5.711723407193032,7.4762683221140245,True
4.558906250995042,7.332821413810427,6.195617780499978,True
8.517841887861664,7.623497500773533,9.012004256154873,True
7.462942495884445,2.822192310610956,5.045968445906524,True
7.722738135943342,7.846609738684817,7.303528013863781,True
8.430764752479696,8.245608244620362,5.410429715827824,True
6.405125755988957,0.43799982414862826,4.774537758035391,False
7.267703962429693,9.135124741644308,8.483328345442711,True
4.393036647087563,2.2961351680147537,8.855625401495493,False
6.572912537651848,1.915906571150927,0.3769317478338008,True
8.780534773961934,5.76711387888123,1.094696321198787,True
9.89920694278309,5.872414923327137,7.586408704755573,True
8.064109405083366,2.5590865675169807,5.223887598568654,True
1.7219858503592111,6.124309822283211,4.345878543050407,True
7.900045603564218,1.1579953662919629,2.05536871679302,True
3.8703291843556475,0.015718927144462436,4.065687367373543,False
9.625661949526075,8.657189329815676,1.8004216452164734,True
8.31725014864796,2.2509362710789036,2.396358475621133,True
6.375907710511957,2.9408804710370573,2.012615905307007,True
0.8562973114739358,1.7677197912061005,1.924679517601211,False
9.118708816850429,0.41961593962096866,5.4015368148414655,True
2.1220567875503615,7.202779354157133,0.030159591226358584,True
3.7141802190889583,7.376916600304159,0.2590313192786242,True
4.113301463388996,3.2598159146542462,4.841778418132411,True
6.286586729115744,0.7992731695349986,8.659231977469638,True
2.700390745745991,7.720650501977685,1.3291847708788196,True
0.9382201031166604,1.936813526482597,0.8386991172385849,False
2.4784499365474524,1.395536277411582,0.8649700652521908,False
8.518650117535003,5.2844774176732425,4.965386576069472,True
5.082755142235092,8.105278372763253,0.4590808504346733,True
0.4535245562966972,6.661950809585253,0.07019835119607576,True
5.05688330701005,6.249083614014978,8.495017351309622,True
0.0066629477372226464,4.01953654303116,3.1295467621307194,False
5.801627089276515,0.33017324894292654,7.54025645030207,False
9.569905141076433,5.486799690648233,6.662169465805551,True
8.351273052708887,8.437748471808447,8.193686096224646,True
4.872351241506379,0.876337528530482,7.944276205181561,False
8.437011310814196,7.0093874503752005,3.1464273211950533,True
9.749561597679175,6.228378470874785,3.124005220334655,True
7.8611236627535135,2.241321460957426,2.4071880915438526,True
9.052473085699734,0.551993256377592,8.697793731635654,True
3.967652889429089,5.7202236634258465,6.909781128686731,True
9.025798509473459,2.1987346246799024,0.9293715579949346,True
5.121557351894451,2.2410113514838867,4.2413884173470215,True
1.1023325131656647,0.900016534974456,5.674830948139348,False
0.5179404825084466,2.6660177913218974,3.8818161802556563,False
0.9495664033979112,8.055878495175774,9.015626253637118,True
0.3211210177349233,8.068438541798677,1.7588039139977907,True
7.295353813772093,0.6066451747679436,7.454943208330459,True
9.324646258247853,2.590644504555142,1.6506596061769607,True
3.404807608929592,8.598183701891495,7.8018401966674435,True
1.5671840919032642,9.018449960094522,7.391332217783425,True
9.571460853722503,9.726977533005623,1.5843197540188092,True
7.276021271266334,0.24473145943197383,1.9176662632889796,True
5.364647018030302,2.332086680141149,2.1827013724449196,True
3.577609073155638,4.594305003253457,9.178743290146526,True
5.812251855967947,5.560926467163102,7.192674166143745,True
1.8837702442883142,8.033054756099672,7.62776669459107,True
8.142856726538977,4.501609710108133,5.418300960257476,True
0.7481578067447847,4.584848236151431,6.437129661107423,False
9.499282133413182,8.961323381839282,3.392291149932789,True
7.563336359617595,8.5605807840476,9.613081526817771,True
6.805337913203777,3.2956552411971773,8.735659136957604,True
0.1626401658148946,5.67512785425434,4.58059879331735,False
8.827515234852633,6.211498174284465,2.006013698223872,True
1.6550779789835757,0.3606007965521829,7.522400397844271,False
7.832382542183995,3.733776292119617,2.2366157972686773,True
5.575007281687433,1.9548656331337888,5.266685568557675,True
3.4359417282968185,3.190980002644561,6.911193364594155,False
2.4870249156309376,3.314308831753415,5.639160219359169,False
9.418402050563065,1.5015687570388014,3.0649129862089874,True
2.726377629223118,3.1499067477995037,4.876900383003443,False
8.202826100339722,1.8124911629940643,7.1878029942709665,True
4.31990120822643,5.719743167430108,5.026628464013819,True
6.029583876560402,1.7949471380905335,6.160521709495478,True
4.020971925824169,7.8408537353803665,5.957515221145528,True
4.0793226143642585,9.870642190214442,1.790453150296899,True
0.13774815753215264,1.2317818099428501,6.898154452686208,False
0.9187526701648174,7.353970841434501,0.8829265834696554,True
2.973442290724033,6.2227060037929816,0.20788735682566561,True
4.328706646518361,9.99335486316816,7.278902630671178,True
3.892392166869759,9.084272434472608,5.692109298086482,True
8.109017583636671,3.438295704932343,3.8163397651815267,True
7.005271937773187,7.6091367907792185,6.926254882887243,True
1.503315243494534,4.213857572799659,3.182337610790743,False
2.31468618902099,1.1627676117968522,7.482438490508514,False
1.4152136958757366,3.5378383783851874,0.18767553453100327,False
7.04760144731325,6.253380143568517,0.7810750577676717,True
9.50168510593882,9.949934915057781,7.5002641168507935,True
8.057576504405276,7.035455405522502,0.22023174590364736,True
2.731044074981379,2.3682643149145166,0.21624461922589489,False
6.383439197598265,5.912070669431163,3.621488445553175,True
7.482701135455969,2.3427554574458807,2.807893518703646,True
1.1506686729564508,2.352241859748675,8.507839919302121,False
4.900104438308938,7.366964891844832,8.678114428432888,True
6.6639130907880375,3.6116692795976846,9.672641014809882,True
0.8009383251884727,4.131146497292684,8.850447173681493,False
6.8219650591615295,3.5365251116519336,8.271707076168774,True
7.578671180671824,7.234087818408733,2.6648985557614004,True
6.800033502839722,6.558255927023805,8.400200067118464,True
5.1291310129120244,9.292962746433876,7.201274627711709,True
2.094837720149061,5.784019854175874,1.9631348899747747,True
6.174335370338042,3.2564430668165723,9.979468724065319,True
3.4222692344527736,7.898227067391883,8.359236992290079,True
3.7341158714891365,5.890080110111329,2.3276131085425558,True
3.7535380578988287,4.391942617344062,7.115495935276936,True
5.08189597895572,1.608768330201109,6.489712604885268,False
5.160542416429788,5.251506179213743,4.455757340501635,True
8.667878175785251,6.542789328182367,6.6161812193591585,True
5.013257848197863,4.017819451543491,4.270732946359692,True
6.788410520444876,4.379101233902679,0.6949018940183849,True
2.2073817688827644,0.5348033198675783,0.4911529672716719,False
3.592527294294865,3.7779274961990317,4.564208031258986,True
2.011558647578261,2.330466894894477,4.4711873012409455,False
2.9043677079367756,2.6090726454231836,4.916039033746683,False
7.636305153580674,0.6073261127416774,0.13600616333074633,True
4.479412232532778,8.94214767885967,6.3194329725012155,True
3.64900837639502,9.727579773058988,6.788124235045113,True
8.254193093655438,8.422108215177804,0.3883854062934733,True
1.948999744495562,7.908744703949897,3.9117561615030807,True
9.00300813411824,0.7121185965253052,9.379329383263533,True
6.206031697554689,4.114226627735768,8.295988148629952,True
5.355023928038268,4.594926634005898,1.8430586581463848,True
7.839335101501491,1.462413200065592,3.0013016961099073,True
0.8809943502016881,0.15794510526807248,2.9707942058517545,False
0.44348183961355425,4.692186590745681,3.4694157528438794,False
0.1808722864709067,4.639179930339743,2.863860695624126,False
2.3152515214566725,5.411509259196344,3.3261311107751625,True
0.5445699194269393,9.309750725578825,9.71664348473148,True
2.3687784133866865,6.593068986757434,5.850303543770405,True
2.4858175717570044,5.382189069181042,2.6537869423852936,True
2.7522746247153105,4.534146671037429,0.45066714698702603,True
2.3002078338038334,9.837630547930353,7.701700042949398,True
3.3147442792361925,9.96684419398952,3.2886661767581025,True
8.512227988067911,3.224806287683093,8.941218919462756,True
4.5206838868826535,8.71859742781775,1.3689465734246498,True
3.9440799204469066,3.446077758000372,7.817197037774913,True
8.654769453953389,1.3558211742851645,4.100673739162101,True
1.7259906829101601,0.6584719409280815,1.3013234292543607,False
0.737859969905369,3.017580303698341,4.307488762392334,False
9.045918157589,6.519029782136906,7.607869955892413,True
3.305912982681738,3.217236066697462,4.120082508073085,False
2.327239311065523,0.19976930455344877,2.753906907267265,False
9.284398914868547,0.5106200936402638,5.040322532469745,True
2.3192637035899546,7.625878391332166,0.3810844466128238,True
5.102786242877368,7.249771489550541,4.623635345521655,True
1.4349756905187483,8.888991562009855,0.1914569876871386,True
9.266653231413935,8.1817128277668,8.839313046059436,True
8.65507732646275,3.6969976504318547,6.26149479863067,True
4.7003927389287945,5.849556755965544,3.7984787290948363,True
8.546269932788293,3.0782488992907044,5.6121082899463275,True
0.6817028652546275,0.5862000778683951,8.850582324814095,False
3.566573804673797,3.7452071634376494,9.856566340846584,True
7.224547588494695,1.5543999456052349,5.429694261518544,True
4.83077045177038,6.045421118357101,2.726394483468485,True
2.7569016454409354,9.446912877058008,5.9605769550591035,True
5.508271095385849,6.916961080788204,7.521669524108922,True
1.7893119282411285,7.829196325265225,4.827365493172444,True
1.5047097331159365,3.1644738163456076,9.907835896933895,False
8.450540647095258,9.033548943757564,5.005518867097161,True
6.363097312130161,3.962501266844897,7.347642199435629,True
5.356941954779163,3.575550307200619,9.774013426000185,True
5.00944004815033,0.4037751355646557,8.142882343312543,False
0.9591088477529008,2.7995780084165425,4.530396754825321,False
2.116463494299945,4.493137632438151,4.3985407055682435,False
5.301323860851584,6.521195484598026,6.85446340897657,True
0.5038440350036,2.3712526905015476,1.1662553175613222,False
3.328793578548266,4.569144250134314,8.518125991678025,True
0.14120471387056077,8.102263697641744,1.5576344430962985,True
7.406626699800199,8.48435441148746,9.861135320864104,True
5.75629161794852,0.5538932191357038,2.874309829678421,False
4.357217746899122,6.745390674732258,9.686108583816086,True
8.764973921896416,0.6310854003394284,1.2866796638803224,True
6.51586460175802,2.0715299821133106,5.835354489349935,True
5.092062601350886,5.449526006557664,3.4913161836428253,True
9.102856865454141,2.9345593661282523,3.609210700445259,True
1.616973410692325,2.897779316608051,1.3286005902194575,False
6.393774932237832,0.20527172673318606,2.426945649859251,False
8.079486588964391,8.519701668302131,3.3967832080968052,True
7.346900247456545,8.099682359325422,6.501551223880536,True
6.210911323478365,7.538147217531817,3.195769180295062,True
3.3099983903624164,2.563402110027316,2.3091930252678905,False
5.133012697950216,5.39296856365841,1.9081761944364284,True
0.85331055786949,0.24658539919898526,2.1312517000962994,False
1.5611876881634068,6.210964068129684,8.117026480395777,True
5.344458286496322,6.439709781224674,4.211942729104441,True
0.744595014262811,7.472145611920167,7.65810047760814,True
1.4767919714226208,3.1048765674224965,6.825652426944508,False
7.057035589172109,1.6396370531066762,3.8710655540795944,True
3.8555699320975423,5.457980782716906,8.201383702578092,True
1.4641175145695495,3.760212586079159,9.22637511360064,False
1.7746230707268351,1.7668229660690271,7.860081991550693,False
6.23886601409263,4.75954288564934,4.584668632971764,True
0.6229205486855383,6.4095595802557686,2.6445600507760547,True
4.4136083672960025,9.288153457256204,4.959019738921099,True
3.9473307061774765,3.5253692645088486,2.847265533164115,True
6.179602278886871,7.163780839224529,1.1530049220516436,True
0.043921970727811566,3.9498516743556644,1.6551160503997375,False
5.98704925633676,1.6091330883007904,5.043077737585742,True
4.74581470233855,9.732058341348736,3.201062670231906,True
2.621041596841809,3.3753242055570345,6.592440182336206,False
2.403795647046433,2.417498283346676,7.112146223195617,False
5.295401668874936,0.7142167933717303,8.464238347558595,False
1.2678958163013532,2.963104746204912,5.461143746870725,False
4.566248700726588,7.657475841415895,1.4823135846502145,True
6.546852646492334,1.7907121941264847,1.1626959938492398,True
6.9887118836328534,7.76030785583753,1.079294235510272,True
0.3329276439624451,2.007401114465414,5.746750347661708,False
0.3165227206202026,9.50523846880165,0.18231453983197587,True
7.421490710306627,8.04906723744793,3.842008404697456,True
8.15005800926433,1.754242464665785,7.749959739820364,True
5.747850212886588,8.5137106958564,7.940238470711258,True
7.869109719770022,8.638741992598964,2.543139026642034,True
0.31423517679048496,1.7123585030904909,7.473935807515736,False
5.178260600195315,4.935893382359467,4.73176430371398,True
0.2510341511938752,9.260090381923483,5.689293209905669,True
5.8520779557818905,4.943054240048302,8.846941654770216,True
4.726469480561134,5.3896306820557625,7.9850626951942765,True
1.482602691968199,8.257774068914134,6.2450322993356036,True
3.3253402660558917,1.4852026348761649,5.151611908209239,False
2.9350831254597187,0.01864342569057209,8.246287086071773,False
7.479186757799758,8.996434755002065,7.625206706677517,True
4.0594911897086785,9.140833349612151,2.4029412081880364,True
2.5771769900944808,4.6863236280322615,6.777770879857848,True
0.9918391600921861,0.5762706472394541,9.314877616334748,False
0.13864708012365057,7.424719340155489,4.690498976735656,True
9.598981988989578,8.591722188009678,4.641820963189116,True
5.468510696242575,6.9693554179658355,2.6135828716164475,True
0.19426837606112524,9.90978259739036,5.436403220998818,True
7.999392523830327,5.381840780600858,0.7595646562950364,True
1.0281583689461737,2.346964185922226,9.653624670720971,False
8.158599263325986,2.926296141863479,4.464008436780337,True
9.681918440905946,5.054132079740149,3.1679148271055935,True
5.28735781205441,1.6868472396343293,5.695154909096938,False
0.7171227454444762,5.203195591982314,1.1104907672347664,False
0.3923807371083532,7.551203786633404,5.050287209664887,True
1.5971998022859624,3.987683132003479,8.876650676361658,False
3.61073537009978,2.7305200570349495,4.801975755076784,False
8.952744868232633,6.15938346298535,4.736352028080967,True
6.276752636070418,3.527189483075447,9.345619462361892,True
2.7233864491723834,2.186719892926682,4.87527457819441,False
8.00879899363285,7.722147965043855,6.6056206713461005,True
0.021120675178659676,7.99317262611485,9.117100549867828,True
1.2581087443692074,1.9644570414191376,2.1845929833351385,False
1.3017273247971894,1.455762112304233,5.020326263502377,False
6.94788108010869,4.644779096746381,5.403071823355901,True
6.870849373398379,8.248920761122024,9.727535307471026,True
7.061791460675739,4.969013161354805,0.5628772338660137,True
2.944233669779911,1.9265035510679906,9.592908834533722,False
7.278032768437813,1.2830432750182952,3.3798465807285716,True
4.217989818539484,6.281924803670469,9.741636548191295,True
3.3294401627088166,6.988210651180058,4.128133201949472,True
9.04245353840221,5.011108257054774,7.666955217953079,True
5.83116914998879,7.197258349449217,7.549384056057105,True
3.903516190332872,4.463200310383845,6.205596019214948,True
7.145023004286389,5.927818451093562,3.594986320231527,True
4.888242964635591,5.097053233357862,3.813994784602409,True
3.211762405167539,0.6486497429657612,0.6648917078662397,False
1.556243794787937,0.873104642925735,3.7255718341392074,False
9.690510418229133,4.007214597380497,9.124405762238709,True
6.8850737030056655,9.30656734708659,6.51618514961669,True
9.574691119850552,8.048343743140439,0.7910834694610225,True
0.026047129623297804,9.612619104256364,3.4091325290509977,True
6.541616732077093,9.534019837989407,9.866017859619623,True
5.24966095539529,3.2866406808556126,5.9055247923803496,True
6.969700366424291,0.9369961491400214,8.033947653728221,True
0.03716498757402542,3.87932123409908,8.437090687256928,False
8.871451954441405,8.618558250133008,8.64911804130042,True
4.549797406797431,4.248154871402181,4.784906207703022,True
5.168818473704292,2.173260315783839,3.713888554872311,True
4.792093675747271,0.1869046803225416,5.719481640044916,False
0.6449378325093602,5.594247972069875,0.5924617745461747,False
1.8491409160796402,4.581145663122736,7.599193359043829,False
9.884390251676372,7.657691904807205,8.182254815361254,True
4.3540127087649685,5.177672264719786,5.467509235548118,True
9.690722323552738,8.481778039621732,0.12984415734842325,True
6.901392972332215,7.195079462801308,8.908466244993136,True
9.302454953094314,3.9625146136532496,4.1462082263671185,True
2.354664955600725,1.9226177643290798,8.782479153512687,False
7.419888624793302,8.301879670998055,3.2329702413921977,True
7.636684496111138,0.1612948946908832,4.9832772916135735,True
3.123814780062093,3.003959354488548,9.890772104903135,False
0.03190978769485486,9.549996747798447,6.6829399900335895,True
9.931509758525483,4.055722883651079,8.99714841589428,True
5.516327999148194,5.759902634076262,6.27659856215597,True
2.6153315090374663,6.053797206182327,1.756905209968569,True
0.3249221849041217,7.210641125767055,0.26577760003271056,True
9.213850446151696,2.2660204987023,9.111602603284345,True
3.0747451636300207,7.155011307442506,3.3853200682242033,True
6.946144846665304,1.8045037516949214,2.282068170289838,True
2.667962119046514,9.823761755875756,9.016643786527665,True
3.8668604573936873,9.577780292019565,9.348508522532997,True
1.423217852344485,6.1880825171552925,2.1231912344277672,True
3.4466260987958175,3.0462156584354405,2.239016977598749,False
5.865449438892893,2.1733075017711103,3.3186975937390892,True
1.4098260878444346,2.6731915367192958,7.744436909108391,False
2.8706467891941334,9.692913512211376,1.1071709297101917,True
0.27665477355666046,2.4909565973470627,5.147665507025062,False
3.1047538265615984,4.002248119906807,7.479983502343068,True
6.626607003741425,2.4130422760909607,8.794183043060567,True
3.6069690652515316,5.708590147291851,3.6023909709852076,True
7.568224143032065,5.782758571889623,4.983294413687094,True
1.7259024000986145,0.770241920389908,2.610084275696635,False
8.500833353970997,9.25394066402193,4.056662084624251,True
0.7258649626344904,1.988905892758065,9.353266911208735,False
1.28337018476949,4.162548843831688,0.7248791393209641,False
4.960943457797317,3.4468045006617154,9.836699714849326,True
9.832450765341028,5.030831373554403,8.353494919900408,True
6.738641568152406,4.6252789656796125,7.70649996823218,True
0.34293928803540097,1.6820692704626228,8.251511412438706,False
5.175548478952755,6.833629558947401,6.049993863642802,True
8.41525641226172,2.516727835365743,1.769803568963405,True
2.8918409518543786,8.679941325627233,5.040038628698914,True
7.635205038934563,7.720802397663443,3.4257485405143964,True
7.370825062153772,7.870699353125997,5.099487435954726,True
5.258780498202402,4.708559192617226,4.54925714170189,True
2.106213408928699,5.737542877247741,8.566514388136433,True
2.546880984223118,4.176035014018882,3.7325418053772452,False
2.9629203422283434,9.26343103218776,7.280246154015871,True
0.8652442735173704,5.166206311085322,3.493497576442733,False
3.6534448556734187,1.103689996766195,6.0238010407088005,False
3.594543760367194,6.774831070757385,1.2023510532795467,True
5.17773303839102,4.43526216833776,6.392088138990775,True
0.6254793865604835,7.877292837780383,5.257212191040974,True
2.515684373119569,1.6695020852569786,8.136881275704551,False
0.12788983213296357,5.863560242121518,3.070136104472516,False
3.430571967607101,9.662599641994024,1.3829416839862163,True
1.8437481403459233,0.11355373571411365,3.6569809046560886,False
0.7580277585369322,0.4414514663648694,6.8349996815095,False
9.446221783782436,1.6833074612612808,6.008356098498222,True
9.633665756680566,1.7699399738060329,1.5480896023929769,True
5.052235539600929,0.5196418267015945,5.799297792426348,False
8.339511600594133,8.799943652266897,1.1382478921474437,True
5.566404264011711,5.039995396572286,4.509415049196351,True
1.8386067568932463,6.057240824507854,1.5232239472051212,True
6.822423361514224,0.8905095777488403,0.009853354162902006,True
8.550584747439114,3.3695104200636985,4.086800996278899,True
5.131946945267936,4.788756024102572,0.17519245440033693,True
8.188012041910163,9.78325710820865,3.034637451373463,True
2.86379191462915,2.779544177174026,6.602296706242534,False
5.271851952201967,5.590145703557262,6.1127599334690235,True
2.59438585051905,5.198956196648745,5.324380836235985,True
6.2611974783307325,6.398016901297861,9.812593122929464,True
1.3173163258274068,5.104903262500536,5.929800225846497,False
1.611627849437971,3.705322287137628,2.4573698648373234,False
5.440815586900264,7.0256002576877306,2.6518505544348256,True
4.62443612950405,2.0682608821296844,4.095652742694119,False
9.905083728111006,8.873639599910126,3.619613736108466,True
3.407547579990804,1.8191713756947814,8.8223255551249,False
9.26040028061363,0.46143704428628696,4.475136410831002,True
3.999949788968781,2.3913147745060215,6.64773027675702,False
8.26953608128401,3.6817017240088745,9.81599731682296,True
6.088837392678297,2.4210320841899313,6.8415340692169115,True
1.333035857639704,4.128540573564184,5.791816647714743,False
1.8456202327649807,1.0667836753043891,3.792517454054407,False
8.569229833802094,2.0350400674370794,4.724094632143187,True
6.10131412456626,1.8578223612570577,3.7425985324404887,True
8.669423997877796,7.907151398195317,5.5873910870567824,True
6.263615054522892,0.0646648616424006,2.362129239676295,False
3.556577256968948,0.5706434006024441,4.504025619756263,False
6.134548301653391,6.652095695671068,6.083886060673538,True
5.115027272307423,8.3792449147863,2.418416951092862,True
2.976547390174711,2.3779136700572137,2.9584750103912807,False
8.689789599396924,4.568628900391769,9.119510572521982,True
4.858899626660953,3.873297082755698,6.162074411557949,True
0.3442727648878452,4.7932358844531056,3.5174344923781407,False
4.8327696284946065,4.071413802066478,6.637605503907011,True
6.4999723379268275,0.011379756077041225,5.232090156688298,False
4.155184137857227,3.7196941184492136,1.8582254468516013,True
8.089713636877258,1.7887795487557978,2.588162912831123,True
3.271974453936947,9.130942249685063,4.795955502736415,True
1.5544293876718207,2.1274599269885086,3.0723571937045016,False
8.219249282368356,0.03832832193612967,2.42327658098814,True
7.226487750666065,0.8582496571672305,5.855753251051032,True
8.39099986501041,4.600624358495679,6.961482820870338,True
5.612904446410313,8.82039764331205,9.69211826874192,True
5.920213779669329,7.23812452761641,7.046522545896439,True
8.276737819464172,4.068164905141648,6.4870020485087965,True
4.147557536313005,8.5745710134748,8.188376610455636,True
3.3224416818358424,5.428908182856692,9.867085269195297,True
7.341522854763049,2.233643018772915,4.803497838751766,True
0.7979219617658306,2.6910774836297637,8.043652453736259,False
1.7847783767132952,6.155659954682458,7.591892710211733,True
9.542339266617848,4.263500583854217,0.5694298126732922,True
4.21383771517088,6.511995397556349,7.608494297063498,True
8.561619142781153,0.6551593569597636,4.341042279916568,True
7.2985432504802645,2.727702228756408,8.110904065033463,True
9.823729400832391,3.291040146785771,6.0852297377827025,True
0.4672114677362227,6.701821012200698,9.524624078488648,True
7.769500735541552,3.2569307179084186,9.262201595491499,True
0.030790481135239967,5.629786066337852,0.6069274851214301,False
4.1068337537704664,2.701508501280796,1.2467266239780594,False
8.771945783561234,8.121749186564367,5.347367219551575,True
1.6385276935654802,5.099357222576844,2.255122462979747,False
5.486150721435941,6.727717902249837,9.446531901801974,True
2.463778822479208,2.666749408517762,1.8642863891483197,False
9.43412779663942,8.032688943400437,3.5102972783941455,True
4.309066280893351,8.212159039271736,5.828832713777427,True
5.872176435051356,4.092025628992339,5.931899873252578,True
0.005995883885473452,1.7454079944601864,8.39552627515981,False
9.230278644353614,5.616804116965607,6.589590409997558,True
4.34923278215635,3.598127389041268,5.8352603238203935,True
7.816313040009439,9.082797751324998,2.543099999148061,True
4.5525109574418785,4.405260044316087,7.479647746304957,True
8.719996974271703,9.725647174449904,6.695425409829852,True
6.035451973465513,1.1232519456120194,0.6019209877072396,True
0.2148940847180203,6.1999388457464955,5.767331258803456,False
0.3843477488715008,8.835945959678194,6.903276955171375,True
6.885743076378156,2.4839450185650866,3.0324831093833593,True
5.537509199917039,3.335521574517939,5.419766256057409,True
6.535544990191831,6.00657884904928,3.248528713776092,True
9.940631633311947,2.550132793519859,5.590186256368695,True
3.8251844852631276,0.3620216922953956,3.5267342754819353,False
6.542933533464691,8.69693732670267,3.9657006128010233,True
1.5898940849350351,6.335943719449108,0.48623437221716803,True
5.159919763255044,1.1637916957947747,6.981215978493646,False
7.597374452486641,7.780262325595646,3.4254076720481583,True
7.88813001064117,5.142705814810399,2.331896285010562,True
7.0742666239844345,2.168423320653341,9.501207490569353,True
8.178852455455111,0.10982400511206247,6.898799656912432,True
4.5222944254077015,0.5184129746770483,4.728855021830142,False
5.960460129924192,0.2525153270430114,1.5765227747401678,False
7.6673665508223845,2.597015352874641,8.651040653932817,True
3.9483302909663975,6.59393029532684,3.7171910069070635,True
0.17558737601505503,6.713252049593099,2.9066212685057433,False
5.578917393586006,7.0099371156259505,5.512763383727414,True
1.891730737302203,1.6277990896081163,8.281136020866022,False
8.986026517047954,3.362441291110716,6.18512348148593,True
9.62037706107898,1.5033696788545858,5.05720551208368,True
7.863379801690363,6.534198884683605,5.7312869610915325,True
7.909987607370744,3.7149104103211315,2.239472247700287,True
3.127067741138058,3.1563853189450217,4.41980386792293,False
1.2030445621641506,8.413418770363258,6.45272791713284,True
7.031920260562531,6.581563127809656,7.692429025184109,True
4.469473356623165,2.6151041958085797,2.189545167142591,True
1.1351077726073544,9.663186806007923,6.787629627040804,True
6.348468358195962,6.062335302627372,4.317857205355672,True
5.220144946712484,0.40710079528719856,6.881441721923654,False
4.272564940470685,0.8621353146567812,9.423856624773943,False
5.15437876335397,0.158756738585214,2.4304288255774997,False
3.205359581790704,4.965124006066695,0.0073162822764361035,True
4.06784911074761,6.60729452905687,6.6352572686216735,True
3.3998912788188598,7.223440570291495,1.4607935692348872,True
0.4292215724686821,0.20898194656129299,1.7139700000851976,False
8.22523121408906,3.153359197718065,9.065842278418923,True
7.307040523525801,8.012905859655676,9.689521144304198,True
6.498732992041004,6.747574723385416,8.116936078473584,True
6.636938612607387,4.2757554841055505,6.830234000513777,True
0.8303993565155243,7.865397187104338,0.6309789122097076,True
9.451336147067765,6.729428472649014,9.40987035649115,True
6.392979594351283,4.023875336699914,5.023947937142634,True
4.500789993013655,0.9360584670446082,8.34400050040499,False
1.6932175781758207,2.1920307566239385,3.2847914092772648,False
6.9391349546493855,4.098737680717797,3.0854465494206718,True
5.847180519811008,3.1311232449258686,1.8179696359613706,True
7.974094433168874,4.532650404144901,6.8960399983687335,True
0.28473467074615066,9.82979469303541,1.81241955465972,True
5.489559259090687,1.740011613030188,3.2561376780648854,True
7.791510812968612,5.182045846219836,9.826931124238865,True
1.140930205349201,8.74748027685828,9.078997434985096,True
3.2401688484012547,9.178052790857267,2.7536076222861308,True
7.0650824554215585,3.3004475008789216,5.25168303634374,True
6.290265803696275,8.51622822673551,3.234951557725693,True
0.81570688198913,2.8010627546007507,7.408890277069543,False
3.3939307997498283,4.551259706717713,6.539883126631132,True
4.080189257547966,8.829772930390742,4.0417752368834625,True
4.835601192152483,8.731999129299865,0.5403820164052675,True
3.837723721816233,6.711747233877025,6.598216987884056,True
4.406303872714364,4.376967339333538,9.083065237804131,True
8.986481667115244,2.6127982591435583,4.376299137038383,True
0.0911587939582581,1.0742425238304054,3.486880734921746,False
3.6781817484433335,7.016564188636298,1.4022868204218364,True
4.519642678304624,8.42437060218455,1.2057272764226867,True
2.1657880752870486,3.5412939804783408,5.795861207759331,False
9.414594703602122,2.0586238618781927,4.548897945821736,True
6.031977711121144,8.217868052836238,9.192153214495091,True
9.000385496238192,1.6575136040437821,3.3419290126181878,True
0.4596331315096869,0.33535071449016907,3.9777777554022373,False
4.362764551466061,6.128976368853161,9.428956623709949,True
1.1766901734318413,9.660636537189713,7.078276597213053,True
1.3461453209672358,6.866327776244232,1.2136257982232268,True
0.7261684906793897,6.582307599338608,1.3994701047621672,True
6.638319240259617,4.265573482439018,6.656558055973603,True
3.1530636506065903,6.123797834216219,0.9620247815710659,True
8.615169507939628,7.958249803954006,3.6317900646749033,True
6.487384543339482,0.938566473569391,6.268673578082899,True
2.385572073038068,9.611822012860605,1.193791901896979,True
0.2939714474934141,8.90826620375275,6.848328533066184,True
6.197619784341303,0.8791878860383351,4.40871201273756,True
7.299805925122089,0.7112982162298431,7.961804100852796,True
5.915392065462673,1.245231747226061,5.211764948869027,True
4.167995686589777,7.9768983740191945,5.647815718168819,True
8.355546060023658,7.599902760491903,4.986912714922546,True
1.9875772271178815,9.909505509219423,3.17784530989866,True
6.297942410905762,8.35863616352176,1.861329691709741,True
0.5044334385196914,7.885640428335564,7.316905524403797,True
1.619222477111082,3.0325458238426926,6.193219677760747,False
5.6546336745424854,8.505897073440744,4.813468463590609,True
1.8866843572788328,7.646442254368193,4.153050776870218,True
2.672713012038259,1.4115903744296099,2.5055688426062037,False
1.2439403559853146,1.5486120310462226,5.177439780233259,False
1.1139833987936454,1.7861935370914728,6.9847356380416965,False
1.8004998900902436,7.552237886149013,0.20350669865019877,True
3.0731731512105256,1.4813767745348216,5.4002793734097825,False
4.857862209811605,7.486039963737902,4.351786210930105,True
8.515963828450651,0.5862890749250693,5.970601339266864,True
0.5910665773989843,3.403192565013553,9.073976097828648,False
2.358955779464317,0.6061596120714274,9.819341797669768,False
0.12743439123737765,6.0267202734238,1.4899512800099657,False
6.083340040462168,8.24473671424293,1.206909734799585,True
9.196516783987553,6.777885400663681,1.2064856791560952,True
1.8925084019643312,3.906540736106312,7.855236294225339,False
8.653683456413582,1.850415134795036,8.698391546067715,True
6.152335431646847,0.34969097335997734,5.346469312645363,False
2.814168901738523,5.695926696840451,7.75074323340794,True
1.1689206527746476,0.7775270204358053,0.5822571843674096,False
5.3722501505431435,7.362345662294192,2.6998645723075008,True
7.225708245970345,8.701137929806674,4.866768678543125,True
0.9610536028398775,0.1293150395860443,1.0687523439633373,False
7.481324406829705,8.1595547310311,0.08089251211295889,True
6.361209393944547,9.154698335668852,2.9741702104272436,True
9.592992956257513,7.848934630731804,1.9062259413731364,True
1.868938979178909,8.405900460873433,2.916123034187237,True
0.31441149037509275,0.16501510109276474,6.793058290451146,False
6.809095961591679,1.7410806630753983,9.078729503576428,True
3.509833769405659,2.4932982759523403,2.4065037910592024,False
6.518149450146339,7.632260512199665,8.574989965358055,True
0.7077470118256646,6.321381333950677,3.238058872909697,True
0.8567800048168983,6.541354592655026,1.7024594997939735,True
0.8566470546368488,9.715471441984635,0.5248324646865155,True
4.8487608649477085,3.9125680628348847,1.7539492664367018,True
9.85807800078377,0.6500619120016837,0.6036977487127848,True
3.2133769071607796,5.8773107633396995,5.607322819212727,True
7.08376811289149,5.75475621291497,4.6861510541367455,True
9.814631104627411,1.0944585703574583,4.681840494505785,True
3.23567322808488,9.785547849928276,4.943831119650711,True
4.998495693040388,7.871071025701905,9.881363307801314,True
6.692474812541233,0.3816248225842678,1.5508434501321111,True
1.280797623489971,0.511545025817477,0.35538068869157,False
9.520006931958868,4.088000418723793,7.473177926574728,True
2.6120987726793454,2.1012917929806707,9.841829995327615,False
0.8609243485670859,8.660147281757524,0.5996864885976116,True
4.781958768217763,4.427570145990643,5.655413605874146,True
6.0790718161756665,1.2645465013421575,8.68066777487156,True
2.031698949667402,2.545108934590669,0.5123170827446843,False
2.222373711484127,5.8512872731804215,4.728411438713978,True
9.538421309052442,8.212553278839945,3.5519796386534774,True
3.097835414492317,5.033849141190105,2.7566918376285243,True
3.5877803672550423,6.518671395681007,2.2478883847073785,True
9.46608788399604,8.83745406513345,6.71130435111826,True
7.199873716753853,9.96371764321219,4.7882982630056805,True
4.174308175405802,6.491480762097149,7.76802974753724,True
4.401955452033816,2.204261356249467,9.966103321176597,False
7.161499099616294,6.763290673875867,0.8746705424012313,True
4.089783855031231,6.202282472013337,8.721135829371873,True
3.057901769250997,0.8765633421403762,7.213147842195042,False
8.593207279686775,5.484285668533948,7.1308304275572185,True
3.30077448981935,3.1760566966681623,1.1738353841818105,False
1.0317186217541596,7.927938643451649,8.172725993868262,True
5.711702205418977,5.46257965758195,5.155942815833518,True
7.994307529594825,0.8541034929952174,2.16371044469028,True
1.510589028322532,9.820707345010813,4.934015066729426,True
7.064714580576988,3.065236804908893,8.108711180615717,True
7.790913915298426,3.9577368776218727,9.97151695618365,True
9.854869934782537,7.5874112170862436,3.4111428124020913,True
9.462338792729362,9.670379005805493,5.66770089838321,True
3.6086536351323906,6.2585478843191344,3.174157339517504,True
1.169697533581362,3.0347118680528293,3.848084122201821,False
4.825339566541973,5.3820493864699674,9.267173350864663,True
6.46802948499083,4.509248429050627,4.850329294454822,True
7.933976540501247,6.341628616582801,4.181291744001508,True
3.768435070461391,7.407678504032872,6.522948464460297,True
3.4649022788800874,1.459561173343532,1.6824737012970925,False
0.2897253212994122,7.178460244500453,8.416996935233009,True
5.705363725063037,0.29739147728708226,3.5363268282879625,False
2.2455405089002634,0.9713306951774392,6.119748493956621,False
8.547911986525987,8.40690679069733,8.111687553694484,True
2.5227117024081758,7.338718983661466,2.9247379860808085,True
3.4703480914166462,7.695332035800634,0.1953525249939181,True
6.179021136020494,3.1750430874198656,4.7194306466879175,True
2.286090896292483,2.0077587169951974,9.644089077654618,False
4.643054982132043,2.1197237662307664,6.4871135803931015,False
8.815062241895546,4.945666034858133,5.8494488016232165,True
8.208071942522906,8.838545624221151,4.664233008338031,True
5.651029580228521,1.5133325890132299,1.553940456805466,True
9.634611793160943,2.4203188552087695,5.408707264573691,True
2.18139009845593,1.0942938072863773,2.6601413913250385,False
4.242180310979552,2.4513336889595347,9.198501133492025,False
2.9543253186034093,9.11938643872151,6.580647634206681,True
9.049048605171805,4.6308612225400605,0.20085348027956362,True
1.5076148198670047,0.7830688707696853,1.2809040247004788,False
0.5228160255707226,2.4321911115262598,4.9209242327526095,False
6.655398897325848,1.952861434700769,4.109278965217512,True
7.380787690822893,1.0566860311737736,6.986407700148876,True
0.8557037651407962,0.13245988505771855,7.755605272983904,False
5.354454857333961,6.021124324731508,2.9174486831955484,True
1.5177298080144574,5.679329820780077,3.0716468782501027,True
9.883677095555012,7.951117015242662,8.951122121123511,True
1.7876153407785733,3.7312605499185247,3.7910029018560634,False
1.2075437006002165,4.8016611419015165,6.030612728494228,False
2.9674493008675418,1.764385358547591,0.2763151367422423,False
2.313358910239497,4.882928646205161,9.893732809736234,True
7.132944066824622,2.498567710135653,2.657387968619119,True
2.03019291796118,8.75796983365611,0.06266332386108409,True
9.113454029682389,7.721873669811527,2.980443782078608,True
5.585454164061693,1.1198659045430226,7.0341513319413576,False
1.047191749334967,9.688620418286938,4.130255690184329,True
6.345824398294102,9.643929590748504,9.00325370304553,True
8.216795890384978,6.164912146872127,3.740013080682456,True
5.301962612763936,7.5465243084303175,3.1630926566807984,True
9.405801598411227,6.157919856661405,9.27210228414263,True
1.494819044178699,4.958579030747025,5.098266787630833,False
2.970307475054029,5.5834003586925265,4.985328607823041,True
3.6342289075967593,2.605853443151319,5.166041061654232,False
3.9085950295602414,2.501024263792002,0.4984374723717022,False
4.536258891202014,6.7541843731939375,1.325146477322533,True
8.97298435162667,1.3735562622711706,1.0532793566203547,True
0.4782099239991855,8.10894319608757,1.8770670681351798,True
0.6165294773134067,6.924574673887721,2.403620453424089,True
3.526073187997186,5.728788391537689,2.8538686693373796,True
8.838754129695054,4.2127101242751746,6.325609790635022,True
6.635358706342379,5.486314008226869,7.477951813905005,True
2.9876958120490418,1.6857482455586836,4.539525961095514,False
8.314141962916459,4.76432837788709,4.744862208653176,True
8.956092312757873,8.426260299760003,9.50063638925368,True
7.142853920256618,6.767114409290987,4.1423093557333495,True
2.350994214011691,8.599576574694817,6.565277875687691,True
9.724577076347604,2.3962201129580416,9.23119807320093,True
2.073255114220772,7.440073010246456,4.366894364332925,True
8.329667281582122,6.133300199141578,2.946920433354361,True
8.052435010649546,1.9123338972366422,7.332894988890483,True
6.315368447838207,7.443650675023941,8.650668184467333,True
1.3820663719873971,8.744464544912265,7.542328654134241,True
8.003338292456494,9.653126846262376,5.91990202281265,True
7.795583057772458,4.928619268625325,9.439941427138857,True
4.969735114027922,5.347493909532011,0.17114549618061692,True
4.105247398977334,1.2191726484285303,0.07957908512905898,False
5.225352606461317,0.7213514193436554,1.0156273160250073,False
9.659255040787952,2.1432725095122773,3.363085660619957,True
7.295376714097735,0.356375155685994,8.614801862355495,True
4.746689695119864,0.7134121605323651,0.9664561802464233,False
3.176845552746647,6.612133504498115,5.148675199732614,True
3.072998880517739,0.6923190486535091,7.21147383440635,False
2.4965902056595537,4.53038051638214,4.193956190811844,True
5.706530842447041,9.407986229133805,7.990572692824362,True
8.872910119242444,2.726415184687594,6.399785306039525,True
6.749340538767406,7.579110865985653,4.165948253137021,True
9.22365912851387,4.812682550286239,8.79463944864753,True
4.734865017909128,7.16983859032611,2.2136201631783603,True
2.2906651727466776,5.388605982374469,6.291169623781039,True
5.055759152382446,8.446442232640258,8.601799282111575,True
4.3046271168647845,0.7378296602050494,3.710380658819745,False
1.593184205270456,8.252741054179342,2.692610741679066,True
6.732568070699541,7.255968473671233,4.609350884846467,True
8.806586810900486,3.714567470356296,4.6591224839807,True
9.442252147230839,1.9286180355058558,6.902324560367409,True
0.32160917019846913,2.4261814903522794,4.890732063676819,False
9.263353731874552,8.704850048015079,7.877348338381742,True
1.36486970175276,5.789500473015586,2.8241031995144352,True
0.9326183035052427,7.391466411152065,8.181298791222785,True
4.382043978133603,5.815546349754227,3.4636100382751343,True
3.3918127927211805,0.802707638752933,7.441610442883809,False
7.222054677452458,2.933473078729677,2.932820406466937,True
9.886512166546375,2.1721707922690325,5.1006507430323875,True
0.7220879911429778,9.249780769136116,7.57557098218277,True
5.317495855638771,3.7386710943420742,1.5619760915822711,True
1.6449549281996767,6.522919780716502,4.627274273921923,True
3.5897472242505293,5.391451691298745,2.1226582070728703,True
8.27742408488762,6.122152948913402,1.3074004569699782,True
3.5747807590673153,1.172972711459641,4.97261880247704,False
4.487451137011371,2.0762995671176965,9.833233101707997,False
7.038843921730335,3.749113261214141,6.168744080688818,True
6.415379779898592,0.894231269493736,5.156828895265461,True
5.941285751497512,2.9950153169026317,3.8008402400888053,True
6.508187487118454,6.432511434284878,8.981414945265305,True
1.9537622063324411,3.6228226515441664,8.73715151544798,False
0.8651672724742032,0.831943581493505,0.6434574110463009,False
2.7530727048905135,1.5901188239648933,3.7131504429850084,False
4.900859523706483,2.4604898817865353,5.798518508245966,True
6.998223219957765,3.1890088687328335,1.4317601154116077,True
9.838825899110054,4.323241288749812,0.7897605977546795,True
1.1157037518428259,7.256387113935188,4.3547334505574256,True
9.373140773455354,7.467203692236689,0.8198262861421568,True
7.559870025957207,9.65023365156188,9.990110689891837,True
8.5016506226435,6.2611829744691905,9.21512009217805,True
7.95135616536419,4.189226870087371,2.8726271621842994,True
0.13539394624113243,0.8733744832396384,3.9961643615860423,False
0.8425037018810422,1.3169422173694145,4.5239098713761035,False
2.56396537334024,9.648494231087078,1.8558245541508167,True
5.566214563145147,5.19996773766783,4.062177171938531,True
7.9007212483455955,9.527227836483926,8.345233839376364,True
0.6423447896167123,3.543058584222459,4.172306241997658,False
9.125459539767512,6.901811513952948,3.722543022294169,True
7.160287753403046,9.742888059321913,0.8568116277905435,True
9.728687295314796,1.008026136674135,0.0910239703757143,True
0.4847735417590937,8.62162018035362,3.0983265229071346,True
8.690367250233761,6.154591066046277,0.5084342245437146,True
9.663883766965967,1.6134473767059043,9.463061730585418,True
8.900673613547724,5.450317451695748,0.7911497997029082,True
0.8552247071604513,2.3271638933394034,1.9881699382227802,False
7.491411186391607,2.085340412574197,4.368966668725562,True
0.9226129583175324,8.436107762814917,3.398589159661971,True
0.2522690761233526,7.304792451269106,6.880316713086589,True
4.988595340429375,7.5723755960461006,3.267541928650597,True
8.083849310488441,8.073718983680317,4.714070946711764,True
7.580703342183064,2.9639133512181646,5.467469886292919,True
6.226535845888296,0.5681891099554814,5.990571685598725,False
8.095672554580498,9.817177911059323,9.99854917581065,True
4.1276927897601094,5.939682758921747,1.0164103235759325,True
9.79793793498118,0.48000541496179827,6.418307874799169,True
4.510304963853702,8.098407693283558,9.284946727861751,True
9.30600468973168,9.735906074607563,9.102938843950263,True
0.19437179081168487,1.066511262123837,4.80821788253296,False
6.661797035977905,8.541870585255534,8.214191641895995,True
7.5082528680438365,4.739358102513789,2.0217125728688226,True
2.2001907853977123,7.520285437391,3.225815104812737,True
0.7234732119823739,6.735274712013761,5.804412966067048,True
6.816924104147405,4.760337247615372,2.382729777382737,True
9.721628014960341,5.029321205208528,5.708727755079051,True
6.5818458056771325,0.10262717380891018,1.7649088901347476,False
3.418566967436959,9.471576252444757,0.42748386978288533,True
9.470077374016183,6.04207561561842,4.255047642534473,True
7.396863840387111,8.763711773376329,7.812246784835256,True
0.15167584177526283,8.62109130221622,3.583801623063594,True
8.411849911554201,4.970903220343751,8.61118155584802,True
0.6811311963703903,5.012277449994979,8.322248430700936,False
3.1645425194751144,8.296743564045423,1.4677690274758348,True
5.565494631717202,0.21028294060741692,7.415429852089153,False
2.678263139142758,6.844108436978078,0.8767734619203438,True
4.2785520335748455,5.594262885945756,1.5440630938121325,True
2.995639753908499,6.844405429798071,5.547310330909694,True
5.931136200711597,0.4490715876153828,7.508476189613972,False
4.8105462536565655,6.139385207731436,0.2668211417336852,True
9.101947306041335,0.404712074136685,5.316998764130316,True
4.1606317543190565,2.689253490763649,1.0091073799232542,False
2.461313106903641,8.111857916755847,1.6292955972488343,True
4.103579619593553,8.869347618517855,2.9363378842739407,True
8.47808134978416,1.1692844829496152,3.30191257370833,True
3.7679756302662346,0.5811671440631461,1.5794216733710797,False
5.789828774145823,3.933702022942178,0.017829868791616743,True
2.5032161256524734,2.60427688584586,4.133463129692705,False
5.555876478434665,4.3764552704311654,8.46714027798304,True
8.421628313599603,7.061707925920569,4.563372085530332,True
9.213270361817212,2.903577663177485,4.18130282556453,True
0.9041472152422769,4.290969237248284,9.953764295263468,False
9.815501611060622,3.051023714299533,4.573757807802355,True
2.4303333277577597,4.724410090643873,7.799874511737189,True
2.8069655747303566,9.930980055664955,9.941548242076518,True
7.477206825212871,1.4139454508369464,0.6855616477932536,True
9.697462972645672,9.692243949650601,6.22376674964406,True
2.6212876116103545,2.524904093817507,8.542588277159181,False
1.6278088618443376,5.042171530539937,1.6722291915224352,False
1.8948781933341874,8.826973015265052,8.947298505932029,True
6.062215766354897,3.7151461800046826,2.0439522956131793,True
0.8505484203963187,1.2315171430212213,2.9034994921393045,False
0.5993406618447195,2.938418956569644,1.4855454824494352,False
6.677261601993463,7.1500052916399115,9.609971577597445,True
1.6189349734288527,8.285845410513648,8.27122801827006,True
8.922507460661638,6.653795267908258,8.052311964658797,True
8.439706431270404,0.5107696631991077,7.505925416787964,True
8.531858241317154,9.373374624097861,6.333829698724795,True
4.530395509894611,3.753362207795493,5.478100813469232,True
3.915882922810204,4.1387759183157025,8.333948220987184,True
7.122518116255209,4.4074496446236395,7.057435356323044,True
0.4478569680520872,7.559597778847641,4.870677977201319,True
3.688064187071255,9.923348231561512,2.4378761088817025,True
2.302396583974615,9.807241516731931,7.538613851661423,True
2.5998149197694307,7.2817510180110725,8.941436374968863,True
6.118001633943406,2.6865166009427277,2.723643041775553,True
5.168130871164797,4.249856629407914,9.993806450371101,True
3.7725435338639346,7.189513486060695,3.2798596718071193,True
0.373003383163093,0.6726451573707515,9.510003216903344,False
4.155311206210548,6.984892235668553,3.763438583537936,True
1.8357577336934394,3.5591923640899314,6.336826289788432,False
5.344998019352057,4.516940999060761,4.9781749059156875,True
4.290848681029593,8.574599300099088,1.3739475488702624,True
3.010647715892273,0.5678493754553704,8.7335929710625,False
3.183933352640873,7.61963688736515,0.26848733537649716,True
7.493081906062238,1.1138242178985092,3.3435269499233042,True
3.7142949378528023,5.451460076276865,8.159290717294262,True
9.227011668631063,7.396103235231315,6.508374560732752,True
9.144038015501264,3.7947989002460547,3.53529522417794,True
0.6632692139248519,5.068881105414228,7.9894730086651595,False
0.7089369604373785,5.270218053098388,6.695318307587761,False
4.476281646475899,2.556199323959285,9.305112622496504,True
7.731204797469705,0.45867984074788093,2.7520361287056927,True
4.911846002488076,4.066502168093384,6.648130281399994,True
3.28226690662874,2.4738238890804,2.159700761457084,False
4.124291045119496,8.575514733215075,5.2656057370456555,True
2.179997294180395,4.699188335565414,1.6057929188063425,False
2.045696758096287,5.535926392864856,8.864535450226699,True
8.30824861374698,9.369771296880248,9.114383623200004,True
2.8249492582756472,0.29798434359014525,8.946789364167433,False
8.99410445936263,0.9745860519271821,2.030371025415514,True
2.740158139962271,7.9731177017759,2.605247848707192,True
1.4000839907149631,9.581896934577742,1.5718740412977594,True
8.094104509130638,9.457908408302181,4.09180756736593,True
3.631183669764968,1.002303114959795,3.8457023448264502,False
7.591266756136088,2.390330582320729,1.2254478338931718,True
6.927951025032971,7.837764612023539,2.1602184170069982,True
7.036660295498136,4.215453779278572,4.11859862839611,True
3.6442615213842777,2.2907657450532994,9.821913776520116,False
6.131915080816927,6.4931652702168465,9.091796828872932,True
6.663307643454454,0.6002570765604132,2.2742295250995315,True
0.9420229544068381,0.37132799939733396,1.0576348115293976,False
6.771063034275028,6.400659165999844,3.4430151998963265,True
9.360113983889445,0.4719333151008165,4.996618921131709,True
9.666094558979012,9.09371675503986,8.47885272761205,True
6.737454391316533,6.823454923600015,8.483948640637944,True
0.9475672629053611,4.5507773581072355,4.1199601424398615,False
9.085407151083299,9.630760189507258,9.251598902353114,True
7.575381796556399,2.1390858753216513,2.195176494795975,True
5.535958938395167,0.26668499361884757,0.31168484621227344,False
9.540120915350466,2.8467088228071646,5.085959393893491,True
9.503035057581142,1.8342527505758788,7.225043667371173,True
5.5951429376533435,7.052118046202192,7.708137754424894,True
8.113230792657948,7.183274935751493,2.4558184212885137,True
9.97028595567183,1.6663416213052928,4.385793935995521,True
9.29469273464258,8.719674799634763,3.3925246555104582,True
1.7441989125932467,1.6283196135568012,8.588580765783266,False
8.591634931172292,9.399161387088919,3.599811141373465,True
7.624048934644129,4.776549786989878,5.367130622484736,True
1.1548327312577622,6.5848119139322945,2.3567216463819496,True
9.07889447009078,2.7346828383998245,7.6293325073694405,True
0.1767840604969806,7.840686966337821,9.23025784672918,True
6.260284342513427,8.982944527892975,4.680382255883986,True
4.859319959905991,9.46070010259226,1.8122505972581948,True
1.0117358966251855,7.973669535435322,1.8704525876728717,True
8.78447886537353,6.420475629805996,8.498401547352483,True
7.564913095627928,5.576091860577165,6.41172248450824,True
7.154777074201743,6.787790439465184,0.9416947060121794,True
2.010994784148672,3.9533282003733983,7.359533240923187,False
3.5722226649227906,3.416337608030201,5.267010143197234,False
2.3665680575248684,0.13278324545188958,0.1166853712736049,False
2.7393166659286017,5.645635801196275,5.0988047151436,True
3.0188412618584914,0.6928703820448412,5.743854208163517,False
7.363321535647053,6.016405036942315,7.805191331426807,True
0.5336537298440358,0.32475083562325757,1.9225932710474603,False
6.7883614622224915,5.604879685012727,5.661228418725327,True
0.1782013739126731,0.816458036797465,2.2919311692995326,False
3.170361533663413,0.7590416648344633,9.268047615164068,False
8.65968169653955,0.5196614997776472,8.679856074166292,True
6.613369189684274,6.265701615909199,4.189620120296901,True
1.1880579994215335,8.022297353099933,2.4819748449835144,True
2.88355310201955,1.312071577124715,2.0418244739412774,False
0.9912555380469312,5.889433307507864,0.46661621806192044,False
8.592792677980025,9.66706100285828,4.236545730061558,True
1.1740165262706648,6.268714072483585,9.513082566236847,True
6.433789611773425,3.798480707904602,6.291126146253432,True
4.457360925569399,9.413733769835789,0.2103068432819588,True
9.120190372995769,3.2315701051859893,8.452689336835732,True
2.525266430336628,6.491938186267458,1.1712363829229466,True
4.178336718852755,4.6201054066216765,3.4573074534572665,True
4.239045929452903,0.47327944343344863,8.453977162371874,False
7.712432621549521,5.880347835592343,7.0887360623459035,True
4.143112323572856,5.85895782507289,8.920475887197952,True
5.774424780703314,0.24153005256439042,1.5412134624946838,False
1.1801063559718783,8.002186521784816,3.900845371391842,True
4.517584736529035,3.640074612882469,1.0219015829131228,True
3.5546574604143677,6.394764403525185,9.0141187057059,True
4.112793978629648,8.991043119650065,4.13713507622607,True
2.6165600512443654,9.920370032640495,2.167538206995326,True
8.312092274469139,0.9375111984985818,7.045669025970964,True
4.873640500419456,9.013326342020033,0.6252458768972791,True
0.21619028859374612,5.921567874957502,0.6277270624369735,False
1.0412250181323457,1.905686693125801,8.283377332965365,False
1.142044780059961,6.895764976904827,6.60372638765697,True
7.0390882704391755,5.026242165758065,3.27412804112622,True
6.1596765951017325,2.981345032880408,9.689927093136442,True
0.6853729214397641,9.040504434038628,3.540822739896204,True
8.059103873838593,8.289732796879424,9.769382658728043,True
0.03749521380679521,1.0720199030262267,7.489641396181069,False
3.278540331771751,7.901635847897598,7.007344701257995,True
7.491475973424394,9.512925052234634,0.15259813496524166,True
0.7706415106321229,9.62188402763687,7.36524851851227,True
7.038775947983014,0.4203366045109791,8.080378546592625,True
7.040905785200035,4.615164142830483,9.356695886199322,True
0.2523506320040325,3.5127895879940008,7.596115974033658,False
4.286451512328087,9.535858468880718,2.271494837867025,True
8.809392668303657,6.417088950868401,6.5072525081000885,True
9.849843377699367,9.164628303932222,1.7905546308197773,True
9.137573329916588,0.8457908023912397,6.237284032807954,True
0.7945334491689793,3.626539563856989,9.039289472610964,False
7.077965418290275,7.107645160541868,1.5599487410745683,True
9.194516419245527,7.411169539160024,7.137172474681554,True
4.787705513306837,2.550455644245483,6.67703053366756,True
5.459594539572263,4.53264977146723,8.359213468727372,True
4.000316734424089,5.986622923497475,9.893656456912426,True
1.6640941706105095,3.9197686315765514,0.2674320680206055,False
9.212883050141858,0.6193734439995124,8.22138113250081,True
0.7900942210570183,0.14187841512328325,7.343485033048919,False
6.681779947227277,5.40360540630277,4.778625674401493,True
1.6509117747507596,0.6832465050156111,5.481423632886925,False
6.825456004017438,3.916922872733318,3.695345332642963,True
3.403854852989723,1.658814135431489,6.130286046047716,False
5.079744297998041,9.457159361761004,6.461048408453561,True
6.257104545109455,1.9889394401730454,1.5055332754511286,True
4.699122460890427,1.1013137852709287,0.1290598382194108,False
4.096860816202845,0.23552150502170854,7.9200809839911965,False
7.803311496228461,6.114986249657267,1.893153078051295,True
7.290053085084844,4.899347803907364,3.8754099315579724,True
4.814443336623119,6.813617596842811,6.301135727500221,True
1.3327884726506556,3.1120203610329558,9.230219830580047,False
6.6373453859329015,3.8231270422061456,9.065159527828557,True
9.279267130745271,1.4790263913057533,5.198193235153675,True
8.97754823730332,6.777579828587893,1.1298704044755303,True
8.852269580351374,2.575498883164389,8.857158631172164,True
3.779733019649112,7.11938014587841,2.3300713113531533,True
3.1564376682946236,6.1064065169921955,4.319476308091103,True
6.238661604287218,8.735752684517621,1.3087716043922426,True
3.8416136683461666,2.6363059021340174,5.254010697421906,False
2.491584197561231,8.500770190925696,1.2740322858056674,True
5.3074846532693964,7.7113845984960685,6.232344337157273,True
3.759776349861881,7.104491676815306,9.737577602087612,True
3.6860181801185545,4.320815477975989,5.555085262306766,True
7.818748409667093,6.270183951329114,8.319234089241547,True
8.349804786905775,5.16530020666819,4.834297066523378,True
1.9757463577910461,9.254002111880554,3.5098457995424512,True
0.5418676196710759,3.6958971116449444,3.5430906857091493,False
9.515451280428795,7.898198875426838,3.302269874805913,True
9.442742483487345,5.888633006061424,4.139386335973531,True
9.15483611698442,6.490861094335161,1.7853248103661468,True
0.2401746500206925,0.9983791923416041,2.6221162182497,False
8.793200707996304,9.604492554694644,9.38825643560405,True
5.603080136528621,8.622465093208717,8.868289926905993,True
9.739275872296965,1.916587374157589,4.293217928989312,True
2.1982425576723044,7.771972178118965,0.24718495491996229,True
7.833768172479644,0.44104418117182576,5.036234651376004,True
1.0023347946573236,6.913003161894813,4.823342557863376,True
5.201738030300631,0.5934472540888047,0.6271420715030362,False
1.3946441641936969,2.8481810037547506,2.7349510531286745,False
3.0820659985146346,5.509961080507866,9.825132198757435,True
5.459637129951189,5.19975336700411,4.605762699815141,True
7.603749496787308,7.063114445278433,8.233346177934301,True
3.885455606063968,7.9926715619891215,0.240330708552553,True
2.48584857044572,6.253210193565035,3.4474647561889937,True
0.6029711478253197,7.622042682719092,9.043347597006058,True
4.454177799867026,7.844247405225958,6.553341885782561,True
3.960914617847129,8.81637592664548,3.3444969117695345,True
7.005872833614597,9.812552568052393,8.900707193089017,True
7.926535759387785,2.7096451395542065,3.3618045689915785,True
8.350404393177644,4.528617921151152,0.9932789150629873,True
4.0050438768946295,6.240499323091421,1.557996972902651,True
2.57437063667469,6.284953785903445,6.133739694198227,True
7.763272415492063,1.5031298506049828,5.355979666014948,True
1.8239581898880386,0.611754506706137,9.46182867481344,False
9.609205802829235,8.048722216483892,4.814702280715579,True
0.3100795208226992,0.23678914009056085,8.660258462420918,False
6.2673533760735145,6.772501961866256,6.6424284962124736,True
6.129736171324213,6.785086882694725,6.245726410495206,True
2.32406472922154,0.983924411228444,4.54260373650912,False
4.864580171207393,0.3126162502386076,8.47307020840904,False
8.77240156985148,2.8789548092175488,0.9911266799576413,True
5.642862498375793,0.30929106804762796,7.087762469373866,False
5.360914301472377,4.8393604448501115,0.5500725977360765,True
3.017625350845133,2.7171156229956517,7.603654529792473,False
1.5224375215259445,0.6760229204126655,6.8098583616308535,False
7.237740086576902,0.7644837344628919,7.871226924606494,True
9.745155504024922,3.2397395577861356,4.197127225245967,True
6.759369041419946,0.7068406833592211,3.369761203545223,True
3.2858187378713923,5.0883751919008455,6.737065932241134,True
9.174340331538463,8.131260321418548,5.503675109010686,True
0.9845053291429884,4.0411773863021105,4.571040251347429,False
0.8668617744206286,1.0785004981602453,4.665999355159759,False
6.649536274706281,2.4443607408497083,9.992277688211402,True
4.538104657970417,9.824900698299889,8.107967908649051,True
0.7902701469991558,7.803945328810606,4.831127631365236,True
0.7833677704563013,4.144110105718212,7.083756774162246,False
3.9962676188959456,8.82675474113556,7.309891335685562,True
3.0191672255353366,4.349674692273071,9.514532445531417,True
6.119067513326831,1.4341469567131893,4.061080409644457,True
1.8253936063086185,2.518227494515374,5.608796736186408,False
2.7850352600183346,9.750988328715197,5.533906047841799,True
5.319116289983804,6.37555854143082,1.3098920054654262,True
6.857154013573767,5.421386137778903,5.929498896863233,True
0.8499338725423333,5.10477326322063,7.42755789560403,False
3.2077081395240494,4.102180371029048,8.926427208011487,True
0.7488503080391073,4.39760670389652,6.179543790194608,False
1.1766694931660882,4.42644527873677,9.616807177261505,False
5.363315714631888,3.5324854482888868,2.6424747730846008,True
3.3752318577750873,4.479487351249238,3.4653492307656366,True
5.091927940268656,6.214808611206671,7.261360575462115,True
8.15210586815623,2.2353165694273835,0.3008178921164406,True
4.892569888383878,4.368648363492493,1.6007962559436595,True
4.914552953873118,4.320959963824205,5.9798759861677215,True
3.349317175730522,3.8387447830566868,0.4519678570673047,True
1.3671862096202447,5.045949408206737,1.4841918463593262,False
9.609843123646497,1.345983165752579,9.891996224723055,True
8.086064390234855,4.59021725276801,4.543502924552988,True
4.710841023820306,3.4209657416382075,2.510035971804918,True
3.645356769556274,3.5976594499967094,8.033135485465934,True
6.496334741131889,8.96690065917815,9.849771015218872,True
2.8276058336836742,5.394554843456749,3.6819996788297784,True
1.292180616167381,8.149741365678715,0.5763899961640784,True
2.8971073463647867,8.663760345552316,9.692620326667727,True
4.214414185449638,9.303106680281143,6.619682499211537,True
8.875578689689256,5.124196089516665,7.698446851435215,True
7.596390673287701,6.09082752540231,9.912536263114227,True
2.131916998077523,4.6188659359299304,1.3710195124163493,False
0.16903229055861058,4.79856041538841,7.41666809903454,False
9.124878412301577,5.997627185322009,6.046056106434408,True
7.984834950635755,7.77377569278077,1.0804937598566111,True
0.8179738723180774,9.302511853069223,1.6236037088193256,True
3.291360566209338,7.252332374688862,4.027368344383508,True
6.595400207395649,1.016743766992616,4.267495505385218,True
1.8995036975545698,7.0257434242524495,2.1037541611765374,True
9.817198376193335,5.8710805782478825,8.620842920998424,True
3.216176883878804,9.616309360624918,8.71992029842982,True
9.453408476333387,6.803136896282852,8.243085096599895,True
3.9942672266112176,6.568896232042459,1.866111431241524,True
1.9899115949843726,2.204358166234479,9.348725884791843,False
8.575929230851294,1.2708774326969052,8.55101019889245,True
5.415948917955651,3.8824553239884194,3.7211296115380277,True
0.9362407917359006,7.590251871850412,8.788591677149522,True
0.7614169257576053,9.59048503743294,4.546987069012767,True
2.7772916433811212,1.9128938961221487,1.0083908402679187,False
7.711810965413215,7.676477584752551,6.805052305141658,True
0.6157209753709092,8.494624780952812,5.863800597250934,True
8.06605802896289,7.619897004925493,2.0867850759458872,True
5.662719883871496,5.171589560420657,7.674671699846583,True
6.264494487422652,3.568829942600369,9.470672800621463,True
1.626153794753613,9.948654746776871,6.538494875913711,True
1.357538988008603,1.604754774635735,7.517854413627195,False
1.594193742769936,2.736577746518627,2.27717000104969,False
8.613067242418547,7.549872765843374,2.808978350018724,True
2.443485319779073,9.31919588332444,7.98865758012238,True
1.3778510397025123,0.18145641381330124,7.195441884240951,False
1.3189758335820922,6.5789094878626075,5.130961108290259,True
9.708580759308612,4.8813705088615045,8.58981906965887,True
8.684002065093896,1.582754196577023,1.900623570431561,True
5.929163457004897,9.677401358721365,9.188183391028193,True
5.488026540032834,6.053954122577798,1.729714067520226,True
2.3722177887358153,3.787905862568456,7.390262168389371,False
0.8405656337939826,5.7781762162750745,6.469667523797238,False
2.6249461066890234,3.885143004884881,0.5134913769695959,False
9.651484103607654,9.423550656924547,8.863484057618574,True
2.202509211797661,3.409881422805867,4.440199749923402,False
6.413011346133271,8.354883264021398,1.5131367200434542,True
6.736854913281895,4.076442334226646,2.022174019715264,True
6.4687535250950585,0.3090795540088065,1.465022713222499,False
1.616071742784737,4.957257193892065,9.628888598820067,False
4.403381929807107,2.918530857631313,2.050296866145689,True
9.725523190516235,2.513799548140941,5.855155484393438,True
4.606014412356028,4.633721832369715,6.911905460320571,True
7.758294015026287,2.1674562158192376,4.176476318464002,True
9.071256214092452,9.260687168474997,8.36046459335517,True
5.504299692734643,3.1110309569646755,1.4507099144120406,True
5.50299845293625,7.350747384235033,9.29541177624899,True
2.0494835841438963,5.879639027348947,1.5970078959605716,True
3.448722204585052,2.997363884083687,7.013446977988616,False
1.575979508005425,9.08307420880071,4.34862569563231,True
3.8738123389646475,4.770267189491372,5.223278379923189,True
2.9079000939288635,1.4157632984286606,5.413790735953925,False
8.284360847875815,0.6897257316425487,6.6401217314594065,True
8.355872848491096,3.8736958943240616,3.8075114453290038,True
5.079840540066236,2.85196114491719,3.959762534616079,True
0.4687759828175553,2.7083853015670414,3.0321758461169415,False
8.21147637632346,2.3249309132391183,7.483670580015657,True
3.739014347434405,1.4056794194143973,2.8268844838317153,False
2.285796282513716,8.87255784825427,4.677026105494076,True
1.6766489168915288,2.429339107974503,8.616736916396873,False
1.5797751982068164,8.74806878328583,3.762272942114946,True
9.958709429406984,0.0020488755268632808,5.911067812298262,True
1.5640746907227643,9.593349984079778,1.7580299147745226,True
7.22147016867484,3.7284107655035594,6.633972327932049,True
7.3257217691508085,4.460589350104199,0.31816553358380517,True
7.865003429357217,9.047655164878018,9.167597855732032,True
3.6442171364832965,9.488113252328388,3.776130923759393,True
3.3038495247214525,8.35463331390589,5.149328016144185,True
9.60364064799695,4.619820379036136,6.203547137684108,True
5.4848182974553294,3.7380517966233895,2.9682093319562988,True
1.57209219625987,4.153633657269454,9.844756751160254,False
8.466194636495523,3.604057119951042,0.42116284629438505,True
0.7091365160886032,7.63065103336709,0.2957289817909592,True
3.42502008235026,9.274934722950098,2.499208406799779,True
9.363142164002054,6.833528571439279,1.7568489638546092,True
2.142494104685774,8.385471171337944,8.973584357971895,True
2.4191139552341756,2.213035451697667,9.848981175295698,False
3.8214846999110605,4.622967851392587,0.8946444257316899,True
1.2419857765501008,0.9238150216050067,5.437822537441824,False
8.861447317893532,0.9538968868646669,9.388038524314062,True
5.075153280964844,4.180592497759066,8.891931183854284,True
8.574295322311988,8.077909816826857,5.3558923810156,True
9.290085862989743,5.950610208107333,0.8424187053710042,True
3.408329646869248,2.8533984619792943,6.26580058100302,False
5.804285837709832,4.540409821808147,5.215229272377374,True
4.430655777009303,4.370940505229052,4.227461728284147,True
2.384469867195399,9.134193986276573,6.509418141685406,True
9.186812152663437,0.4589293552914231,4.430914249202744,True
4.896147797016076,6.240738918012605,9.191427083616555,True
6.20530697325898,3.900950727814947,0.8698275865480887,True
4.813573630349417,5.877787431169712,1.788399569513619,True
2.0256089585768233,0.484502846368674,2.8638881130759577,False
3.863263292744201,2.7744800629418753,3.3411624901326,False
7.893609856554357,5.743250470795646,3.7802586271303085,True
8.257977713500868,6.972951515029538,6.581090942197344,True
8.822934102320513,6.971272518867271,9.725677786071182,True
6.459814694533497,9.06621629664986,1.4657935285394796,True
6.280631922661978,9.512917149384613,3.379300319253782,True
9.809312365506507,7.564632537632921,7.020264229277902,True
9.183462447071273,6.7915856112129,4.265972364389102,True
9.958027131904789,9.456905495899635,4.251365996628131,True
0.3530118990937381,6.1216017955160575,6.8770619855910065,False
4.10129416190647,0.31657252757596455,0.8166441050796802,False
7.256555816463436,3.2641160238669933,3.8693358862460037,True
8.191017621940514,3.9765601998550517,9.495890908875612,True
3.469171105448936,1.4413561413959264,4.119994299351272,False
9.429198105024252,0.12316567064190931,0.9060046313119918,True
1.2047955907903585,3.4309139404352784,3.029222657453726,False
8.231756352612349,5.279782551390154,9.334490208258961,True
4.216098069769752,7.483537270788103,7.184334495986931,True
6.464880955040194,4.742793358217145,3.747662280312979,True
1.5938374995713755,7.798741188528898,8.944787855816326,True
1.6905626626458525,7.543398704293107,8.276350435167153,True
6.718186393938369,4.579207353335102,9.474704804497625,True
3.215779724176654,3.9249798418307003,4.009294449231872,True
3.4272811061573574,3.1323039198315805,0.9493091807830356,False
6.743071550262845,6.751311512601019,7.605533792731233,True
6.152739669377549,7.7554672758249685,8.832693140245098,True
2.4512826928953704,2.535162785699093,6.361398141479465,False
3.407730687663808,6.61806052641227,7.528564204566623,True
2.9596763200178247,6.4442657683239934,5.26646037230182,True
7.5219696262339495,1.3106529653714472,2.3292476576170165,True
2.1045501525331236,0.6841178331743292,6.83804099768222,False
4.050215937184597,8.144803835205776,9.376982522978501,True
0.7892276761999883,5.009897136916409,4.375959551281032,False
5.585956478654036,4.376423593751184,2.708921794132715,True
7.337439049672079,0.45160292210342123,9.980773100297709,True
9.093644140489362,5.124577298638404,8.361764670748638,True
7.172071278707852,2.5968291471104834,1.6205456280101649,True
6.479750298373884,7.030872379183457,8.30520318329538,True
5.835265694156705,5.684802713815645,7.934619056807337,True
6.7923853326307535,5.204163406372557,4.26541870041526,True
4.798019383749191,5.352698318985817,4.112181538627656,True
9.254834985297236,2.8406047343781604,3.4533152823263835,True
0.8448113996545814,0.3567298697960619,2.2725908105725767,False
7.3166732758412545,8.903872329166852,6.523827348617083,True
8.244492931341084,2.204320422967495,0.6394921135915377,True
9.675061342341543,1.8708455919237954,3.6054177748575356,True
6.640696846593443,2.175104110670846,0.20127886971269104,True
7.484013459800485,9.806622878542516,9.318652354004588,True
2.205370558970954,2.496250781198696,1.7060892269612105,False
6.469014233492069,9.2328695345008,6.337900546771701,True
3.5748869453969334,8.552952543129305,8.309977268485412,True
4.896194447874348,0.6511329181678194,7.939162117263301,False
3.286627633970418,0.7376649597313345,3.2424902901051356,False
5.667891184494297,0.8260313798506103,0.710475596358433,False
7.5415898536865145,3.1695329659524205,3.8183926650400037,True
7.199342828367902,9.10650795707755,8.214463159126234,True
0.0012143214231874477,9.083985069833787,5.406572783406645,True
5.757230407152479,1.3755501354853783,8.238983257746513,True
3.0248781042171826,2.201486738171102,4.175987971373823,False
9.680821244171474,2.6456078952807003,5.274277972924473,True
6.813575244675672,9.450383806403819,1.0047320946272265,True
5.898385366798312,8.874660515795147,0.5242849912155079,True
5.177085963189554,2.618805277122067,4.533686835968882,True
8.484584917213844,3.7504939259627057,9.250558130691738,True
7.658646457799938,2.076674224991737,7.459511069986421,True
3.955011395707869,3.427103612594582,4.485297547206665,True
9.974914242744376,7.8773976004924045,5.576940003442291,True
0.6866041120939348,3.5885193302877836,0.16392462739379,False
3.5467516434970547,6.569483604167092,1.7897295892506693,True
5.118639061739642,0.5298533822993645,6.331050551928975,False
1.8354436873834568,2.2941966591440077,6.310386277867755,False
4.0534929996345594,4.641830753635824,5.504658377911929,True
0.3371322223222095,0.7269653803895626,4.00185025091522,False
4.723155886891335,1.4537140105490132,5.8185200177721,False
5.163899526104812,2.7674449930945624,0.7894456647445303,True
8.69785714089878,7.871921929917255,2.1628073615630727,True
2.588516885534571,9.00999131575798,1.5815937039161587,True
7.033872959771332,1.8988348330462013,6.069127497610318,True
7.997244726062634,7.690216078004662,6.994424364274581,True
4.948741396540024,5.99791074563973,5.265456748254005,True
8.313222992567605,5.816207675837171,7.5950064089996685,True
2.903673348529232,9.928129411911913,4.35360979643386,True
3.0965947541898,3.6501252566774722,6.188241552094077,False
1.2789438648671714,5.302094401808628,8.338032540494536,False
3.0548407778063993,1.3603359185509378,8.663968416986435,False
6.782866082997769,1.4445513886642913,1.152765242644438,True
8.976571764286385,3.883290266873879,2.456508349314764,True
4.986109733629944,2.386251365752403,9.671927118361657,True
0.7210086855612408,3.779381226262254,9.359233126508776,False
1.8066396700041898,6.362701327151519,8.665910857727049,True
2.048196736587029,5.191378098864163,8.311855012696538,True
2.680938822766713,3.2341542990652616,5.8577487139186655,False
4.416770641764492,6.601451342416506,9.535325936318461,True
6.2931144036828055,9.205839226142977,3.4464069803301833,True
1.2547335074671917,7.879246831097704,1.7642030079303728,True
8.702111221038171,8.527589885786803,9.91416720540936,True
6.7003204984046345,4.601785268076623,8.896898031226435,True
4.363911836261323,8.126509046976357,1.8388052203132221,True
6.4621393438732975,7.237255247182135,1.0786161097344527,True
4.248234144411852,3.9971989474408423,0.13230219463660653,True
3.2886712224948003,9.775953284844084,9.533262628196086,True
2.783546922896527,2.6336888458348415,5.4587355911492565,False
6.459889302057621,5.330247423529676,5.213308870032397,True
7.380485853901662,9.345468004025397,7.099815221886876,True
8.12142237007932,6.568520139753651,4.3254985406824815,True
8.888699062022614,9.313123952150388,8.840415037974621,True
5.22378477463433,5.979584435003656,4.8626098873572055,True
1.3534936710971646,4.502881354944019,8.291619931300247,False
1.9341227759445645,4.5377908820279576,1.5889634474970449,False
8.489347759659097,5.699270308304275,2.7579414219791785,True
5.5309333199332595,0.6179762234940989,3.0654303911134595,False
3.9442323831139126,1.9976680606033748,4.022350809042776,False
0.5099457777271976,1.8125279383911286,6.37651391342647,False
6.408244361045026,2.6033036452776592,6.900412780385356,True
2.8193571029653675,5.015104572489614,2.178729397292607,True
2.2668302948927996,6.640004199194248,6.8743337717200745,True
0.441365167410408,8.054196527716496,1.9871870193147867,True
0.7892776441378702,1.648017796351825,6.703549893471004,False
4.173272664819486,3.5577038127193616,0.5802289115961257,True
7.299904030301299,8.560796213621856,6.272267765696791,True
9.915188361896167,0.6230829274809913,6.336763445501515,True
1.508542117838354,6.113388438157509,8.831153268893422,True
7.108153138035476,4.159234060459269,7.203262246815476,True
0.6196338829859749,6.207052334186373,2.5275680406398005,False
3.135736380297134,7.269898916765313,9.72126692256984,True
1.3069443478431697,3.127994246187249,4.128406236281059,False
0.06770066911279571,6.7100461581335,0.7722267652373094,False
7.790944773648811,5.217271227333283,5.4908997404890165,True
2.4704786338742,4.976892539145074,6.666352744095772,True
9.365358885218908,1.7764997967522267,1.9182871081339836,True
3.013360792334776,9.890964213483464,4.667001460280479,True
5.936628415379349,4.041603347813982,4.724951877687312,True
8.730901466019521,3.6039196980383217,3.775561808579396,True
4.303850159550305,4.62888019090056,2.7819883103527143,True
4.501957225089096,5.416081178075959,0.12710462280590806,True
5.712395008491278,0.15574958115201376,4.823456027572732,False
3.5508852750266873,2.9513159607265016,6.225068557706489,False
5.23515382653436,6.269281042913086,0.7128569872968205,True
2.017327778228517,2.659040022835227,5.370211231197729,False
5.157432355588513,5.427859664322996,9.489946833701573,True
3.7327914208071746,2.6077452587243757,9.846544175139787,False
1.1182160860500545,8.932795564768094,5.692305173768552,True
7.9734313891882005,3.406358047715509,5.955133452939156,True
3.4164079351394805,6.946212223466906,6.031689739705021,True
2.957427003033153,8.196481099390603,1.304852527024487,True
6.040909450422801,1.4325175744109209,2.3221610568376927,True
5.86502572473206,1.6424040881284863,6.916906991111275,True
8.719718296439781,8.725191698497047,1.631017901533529,True
5.134489681244787,9.37328649648587,4.938373109431607,True
4.399447862015222,5.170611605021827,4.059935960996017,True
2.2585126193584726,2.6680531377842054,8.210428684581888,False
8.786776940303092,3.3459023217159043,5.148993880030658,True
0.44749381633700236,1.9369839564773372,4.9936605434415355,False
7.9223725533767295,4.858698405473001,5.577216724192596,True
0.00863447822312513,8.717990287860204,3.7021048717693783,True
4.030754272413906,5.116011415376374,4.0758403338602,True
1.760640930913021,5.587241117160856,1.8893874883138995,True
3.8559396709308205,8.10985356720388,7.976534115362624,True
9.298957214528969,5.742671453691891,4.766010696159412,True
0.3562960912712354,8.85972334908842,7.82853035402729,True
9.658478591344185,4.194875114749918,4.253408091129936,True
9.027736167242944,3.159259491870862,1.0929810789328176,True
3.0715543576472273,2.526167447128995,7.2751240863823865,False
9.350553326179263,0.8995143586484744,8.803131351227677,True
0.2108292168617032,9.352104829895726,8.85063326019549,True
2.6643909285941803,3.812953874078474,5.765636435296217,False
8.072536289396606,8.54366955554636,3.4413927553258175,True
3.949220178506192,7.709693554186849,5.101599664743524,True
0.21208227629783694,6.640299340338808,1.120022407444372,False
5.16267347340341,3.5760459303752636,4.117977274352029,True
0.9419583390420805,0.4042982965001085,0.5816020416277068,False
9.52622999796491,5.847669911529217,7.054485416701554,True
3.526608744785099,8.138085317076161,9.0291841459026,True
1.3751688791423289,9.058254952786575,2.0640008862138046,True
4.3258163065744,9.17074744858051,8.428998690082143,True
1.9108495870740805,4.948986175887679,1.101936349948237,False
4.646768056775126,3.1719659492694485,7.188489943993819,True
9.275283842617059,5.713913589974302,7.884983195095793,True
9.854915405703922,1.5666675090710636,0.9914497857016624,True
3.090764542036001,3.431891985247332,9.198449124729041,False
8.908509957149207,0.14843599183955059,8.705900944567164,True
4.673259843630575,8.751941274115456,7.654973029661733,True
4.757448432569786,2.0733678708452152,3.0454255192444357,False
4.487721698616385,7.554440177374271,6.568346620343987,True
6.168882941047813,4.216281257673657,1.3819814422558618,True
3.596634167506764,4.342632369556436,2.296572783148446,True
6.017351273233916,6.325918258764841,6.099754597803031,True
0.7775231954344186,0.6342199701703899,8.43900031727808,False
4.858438860025915,9.790206467423088,6.367348229419196,True
7.375016422984224,0.652967368705496,1.4116555500955696,True
6.778169053871245,2.0262047298114414,7.201249643205985,True
1.6787808462781117,0.43090846616785083,2.678212637212798,False
3.9817992071382937,3.607238633159949,1.1548663372837242,True
0.6582628155882708,7.923418605910233,1.9700494593737505,True
8.000850945436046,4.706957281795767,9.089682972017814,True
7.690091963276219,5.955618874984764,1.8258133815106814,True
4.225817694030872,5.880782814410178,0.9627930717600275,True
0.3478696353544075,1.5575757163521176,5.379427378635527,False
2.809839191646679,0.8129980320770014,6.4569857023641,False
7.998696688031454,6.538537273258851,6.174888848337168,True
6.743943505847765,7.49288989040936,8.010899269908903,True
1.2810196975154065,2.411328368629774,1.1502192473208883,False
5.38445567348648,4.907625174210502,6.875839510410517,True
3.1188195258615092,6.666444603623793,9.093227915796044,True
3.6350260790342235,3.441974042922733,0.48960858066579904,True
0.4884251535136286,1.0113948262890393,7.623807291966108,False
0.3451768322174187,0.9513026238340672,3.1420334157941943,False
6.660192631567386,3.6324393547820453,1.7370101186127607,True
1.9226977197147954,2.509915379540524,7.335848620209239,False
6.26763912263928,2.675906988121638,6.271471729925095,True
6.432401926465894,6.734540861659077,5.801420360633927,True
1.539510303459246,9.04119733544642,4.841346791386831,True
7.701116639660839,4.742426960233591,3.9247192556512314,True
1.1115716001289677,8.148690121270878,5.493621482847171,True
3.584390476839502,1.5841307776518698,4.175902310544153,False
6.783871302158634,1.352562669658428,0.015046368332484183,True
7.995431072024499,9.337301440199658,9.017858135383763,True
0.37577347947987283,6.1506644220596876,0.5870446060379331,False
1.694810339764744,8.08493543218041,5.618978486346272,True
5.561754514151692,4.591331167615492,4.070494245933782,True
1.1023203928981473,1.518043768311389,8.117609647318407,False
7.320414704767658,1.8321466449703427,7.1567924715609665,True
3.551925579182339,7.615449546999549,4.265803390533712,True
2.622940520575423,9.780572064627753,5.732008224097998,True
5.516700195329539,9.192098022850544,1.1246632299737103,True
7.731301578673708,7.326548457566366,4.593691643230972,True
8.798168006449895,9.364646497087467,9.406204399608091,True
5.831146218080054,4.048948689896097,1.7011097005475084,True
3.1165307583081003,3.3512232360109886,7.867889446112377,False
5.094470592629917,5.970513908796448,9.279063774501124,True
3.4409196486029057,1.7612078593953873,8.96641517660093,False
5.175121028399181,6.939900439307918,2.858391794175972,True
5.01630238563474,8.128854900936863,4.412746532335781,True
6.2300405143528135,3.137552720140847,7.144132106839409,True
5.590279411337049,3.1994818415202744,2.2014809944973823,True
0.8189235919688975,1.355698871044162,5.380205570864016,False
9.17777966792942,5.616509511610105,9.967960420924383,True
7.270579068502294,1.9960097224466322,8.980408515860763,True
3.7617769270061374,0.8968907305532958,9.514892331503514,False
4.619895409710329,9.276596203534726,1.767257658860646,True
8.531916207823116,2.5941842509282234,3.6523622170504657,True
4.043472488358441,6.661681358791776,9.944741669192103,True
3.36026844239563,7.0047859465941915,6.781228135902245,True
4.336895515785679,9.568325336160598,3.5519427771362997,True
0.5506984268691462,5.2937485139004234,3.7635970677489503,False
8.154746396564713,3.8317081933681294,3.765886646215849,True
3.1312864108114113,1.5691560202722032,8.882353741651352,False
7.871910701578927,5.123204423881459,1.0302589883180524,True
6.89403579621753,2.3442692067270468,2.4011009333327147,True
2.701739954527137,5.144877559325225,3.5917310793684463,True
3.2498157446547826,7.025102691931677,9.908483640636108,True
3.4622817720567154,1.1395402244602437,1.9966211521668764,False
0.5503198480101146,0.0674407129233523,4.648434460127674,False
6.772623078704347,9.469189953440205,2.8752540242828584,True
5.937428463570262,9.1752475090969,7.3067244302906245,True
6.175941785811285,9.27815347183871,5.281579612432861,True
1.8973727290006182,6.1881831487708885,8.304955580826158,True
6.522037326664921,7.783655769782482,6.38665874118526,True
4.20980458259912,1.1810741083961118,5.773988302277106,False
6.761520921504437,6.754341526703035,7.7626301866285,True
7.670360536913147,5.894947409202058,8.293168703762795,True
5.346691295075283,5.4267093401849875,7.655773639107737,True
7.7520301577210695,9.78992759536419,7.152025548798586,True
6.181412980014807,9.287417456992742,1.37626595287905,True
6.500763575676523,1.9647687926334434,3.097376404849416,True
4.857624966469104,6.408401059986137,3.904481005383408,True
6.199678191098116,4.456444103473281,2.1981528160686183,True
1.0952108921802184,1.992920819905294,3.726389687866576,False
5.897878096506204,3.119425505204172,4.191528440179204,True
8.117306879450341,3.6262643500433,1.6449582295316312,True
4.396206524948769,8.101501798142035,0.7988101989006879,True
2.1673698081477966,9.333247467617985,4.59907033983248,True
6.871212221332604,1.5991878226354117,4.46994048757193,True
2.9656778947527185,8.745328136105899,8.163384819523111,True
5.87672274117601,3.098742359229906,8.467290920701311,True
4.272404149828607,8.104025765433395,5.09226486847126,True
1.5784421540838056,8.201169657785442,2.8345451872323393,True
1.3971650560048954,1.037112088772374,4.642344005696848,False
2.7940817183604505,0.47531766041520984,1.8578133182432754,False
0.304929926155606,5.296592178901109,3.121990325896191,False
8.962133861205276,8.747921546581079,3.2282373434513314,True
0.3598867771636638,8.524881171688023,0.2789291887700107,True
3.781408276988729,0.7674195705453946,5.1203533491300846,False
4.320615882928822,5.018238139128487,8.008376466453067,True
8.178391607166347,4.043089394492181,3.42363483403315,True
4.962087229987508,9.339572844143479,2.545352358127105,True
3.703027389368642,2.9996336344574015,0.48890217997491936,False
5.071806178204606,6.169979537564091,9.281445813765606,True
8.909460110507423,6.287860723252393,9.240881303906301,True
4.504371301369954,1.3092658840535087,8.095962290650272,False
2.766618023618478,4.3425356428440836,2.4356134592386436,True
7.589980397920597,2.6911311491663135,8.721543585112961,True
9.88707660289309,0.5490900736302506,4.418013568377414,True
9.323178462893368,0.5292761670570545,9.566803111858142,True
4.9228268471788414,0.04364748198380175,0.5369344600616999,False
5.7307306729249055,9.952302734415717,5.08950716212584,True
8.137118413893905,7.120544093973594,1.042597879171474,True
6.7278197635336,6.528234990377654,4.291152640926326,True
5.003451370099245,9.140294588510496,9.203175124778285,True
2.156271218554928,7.522407753088696,3.6984063356127574,True
8.502516323054731,1.5431417163547567,7.645861289040933,True
6.638998625706417,1.9077964564206162,0.5368432653563826,True
1.5049523499920536,3.197001955940948,1.092468776766402,False
5.739186232436193,9.90689918840513,6.1716593554664625,True
6.77775880643103,4.071240470059867,2.7780374339375413,True
6.30899765284248,8.87351606948103,7.466182377907003,True
6.29156216870416,0.6461762855025677,9.128525124459294,False
2.0501931312825317,5.8916304245316455,6.281035223226402,True
0.08362489169767562,6.697502666422589,8.0013116159576,False
3.2759621321673493,2.2098358630570236,4.146147992796414,False
4.640938698721184,8.587521133138502,2.9979384259190613,True
7.706309890664402,9.859460754590438,8.302171317871773,True
1.2246157436377614,8.534958643913994,9.565673613466045,True
0.8743815511555297,2.659351539055735,1.456950308452204,False
3.9248179973648734,5.0459898721066585,4.997097011478101,True
4.957762329442557,3.424114198823014,6.034404781787862,True
8.63017920694697,1.5289316238097272,5.841371520188997,True
0.6006925091851367,9.03832540588048,4.8662898617478545,True
3.4578091593224167,1.8603333565607838,4.315519276282371,False
1.7528465487702205,2.391035939101551,1.3830087097430055,False
2.5869031265464715,2.992066566612478,4.5682663272969135,False
6.405156066060168,2.0452072309036593,9.099341113974095,True
2.45660814707916,4.59925443026634,1.2344443701359264,True
3.6104953587173636,5.306775055053963,3.532450155366129,True
7.11859981893485,5.671945227659256,7.598129447118698,True
0.32689266742151113,5.573688429153992,1.9553939179970936,False
7.025200597856215,3.551238129386709,8.739653825743295,True
3.3245885440296963,9.08108438881182,2.40334968579936,True
7.634281673016595,0.33452074826347156,5.899739044448971,True
3.8343847517248806,9.718948009668667,7.493733943995245,True
2.0318595295424338,6.8804938056037095,7.676321532957119,True
4.738626059785652,0.028696166418971103,3.8175217769383005,False
8.907123646752446,2.458520531617178,4.507126227589463,True
1.3499043149825207,5.132290437805116,6.022601912120739,False
7.272530819246047,9.397822159772353,2.4980213441927024,True
0.6057061480193893,0.5232294554566319,3.1888431563571595,False
5.4804277274920485,6.937598690564667,8.145285352250069,True
3.709531637536613,9.960413599910117,6.311797752697742,True
7.117286794993477,8.508862817893876,2.2736731577627833,True
0.33641106153475264,8.73901560081653,7.037354530141058,True
6.84479325712709,2.091904952013971,3.3042295827170545,True
2.6783399911332015,9.437265671957142,0.8087582923874581,True
1.1300890120664397,9.063965645330663,2.3897058585059394,True
2.0815617475838777,9.038956848121543,1.134594014920438,True
0.11325919090753422,0.5148516815109527,4.801777865884212,False
7.476373376457101,1.640251889328217,0.4200906061388532,True
3.555205902007873,9.269359222443551,8.343102606505033,True
0.7943177667865498,4.286651547784299,9.89836315888483,False
6.260270060778248,9.046298296251384,0.09587718785456611,True
4.275772325628467,1.9850893396930658,9.697433756788351,False
0.7933057964335921,1.0743988528088333,3.355529871265648,False
7.857048987296146,7.689510132481724,1.3159690175471683,True
5.8394213773667865,8.644411073493691,1.6242330804822214,True
4.309900745898777,8.390008977996322,2.3122052988631516,True
9.673923876443077,6.886765555701599,4.734767277139522,True
5.823361080606869,2.3288817488912983,6.374076530421869,True
9.061209957148732,9.671358151876397,1.9613680588774463,True
1.7958090480549938,9.7726540338973,6.408980446863724,True
7.695458850599001,0.3130248384018308,3.99774037450344,True
4.117439573970593,3.959388785459997,0.048165729323598194,True
0.052774091714700155,4.311708651458418,9.73345440554491,False
9.670888015228044,9.841601149758192,6.613685122834994,True
0.7030343119319471,5.4306668264918025,5.531571947040784,False
6.384066985451366,5.488837784834068,9.715989122501526,True
7.463290609749312,5.8278724197048,4.966088989447766,True
4.978730925997313,9.112430131883755,3.5819217226852187,True
8.826070901654063,3.4120154052475717,9.953802800506358,True
7.616156645024784,7.683263380078845,6.172600092622517,True
5.336356525494201,5.851991882353749,4.5872518863470715,True
2.1608862933810613,9.507014417368659,1.0450889073387826,True
2.223335665578446,6.050712905268022,7.697081366435674,True
3.2991496201377526,9.509401786342131,4.41127166958448,True
5.387968602138699,2.4235814610091766,8.118421050804331,True
2.8254961903032383,1.6985447102049278,7.3069514883786555,False
0.964368477420604,2.608218879881381,0.619306096024369,False
8.967404035356811,7.838230550520326,3.9830554400262907,True
7.441808207016603,6.366876270560343,1.894683462848904,True
0.23262898962643108,2.7236017700393953,1.2604544926474426,False
7.631574627041568,0.7379447519950155,2.698885346321301,True
1.0345040517636772,1.2084841760055032,7.156503476833194,False
6.427847666049409,6.509051921536322,6.945823110420512,True
6.148670724347003,2.469560477163867,4.54721463109639,True
9.157589524559107,4.262590337148923,6.591298691718163,True
1.539799368587842,1.0880987333763614,4.102524454138238,False
1.8434538226441066,5.449925725896858,8.990380082349539,True
1.9682754967551086,7.079791265953014,4.214833461259793,True
4.303671910796218,9.969612102267591,5.275722162485921,True
6.056975013182867,3.1021922036251293,4.80625316619819,True
3.9417486040781426,4.173623561972478,8.72278098687432,True
2.455210950896425,8.189625765111117,7.714856264125489,True
6.183645180248857,0.3525247410239718,3.5591958187104566,False
6.835841057378701,7.664415598220103,5.7599234680064235,True
0.271442942326352,2.856685398507018,7.141705683448301,False
5.697694604665645,4.204692434421414,9.494813470519478,True
8.166836746031048,1.4025823289294592,2.3578718455974768,True
1.6207789601663303,9.419767721527036,5.141824167451214,True
3.6152782819457316,2.02293458004678,7.96343849977475,False
4.686351286403059,1.2870800143143013,1.3965817463228691,False
3.0652764566002833,7.504254547003651,0.8661849744196293,True
9.457845997445393,8.07819588842308,3.1598677989055357,True
7.631487671570372,3.007024535322531,9.99756949621023,True
4.103260530683435,3.6525217072900418,1.6915005460689825,True
4.71456497278127,5.126056816257412,4.422148776040658,True
6.82051674006169,6.03841395058773,4.386349272427931,True
2.308742072537877,2.4019276898980224,0.9229658182791212,False
4.866768365305725,3.6560323586809385,6.569860623948483,True
4.813875381393972,1.2973548635134857,1.5478179017174476,False
4.920726705018314,2.118870495341052,9.521432235778953,True
3.613422456233435,8.96050417683538,5.766414030917236,True
3.4720965081805955,6.444113597771439,6.833106879143002,True
4.071479651781998,0.10680670154207594,0.4693368055938507,False
1.4553504894465508,7.708144269475636,4.050407567801334,True
1.468974937539984,3.0741316910959835,6.335108551373313,False
8.022202708794094,7.76782795477371,6.356170843030249,True
4.049043808877244,0.9985480361091881,3.285857829216716,False
3.105432098520021,2.4757807071255744,1.2114475933505908,False
2.9763637150024405,9.65456732616815,3.0644910226955524,True
2.3633313005462253,8.795336964395643,4.522077036645436,True
4.473864248547227,3.614411854519657,3.318819036899243,True
0.5391471805578685,5.788132094361918,3.941345565180195,False
2.04740146417922,6.0040392252840915,1.798042980565373,True
0.034345758408693694,6.763842574674453,6.49774697643074,False
6.38207693942552,6.524556184901491,8.818616169298148,True
7.321408964176483,9.913910798474033,8.380538892871774,True
2.9570941619747817,5.388202923310876,8.994400878002256,True
8.003447518221178,1.637636838390133,7.389928661353916,True
4.889330017403997,2.8031478701026624,9.243636199030176,True
8.513688578669532,6.378387325455989,8.383058089125026,True
5.850932901925081,8.733828544505473,3.506144132258396,True
3.4875402338213792,7.005092751863229,0.22611582065110714,True
0.9654320481375389,9.393720340320007,6.283395949096905,True
1.0314905655715212,7.589173649394533,3.4681217468796732,True
0.17175600749979592,2.0734217228882446,2.415909156650838,False
3.5874829278519673,9.892075971017556,1.3610385309772588,True
8.523877262204213,4.276340531763095,1.3709490190381146,True
8.61292197257942,9.221934747780672,4.953322770886089,True
6.212336602105388,8.832952298481322,0.11132249301929131,True
7.760334519710135,1.8402185199841625,3.1293745779535023,True
0.8661834781404087,4.367526899498099,2.168097484855751,False
0.9643979773507094,0.947068112877747,5.391441116679542,False
6.631596718647472,9.004891658563562,5.512152920333978,True
2.9563549849730264,0.8102209926407122,0.46065441993424994,False
2.3494222326160386,5.810294561618729,8.532074693793419,True
9.256930845491631,0.5631648680208501,6.846322738510748,True
7.190250039644756,7.272667269759756,5.535038296854168,True
8.473507315394503,2.489223115911016,9.50320381476397,True
7.456971666443431,1.9665221463987081,7.155495348109141,True
8.320660432948564,9.902908904176643,1.9139593592698245,True
9.848900222498164,1.9099844713465841,7.005628046333969,True
2.732541277687426,4.744082279792363,3.0407212307968456,True
8.15264373913214,5.848279042375398,5.918779224388367,True
0.4339560290434785,0.5241115009355879,4.186333191554995,False
9.56340338703222,9.762970458776305,7.389074526080366,True
1.9093652750396695,7.6737569637668575,7.49715694977345,True
5.038820219873227,9.188425498029618,9.601785455166178,True
8.777168242660345,7.523111381446473,7.296670856660991,True
1.6321187541992288,2.7887553975305703,9.250399247149721,False
9.783813258187958,7.114739784006645,1.1727901260898355,True
5.6917355992574965,5.2526365867298495,1.750968031820398,True
9.881183321463823,3.298123745356923,6.619425135115383,True
2.556299468704084,4.8010704184137944,1.4108435886565118,True
8.576743847023385,1.7638947693238383,7.56337273114568,True
4.63791100462522,4.426398455742343,2.5287623002205137,True
0.6955046727866732,9.977980958175838,3.7623677634016306,True
0.16184458202418872,4.894856900749897,0.34775848867964143,False
1.8338508636490114,3.182344826173411,3.0706583788033113,False
7.8714274456361055,1.432841642822329,6.681269431618576,True
3.1892685518155917,8.225326137190269,1.852894178135167,True
3.565788564111829,7.476296896897592,4.840396920930127,True
5.868396837778437,7.883047431737148,2.384931657580427,True
5.784269855875141,6.157242700178903,5.182221022806167,True
6.887961483682361,5.666764857059419,1.7028550672944542,True
8.073299914610416,7.119943412835717,2.3909524528408044,True
0.6661229426694648,2.876685240409671,7.236168537812485,False
3.051289080759887,3.968435119640543,9.736380026632643,True
8.942788344163993,8.03073724976571,8.196251956947513,True
4.9941345815898845,4.638485732769993,3.579806136325898,True
2.277412165141243,0.525958676967182,5.381713333320532,False
6.569327605626885,6.483078601444371,9.831532286132607,True
7.85710205102336,9.069334281506196,7.4619898311287685,True
9.206311969092123,3.038286943874674,4.49236961256477,True
6.586466929809709,9.719897927543615,6.70664891379542,True
7.412278055138164,2.4380194877316397,9.992442568749883,True
3.3788012367924756,8.417334185076275,2.711749216653544,True
5.217135402637004,5.847942671983785,2.5883383487024005,True
2.481220587473479,8.500054631561769,8.766736352492652,True
9.761664441274423,0.5271918788430874,9.028506046342041,True
5.691054578256075,2.602015111527894,9.044869553272095,True
7.992226366400089,0.24041041114318373,3.9462464898024043,True
7.324961898732958,3.2409030107088057,6.587375581446171,True
2.6630872928386697,6.193693954246029,7.258001600579148,True
9.102913675230129,4.074312622222386,8.602292084332817,True
2.1142485728075378,4.28481724335732,7.2605527420721785,False
0.16487444292269116,6.882219174916609,2.9187753155052776,True
8.667807809012452,6.816948907643305,0.6331869079916597,True
4.556396133474454,7.122810341194153,1.1005879835229648,True
3.3979311550222513,4.654844717594896,8.628512559162106,True
5.531358586350529,1.4046758410210836,9.730085148019954,False
3.874546934859567,1.9897599255317744,7.4463176010304455,False
7.748141081417632,1.1752284222135345,8.191913389163322,True
1.0969832920767408,1.278988220002637,7.579033261855272,False
1.1932497299692713,9.086757779424348,6.591648296592441,True
6.416481375802395,3.1212728765145137,0.011575668633935221,True
1.6075967982958261,5.952762139733685,6.3829770249450215,True
6.798267056215668,2.7916710084762784,1.9735197912376312,True
5.932733811245889,1.4439857161438485,9.434750258081758,True
1.520374666895904,9.081761183591116,7.279936312612678,True
4.090061487887939,6.792370683936962,8.42933218162488,True
8.079200969774144,9.333838444080918,8.763705887290659,True
5.558020161056287,7.66038186033866,5.072805139620585,True
1.1612788000756014,1.5168015063244644,1.1960779966357182,False
9.495227377043614,8.634725433601888,9.804474413346313,True
2.730489302432936,2.2563284555844767,5.388111023417519,False
3.4865706050227,6.795390670333439,8.717032115667356,True
3.0099744328228217,1.6029211784937936,4.816864420395808,False
5.95177384984105,0.006850444214844265,0.5482397189470056,False
9.072699721482309,4.959425783664431,4.268918031811841,True
9.748634213761859,1.5590646860831914,4.94941890203331,True
7.009368015609207,0.6344064774403335,2.1557297074483217,True
6.008848809651296,0.2335691602368617,8.67071957707506,False
5.199360307400797,4.021632056962153,5.019360164832963,True
7.280179335728361,3.2070976600804633,5.610079623568451,True
6.962126035160466,7.457537215421308,1.1474854726294348,True
3.545854370409076,3.576056831286898,7.817607908976905,True
6.124108913480758,2.20729023366634,9.565266961139578,True
8.653803157898173,2.2574797535034765,6.35241810703416,True
7.091465250527222,4.908861485517662,0.25771920798402514,True
1.741597335559174,3.3363716055893464,1.818758354932255,False
4.322755686489614,1.8310252400379223,4.22882747352091,False
9.51834340859747,9.596874654011952,1.780736652392646,True
8.382142532613392,0.03612290064418433,5.017305366224818,True
9.677074068516792,0.5834743108298179,0.5019875039607591,True
9.954853462556816,7.189166675972045,4.841807795104799,True
9.916346723101608,3.5966575223429187,0.9563705811067114,True
2.861457117909545,9.115723270273119,4.807924360486008,True
8.76230105867142,9.327186508088031,1.1089914992208538,True
4.702999120925826,5.651972674339958,5.642327892135361,True
8.957010600372007,1.614723207295421,1.7555996627310966,True
9.46296476311867,2.532017128971148,9.480195222140633,True
5.927410481651244,0.3250864600745018,1.2878953281149286,False
7.597750111774243,5.666247959295468,5.755164186906365,True
9.253851940158604,7.279331342819438,1.8248451883621197,True
3.1295623362489424,2.5899490322296357,4.300935368932497,False
5.1451860972643235,0.16048016810081722,8.392047515506833,False
0.5837387892437806,2.6737878292802373,1.1093877187125023,False
9.15907015845581,4.846582768670485,0.6803533392725347,True
5.361691102811417,6.098803288754296,3.342933648982127,True
6.493931017540345,1.8458734253795162,5.646436322714337,True
7.900985476536046,5.399064834869835,9.818618924800571,True
9.044687915342037,8.122885040865285,9.260795804219487,True
2.221027380153271,0.7337937741462086,3.067000418011961,False
8.701757193852224,8.721980294336287,9.939978539796986,True
2.5970585971394122,2.485112235237584,6.658485767027617,False
5.862295787857472,1.6760189699243444,4.346852951145501,True
7.8737547599043545,7.8021126439166775,2.8074055038760393,True
4.034579103899678,6.8865264680075375,8.340605568630204,True
8.291610904698224,2.4652075252705883,8.827119783064141,True
8.403148328154403,0.24746218351834326,1.4304716920983374,True
7.427283892801421,6.217544079462071,2.228569736885847,True
3.038917234671905,3.6540448141848825,7.898684538207674,False
8.048029390325059,7.60527146176313,5.6089080133056415,True
3.267591718561047,2.9689922177593475,7.390188482451949,False
2.650997575275804,6.252955904809577,4.941587942306038,True
9.125793672288845,7.7294800588545005,1.2278528851859416,True
7.079221317711592,1.4159557344085927,9.71523375388664,True
6.591244225281342,5.6190330829002955,1.747307309061491,True
5.435400349192211,1.7614765123523546,8.140911533352892,True
9.606675031776147,6.330269874016636,5.3131396711932055,True
2.07445653146233,0.5479336473849294,7.938604676077572,False
3.803150913695521,9.263587794328224,7.518506911707915,True
8.10707735314764,6.341763617469308,4.762988256670165,True
0.08244878844726689,3.258923758335791,0.9753740606294015,False
8.537888527962231,2.2588844954598155,6.94617924212287,True
9.763222343099805,0.04084734968162307,0.47829547671993544,True
8.45330477553347,8.930958823159369,6.985166875662815,True
7.530685128767763,9.068830132117085,8.970996898286876,True
4.2928740031254105,7.6741621438446295,7.174118666792086,True
0.07776059589540085,8.980258231901207,5.156013184280427,True
3.138867868230667,7.148602880240094,9.185132726938365,True
4.9292028600131035,9.436656138592376,9.351643242968228,True
4.035482456662364,3.0203766303250323,4.511745657811926,True
9.624944432901607,0.08073127543279601,0.46233726684019594,True
7.58502405235855,7.7295940302937,0.38593941565129075,True
5.3772515673265096,0.004619038227567929,7.597078194787038,False
4.879945089884639,8.601870923826242,9.728615542637172,True
0.616528369314423,9.256187262183719,5.512218902838444,True
2.964295324172382,4.020740098775187,2.5078019878616153,False
6.902807132869641,8.438365831467557,9.157108833879274,True
8.485997371518218,1.8014474824951254,2.1030723457344935,True
8.972195442976222,1.8349426426180704,8.287471664178014,True
8.485877766430313,5.355354503695348,7.873508398540647,True
4.683844687026877,5.909012300147268,3.50092308161972,True
3.326324746410838,8.7184126282809,9.39303872131146,True
4.185169392743014,7.5467662525743195,0.4037658978490599,True
8.612812092140969,7.041025296872188,6.04922984386151,True
7.282473664234264,8.609798297236882,5.52661037267162,True
0.5944426409523285,6.730622750358933,4.121303111590558,True
8.454061251731225,0.7339631699993188,5.546934757125338,True
1.3665528331983368,5.877606765546924,0.37075146110003954,True
9.59309996075955,4.1459024880448725,1.5782867160843839,True
8.376603261188656,9.094551632796556,7.827153680621063,True
7.2691088701184725,6.585343415570656,7.763934176548288,True
4.891973331225459,0.599064384699799,2.6938640041047135,False
3.339219869477874,1.5167842421345923,2.625329027653879,False
7.185864772973304,8.788405305343547,7.451313075851957,True
1.253502071231104,0.6112781372584186,8.092394585666353,False
8.709526032922053,2.7481076234861868,8.606461398676316,True
2.7134070569247406,6.890807618374227,8.593181721922637,True
0.3970708386571198,9.875356898200756,9.201483722440415,True
9.901235949165056,6.34113653992468,1.6934377774033682,True
3.4468359326511164,7.635334505449292,5.618498673778523,True
2.930914823148872,9.930811633464687,5.539600046096549,True
3.4896691514367295,5.582681883146412,3.2401240529030098,True
5.119620646557451,2.9072091452586846,9.382931208213952,True
1.9437491041009736,4.763217088065865,9.287095216474592,False
8.207529261015381,9.828501194965328,3.0270914680763683,True
4.342970191009634,0.5439457128235425,1.11927529136568,False
7.9558567927903425,1.9077333591564816,0.3839648523975858,True
7.932193533044113,2.1439662213110697,0.5561732246968321,True
5.642890931613751,0.6645351226761975,3.250624018881706,False
4.757201904310998,0.47662517712744323,0.815706046231589,False
1.3500784091635365,5.252459725981248,2.8510492378014773,False
3.1919352001573964,9.961284548129367,5.229044742469405,True
4.701783183374736,5.525624191100077,9.017415944412726,True
6.833358417431066,7.115306232011226,0.7844873509549755,True
8.721608520717083,6.709017313516814,7.486826938095186,True
0.49658285675921343,0.4172436210948016,0.1445598900864009,False
1.7972833566850954,3.4975478112383405,5.068591742851094,False
5.684359916210841,1.685530316580286,6.345780588603005,True
5.859718005226313,6.281409412443293,5.4272228037283545,True
8.82387951975148,8.715151771380532,8.531234023920414,True
4.131896902735466,0.4725171483393975,0.03993233281397335,False
7.3776371769059645,9.192280695396903,4.776141812117142,True
8.901969567095723,4.059876784370447,6.9992578861215025,True
8.837072032278323,6.35968294933317,6.827497548288117,True
6.943868216597796,9.674688911049413,6.313131029418696,True
2.8480632314393493,2.8149532425220514,0.005008724489562466,False
8.666583571172513,3.055921703300845,5.534658305233872,True
7.465386270551093,5.383559747851163,1.3207320616174545,True
0.29569176709360656,6.961909289380125,6.856964457164643,True
0.19043341514867196,7.72433551148762,5.075583057521361,True
5.629475806534536,3.7162868796465798,7.287015723258704,True
6.434881966146402,0.4112647697609251,2.614714397042681,False
9.582704311234444,3.7943304065971786,9.811341312345581,True
7.445711496455689,5.53075600453837,5.392646629806431,True
2.602652598021822,0.8717459568556485,3.063361852717988,False
1.4953667248106783,8.194298718957272,9.859650325502555,True
8.110235767505076,6.539614907553631,9.495322041359278,True
0.23769503367650047,9.986521869819104,3.083612688789019,True
5.23466444062172,2.8549084165620684,6.132408786101083,True
6.835232643109787,5.444352317878832,7.3993482310562895,True
9.643221442197634,1.5167537196942449,6.378047130140258,True
2.0678387767498254,6.514793774911309,4.835954304131703,True
0.783875306860875,1.0289839101021947,6.225526269796844,False
8.934967356758763,1.8999994522393182,2.599420186527164,True
6.214438826685954,6.663802676499117,8.098022749424858,True
6.537577694797538,0.9352011235716495,2.7301969097952536,True
1.9925980437706803,4.939319218331405,6.225496396317047,False
2.4204637005551977,3.4672336471451413,3.6778296780311424,False
3.963454422750412,3.6129316027252854,6.314005388734399,True
3.353217092875058,6.07711765610251,9.577388622293332,True
0.614702136803148,6.1684314497676205,8.027670606019472,False
9.18505526041033,6.113135388053723,1.9880348418781923,True
9.786065025308998,6.8899576478175835,3.9923403228985954,True
1.4308016241504495,3.341666500243222,4.420825195544472,False
5.869078400620781,0.8552205525481371,2.9762991165837627,False
1.958287468648181,2.289453484886094,4.166993299209186,False
6.029691089262574,3.154206598053996,3.253673924292253,True
5.869015055436353,3.5096431181498113,7.993911427315613,True
5.688482758771577,6.845088910573589,3.9284962340999896,True
6.994954797559628,9.487452450685671,2.8338395052079948,True
9.755832516133388,4.008305543221885,8.094442129541479,True
9.396888852818643,4.402892372032374,1.461596896985753,True
3.0852006115311594,0.051289435357927404,1.162722280671613,False
7.085217085080785,8.13423021911442,1.36667507639043,True
8.308402673397337,2.3169919547351823,9.181993161431372,True
5.602983064175195,2.361793139065967,6.174781313663344,True
6.834552456733189,2.2534161152018317,5.186157415411277,True
8.445929116421082,1.2673751921998555,9.983552511402586,True
0.8723595749737145,1.6634638287703585,4.316743580345995,False
3.340777884242112,2.0671964989483516,9.868224057406513,False
1.8226962352061127,1.9980767713759917,6.416369365853632,False
5.263975240130875,6.2525599585779545,1.4320944292691706,True
2.944289377747309,2.1635824992557637,8.23737042860987,False
2.381431088848487,1.9091187833823442,6.695083101684376,False
4.352348566358678,0.47275092617068304,4.205173244050161,False
3.5737561426113675,6.33095606003653,2.6740009381506558,True
6.715497432752811,3.3882224567021666,3.706087561731959,True
0.9394834681814201,0.15650347483866622,8.643745693883206,False
5.2491559208650616,3.276425641621603,2.497254142738793,True
4.367531541190499,9.941619512972903,4.470475195391636,True
9.248652516259453,9.486057779931771,8.924333440485793,True
6.5148852650652636,2.9194106876880523,2.7767703888381368,True
7.832868219753392,5.891304227379742,7.890569008387079,True
1.8625475198960795,1.089734647365519,7.649988217704058,False
3.771238959514992,3.014936535351863,6.52819058232538,False
1.1655368238325026,0.7231959497468199,0.5866844585670294,False
2.2006902096707934,9.567936495212162,4.643169767363701,True
8.439661470330725,8.435904981598345,5.8285422438924686,True
8.70180846969165,8.409702836450005,6.317765633038935,True
6.4289820314848845,5.292913803003286,0.913675022212862,True
3.5617244242828514,3.0507035895393475,4.496147247071022,False
9.998647755500736,4.25782209022544,5.870567375763355,True
6.136854956835793,3.67367889472489,2.614455632854209,True
9.601275010756364,1.165519103082363,4.286018726861772,True
8.86959285410702,9.328356518235427,1.6929738275852035,True
1.5311501274532924,2.9921287987679825,1.168073421908915,False
5.5476543754956,3.9422988245674806,7.823515631648885,True
7.72617170871857,3.041839885317824,3.9282112597513374,True
8.944226706947182,4.388739689547809,3.9561152623173754,True
7.364430096798438,6.531424571388182,9.890462030342679,True
4.673472093032851,5.208437079293957,4.130911611167339,True
9.817860134062112,3.374025378359372,4.354713026338474,True
2.808848725600037,5.4800426907076,5.618964303787715,True
3.2405576287177063,3.0937004585911634,1.7685205708886242,False
7.930292931117966,4.023315369048751,3.3991969788706102,True
7.559218566729489,5.366530451648758,0.11362678311528596,True
3.9015645903084484,7.920606735969172,6.34152465667294,True
0.8355067683068362,5.920272268857353,4.237474082349614,False
6.1587835439441365,3.392906352506937,9.731912898189293,True
5.300880101180065,1.3030294124748054,1.919971575392927,False
3.4942127503898126,3.872603087293265,7.1548578273134105,True
0.9806395692251801,3.6510605170885646,7.701570478459758,False
4.642853148132526,5.009545000859522,2.5656540805886143,True
8.069823079618557,6.454486705207934,1.8771747972950292,True
4.782250787576158,7.407207100143619,0.6043994543370479,True
0.2413272552493495,9.81959992731101,4.785103917596983,True
5.221630020738729,8.909380966313902,7.4867336965905515,True
6.434523789668615,0.7900416490902107,9.199344859455628,True
4.44573573873013,2.210391731572191,4.550329588477164,False
9.514485332088164,7.363118434586776,0.6932181648716707,True
0.24766967489568525,0.8577408627625116,7.100082002449101,False
4.907695766738753,5.092881707384436,1.1325049428050116,True
8.187528861059851,7.994870430992735,1.0042040931760599,True
4.212483616141941,5.12633924392356,7.342090787834955,False
3.1150489098216285,8.291550077702963,6.506246612164347,True
7.7282344221276755,6.998856094248318,2.2544630889443096,True
3.5899635978619973,0.5755452964921848,7.831023561605042,False
5.891234827720049,6.579127100998954,6.2099145513806695,True
9.89126974358414,1.1737080041739845,6.070141008971275,True
9.707352275789571,3.6279251847810845,7.59786612243531,True
